Tanggal,Tipe Transaksi,Nomor Transaksi,Nama Panggilan,Status Hari Ini,Memo,Total,Sisa Tagihan,Tanggal Jatuh Tempo,Jumlah Kena Pajak,Total Pajak,Pembayaran,Email,Alamat Penagihan,Alamat Pengiriman,No Ref,Tag,Gudang,Nama Produk,Kode Produk,Deskripsi,Kuantitas,Satuan,Harga per Unit,Diskon Per Baris %,Tarif Pajak,Jumlah Pajak,Jumlah Kena Pajak per Baris,Jumlah Per Baris,Diskon,Pesan,Biaya Pengiriman,Jumlah Pemotongan,Nama Perusahaan,Nomor Pajak,Nomor Ponsel,Nomor Telepon,Sisa Tagihan Hari Ini,Diskon %
05/01/2022,Faktur Pembelian,12766,ONLINE,Lunas,"",324000.0,0.0,04/02/2022,324000.0,0.0,324000.0,"","","","","","",TPLINK SF1005 SWITCH LAN 5 PORT ( HUB LAN 5 PORT B),"","",6.0,PCS,54000.0,0.00 %,"",0.0,324000.0,324000.0,0.0,"",0.0,0.0,"","","","",0.0,0.0
05/01/2022,Faktur Pembelian,12767,ONLINE,Lunas,"",9650000.0,0.0,04/02/2022,9650000.0,0.0,9650000.0,"","","","","","",ASUS PRO B1400CEAE CI5-1135G7 8GB 512GB SSD INTEL IRIS XE,"","",1.0,UNIT,9650000.0,0.00 %,"",0.0,9650000.0,9650000.0,0.0,"",0.0,0.0,"","","","",0.0,0.0
05/01/2022,Faktur Pembelian,12768,LEON PT TUJUH ANUGRAH ABADI,Lunas,"
CANON POINT",19920000.0,0.0,04/02/2022,19920000.0,0.0,19920000.0,"","","","","","",CATRIDGE CANON 810 BLACK,"","",96.0,PCS,207500.0,0.00 %,"",0.0,19920000.0,19920000.0,0.0,"",0.0,0.0,"","","","",0.0,0.0
05/01/2022,Faktur Pembelian,12769,ABSOLUTE BROTHER,Lunas,"",5900000.0,0.0,04/02/2022,5900000.0,0.0,5900000.0,"","","","","","",BROTHER DCP L2540 DW,"","",2.0,PCS,2950000.0,0.00 %,"",0.0,5900000.0,5900000.0,0.0,"",0.0,0.0,"","","","",0.0,0.0
05/01/2022,Faktur Pembelian,12770,ONLINE,Lunas,"",540000.0,0.0,04/02/2022,540000.0,0.0,540000.0,"","","","","","",TPLINK SF1005 SWITCH LAN 5 PORT ( HUB LAN 5 PORT B),"","",10.0,PCS,54000.0,0.00 %,"",0.0,540000.0,540000.0,0.0,"",0.0,0.0,"","","","",0.0,0.0
05/01/2022,Faktur Pembelian,12771,ONLINE,Lunas,"",540000.0,0.0,04/02/2022,540000.0,0.0,540000.0,"","","","","","",TPLINK SF1005 SWITCH LAN 5 PORT ( HUB LAN 5 PORT B),"","",10.0,PCS,54000.0,0.00 %,"",0.0,540000.0,540000.0,0.0,"",0.0,0.0,"","","","",0.0,0.0
05/01/2022,Faktur Pembelian,12773,FIKTIF BELI,Lunas,"",500000.0,0.0,04/02/2022,500000.0,0.0,500000.0,"","","","","","",OPP 10 X 24,"","",100.0,PCS,5000.0,0.00 %,"",0.0,500000.0,500000.0,0.0,"",0.0,0.0,"","","","",0.0,0.0
05/01/2022,Faktur Pembelian,12774,FIKTIF BELI,Lunas,"",1290000.0,0.0,04/02/2022,1290000.0,0.0,1290000.0,"","","","","","",OPP 23 X 30 (PLASTIK 10R),"","",100.0,PCS,12900.0,0.00 %,"",0.0,1290000.0,1290000.0,0.0,"",0.0,0.0,"","","","",0.0,0.0
05/01/2022,Faktur Pembelian,12775,FIKTIF BELI,Lunas,"",710000.0,0.0,04/02/2022,710000.0,0.0,710000.0,"","","","","","",NACHI LAKBAN HITAM 35 X 12M,"","",100.0,PCS,7100.0,0.00 %,"",0.0,710000.0,710000.0,0.0,"",0.0,0.0,"","","","",0.0,0.0
05/01/2022,Faktur Pembelian,JL.2201.01272,CANDRA (BLESSING),Lunas,"",3570000.0,0.0,19/01/2022,3570000.0,0.0,3570000.0,"","","","",ARIES,"",CCTV DVR DAHUA 8CH XVR1A08,"","",5.0,UNIT,540000.0,0.00 %,"",0.0,2700000.0,2700000.0,0.0,"",0.0,0.0,"","","","",0.0,0.0
05/01/2022,Faktur Pembelian,JL.2201.01272,CANDRA (BLESSING),Lunas,"",3570000.0,0.0,19/01/2022,3570000.0,0.0,3570000.0,"","","","",ARIES,"",RIBBON CATRIDGE EPSON LQ 310,"","",15.0,PCS,58000.0,0.00 %,"",0.0,870000.0,870000.0,0.0,"",0.0,0.0,"","","","",0.0,0.0
05/01/2022,Faktur Pembelian,JL.2201.01138,CANDRA (BLESSING),Lunas,"",1740000.0,0.0,19/01/2022,1740000.0,0.0,1740000.0,"","","","",ARIES,"",PRINTER CANON E410,"","",2.0,UNIT,870000.0,0.00 %,"",0.0,1740000.0,1740000.0,0.0,"",0.0,0.0,"","","","",0.0,0.0
05/01/2022,Faktur Pembelian,JL.2201.01139,CANDRA (BLESSING),Lunas,"",10565000.0,0.0,19/01/2022,10565000.0,0.0,10565000.0,"","","","",ARIES,"",ASUS A416JP-VIPS551 Ci5-1035G1 8GB 512GB SSD VGA MX 330 2GB W10 NW,"","",1.0,UNIT,10565000.0,0.00 %,"",0.0,10565000.0,10565000.0,0.0,"",0.0,0.0,"","","","",0.0,0.0
05/01/2022,Faktur Pembelian,12776,FIKTIF BELI,Lunas,"",684999.9999,0.0,04/02/2022,684999.9999,0.0,684999.9999,"","","","","","",KABEL CCTV PERMETER,"","",300.0,METER,2283.333333,0.00 %,"",0.0,684999.9999,684999.9999,0.0,"",0.0,0.0,"","","","",0.0,0.0
05/01/2022,Faktur Pembelian,12777,ONLINE,Lunas,"",100000.0,0.0,04/02/2022,100000.0,0.0,100000.0,"","","","","","",KABEL POWER ORBIT KE USB,"","",4.0,PCS,25000.0,0.00 %,"",0.0,100000.0,100000.0,0.0,"",0.0,0.0,"","","","",0.0,0.0
05/01/2022,Faktur Pembelian,12778,BETA COM,Lunas,"",6240000.0,0.0,04/02/2022,6240000.0,0.0,6240000.0,"","","","","","",TINTA CANON ORI 790 BLACK,"","",48.0,PCS,130000.0,0.00 %,"",0.0,6240000.0,6240000.0,0.0,"",0.0,0.0,"","","","",0.0,0.0
05/01/2022,Faktur Pembelian,ACJ01/01/FP/2201/XE00033,PT. ANGKASA CERAH JAYA,Lunas,"",25000000.0,0.0,04/02/2022,25000000.0,0.0,25000000.0,"",SURABAYA,"","",RAHMAT,"",ACER EXTENSA 15 EX215-31 INTEL N4020 4GB SSD 256GB WIN 10,"","",5.0,UNIT,5000000.0,0.00 %,"",0.0,25000000.0,25000000.0,0.0,"",0.0,0.0,PT. ANGKASA CERAH JAYA,"",0815 5395 1313,"",0.0,0.0
05/01/2022,Faktur Pembelian,2200125,YOGA (WAHANA),Lunas,"",14580000.0,0.0,04/02/2022,14580000.0,0.0,14580000.0,"","","","","","",PROJECTOR EPSON EB E500 3300 LUMENS,"","",3.0,UNIT,4860000.0,0.00 %,"",0.0,14580000.0,14580000.0,0.0,"",0.0,0.0,"","","","",0.0,0.0
05/01/2022,Faktur Pembelian,JL5522010130,YULI (HP CENTRE),Lunas,"",3840000.0,0.0,04/02/2022,3840000.0,0.0,3840000.0,"","","","",RAHMAT,"",BLUEPRINT PRINTER ECO BP-ECO58 (BATERAI),"","",12.0,UNIT,320000.0,0.00 %,"",0.0,3840000.0,3840000.0,0.0,"",0.0,0.0,"","","","",0.0,0.0
05/01/2022,Faktur Pembelian,JL00140260,WULAN (DISCOUNT NOTEBOOK),Lunas,"",545500.0,0.0,04/02/2022,545500.0,0.0,545500.0,"","","JL. SOEKARNO HATTA RT. 012  RW. 004 PANE, RASANAE BARAT","","","",KEYBOARD LAPTOP TOSHIBA L645 DOFF,"","",3.0,PCS,65000.0,0.00 %,"",0.0,195000.0,195000.0,0.0,"",25500.0,0.0,"","","","",0.0,0.0
05/01/2022,Faktur Pembelian,JL00140260,WULAN (DISCOUNT NOTEBOOK),Lunas,"",545500.0,0.0,04/02/2022,545500.0,0.0,545500.0,"","","JL. SOEKARNO HATTA RT. 012  RW. 004 PANE, RASANAE BARAT","","","",BATERAI LENOVO IDEAPAD 110-14IBR,"","",1.0,UNIT,325000.0,0.00 %,"",0.0,325000.0,325000.0,0.0,"",25500.0,0.0,"","","","",0.0,0.0
05/01/2022,Faktur Pembelian,00599950_036,PRIYO (K GALAXY),Lunas,"",21150000.0,0.0,04/02/2022,21150000.0,0.0,21150000.0,"","","","","","","MONITOR LED INFORCE 19"" HDMI","","",6.0,UNIT,1005000.0,0.00 %,"",0.0,6030000.0,6030000.0,0.0,"",0.0,0.0,"","","","",0.0,0.0
05/01/2022,Faktur Pembelian,00599950_036,PRIYO (K GALAXY),Lunas,"",21150000.0,0.0,04/02/2022,21150000.0,0.0,21150000.0,"","","","","","",PRINTER EPSON L3210,"","",6.0,UNIT,2520000.0,0.00 %,"",0.0,15120000.0,15120000.0,0.0,"",0.0,0.0,"","","","",0.0,0.0
05/01/2022,Faktur Pembelian,000823,LILI (PLATINUM),Lunas,"",11080000.0,0.0,04/02/2022,11080000.0,0.0,11080000.0,"","","","","","",CCTV CAM DAHUA HAC B1A21 IR BULLET (OUTDOOR),"","",50.0,PCS,168000.0,0.00 %,"",0.0,8400000.0,8400000.0,0.0,"",0.0,0.0,"","","","",0.0,0.0
05/01/2022,Faktur Pembelian,000823,LILI (PLATINUM),Lunas,"",11080000.0,0.0,04/02/2022,11080000.0,0.0,11080000.0,"","","","","","",KONEKTOR BNC CCTV,"","",500.0,PCS,3000.0,0.00 %,"",0.0,1500000.0,1500000.0,0.0,"",0.0,0.0,"","","","",0.0,0.0
05/01/2022,Faktur Pembelian,000823,LILI (PLATINUM),Lunas,"",11080000.0,0.0,04/02/2022,11080000.0,0.0,11080000.0,"","","","","","",KONEKTOR DC MALE,"","",300.0,PCS,2000.0,0.00 %,"",0.0,600000.0,600000.0,0.0,"",0.0,0.0,"","","","",0.0,0.0
05/01/2022,Faktur Pembelian,000823,LILI (PLATINUM),Lunas,"",11080000.0,0.0,04/02/2022,11080000.0,0.0,11080000.0,"","","","","","",ADAPTOR CCTV LG / SAMSUNG / DF12V #,"","",20.0,PCS,29000.0,0.00 %,"",0.0,580000.0,580000.0,0.0,"",0.0,0.0,"","","","",0.0,0.0
05/01/2022,Faktur Pembelian,PJL-22-01-00103,PT. Surya Makmur Kreasindo (HJ),Lunas,"",12750000.000001,0.0,19/01/2022,11590909.09091,1159090.909091,12750000.000001,"",SURABAYA,"","",CV TIGA NUSA,"",* PRINTER EPSON L3210,"","",5.0,UNIT,2318181.818182,0.00 %,10.0,1159090.909091,11590909.09091,11590909.09091,0.0,"",0.0,0.0,PT. Surya Makmur Kreasindo,"",081515111951,"",0.0,0.0
05/01/2022,Faktur Pembelian,00600016_036,PRIYO (K GALAXY),Lunas,"",10287500.0,0.0,04/02/2022,10287500.0,0.0,10287500.0,"","","","","","",UPS PROLINK PRO 700 (650 VA),"","",10.0,PCS,535000.0,0.00 %,"",0.0,5350000.0,5350000.0,0.0,"",0.0,0.0,"","","","",0.0,0.0
05/01/2022,Faktur Pembelian,00600016_036,PRIYO (K GALAXY),Lunas,"",10287500.0,0.0,04/02/2022,10287500.0,0.0,10287500.0,"","","","","","",UPS PROLINK PRO 1210 (1200VA),"","",5.0,PCS,987500.0,0.00 %,"",0.0,4937500.0,4937500.0,0.0,"",0.0,0.0,"","","","",0.0,0.0
06/01/2022,Faktur Pembelian,12779,FIKTIF BELI,Lunas,"",86000.0,0.0,05/02/2022,86000.0,0.0,86000.0,"","","","","","",RJ45 COMMSCOPE,"","",50.0,BIJI,1720.0,0.00 %,"",0.0,86000.0,86000.0,0.0,"",0.0,0.0,"","","","",0.0,0.0
06/01/2022,Faktur Pembelian,JL.2201.01576,CANDRA (BLESSING),Lunas,"",22400000.0,0.0,20/01/2022,22400000.0,0.0,22400000.0,"","","","",RAHMAT,"","LENOVO V14 AMD 3020E 8GB SSD 256GB 14"" #","","",4.0,UNIT,5600000.0,0.00 %,"",0.0,22400000.0,22400000.0,0.0,"",0.0,0.0,"","","","",0.0,0.0
06/01/2022,Faktur Pembelian,JL.2201.01782,CANDRA (BLESSING),Lunas,"",21900000.0,0.0,20/01/2022,21900000.0,0.0,21900000.0,"","","","",ARIES,"",PROJECTOR ACER BS-120PV DLP XGA 4000 LUMENS,"","",5.0,UNIT,4380000.0,0.00 %,"",0.0,21900000.0,21900000.0,0.0,"",0.0,0.0,"","","","",0.0,0.0
06/01/2022,Faktur Pembelian,JL.2201.01839,CANDRA (BLESSING),Lunas,"
",16200000.0,0.0,20/01/2022,16200000.0,0.0,16200000.0,"","","","",ARIES,"","HDD EXTERNAL 2TB  SEAGATE 2,5""","","",2.0,PCS,1000000.0,0.00 %,"",0.0,2000000.0,2000000.0,0.0,"",0.0,0.0,"","","","",0.0,0.0
06/01/2022,Faktur Pembelian,JL.2201.01839,CANDRA (BLESSING),Lunas,"
",16200000.0,0.0,20/01/2022,16200000.0,0.0,16200000.0,"","","","",ARIES,"",HP 14S-CF2076TU-36F70PA Ci3-10110U 4GB SSD 256GB WIN10  NW,"","",2.0,UNIT,7100000.0,0.00 %,"",0.0,14200000.0,14200000.0,0.0,"",0.0,0.0,"","","","",0.0,0.0
06/01/2022,Faktur Pembelian,JL.2201.01870,CANDRA (BLESSING),Lunas,"",2740000.0,0.0,20/01/2022,2740000.0,0.0,2740000.0,"","","","",AGUS,"",KABEL CCTV RG 59 + POWER SPECTRA,"","",4.0,DUS,685000.0,0.00 %,"",0.0,2740000.0,2740000.0,0.0,"",0.0,0.0,"","","","",0.0,0.0
06/01/2022,Faktur Pembelian,PJL-22-01-00196,PT. Surya Makmur Kreasindo (HJ),Lunas,"
",11550000.0,0.0,20/01/2022,11550000.0,0.0,11550000.0,"",SURABAYA,"","",CV TIGA NUSA,"",PROJECTOR EPSON FH 52,"","",1.0,UNIT,11550000.0,0.00 %,"",0.0,11550000.0,11550000.0,0.0,"",0.0,0.0,PT. Surya Makmur Kreasindo,"",081515111951,"",0.0,0.0
06/01/2022,Faktur Pembelian,12786,AGUS (DORAN),Lunas,"",10300000.0,0.0,05/02/2022,10300000.0,0.0,10300000.0,"",SURABAYA,"","","","",SSD SANDISK PLUS 240GB,"","",20.0,PCS,515000.0,0.00 %,"",0.0,10300000.0,10300000.0,0.0,"",0.0,0.0,"","","","",0.0,0.0
06/01/2022,Faktur Pembelian,JL00140373,WULAN (DISCOUNT NOTEBOOK),Lunas,"",239000.0,0.0,05/02/2022,239000.0,0.0,239000.0,"","","JL. SOEKARNO HATTA RT. 012  RW. 004 PANE, RASANAE BARAT","","","",KEYBOARD LAPTOP TOSHIBA L645 DOFF,"","",2.0,PCS,65000.0,0.00 %,"",0.0,130000.0,130000.0,0.0,"",29000.0,0.0,"","","","",0.0,0.0
06/01/2022,Faktur Pembelian,JL00140373,WULAN (DISCOUNT NOTEBOOK),Lunas,"",239000.0,0.0,05/02/2022,239000.0,0.0,239000.0,"","","JL. SOEKARNO HATTA RT. 012  RW. 004 PANE, RASANAE BARAT","","","",KEYBOARD LAPTOP ASUS N56,"","",1.0,PCS,80000.0,0.00 %,"",0.0,80000.0,80000.0,0.0,"",29000.0,0.0,"","","","",0.0,0.0
06/01/2022,Faktur Pembelian,000826,LILI (PLATINUM),Lunas,"",3130000.0,0.0,05/02/2022,3130000.0,0.0,3130000.0,"","","","","","",MOUSEPAD BANTAL,"","",60.0,PCS,4000.0,0.00 %,"",0.0,240000.0,240000.0,0.0,"",0.0,0.0,"","","","",0.0,0.0
06/01/2022,Faktur Pembelian,000826,LILI (PLATINUM),Lunas,"",3130000.0,0.0,05/02/2022,3130000.0,0.0,3130000.0,"","","","","","",CONVERTER HDMI TO VGA (KABEL),"","",50.0,PCS,26000.0,0.00 %,"",0.0,1300000.0,1300000.0,0.0,"",0.0,0.0,"","","","",0.0,0.0
06/01/2022,Faktur Pembelian,000826,LILI (PLATINUM),Lunas,"",3130000.0,0.0,05/02/2022,3130000.0,0.0,3130000.0,"","","","","","","KABEL DATA PRINTER 1,5 METER","","",10.0,PCS,11000.0,0.00 %,"",0.0,110000.0,110000.0,0.0,"",0.0,0.0,"","","","",0.0,0.0
06/01/2022,Faktur Pembelian,000826,LILI (PLATINUM),Lunas,"",3130000.0,0.0,05/02/2022,3130000.0,0.0,3130000.0,"","","","","","",USB BLUETOOTH V5,"","",20.0,PCS,26000.0,0.00 %,"",0.0,520000.0,520000.0,0.0,"",0.0,0.0,"","","","",0.0,0.0
06/01/2022,Faktur Pembelian,000826,LILI (PLATINUM),Lunas,"",3130000.0,0.0,05/02/2022,3130000.0,0.0,3130000.0,"","","","","","",MOUSEPAD LOGITECH / MICROSOFT,"","",240.0,PCS,4000.0,0.00 %,"",0.0,960000.0,960000.0,0.0,"",0.0,0.0,"","","","",0.0,0.0
07/01/2022,Faktur Pembelian,12781,BETA COM,Lunas,"",19680000.0,0.0,06/02/2022,19680000.0,0.0,19680000.0,"","","","","","",CATRIDGE CANON 810 BLACK,"","",96.0,PCS,205000.0,0.00 %,"",0.0,19680000.0,19680000.0,0.0,"",0.0,0.0,"","","","",0.0,0.0
07/01/2022,Faktur Pembelian,12782,ABSOLUTE BROTHER,Lunas,"",750000.0,0.0,06/02/2022,750000.0,0.0,750000.0,"","","","","","",CATRIDGE TONER BROTHER L2540 DW,"","",2.0,PCS,375000.0,0.00 %,"",0.0,750000.0,750000.0,0.0,"",0.0,0.0,"","","","",0.0,0.0
07/01/2022,Faktur Pembelian,12783,TATIK (LEGENDA),Lunas,"",10800000.0,0.0,06/02/2022,10800000.0,0.0,10800000.0,"","","","","","",PRINTER CANON G2010,"","",6.0,UNIT,1800000.0,0.00 %,"",0.0,10800000.0,10800000.0,0.0,"",0.0,0.0,"","","","",0.0,0.0
07/01/2022,Faktur Pembelian,JL.2201.02049,CANDRA (BLESSING),Lunas,"",3626000.0,0.0,21/01/2022,3626000.0,0.0,3626000.0,"","","","",ARIES,"",SODIMM KINGSTONE DDR4 4GB KG,"","",4.0,PCS,310000.0,0.00 %,"",0.0,1240000.0,1240000.0,0.0,"",0.0,0.0,"","","","",0.0,0.0
07/01/2022,Faktur Pembelian,JL.2201.02049,CANDRA (BLESSING),Lunas,"",3626000.0,0.0,21/01/2022,3626000.0,0.0,3626000.0,"","","","",ARIES,"",ANYCAST M4,"","",8.0,PCS,112000.0,0.00 %,"",0.0,896000.0,896000.0,0.0,"",0.0,0.0,"","","","",0.0,0.0
07/01/2022,Faktur Pembelian,JL.2201.02049,CANDRA (BLESSING),Lunas,"",3626000.0,0.0,21/01/2022,3626000.0,0.0,3626000.0,"","","","",ARIES,"",PRINTER CANON LASERJET LBP 6030,"","",1.0,UNIT,1490000.0,0.00 %,"",0.0,1490000.0,1490000.0,0.0,"",0.0,0.0,"","","","",0.0,0.0
07/01/2022,Faktur Pembelian,JL.2201.02050,CANDRA (BLESSING),Lunas,"",24210000.0,0.0,21/01/2022,24210000.0,0.0,24210000.0,"","","","",ARIES,"",BROTHER DCP L2540 DW,"","",1.0,PCS,2760000.0,0.00 %,"",0.0,2760000.0,2760000.0,0.0,"",0.0,0.0,"","","","",0.0,0.0
07/01/2022,Faktur Pembelian,JL.2201.02050,CANDRA (BLESSING),Lunas,"",24210000.0,0.0,21/01/2022,24210000.0,0.0,24210000.0,"","","","",ARIES,"",AXIOO MYBOOK 14E INTEL N4000 4GB SSD 256GB #,"","",5.0,UNIT,3750000.0,0.00 %,"",0.0,18750000.0,18750000.0,0.0,"",0.0,0.0,"","","","",0.0,0.0
07/01/2022,Faktur Pembelian,JL.2201.02050,CANDRA (BLESSING),Lunas,"",24210000.0,0.0,21/01/2022,24210000.0,0.0,24210000.0,"","","","",ARIES,"",PRINTER EPSON L3210,"","",1.0,UNIT,2700000.0,0.00 %,"",0.0,2700000.0,2700000.0,0.0,"",0.0,0.0,"","","","",0.0,0.0
07/01/2022,Faktur Pembelian,12784,BETA COM,Lunas,"",12760000.0,0.0,06/02/2022,12760000.0,0.0,12760000.0,"","","","","","",PRINTER CANON G1020,"","",8.0,UNIT,1595000.0,0.00 %,"",0.0,12760000.0,12760000.0,0.0,"",0.0,0.0,"","","","",0.0,0.0
07/01/2022,Faktur Pembelian,J/00001046,CV SAHABAT KITA (EPRINT),Lunas,"",3080000.0,0.0,06/02/2022,3080000.0,0.0,3080000.0,"","","","","","",REFILL PITA PRINTER EPRINT 8758,"","",400.0,PCS,7700.0,0.00 %,"",0.0,3080000.0,3080000.0,0.0,"",0.0,0.0,"","","","",0.0,0.0
07/01/2022,Faktur Pembelian,12787,FIKTIF BELI,Lunas,"",525000.0,0.0,06/02/2022,525000.0,0.0,525000.0,"","","","","","",KERTAS NCR YELLOW CF (BOTTOM),"","",10.0,PCS,52500.0,0.00 %,"",0.0,525000.0,525000.0,0.0,"",0.0,0.0,"","","","",0.0,0.0
07/01/2022,Faktur Pembelian,JL.2201.02261,CANDRA (BLESSING),Lunas,"",6090000.0,0.0,21/01/2022,6090000.0,0.0,6090000.0,"","","","",ARIES,"",ASUS E410MA INTEL N4020 4GB 512GB SSD,"","",1.0,UNIT,6090000.0,0.00 %,"",0.0,6090000.0,6090000.0,0.0,"",0.0,0.0,"","","","",0.0,0.0
07/01/2022,Faktur Pembelian,JL00140511,WULAN (DISCOUNT NOTEBOOK),Lunas,"",513500.0,0.0,06/02/2022,513500.0,0.0,513500.0,"","","JL. SOEKARNO HATTA RT. 012  RW. 004 PANE, RASANAE BARAT","","","",BATERAI DELL INSP 13-7000,"","",1.0,PCS,490000.0,0.00 %,"",0.0,490000.0,490000.0,0.0,"",23500.0,0.0,"","","","",0.0,0.0
07/01/2022,Faktur Pembelian,01202257189,AGUS (DORAN),Lunas,"",21908000.0,0.0,06/02/2022,21908000.0,0.0,21908000.0,"",SURABAYA,"","","","",FD BLADE CZ50 8GB SANDISK,"","",200.0,PCS,44445.0,0.00 %,"",0.0,8889000.0,8889000.0,0.0,"",0.0,0.0,"","","","",0.0,0.0
07/01/2022,Faktur Pembelian,01202257189,AGUS (DORAN),Lunas,"",21908000.0,0.0,06/02/2022,21908000.0,0.0,21908000.0,"",SURABAYA,"","","","",FD BLADE CZ50 16GB SANDISK,"","",200.0,PCS,44845.0,0.00 %,"",0.0,8969000.0,8969000.0,0.0,"",0.0,0.0,"","","","",0.0,0.0
07/01/2022,Faktur Pembelian,01202257189,AGUS (DORAN),Lunas,"",21908000.0,0.0,06/02/2022,21908000.0,0.0,21908000.0,"",SURABAYA,"","","","",MOUSE LOGITECH M90,"","",30.0,PCS,42000.0,0.00 %,"",0.0,1260000.0,1260000.0,0.0,"",0.0,0.0,"","","","",0.0,0.0
07/01/2022,Faktur Pembelian,01202257189,AGUS (DORAN),Lunas,"",21908000.0,0.0,06/02/2022,21908000.0,0.0,21908000.0,"",SURABAYA,"","","","",KEYBOARD LOGITECH K120,"","",30.0,PCS,93000.0,0.00 %,"",0.0,2790000.0,2790000.0,0.0,"",0.0,0.0,"","","","",0.0,0.0
07/01/2022,Faktur Pembelian,PJL-22-01-00206,PT. Surya Makmur Kreasindo (HJ),Lunas,"",15300000.000001,0.0,21/01/2022,13909090.909092,1390909.090909,15300000.000001,"",SURABAYA,"","",CV TIGA NUSA,"",* PRINTER EPSON L3210,"","",6.0,UNIT,2318181.818182,0.00 %,10.0,1390909.0909092,13909090.909092,13909090.909092,0.0,"",0.0,0.0,PT. Surya Makmur Kreasindo,"",081515111951,"",0.0,0.0
07/01/2022,Faktur Pembelian,00600220_036,PRIYO (K GALAXY),Lunas,"",7880000.0,0.0,06/02/2022,7880000.0,0.0,7880000.0,"","","","","","",PROCESSOR  CORE 2 DUO 3.0 GHZ E8400 FAN,"","",8.0,PCS,75000.0,0.00 %,"",0.0,600000.0,600000.0,0.0,"",0.0,0.0,"","","","",0.0,0.0
07/01/2022,Faktur Pembelian,00600220_036,PRIYO (K GALAXY),Lunas,"",7880000.0,0.0,06/02/2022,7880000.0,0.0,7880000.0,"","","","","","",MB MAXX ON G41D3-MX,"","",12.0,PCS,445000.0,0.00 %,"",0.0,5340000.0,5340000.0,0.0,"",0.0,0.0,"","","","",0.0,0.0
07/01/2022,Faktur Pembelian,00600220_036,PRIYO (K GALAXY),Lunas,"",7880000.0,0.0,06/02/2022,7880000.0,0.0,7880000.0,"","","","","","","PROCESSOR INTEL I3 - 4150 3,5GHZ","","",2.0,PCS,520000.0,0.00 %,"",0.0,1040000.0,1040000.0,0.0,"",0.0,0.0,"","","","",0.0,0.0
07/01/2022,Faktur Pembelian,00600220_036,PRIYO (K GALAXY),Lunas,"",7880000.0,0.0,06/02/2022,7880000.0,0.0,7880000.0,"","","","","","",RAM PC DDR 3 MAXELL 4GB,"","",5.0,PCS,180000.0,0.00 %,"",0.0,900000.0,900000.0,0.0,"",0.0,0.0,"","","","",0.0,0.0
07/01/2022,Faktur Pembelian,NJL-EX1/070122/012,PT. INDO WARNA MULIA ( ALFA INK ),Lunas,"",10400000.0,0.0,08/03/2022,10400000.0,0.0,10400000.0,"","","","","","",ALFA INK CANON BLACK 100CC,"","",100.0,PCS,26000.0,0.00 %,"",0.0,2600000.0,2600000.0,0.0,"",0.0,0.0,"","","","",0.0,0.0
07/01/2022,Faktur Pembelian,NJL-EX1/070122/012,PT. INDO WARNA MULIA ( ALFA INK ),Lunas,"",10400000.0,0.0,08/03/2022,10400000.0,0.0,10400000.0,"","","","","","",ALFA INK CANON CYAN 100CC,"","",100.0,PCS,26000.0,0.00 %,"",0.0,2600000.0,2600000.0,0.0,"",0.0,0.0,"","","","",0.0,0.0
07/01/2022,Faktur Pembelian,NJL-EX1/070122/012,PT. INDO WARNA MULIA ( ALFA INK ),Lunas,"",10400000.0,0.0,08/03/2022,10400000.0,0.0,10400000.0,"","","","","","",ALFA INK CANON MAGENTA 100CC,"","",100.0,PCS,26000.0,0.00 %,"",0.0,2600000.0,2600000.0,0.0,"",0.0,0.0,"","","","",0.0,0.0
07/01/2022,Faktur Pembelian,NJL-EX1/070122/012,PT. INDO WARNA MULIA ( ALFA INK ),Lunas,"",10400000.0,0.0,08/03/2022,10400000.0,0.0,10400000.0,"","","","","","",ALFA INK CANON YELLOW 100CC,"","",100.0,PCS,26000.0,0.00 %,"",0.0,2600000.0,2600000.0,0.0,"",0.0,0.0,"","","","",0.0,0.0
08/01/2022,Faktur Pembelian,12788,TATIK (LEGENDA),Lunas,"",3625000.0,0.0,07/02/2022,3625000.0,0.0,3625000.0,"","","","","","",KERTAS FOTO DATA PRINT GLOSSY  230 GSM (BURUNG),"","",250.0,PCS,14500.0,0.00 %,"",0.0,3625000.0,3625000.0,0.0,"",0.0,0.0,"","","","",0.0,0.0
08/01/2022,Faktur Pembelian,12789,CANON BALI,Lunas,"",7721900.0,0.0,07/02/2022,7721900.0,0.0,7721900.0,"","","","","","",TINTA CANON ORI 790 BLACK,"","",30.0,PCS,105600.0,0.00 %,"",0.0,3168000.0,3168000.0,0.0,"",0.0,0.0,"","","","",0.0,0.0
08/01/2022,Faktur Pembelian,12789,CANON BALI,Lunas,"",7721900.0,0.0,07/02/2022,7721900.0,0.0,7721900.0,"","","","","","",TINTA CANON ORI 790 MAGENTA,"","",10.0,PCS,99800.0,0.00 %,"",0.0,998000.0,998000.0,0.0,"",0.0,0.0,"","","","",0.0,0.0
08/01/2022,Faktur Pembelian,12789,CANON BALI,Lunas,"",7721900.0,0.0,07/02/2022,7721900.0,0.0,7721900.0,"","","","","","",TINTA CANON ORI 790 YELLOW,"","",10.0,PCS,99800.0,0.00 %,"",0.0,998000.0,998000.0,0.0,"",0.0,0.0,"","","","",0.0,0.0
08/01/2022,Faktur Pembelian,12789,CANON BALI,Lunas,"",7721900.0,0.0,07/02/2022,7721900.0,0.0,7721900.0,"","","","","","",TINTA CANON ORI 790 CYAN,"","",6.0,PCS,99800.0,0.00 %,"",0.0,598800.0,598800.0,0.0,"",0.0,0.0,"","","","",0.0,0.0
08/01/2022,Faktur Pembelian,12789,CANON BALI,Lunas,"",7721900.0,0.0,07/02/2022,7721900.0,0.0,7721900.0,"","","","","","",TINTA CANON ORI GI - 71 BLACK,"","",10.0,PCS,124300.0,0.00 %,"",0.0,1243000.0,1243000.0,0.0,"",0.0,0.0,"","","","",0.0,0.0
08/01/2022,Faktur Pembelian,12789,CANON BALI,Lunas,"",7721900.0,0.0,07/02/2022,7721900.0,0.0,7721900.0,"","","","","","",TINTA CANON ORI GI - 71 Y,"","",3.0,PCS,102300.0,0.00 %,"",0.0,306900.0,306900.0,0.0,"",0.0,0.0,"","","","",0.0,0.0
08/01/2022,Faktur Pembelian,12789,CANON BALI,Lunas,"",7721900.0,0.0,07/02/2022,7721900.0,0.0,7721900.0,"","","","","","",TINTA CANON ORI GI - 71 C,"","",1.0,PCS,102300.0,0.00 %,"",0.0,102300.0,102300.0,0.0,"",0.0,0.0,"","","","",0.0,0.0
08/01/2022,Faktur Pembelian,12789,CANON BALI,Lunas,"",7721900.0,0.0,07/02/2022,7721900.0,0.0,7721900.0,"","","","","","",TINTA CANON ORI GI - 71 M,"","",3.0,PCS,102300.0,0.00 %,"",0.0,306900.0,306900.0,0.0,"",0.0,0.0,"","","","",0.0,0.0
08/01/2022,Faktur Pembelian,12790,FIKTIF BELI,Lunas,"",1950000.0,0.0,07/02/2022,1950000.0,0.0,1950000.0,"","","","","","",BLUEPRINT KERTAS FOTO SILKY,"","",39.0,PCS,50000.0,0.00 %,"",0.0,1950000.0,1950000.0,0.0,"",0.0,0.0,"","","","",0.0,0.0
08/01/2022,Faktur Pembelian,12791,FIKTIF BELI,Lunas,"",215000.0,0.0,07/02/2022,215000.0,0.0,215000.0,"","","","","","",BATERAI LAPTOP ACER Z1402,"","",1.0,PCS,215000.0,0.00 %,"",0.0,215000.0,215000.0,0.0,"",0.0,0.0,"","","","",0.0,0.0
08/01/2022,Faktur Pembelian,00599947_036,PRIYO (K GALAXY),Lunas,"

VIA MUTIARA 
",59950000.0,0.0,07/02/2022,59950000.0,0.0,59950000.0,"","","","","","","MONITOR LED INFORCE 19"" HDMI","","",10.0,UNIT,1005000.0,0.00 %,"",0.0,10050000.0,10050000.0,0.0,"",0.0,0.0,"","","","",0.0,0.0
08/01/2022,Faktur Pembelian,00599947_036,PRIYO (K GALAXY),Lunas,"

VIA MUTIARA 
",59950000.0,0.0,07/02/2022,59950000.0,0.0,59950000.0,"","","","","","",PRINTER EPSON L3210,"","",20.0,UNIT,2495000.0,0.00 %,"",0.0,49900000.0,49900000.0,0.0,"",0.0,0.0,"","","","",0.0,0.0
08/01/2022,Faktur Pembelian,000827,LILI (PLATINUM),Lunas,"",5745000.0,0.0,07/02/2022,5745000.0,0.0,5745000.0,"","","","","","",MOUSE BRANDED,"","",50.0,PCS,20500.0,0.00 %,"",0.0,1025000.0,1025000.0,0.0,"",0.0,0.0,"","","","",0.0,0.0
08/01/2022,Faktur Pembelian,000827,LILI (PLATINUM),Lunas,"",5745000.0,0.0,07/02/2022,5745000.0,0.0,5745000.0,"","","","","","",OTG MICRO,"","",10.0,PCS,7500.0,0.00 %,"",0.0,75000.0,75000.0,0.0,"",0.0,0.0,"","","","",0.0,0.0
08/01/2022,Faktur Pembelian,000827,LILI (PLATINUM),Lunas,"",5745000.0,0.0,07/02/2022,5745000.0,0.0,5745000.0,"","","","","","",OTG TYPE C,"","",10.0,PCS,13000.0,0.00 %,"",0.0,130000.0,130000.0,0.0,"",0.0,0.0,"","","","",0.0,0.0
08/01/2022,Faktur Pembelian,000827,LILI (PLATINUM),Lunas,"",5745000.0,0.0,07/02/2022,5745000.0,0.0,5745000.0,"","","","","","","CASING HDD 3,5","","",5.0,PCS,130000.0,0.00 %,"",0.0,650000.0,650000.0,0.0,"",0.0,0.0,"","","","",0.0,0.0
08/01/2022,Faktur Pembelian,000827,LILI (PLATINUM),Lunas,"",5745000.0,0.0,07/02/2022,5745000.0,0.0,5745000.0,"","","","","","",MOUSE WIRELESS BANDA,"","",20.0,PCS,30000.0,0.00 %,"",0.0,600000.0,600000.0,0.0,"",0.0,0.0,"","","","",0.0,0.0
08/01/2022,Faktur Pembelian,000827,LILI (PLATINUM),Lunas,"",5745000.0,0.0,07/02/2022,5745000.0,0.0,5745000.0,"","","","","","","CASING HDD 2,5 BIASA","","",30.0,PCS,39000.0,0.00 %,"",0.0,1170000.0,1170000.0,0.0,"",0.0,0.0,"","","","",0.0,0.0
08/01/2022,Faktur Pembelian,000827,LILI (PLATINUM),Lunas,"",5745000.0,0.0,07/02/2022,5745000.0,0.0,5745000.0,"","","","","","",ADAPTOR ASUS 1.75A (USB),"","",5.0,PCS,100000.0,0.00 %,"",0.0,500000.0,500000.0,0.0,"",0.0,0.0,"","","","",0.0,0.0
08/01/2022,Faktur Pembelian,000827,LILI (PLATINUM),Lunas,"",5745000.0,0.0,07/02/2022,5745000.0,0.0,5745000.0,"","","","","","",BATERAI ACER ES1 432 AS16A8K / AS16A5K,"","",1.0,PCS,310000.0,0.00 %,"",0.0,310000.0,310000.0,0.0,"",0.0,0.0,"","","","",0.0,0.0
08/01/2022,Faktur Pembelian,000827,LILI (PLATINUM),Lunas,"",5745000.0,0.0,07/02/2022,5745000.0,0.0,5745000.0,"","","","","","",ADAPTOR ACER Z476,"","",5.0,PCS,90000.0,0.00 %,"",0.0,450000.0,450000.0,0.0,"",0.0,0.0,"","","","",0.0,0.0
08/01/2022,Faktur Pembelian,000827,LILI (PLATINUM),Lunas,"",5745000.0,0.0,07/02/2022,5745000.0,0.0,5745000.0,"","","","","","",BATERAI LAPTOP ACER E5 - 473 (AL15A32),"","",1.0,PCS,335000.0,0.00 %,"",0.0,335000.0,335000.0,0.0,"",0.0,0.0,"","","","",0.0,0.0
08/01/2022,Faktur Pembelian,000827,LILI (PLATINUM),Lunas,"",5745000.0,0.0,07/02/2022,5745000.0,0.0,5745000.0,"","","","","","",BATERAI LAPTOP ASUS X441,"","",2.0,PCS,250000.0,0.00 %,"",0.0,500000.0,500000.0,0.0,"",0.0,0.0,"","","","",0.0,0.0
08/01/2022,Faktur Pembelian,000828,LILI (PLATINUM),Lunas,"",1075000.0,0.0,07/02/2022,1075000.0,0.0,1075000.0,"","","","","","",KABEL HDMI 3 METER,"","",20.0,PCS,20000.0,0.00 %,"",0.0,400000.0,400000.0,0.0,"",0.0,0.0,"","","","",0.0,0.0
08/01/2022,Faktur Pembelian,000828,LILI (PLATINUM),Lunas,"",1075000.0,0.0,07/02/2022,1075000.0,0.0,1075000.0,"","","","","","",KABEL HDMI 15 METER,"","",5.0,PCS,90000.0,0.00 %,"",0.0,450000.0,450000.0,0.0,"",0.0,0.0,"","","","",0.0,0.0
08/01/2022,Faktur Pembelian,000828,LILI (PLATINUM),Lunas,"",1075000.0,0.0,07/02/2022,1075000.0,0.0,1075000.0,"","","","","","",SWITCH PRINTER 4 PORT,"","",5.0,PCS,45000.0,0.00 %,"",0.0,225000.0,225000.0,0.0,"",0.0,0.0,"","","","",0.0,0.0
09/01/2022,Faktur Pembelian,12793,FIKTIF BELI,Lunas,"",86000.0,0.0,08/02/2022,86000.0,0.0,86000.0,"","","","","","",RJ45 COMMSCOPE,"","",50.0,BIJI,1720.0,0.00 %,"",0.0,86000.0,86000.0,0.0,"",0.0,0.0,"","","","",0.0,0.0
10/01/2022,Faktur Pembelian,12794,SARI INDAH PERMAI,Lunas,"",39172235.0,0.0,09/02/2022,39172235.0,0.0,39172235.0,"","","","","","",SIDU A4 75 GSM,"","",500.0,PCS,36651.02,0.00 %,"",0.0,18325510.0,18325510.0,0.0,"",0.0,0.0,"","","","",0.0,0.0
10/01/2022,Faktur Pembelian,12794,SARI INDAH PERMAI,Lunas,"",39172235.0,0.0,09/02/2022,39172235.0,0.0,39172235.0,"","","","","","",SIDU F4 75 GSM,"","",500.0,PCS,41693.45,0.00 %,"",0.0,20846725.0,20846725.0,0.0,"",0.0,0.0,"","","","",0.0,0.0
10/01/2022,Faktur Pembelian,JL.2201.02843,CANDRA (BLESSING),Lunas,"",13568000.0,0.0,24/01/2022,13568000.0,0.0,13568000.0,"","","","",ARIES,"",HDD EXTERNAL TOSHIBA BASIC 1 TB,"","",5.0,PCS,640000.0,0.00 %,"",0.0,3181241.6,3200000.0,80000.0,"",0.0,0.0,"","","","",0.0,0.59
10/01/2022,Faktur Pembelian,JL.2201.02843,CANDRA (BLESSING),Lunas,"",13568000.0,0.0,24/01/2022,13568000.0,0.0,13568000.0,"","","","",ARIES,"",SSD SANDISK ULTRA 500GB 3D,"","",1.0,PCS,930000.0,0.00 %,"",0.0,924548.34,930000.0,80000.0,"",0.0,0.0,"","","","",0.0,0.59
10/01/2022,Faktur Pembelian,JL.2201.02843,CANDRA (BLESSING),Lunas,"",13568000.0,0.0,24/01/2022,13568000.0,0.0,13568000.0,"","","","",ARIES,"","HDD NOTEBOOK 2,5 SEAGATE SATA 1TB MFI","","",2.0,PCS,660000.0,0.00 %,"",0.0,1312262.16,1320000.0,80000.0,"",0.0,0.0,"","","","",0.0,0.59
10/01/2022,Faktur Pembelian,JL.2201.02843,CANDRA (BLESSING),Lunas,"",13568000.0,0.0,24/01/2022,13568000.0,0.0,13568000.0,"","","","",ARIES,"","HDD NOTEBOOK 2,5 TOSHIBA SATA 1TB","","",2.0,PCS,605000.0,0.00 %,"",0.0,1202906.98,1210000.0,80000.0,"",0.0,0.0,"","","","",0.0,0.59
10/01/2022,Faktur Pembelian,JL.2201.02843,CANDRA (BLESSING),Lunas,"",13568000.0,0.0,24/01/2022,13568000.0,0.0,13568000.0,"","","","",ARIES,"",HDD PC WD PURPLE 1 TB,"","",10.0,PCS,600000.0,0.00 %,"",0.0,5964828.0,6000000.0,80000.0,"",0.0,0.0,"","","","",0.0,0.59
10/01/2022,Faktur Pembelian,JL.2201.02843,CANDRA (BLESSING),Lunas,"",13568000.0,0.0,24/01/2022,13568000.0,0.0,13568000.0,"","","","",ARIES,"",PSU AEROCOOL LUX 550W BRONZE (dus putih),"","",1.0,PCS,483000.0,0.00 %,"",0.0,480168.654,483000.0,80000.0,"",0.0,0.0,"","","","",0.0,0.59
10/01/2022,Faktur Pembelian,JL.2201.02843,CANDRA (BLESSING),Lunas,"",13568000.0,0.0,24/01/2022,13568000.0,0.0,13568000.0,"","","","",ARIES,"",SSD KINGSTONE 250GB M2 SATA NVME SA2000M8,"","",1.0,PCS,505000.0,0.00 %,"",0.0,502039.69,505000.0,80000.0,"",0.0,0.0,"","","","",0.0,0.59
10/01/2022,Faktur Pembelian,JL.2201.02861,CANDRA (BLESSING),Lunas,"",24490000.0,0.0,24/01/2022,24490000.0,0.0,24490000.0,"","","","",ARIES,"","PC BUILUP HP SLIM S01 PF1181D-22X83AA PENTIUM GOLD G6400 4GB 1TB HDD 19,5"" WIN10","","",4.0,UNIT,6160000.0,0.00 %,"",0.0,24489991.68,24640000.0,150000.0,"",0.0,0.0,"","","","",0.0,0.61
10/01/2022,Faktur Pembelian,12795,TATIK (LEGENDA),Lunas,"",12150000.0,0.0,09/02/2022,12150000.0,0.0,12150000.0,"","","","","","",TINTA EPSON 003 BLACK,"","",180.0,PCS,67500.0,0.00 %,"",0.0,12150000.0,12150000.0,0.0,"",0.0,0.0,"","","","",0.0,0.0
10/01/2022,Faktur Pembelian,JL.2201.03154,CANDRA (BLESSING),Lunas,"",365000.0,0.0,24/01/2022,365000.0,0.0,365000.0,"","","","",ARIES,"","CASH DRAWER IWARE CD408 40CM X 43CM X 10CM (RJ11) 7 SLOT UANG KERTAS, 3 SLOT UANG KOIN","","",1.0,PCS,365000.0,0.00 %,"",0.0,365000.0,365000.0,0.0,"",0.0,0.0,"","","","",0.0,0.0
10/01/2022,Faktur Pembelian,JL.2201.03173,CANDRA (BLESSING),Lunas,"",3200000.0,0.0,24/01/2022,3200000.0,0.0,3200000.0,"","","","",ARIES,"",HDD EXTERNAL TOSHIBA BASIC 1 TB,"","",5.0,PCS,640000.0,0.00 %,"",0.0,3200000.0,3200000.0,0.0,"",0.0,0.0,"","","","",0.0,0.0
10/01/2022,Faktur Pembelian,ACJ01/01/FP/2201/AX00023,PT. ANGKASA CERAH JAYA,Lunas,"",30000000.0,0.0,09/02/2022,30000000.0,0.0,30000000.0,"",SURABAYA,"","",RAHMAT,"",ACER EXTENSA 15 EX215-31 INTEL N4020 4GB SSD 256GB WIN 10,"","",6.0,UNIT,5000000.0,0.00 %,"",0.0,30000000.0,30000000.0,0.0,"",0.0,0.0,PT. ANGKASA CERAH JAYA,"",0815 5395 1313,"",0.0,0.0
10/01/2022,Faktur Pembelian,12797,IQ TRONIK,Lunas,"",23650000.0,0.0,09/02/2022,23650000.0,0.0,23650000.0,"","","","","","",KERTAS FOTO SPECTRA 230 (BUAH NAGA),"","",250.0,PCS,17000.0,0.00 %,"",0.0,4250000.0,4250000.0,0.0,"",0.0,0.0,"","","","",0.0,0.0
10/01/2022,Faktur Pembelian,12797,IQ TRONIK,Lunas,"",23650000.0,0.0,09/02/2022,23650000.0,0.0,23650000.0,"","","","","","",KERTAS FOTO SPECTRA GLOSSY 260,"","",200.0,PCS,48500.0,0.00 %,"",0.0,9700000.0,9700000.0,0.0,"",0.0,0.0,"","","","",0.0,0.0
10/01/2022,Faktur Pembelian,12797,IQ TRONIK,Lunas,"",23650000.0,0.0,09/02/2022,23650000.0,0.0,23650000.0,"","","","","","",KERTAS FOTO SPECTRA SILKY 260,"","",200.0,PCS,48500.0,0.00 %,"",0.0,9700000.0,9700000.0,0.0,"",0.0,0.0,"","","","",0.0,0.0
10/01/2022,Faktur Pembelian,12798,IQ TRONIK,Lunas,"",1440000.0,0.0,09/02/2022,1440000.0,0.0,1440000.0,"","","","","","",CD-R GT PRO,"","",600.0,PCS,2400.0,0.00 %,"",0.0,1440000.0,1440000.0,0.0,"",0.0,0.0,"","","","",0.0,0.0
10/01/2022,Faktur Pembelian,12799,DARMA DJ COMP,Lunas,"",10250000.0,0.0,09/02/2022,10250000.0,0.0,10250000.0,"","","","","","",ACER 5 A514-54G-50PL CI5-1135G7 8GB 512GB SSD MX 350 WIN10,"","",1.0,UNIT,10250000.0,0.00 %,"",0.0,10250000.0,10250000.0,0.0,"",0.0,0.0,"","","",087876835295,0.0,0.0
10/01/2022,Faktur Pembelian,JL5522010311,YULI (HP CENTRE),Lunas,"",3200000.0,0.0,09/02/2022,3200000.0,0.0,3200000.0,"","","","",RAHMAT,"",BLUEPRINT PRINTER ECO BP-ECO58 (BATERAI),"","",10.0,UNIT,320000.0,0.00 %,"",0.0,3200000.0,3200000.0,0.0,"",0.0,0.0,"","","","",0.0,0.0
10/01/2022,Faktur Pembelian,JL5522010334,YULI (HP CENTRE),Lunas,"",1740000.0,0.0,09/02/2022,1740000.0,0.0,1740000.0,"","","","",RAHMAT,"",BLUEPRINT PRINTER LITE TMU58D BLUETOOTH,"","",5.0,UNIT,348000.0,0.00 %,"",0.0,1740000.0,1740000.0,0.0,"",0.0,0.0,"","","","",0.0,0.0
10/01/2022,Faktur Pembelian,2201062,ANDY (JMK),Lunas,"",20470000.0,0.0,09/02/2022,20470000.0,0.0,20470000.0,"","","","","","",KABEL LAN ZIMM LINK,"","",32.0,DUS,385000.0,0.00 %,"",0.0,12320000.0,12320000.0,0.0,"",0.0,0.0,"","","","",0.0,0.0
10/01/2022,Faktur Pembelian,2201062,ANDY (JMK),Lunas,"",20470000.0,0.0,09/02/2022,20470000.0,0.0,20470000.0,"","","","","","",KABEL LAN ZIMM LINK FTP ( SEMI OUTDOOR ),"","",10.0,DUS,485000.0,0.00 %,"",0.0,4850000.0,4850000.0,0.0,"",0.0,0.0,"","","","",0.0,0.0
10/01/2022,Faktur Pembelian,2201062,ANDY (JMK),Lunas,"",20470000.0,0.0,09/02/2022,20470000.0,0.0,20470000.0,"","","","","","",SPEAKER ADVAN DUO 050,"","",60.0,PCS,55000.0,0.00 %,"",0.0,3300000.0,3300000.0,0.0,"",0.0,0.0,"","","","",0.0,0.0
10/01/2022,Faktur Pembelian,JL5522010281,YULI (HP CENTRE),Lunas,"",6125000.0,0.0,09/02/2022,6125000.0,0.0,6125000.0,"","","","",RAHMAT,"",BLUEPRINT KERTAS FOTO STIKER A4,"","",250.0,PCS,24500.0,0.00 %,"",0.0,6125000.0,6125000.0,0.0,"",0.0,0.0,"","","","",0.0,0.0
11/01/2022,Faktur Pembelian,12800,DARMA DJ COMP,Lunas,"",22700000.0,0.0,10/02/2022,22700000.0,0.0,22700000.0,"","","","","","",AIO HP 22 DF0144D 1V7D7A CEL J4025 4GB 1TB HDD W10 NW,"","",4.0,UNIT,5675000.0,0.00 %,"",0.0,22700000.0,22700000.0,0.0,"",0.0,0.0,"","","",087876835295,0.0,0.0
11/01/2022,Faktur Pembelian,12801,BETA COM,Lunas,"",10740000.0,0.0,10/02/2022,10740000.0,0.0,10740000.0,"","","","","","",PRINTER CANON G2010,"","",6.0,UNIT,1790000.0,0.00 %,"",0.0,10740000.0,10740000.0,0.0,"",0.0,0.0,"","","","",0.0,0.0
11/01/2022,Faktur Pembelian,12802,FIKTIF BELI,Lunas,"",148000.0,0.0,10/02/2022,148000.0,0.0,148000.0,"","","","","","",TINTA CANON ORI 790 BLACK NON PACK,"","",1.0,PCS,37000.0,0.00 %,"",0.0,37000.0,37000.0,0.0,"",0.0,0.0,"","","","",0.0,0.0
11/01/2022,Faktur Pembelian,12802,FIKTIF BELI,Lunas,"",148000.0,0.0,10/02/2022,148000.0,0.0,148000.0,"","","","","","",TINTA CANON ORI 790 CYAN NON PACK,"","",1.0,PCS,37000.0,0.00 %,"",0.0,37000.0,37000.0,0.0,"",0.0,0.0,"","","","",0.0,0.0
11/01/2022,Faktur Pembelian,12802,FIKTIF BELI,Lunas,"",148000.0,0.0,10/02/2022,148000.0,0.0,148000.0,"","","","","","",TINTA CANON ORI 790 YELLOW NON PACK,"","",1.0,PCS,37000.0,0.00 %,"",0.0,37000.0,37000.0,0.0,"",0.0,0.0,"","","","",0.0,0.0
11/01/2022,Faktur Pembelian,12802,FIKTIF BELI,Lunas,"",148000.0,0.0,10/02/2022,148000.0,0.0,148000.0,"","","","","","",TINTA CANON ORI 790 MAGENTA NON PACK,"","",1.0,PCS,37000.0,0.00 %,"",0.0,37000.0,37000.0,0.0,"",0.0,0.0,"","","","",0.0,0.0
11/01/2022,Faktur Pembelian,12803,BETA COM,Lunas,"",17900000.0,0.0,10/02/2022,17900000.0,0.0,17900000.0,"","","","","","",PRINTER CANON G2010,"","",10.0,UNIT,1790000.0,0.00 %,"",0.0,17900000.0,17900000.0,0.0,"",0.0,0.0,"","","","",0.0,0.0
11/01/2022,Faktur Pembelian,JL.2201.03309,CANDRA (BLESSING),Lunas,"",19370000.0,0.0,25/01/2022,19370000.0,0.0,19370000.0,"","","","",AGUS,"",ACER 5 A514-54 Ci5-1135G7 8GB 512GB SSD VGA IRIS XE,"","",2.0,UNIT,9685000.0,0.00 %,"",0.0,19370000.0,19370000.0,0.0,"",0.0,0.0,"","","","",0.0,0.0
11/01/2022,Faktur Pembelian,JL.2201.03353,CANDRA (BLESSING),Lunas,"",10425000.0,0.0,25/01/2022,10425000.0,0.0,10425000.0,"","","","",ARIES,"","AXIOO MYBOOK 11G INTEL GEMINI N4020 4GB 256GB SSD 11,6""","","",3.0,UNIT,3475000.0,0.00 %,"",0.0,10425000.0,10425000.0,0.0,"",0.0,0.0,"","","","",0.0,0.0
11/01/2022,Faktur Pembelian,JL.2201.03564,CANDRA (BLESSING),Lunas,"",21405000.000001,0.0,25/01/2022,19459090.909092,1945909.090909,21405000.000001,"","","","",CV TIGA NUSA,"",* AIO LENOVO IDEACENTRE A340-24IWL CI3-10110U 4GB 512GB SSD,"","",3.0,UNIT,6486363.636364,0.00 %,10.0,1945909.0909092,19459090.909092,19459090.909092,0.0,"",0.0,0.0,"","","","",0.0,0.0
11/01/2022,Faktur Pembelian,12804,ONLINE,Lunas,"",680000.0,0.0,10/02/2022,680000.0,0.0,680000.0,"","","","","","",MB CANON 287,"","",4.0,PCS,170000.0,0.00 %,"",0.0,680000.0,680000.0,0.0,"",0.0,0.0,"","","","",0.0,0.0
11/01/2022,Faktur Pembelian,JL5522010373,YULI (HP CENTRE),Lunas,"",2153500.0,0.0,10/02/2022,2153500.0,0.0,2153500.0,"","","","",RAHMAT,"",THERMAL PAPER ROLL BP 80 X 80MM,"","",50.0,PCS,16750.0,0.00 %,"",0.0,837500.0,837500.0,0.0,"",0.0,0.0,"","","","",0.0,0.0
11/01/2022,Faktur Pembelian,JL5522010373,YULI (HP CENTRE),Lunas,"",2153500.0,0.0,10/02/2022,2153500.0,0.0,2153500.0,"","","","",RAHMAT,"",BLUEPRINT PRINTER LITE TMU58D BLUETOOTH,"","",2.0,UNIT,348000.0,0.00 %,"",0.0,696000.0,696000.0,0.0,"",0.0,0.0,"","","","",0.0,0.0
11/01/2022,Faktur Pembelian,JL5522010373,YULI (HP CENTRE),Lunas,"",2153500.0,0.0,10/02/2022,2153500.0,0.0,2153500.0,"","","","",RAHMAT,"",BLUEPRINT SCANNER BARCODE OMNI,"","",1.0,PCS,620000.0,0.00 %,"",0.0,620000.0,620000.0,0.0,"",0.0,0.0,"","","","",0.0,0.0
11/01/2022,Faktur Pembelian,00600485_036,PRIYO (K GALAXY),Lunas,"",1635000.0,0.0,10/02/2022,1635000.0,0.0,1635000.0,"","","","","","",MB MAGIX H61,"","",3.0,PCS,545000.0,0.00 %,"",0.0,1635000.0,1635000.0,0.0,"",0.0,0.0,"","","","",0.0,0.0
11/01/2022,Faktur Pembelian,JL00140809,WULAN (DISCOUNT NOTEBOOK),Lunas,"",389000.0,0.0,10/02/2022,389000.0,0.0,389000.0,"","","JL. SOEKARNO HATTA RT. 012  RW. 004 PANE, RASANAE BARAT","","","",KEYBOARD ACER E5 473 ON OFF / E5 475 / ES1 432,"","",6.0,PCS,60000.0,0.00 %,"",0.0,360000.0,360000.0,0.0,"",29000.0,0.0,"","","","",0.0,0.0
11/01/2022,Faktur Pembelian,000833,LILI (PLATINUM),Lunas,"",2200000.0,0.0,10/02/2022,2200000.0,0.0,2200000.0,"","","","","","",LCD LAPTOP 14 30 PIN SMALL FRAME NO BR,"","",2.0,PCS,1100000.0,0.00 %,"",0.0,2200000.0,2200000.0,0.0,"",0.0,0.0,"","","","",0.0,0.0
11/01/2022,Faktur Pembelian,JL5522010386,YULI (HP CENTRE),Lunas,"",1526000.0,0.0,10/02/2022,1526000.0,0.0,1526000.0,"","","","",ARIES,"",BLUEPRINT PRINTABLE CARD (KERTAS ID CARD),"","",35.0,PCS,43600.0,0.00 %,"",0.0,1526000.0,1526000.0,0.0,"",0.0,0.0,"","","","",0.0,0.0
12/01/2022,Faktur Pembelian,12805,FIKTIF BELI,Lunas,"",2225000.0,0.0,11/02/2022,2225000.0,0.0,2225000.0,"","","","","","",KERTAS 2 PLY A3 NCR,"","",5.0,DUS,445000.0,0.00 %,"",0.0,2225000.0,2225000.0,0.0,"",0.0,0.0,"","","","",0.0,0.0
12/01/2022,Faktur Pembelian,12806,EDISON ATK,Lunas,"",1935000.0,0.0,13/03/2022,1935000.0,0.0,1935000.0,"","","","","","",BUFFALO HIJAU TUA (NO 6),"","",90.0,PCS,21500.0,0.00 %,"",0.0,1935000.0,1935000.0,0.0,"",0.0,0.0,"","","","",0.0,0.0
12/01/2022,Faktur Pembelian,12807,TATIK (LEGENDA),Lunas,"",2200000.0,0.0,11/02/2022,2200000.0,0.0,2200000.0,"","","","","","",TINTA HP GT 53 BLACK,"","",20.0,PCS,80000.0,0.00 %,"",0.0,1600000.0,1600000.0,0.0,"",0.0,0.0,"","","","",0.0,0.0
12/01/2022,Faktur Pembelian,12807,TATIK (LEGENDA),Lunas,"",2200000.0,0.0,11/02/2022,2200000.0,0.0,2200000.0,"","","","","","",CATRDIGE CANON CA91 / BH7 (G2010),"","",2.0,PCS,300000.0,0.00 %,"",0.0,600000.0,600000.0,0.0,"",0.0,0.0,"","","","",0.0,0.0
12/01/2022,Faktur Pembelian,12808,DARMA DJ COMP,Lunas,"",1615000.0,0.0,11/02/2022,1615000.0,0.0,1615000.0,"","","JL. SOEKARNO HATTA RT. 012  RW. 004 PANE, RASANAE BARAT","","","",SWITCH LAN TPLINK GIGABITE 16 PORT,"","",1.0,PCS,1230000.0,0.00 %,"",0.0,1230000.0,1230000.0,0.0,"",0.0,0.0,"","","",087876835295,0.0,0.0
12/01/2022,Faktur Pembelian,12808,DARMA DJ COMP,Lunas,"",1615000.0,0.0,11/02/2022,1615000.0,0.0,1615000.0,"","","JL. SOEKARNO HATTA RT. 012  RW. 004 PANE, RASANAE BARAT","","","",I-POOK P465 LAN TESTER,"","",1.0,PCS,385000.0,0.00 %,"",0.0,385000.0,385000.0,0.0,"",0.0,0.0,"","","",087876835295,0.0,0.0
12/01/2022,Faktur Pembelian,JL.2201.03933,CANDRA (BLESSING),Lunas,"",35175000.0,0.0,26/01/2022,35175000.0,0.0,35175000.0,"","","","",ARIES,"","ACER 5 A514 - 54  - Ci3-1115G4 4GB 512GB SSD 14""","","",5.0,UNIT,7035000.0,0.00 %,"",0.0,35175000.0,35175000.0,0.0,"",0.0,0.0,"","","","",0.0,0.0
12/01/2022,Faktur Pembelian,JL.2201.03743,CANDRA (BLESSING),Lunas,"",785000.0,0.0,26/01/2022,785000.0,0.0,785000.0,"","","","",AGUS,"",PRINTER CANON PIXMA IP 2770,"","",1.0,UNIT,785000.0,0.00 %,"",0.0,785000.0,785000.0,0.0,"",0.0,0.0,"","","","",0.0,0.0
12/01/2022,Faktur Pembelian,12810,KO ROBBY,Lunas,"",293800.0,0.0,11/02/2022,293800.0,0.0,293800.0,"","","","","","",BATERAI PANASONIC / ENR POWER/ ABC  ALKALINE AA,"","",52.0,PCS,5650.0,0.00 %,"",0.0,293800.0,293800.0,0.0,"",0.0,0.0,"","","","",0.0,0.0
12/01/2022,Faktur Pembelian,JL00141003,WULAN (DISCOUNT NOTEBOOK),Lunas,"",604000.0,0.0,11/02/2022,604000.0,0.0,604000.0,"","","JL. SOEKARNO HATTA RT. 012  RW. 004 PANE, RASANAE BARAT","","","",KEYBOARD LAPTOP ASUS X441 (BLACK),"","",10.0,PCS,60000.0,0.00 %,"",0.0,600000.0,600000.0,0.0,"",4000.0,0.0,"","","","",0.0,0.0
13/01/2022,Faktur Pembelian,12811,WULAN (DISCOUNT NOTEBOOK),Lunas,"",389000.0,0.0,12/02/2022,389000.0,0.0,389000.0,"","","JL. SOEKARNO HATTA RT. 012  RW. 004 PANE, RASANAE BARAT","","","",KEYBOARD ACER E5 475,"","",6.0,PCS,60000.0,0.00 %,"",0.0,360000.0,360000.0,0.0,"",29000.0,0.0,"","","","",0.0,0.0
13/01/2022,Faktur Pembelian,12812,TK WIJAYA,Lunas,"",7788900.0,0.0,12/02/2022,7788900.0,0.0,7788900.0,"","","","","","",STIKER CAMEL GLOSSY F4 CAST COAT,"","",100.0,PCS,51926.0,0.00 %,"",0.0,5192600.0,5192600.0,0.0,"",0.0,0.0,"","","","",0.0,0.0
13/01/2022,Faktur Pembelian,12812,TK WIJAYA,Lunas,"",7788900.0,0.0,12/02/2022,7788900.0,0.0,7788900.0,"","","","","","",STIKER CAMEL HVS f4,"","",50.0,PCS,51926.0,0.00 %,"",0.0,2596300.0,2596300.0,0.0,"",0.0,0.0,"","","","",0.0,0.0
13/01/2022,Faktur Pembelian,12813,BETA COM,Lunas,"",44544000.0,0.0,12/02/2022,44544000.0,0.0,44544000.0,"","","","","","",CATRIDGE CANON 810 BLACK,"","",96.0,PCS,205000.0,0.00 %,"",0.0,19680000.0,19680000.0,0.0,"",0.0,0.0,"","","","",0.0,0.0
13/01/2022,Faktur Pembelian,12813,BETA COM,Lunas,"",44544000.0,0.0,12/02/2022,44544000.0,0.0,44544000.0,"","","","","","",CATRIDGE CANON 811 COLOUR,"","",96.0,PCS,259000.0,0.00 %,"",0.0,24864000.0,24864000.0,0.0,"",0.0,0.0,"","","","",0.0,0.0
13/01/2022,Faktur Pembelian,JL.2201.04199,CANDRA (BLESSING),Lunas,"",5650000.0,0.0,27/01/2022,5650000.0,0.0,5650000.0,"","","","",ARIES,"",BROTHER DCP L2540 DW,"","",1.0,PCS,2760000.0,0.00 %,"",0.0,2760000.0,2760000.0,0.0,"",0.0,0.0,"","","","",0.0,0.0
13/01/2022,Faktur Pembelian,JL.2201.04199,CANDRA (BLESSING),Lunas,"",5650000.0,0.0,27/01/2022,5650000.0,0.0,5650000.0,"","","","",ARIES,"","HDD EXTERNAL 2TB  SEAGATE 2,5""","","",1.0,PCS,1000000.0,0.00 %,"",0.0,1000000.0,1000000.0,0.0,"",0.0,0.0,"","","","",0.0,0.0
13/01/2022,Faktur Pembelian,JL.2201.04199,CANDRA (BLESSING),Lunas,"",5650000.0,0.0,27/01/2022,5650000.0,0.0,5650000.0,"","","","",ARIES,"",RIBBON CATRIDGE EPSON LX310,"","",20.0,PCS,45000.0,0.00 %,"",0.0,900000.0,900000.0,0.0,"",0.0,0.0,"","","","",0.0,0.0
13/01/2022,Faktur Pembelian,JL.2201.04199,CANDRA (BLESSING),Lunas,"",5650000.0,0.0,27/01/2022,5650000.0,0.0,5650000.0,"","","","",ARIES,"",RIBBON PACK EPSON LX 310 ( 8750 8755 8758 ),"","",30.0,PCS,33000.0,0.00 %,"",0.0,990000.0,990000.0,0.0,"",0.0,0.0,"","","","",0.0,0.0
13/01/2022,Faktur Pembelian,JL.2201.04449,CANDRA (BLESSING),Lunas,"",2760000.0,0.0,27/01/2022,2760000.0,0.0,2760000.0,"","","","",ARIES,"",BROTHER DCP L2540 DW,"","",1.0,PCS,2760000.0,0.00 %,"",0.0,2760000.0,2760000.0,0.0,"",0.0,0.0,"","","","",0.0,0.0
13/01/2022,Faktur Pembelian,00600744_036,PRIYO (K GALAXY),Lunas,"",1850000.0,0.0,12/02/2022,1850000.0,0.0,1850000.0,"","","","","","",TV COMBO GADMEI 5830,"","",10.0,PCS,185000.0,0.00 %,"",0.0,1850000.0,1850000.0,0.0,"",0.0,0.0,"","","","",0.0,0.0
13/01/2022,Faktur Pembelian,JL00141118,WULAN (DISCOUNT NOTEBOOK),Lunas,"",295000.0,0.0,12/02/2022,295000.0,0.0,295000.0,"","","","","","",BATERAI ACER E5 471 (AL14A32),"","",1.0,PCS,295000.0,0.00 %,"",0.0,295000.0,295000.0,0.0,"",0.0,0.0,"","","","",0.0,0.0
13/01/2022,Faktur Pembelian,000837,LILI (PLATINUM),Lunas,"",4045000.0,0.0,12/02/2022,4045000.0,0.0,4045000.0,"","","","","","",BATERAI ACER  V5 431 (AL12A32),"","",2.0,PCS,220000.0,0.00 %,"",0.0,440000.0,440000.0,0.0,"",0.0,0.0,"","","","",0.0,0.0
13/01/2022,Faktur Pembelian,000837,LILI (PLATINUM),Lunas,"",4045000.0,0.0,12/02/2022,4045000.0,0.0,4045000.0,"","","","","","",CONNECTOR RJ45 BELDEN CAT5E (PACK),"","",5.0,PCS,90000.0,0.00 %,"",0.0,450000.0,450000.0,0.0,"",0.0,0.0,"","","","",0.0,0.0
13/01/2022,Faktur Pembelian,000837,LILI (PLATINUM),Lunas,"",4045000.0,0.0,12/02/2022,4045000.0,0.0,4045000.0,"","","","","","",KEYBOARD FLEXIBLE (KARET),"","",20.0,PCS,46000.0,0.00 %,"",0.0,920000.0,920000.0,0.0,"",0.0,0.0,"","","","",0.0,0.0
13/01/2022,Faktur Pembelian,000837,LILI (PLATINUM),Lunas,"",4045000.0,0.0,12/02/2022,4045000.0,0.0,4045000.0,"","","","","","",SWITCH PRINTER 4 PORT,"","",10.0,PCS,45000.0,0.00 %,"",0.0,450000.0,450000.0,0.0,"",0.0,0.0,"","","","",0.0,0.0
13/01/2022,Faktur Pembelian,000837,LILI (PLATINUM),Lunas,"",4045000.0,0.0,12/02/2022,4045000.0,0.0,4045000.0,"","","","","","",CONNECTOR RJ45 BELDEN CAT 6 (PACK),"","",1.0,PACK,385000.0,0.00 %,"",0.0,385000.0,385000.0,0.0,"",0.0,0.0,"","","","",0.0,0.0
13/01/2022,Faktur Pembelian,000837,LILI (PLATINUM),Lunas,"",4045000.0,0.0,12/02/2022,4045000.0,0.0,4045000.0,"","","","","","",CONVERTER SERIAL COM TO USB BAFO DB9,"","",12.0,PCS,90000.0,0.00 %,"",0.0,1080000.0,1080000.0,0.0,"",0.0,0.0,"","","","",0.0,0.0
13/01/2022,Faktur Pembelian,000837,LILI (PLATINUM),Lunas,"",4045000.0,0.0,12/02/2022,4045000.0,0.0,4045000.0,"","","","","","",BATERAI ACER AL12B32 SLIM,"","",1.0,PCS,320000.0,0.00 %,"",0.0,320000.0,320000.0,0.0,"",0.0,0.0,"","","","",0.0,0.0
14/01/2022,Faktur Pembelian,12816,TATIK (LEGENDA),Lunas,"",10800000.0,0.0,13/02/2022,10800000.0,0.0,10800000.0,"","","","","","",PRINTER CANON G2010,"","",6.0,UNIT,1800000.0,0.00 %,"",0.0,10800000.0,10800000.0,0.0,"",0.0,0.0,"","","","",0.0,0.0
14/01/2022,Faktur Pembelian,12818,FOCUS,Lunas,"",153000.0,0.0,13/02/2022,153000.0,0.0,153000.0,"","","","","","",ISI CUTTER,"","",36.0,PCS,4250.0,0.00 %,"",0.0,153000.0,153000.0,0.0,"",0.0,0.0,"","","","",0.0,0.0
14/01/2022,Faktur Pembelian,2200393,YOGA (WAHANA),Lunas,"",16650000.0,0.0,13/02/2022,16650000.0,0.0,16650000.0,"","","","","","",AIO ASUS V222GAK-WA141T Intel J4025 / 4GB / HDD 1TB,"","",3.0,UNIT,5550000.0,0.00 %,"",0.0,16650000.0,16650000.0,0.0,"",0.0,0.0,"","","","",0.0,0.0
14/01/2022,Faktur Pembelian,01202271544,AGUS (DORAN),Lunas,"",5800000.0,0.0,13/02/2022,5800000.0,0.0,5800000.0,"",SURABAYA,"","","","",FD GLIDE CZ600 32GB SANDISK #,"","",100.0,PCS,58000.0,0.00 %,"",0.0,5800000.0,5800000.0,0.0,"",0.0,0.0,"","","","",0.0,0.0
14/01/2022,Faktur Pembelian,ACJ01/01/FP/2201/AD00018,PT. ANGKASA CERAH JAYA,Lunas,"",30000000.0,0.0,13/02/2022,30000000.0,0.0,30000000.0,"",SURABAYA,"","",RAHMAT,"",ACER EXTENSA 15 EX215-31 INTEL N4020 4GB SSD 256GB WIN 10,"","",6.0,UNIT,5000000.0,0.00 %,"",0.0,30000000.0,30000000.0,0.0,"",0.0,0.0,PT. ANGKASA CERAH JAYA,"",0815 5395 1313,"",0.0,0.0
14/01/2022,Faktur Pembelian,JL00141184,WULAN (DISCOUNT NOTEBOOK),Lunas,"",604000.0,0.0,13/02/2022,604000.0,0.0,604000.0,"","","JL. SOEKARNO HATTA RT. 012  RW. 004 PANE, RASANAE BARAT","","","",KEYBOARD LAPTOP ASUS X441 (BLACK),"","",10.0,PCS,60000.0,0.00 %,"",0.0,600000.0,600000.0,0.0,"",4000.0,0.0,"","","","",0.0,0.0
14/01/2022,Faktur Pembelian,JL.2201.04858,CANDRA (BLESSING),Lunas,"",49500000.0,0.0,28/01/2022,49500000.0,0.0,49500000.0,"","","","",ARIES,"",ACER A314-35-C2T9 N5100 4GB 256GB SSD #,"","",10.0,UNIT,4950000.0,0.00 %,"",0.0,49500000.0,49500000.0,0.0,"",0.0,0.0,"","","","",0.0,0.0
14/01/2022,Faktur Pembelian,12827,CV. NOAH SEJAHTERA ABADI,Lunas,"TINTA KW

- 003 BLACK        368 BOTOL
- 003 CYAN          80 BOTOL
- 003 YELLOW     84 BOTOL
-003 MAGENTA    51 BOTOL


- 664 BLACK         252 BOTOL
- 664 YELLOW      70 BOTOL
- 664 MAGENTA    55 BOTOL
- 664 CYAN            54 BOTOL

TOTAL 1.014 - 240 BOTOL BLM DI NOTAKAN = 774 BOTOL
",47880000.0,0.0,28/01/2022,47880000.0,0.0,47880000.0,"","","","","","",TINTA EPSON 003 BLACK,"","",300.0,PCS,66500.0,0.00 %,"",0.0,19950000.0,19950000.0,0.0,"",0.0,0.0,"","","","",0.0,0.0
14/01/2022,Faktur Pembelian,12827,CV. NOAH SEJAHTERA ABADI,Lunas,"TINTA KW

- 003 BLACK        368 BOTOL
- 003 CYAN          80 BOTOL
- 003 YELLOW     84 BOTOL
-003 MAGENTA    51 BOTOL


- 664 BLACK         252 BOTOL
- 664 YELLOW      70 BOTOL
- 664 MAGENTA    55 BOTOL
- 664 CYAN            54 BOTOL

TOTAL 1.014 - 240 BOTOL BLM DI NOTAKAN = 774 BOTOL
",47880000.0,0.0,28/01/2022,47880000.0,0.0,47880000.0,"","","","","","",TINTA EPSON 003 YELLOW,"","",60.0,PCS,66500.0,0.00 %,"",0.0,3990000.0,3990000.0,0.0,"",0.0,0.0,"","","","",0.0,0.0
14/01/2022,Faktur Pembelian,12827,CV. NOAH SEJAHTERA ABADI,Lunas,"TINTA KW

- 003 BLACK        368 BOTOL
- 003 CYAN          80 BOTOL
- 003 YELLOW     84 BOTOL
-003 MAGENTA    51 BOTOL


- 664 BLACK         252 BOTOL
- 664 YELLOW      70 BOTOL
- 664 MAGENTA    55 BOTOL
- 664 CYAN            54 BOTOL

TOTAL 1.014 - 240 BOTOL BLM DI NOTAKAN = 774 BOTOL
",47880000.0,0.0,28/01/2022,47880000.0,0.0,47880000.0,"","","","","","",TINTA EPSON 664 MAGENTA,"","",60.0,PCS,66500.0,0.00 %,"",0.0,3990000.0,3990000.0,0.0,"",0.0,0.0,"","","","",0.0,0.0
14/01/2022,Faktur Pembelian,12827,CV. NOAH SEJAHTERA ABADI,Lunas,"TINTA KW

- 003 BLACK        368 BOTOL
- 003 CYAN          80 BOTOL
- 003 YELLOW     84 BOTOL
-003 MAGENTA    51 BOTOL


- 664 BLACK         252 BOTOL
- 664 YELLOW      70 BOTOL
- 664 MAGENTA    55 BOTOL
- 664 CYAN            54 BOTOL

TOTAL 1.014 - 240 BOTOL BLM DI NOTAKAN = 774 BOTOL
",47880000.0,0.0,28/01/2022,47880000.0,0.0,47880000.0,"","","","","","",TINTA EPSON 664 YELLOW,"","",60.0,PCS,66500.0,0.00 %,"",0.0,3990000.0,3990000.0,0.0,"",0.0,0.0,"","","","",0.0,0.0
14/01/2022,Faktur Pembelian,12827,CV. NOAH SEJAHTERA ABADI,Lunas,"TINTA KW

- 003 BLACK        368 BOTOL
- 003 CYAN          80 BOTOL
- 003 YELLOW     84 BOTOL
-003 MAGENTA    51 BOTOL


- 664 BLACK         252 BOTOL
- 664 YELLOW      70 BOTOL
- 664 MAGENTA    55 BOTOL
- 664 CYAN            54 BOTOL

TOTAL 1.014 - 240 BOTOL BLM DI NOTAKAN = 774 BOTOL
",47880000.0,0.0,28/01/2022,47880000.0,0.0,47880000.0,"","","","","","",TINTA EPSON 664 BLACK,"","",240.0,PCS,66500.0,0.00 %,"",0.0,15960000.0,15960000.0,0.0,"",0.0,0.0,"","","","",0.0,0.0
15/01/2022,Faktur Pembelian,12820,TATIK (LEGENDA),Lunas,"",2200000.0,0.0,14/02/2022,2200000.0,0.0,2200000.0,"","","","","","",TINTA HP GT 53 BLACK,"","",20.0,PCS,80000.0,0.00 %,"",0.0,1600000.0,1600000.0,0.0,"",0.0,0.0,"","","","",0.0,0.0
15/01/2022,Faktur Pembelian,12820,TATIK (LEGENDA),Lunas,"",2200000.0,0.0,14/02/2022,2200000.0,0.0,2200000.0,"","","","","","",CATRDIGE CANON CA91 / BH7 (G2010),"","",2.0,PCS,300000.0,0.00 %,"",0.0,600000.0,600000.0,0.0,"",0.0,0.0,"","","","",0.0,0.0
15/01/2022,Faktur Pembelian,12821,FIKTIF BELI,Lunas,"",167900.0,0.0,14/02/2022,167900.0,0.0,167900.0,"","","","","","",ALFA INK ART PAPER MAGENTA,"","",2.0,PCS,83950.0,0.00 %,"",0.0,167900.0,167900.0,0.0,"",0.0,0.0,"","","","",0.0,0.0
15/01/2022,Faktur Pembelian,12822,FIKTIF BELI,Lunas,"",86000.0,0.0,14/02/2022,86000.0,0.0,86000.0,"","","","","","",RJ45 COMMSCOPE,"","",50.0,BIJI,1720.0,0.00 %,"",0.0,86000.0,86000.0,0.0,"",0.0,0.0,"","","","",0.0,0.0
15/01/2022,Faktur Pembelian,12823,FIKTIF BELI,Lunas,"",220000.0,0.0,14/02/2022,220000.0,0.0,220000.0,"","","","","","",CD-R MAXELL MQ,"","",100.0,PCS,2200.0,0.00 %,"",0.0,220000.0,220000.0,0.0,"",0.0,0.0,"","","","",0.0,0.0
15/01/2022,Faktur Pembelian,12824,ONLINE,Lunas,"",500000.0,0.0,14/02/2022,500000.0,0.0,500000.0,"","","","","","",IPOS 4,"","",1.0,PCS,500000.0,0.00 %,"",0.0,500000.0,500000.0,0.0,"",0.0,0.0,"","","","",0.0,0.0
15/01/2022,Faktur Pembelian,12825,LEGALA,Lunas,"",1921000.0,0.0,14/02/2022,1921000.0,0.0,1921000.0,"","","JL. SOEKARNO HATTA RT. 012  RW. 004 PANE, RASANAE BARAT","","","",TINTA ART PAPER KOREA CYAN,"","",5.0,PCS,115000.0,0.00 %,"",0.0,575000.0,575000.0,0.0,"",81000.0,0.0,"","","","",0.0,0.0
15/01/2022,Faktur Pembelian,12825,LEGALA,Lunas,"",1921000.0,0.0,14/02/2022,1921000.0,0.0,1921000.0,"","","JL. SOEKARNO HATTA RT. 012  RW. 004 PANE, RASANAE BARAT","","","",TINTA ART PAPER KOREA YELLOW,"","",3.0,PCS,115000.0,0.00 %,"",0.0,345000.0,345000.0,0.0,"",81000.0,0.0,"","","","",0.0,0.0
15/01/2022,Faktur Pembelian,12825,LEGALA,Lunas,"",1921000.0,0.0,14/02/2022,1921000.0,0.0,1921000.0,"","","JL. SOEKARNO HATTA RT. 012  RW. 004 PANE, RASANAE BARAT","","","",TINTA ART PAPER KOREA LIGHT MAGENTA,"","",6.0,PCS,115000.0,0.00 %,"",0.0,690000.0,690000.0,0.0,"",81000.0,0.0,"","","","",0.0,0.0
15/01/2022,Faktur Pembelian,12825,LEGALA,Lunas,"",1921000.0,0.0,14/02/2022,1921000.0,0.0,1921000.0,"","","JL. SOEKARNO HATTA RT. 012  RW. 004 PANE, RASANAE BARAT","","","",TINTA ART PAPER KOREA LIGHT CYAN,"","",2.0,PCS,115000.0,0.00 %,"",0.0,230000.0,230000.0,0.0,"",81000.0,0.0,"","","","",0.0,0.0
15/01/2022,Faktur Pembelian,2200492,YOGA (WAHANA),Lunas,"",8760000.0,0.0,14/02/2022,8760000.0,0.0,8760000.0,"","","","","","",PROJECTOR ACER BS-120PV DLP XGA 4000 LUMENS,"","",2.0,UNIT,4380000.0,0.00 %,"",0.0,8760000.0,8760000.0,0.0,"",0.0,0.0,"","","","",0.0,0.0
15/01/2022,Faktur Pembelian,JL00141287,WULAN (DISCOUNT NOTEBOOK),Lunas,"",190000.0,0.0,14/02/2022,190000.0,0.0,190000.0,"","","","","","",BATERAI HP JC 04 ORI,"","",1.0,PCS,190000.0,0.00 %,"",0.0,190000.0,190000.0,0.0,"",0.0,0.0,"","","","",0.0,0.0
15/01/2022,Faktur Pembelian,000840,LILI (PLATINUM),Lunas,"",1890000.0,0.0,14/02/2022,1890000.0,0.0,1890000.0,"","","","","","",LCD LAPTOP TIPIS 10 INCS  40 PIN,"","",1.0,PCS,450000.0,0.00 %,"",0.0,450000.0,450000.0,0.0,"",0.0,0.0,"","","","",0.0,0.0
15/01/2022,Faktur Pembelian,000840,LILI (PLATINUM),Lunas,"",1890000.0,0.0,14/02/2022,1890000.0,0.0,1890000.0,"","","","","","","LCD LAPTOP 11,6 40 PIN (KK)","","",2.0,PCS,500000.0,0.00 %,"",0.0,1000000.0,1000000.0,0.0,"",0.0,0.0,"","","","",0.0,0.0
15/01/2022,Faktur Pembelian,000840,LILI (PLATINUM),Lunas,"",1890000.0,0.0,14/02/2022,1890000.0,0.0,1890000.0,"","","","","","",KEYBOARD ACER A314 33 (LM),"","",2.0,PCS,220000.0,0.00 %,"",0.0,440000.0,440000.0,0.0,"",0.0,0.0,"","","","",0.0,0.0
17/01/2022,Faktur Pembelian,12826,ONLINE,Lunas,"",740000.0,0.0,16/02/2022,740000.0,0.0,740000.0,"","","","","","",CAM CCTV EZVIZ C6N #,"","",2.0,UNIT,370000.0,0.00 %,"",0.0,740000.0,740000.0,0.0,"",0.0,0.0,"","","","",0.0,0.0
17/01/2022,Faktur Pembelian,12828,FIKTIF BELI,Lunas,"",1071000.0,0.0,16/02/2022,1071000.0,0.0,1071000.0,"","","","","","",TAS RANSEL ACER,"","",21.0,PCS,51000.0,0.00 %,"",0.0,1071000.0,1071000.0,0.0,"",0.0,0.0,"","","","",0.0,0.0
17/01/2022,Faktur Pembelian,12829,FIKTIF BELI,Lunas,"",80000.0,0.0,16/02/2022,80000.0,0.0,80000.0,"","","","","","",PSU CANON 2770,"","",1.0,PCS,80000.0,0.00 %,"",0.0,80000.0,80000.0,0.0,"",0.0,0.0,"","","","",0.0,0.0
17/01/2022,Faktur Pembelian,12830,INDOSURTA SURABAYA,Lunas,"",17000000.0,0.0,16/02/2022,17000000.0,0.0,17000000.0,"","","","","","",DIGITAL THEODOLIT MEREK SOUTH,"","",1.0,UNIT,15000000.0,0.00 %,"",0.0,15000000.0,15000000.0,0.0,"",0.0,0.0,"","","","",0.0,0.0
17/01/2022,Faktur Pembelian,12830,INDOSURTA SURABAYA,Lunas,"",17000000.0,0.0,16/02/2022,17000000.0,0.0,17000000.0,"","","","","","",KOMPAS SUNTOO KB 14,"","",1.0,UNIT,2000000.0,0.00 %,"",0.0,2000000.0,2000000.0,0.0,"",0.0,0.0,"","","","",0.0,0.0
17/01/2022,Faktur Pembelian,JL.2201.05451,CANDRA (BLESSING),Lunas,"",18750000.0,0.0,31/01/2022,18750000.0,0.0,18750000.0,"","","","",ARIES,"",AXIOO MYBOOK 14E INTEL N4000 4GB SSD 256GB #,"","",5.0,UNIT,3750000.0,0.00 %,"",0.0,18750000.0,18750000.0,0.0,"",0.0,0.0,"","","","",0.0,0.0
17/01/2022,Faktur Pembelian,JL.2201.05449,CANDRA (BLESSING),Lunas,"",74250000.0,0.0,31/01/2022,74250000.0,0.0,74250000.0,"","","","",ARIES,"",ACER A314-35-C2T9 N5100 4GB 256GB SSD #,"","",15.0,UNIT,4950000.0,0.00 %,"",0.0,74250000.0,74250000.0,0.0,"",0.0,0.0,"","","","",0.0,0.0
17/01/2022,Faktur Pembelian,JL.2201.05448,CANDRA (BLESSING),Lunas,"",4230000.0,0.0,31/01/2022,4230000.0,0.0,4230000.0,"","","","",ARIES,"",HDD EXTERNAL TOSHIBA BASIC 1 TB,"","",5.0,PCS,640000.0,0.00 %,"",0.0,3200000.0,3200000.0,0.0,"",0.0,0.0,"","","","",0.0,0.0
17/01/2022,Faktur Pembelian,JL.2201.05448,CANDRA (BLESSING),Lunas,"",4230000.0,0.0,31/01/2022,4230000.0,0.0,4230000.0,"","","","",ARIES,"",MODEM TELKOMSEL ORBIT STAR LITE,"","",2.0,UNIT,515000.0,0.00 %,"",0.0,1030000.0,1030000.0,0.0,"",0.0,0.0,"","","","",0.0,0.0
17/01/2022,Faktur Pembelian,12831,TIMBUL SUBUR PLASTIK,Lunas,"",6690000.0,6690000.0,16/02/2022,6690000.0,0.0,0.0,"","","","","","",PLASTIK KRESEK 03 X 28 HITAM (SH),"","",60.0,PACK,14500.0,0.00 %,"",0.0,870000.0,870000.0,0.0,"",0.0,0.0,"","","","",0.0,0.0
17/01/2022,Faktur Pembelian,12831,TIMBUL SUBUR PLASTIK,Lunas,"",6690000.0,6690000.0,16/02/2022,6690000.0,0.0,0.0,"","","","","","","PLASTIK OPP 13,5 X 24","","",300.0,PCS,7300.0,0.00 %,"",0.0,2190000.0,2190000.0,0.0,"",0.0,0.0,"","","","",0.0,0.0
17/01/2022,Faktur Pembelian,12831,TIMBUL SUBUR PLASTIK,Lunas,"",6690000.0,6690000.0,16/02/2022,6690000.0,0.0,0.0,"","","","","","",OPP 15 X 24,"","",150.0,PCS,8100.0,0.00 %,"",0.0,1215000.0,1215000.0,0.0,"",0.0,0.0,"","","","",0.0,0.0
17/01/2022,Faktur Pembelian,12831,TIMBUL SUBUR PLASTIK,Lunas,"",6690000.0,6690000.0,16/02/2022,6690000.0,0.0,0.0,"","","","","","",OPP 16 X 25,"","",150.0,PCS,8900.0,0.00 %,"",0.0,1335000.0,1335000.0,0.0,"",0.0,0.0,"","","","",0.0,0.0
17/01/2022,Faktur Pembelian,12831,TIMBUL SUBUR PLASTIK,Lunas,"",6690000.0,6690000.0,16/02/2022,6690000.0,0.0,0.0,"","","","","","",OPP 25 X 35,"","",60.0,PCS,18000.0,0.00 %,"",0.0,1080000.0,1080000.0,0.0,"",0.0,0.0,"","","","",0.0,0.0
17/01/2022,Faktur Pembelian,12832,FIKTIF BELI,Lunas,"",54000.0,0.0,16/02/2022,54000.0,0.0,54000.0,"","","","","","",RIBBON CATRIDGE PRINTECH LQ 2190,"","",1.0,PCS,54000.0,0.00 %,"",0.0,54000.0,54000.0,0.0,"",0.0,0.0,"","","","",0.0,0.0
17/01/2022,Faktur Pembelian,12833,FIKTIF BELI,Lunas,"",296000.0,0.0,16/02/2022,296000.0,0.0,296000.0,"","","","","","",TINTA CANON ORI GI - 71 BLACK,"","",2.0,PCS,37000.0,0.00 %,"",0.0,74000.0,74000.0,0.0,"",0.0,0.0,"","","","",0.0,0.0
17/01/2022,Faktur Pembelian,12833,FIKTIF BELI,Lunas,"",296000.0,0.0,16/02/2022,296000.0,0.0,296000.0,"","","","","","",TINTA CANON ORI GI - 71 Y,"","",2.0,PCS,37000.0,0.00 %,"",0.0,74000.0,74000.0,0.0,"",0.0,0.0,"","","","",0.0,0.0
17/01/2022,Faktur Pembelian,12833,FIKTIF BELI,Lunas,"",296000.0,0.0,16/02/2022,296000.0,0.0,296000.0,"","","","","","",TINTA CANON ORI GI - 71 C,"","",2.0,PCS,37000.0,0.00 %,"",0.0,74000.0,74000.0,0.0,"",0.0,0.0,"","","","",0.0,0.0
17/01/2022,Faktur Pembelian,12833,FIKTIF BELI,Lunas,"",296000.0,0.0,16/02/2022,296000.0,0.0,296000.0,"","","","","","",TINTA CANON ORI GI - 71 M,"","",2.0,PCS,37000.0,0.00 %,"",0.0,74000.0,74000.0,0.0,"",0.0,0.0,"","","","",0.0,0.0
17/01/2022,Faktur Pembelian,2201102,ANDY (JMK),Lunas,"",275000.0,0.0,16/02/2022,275000.0,0.0,275000.0,"","","","","","",CARD READER 4 SLOT PUTAR,"","",50.0,PCS,5500.0,0.00 %,"",0.0,275000.0,275000.0,0.0,"",0.0,0.0,"","","","",0.0,0.0
17/01/2022,Faktur Pembelian,000841,LILI (PLATINUM),Lunas,"",14625000.0,0.0,16/02/2022,14625000.0,0.0,14625000.0,"","","","","","",CCTV DVR DAHUA 8CH XVR1A08,"","",25.0,UNIT,585000.0,0.00 %,"",0.0,14625000.0,14625000.0,0.0,"",0.0,0.0,"","","","",0.0,0.0
17/01/2022,Faktur Pembelian,000842,LILI (PLATINUM),Lunas,"",9000000.0,0.0,16/02/2022,9000000.0,0.0,9000000.0,"","","","","","",COOLINGPAD KEPITING,"","",400.0,PCS,22500.0,0.00 %,"",0.0,9000000.0,9000000.0,0.0,"",0.0,0.0,"","","","",0.0,0.0
18/01/2022,Faktur Pembelian,12834,DARMA DJ COMP,Lunas,"",10250000.0,0.0,17/02/2022,10250000.0,0.0,10250000.0,"","","","","","",ACER 5 A514-54G-50PL CI5-1135G7 8GB 512GB SSD MX 350 WIN10,"","",1.0,UNIT,10250000.0,0.00 %,"",0.0,10250000.0,10250000.0,0.0,"",0.0,0.0,"","","",087876835295,0.0,0.0
18/01/2022,Faktur Pembelian,12835,AGUS (DORAN),Lunas,"",8760000.0,0.0,17/02/2022,8760000.0,0.0,8760000.0,"",SURABAYA,"","","","",TPLINK ROUTER TL WR840N,"","",60.0,PCS,146000.0,0.00 %,"",0.0,8760000.0,8760000.0,0.0,"",0.0,0.0,"","","","",0.0,0.0
18/01/2022,Faktur Pembelian,JL.2201.05865,CANDRA (BLESSING),Lunas,"",16577000.0,0.0,01/02/2022,16577000.0,0.0,16577000.0,"","","","",AGUS,"",TINTA REFFIL BROTHER BTD60BK BLACK,"","",3.0,PCS,94000.0,0.00 %,"",0.0,282000.0,282000.0,0.0,"",0.0,0.0,"","","","",0.0,0.0
18/01/2022,Faktur Pembelian,JL.2201.05865,CANDRA (BLESSING),Lunas,"",16577000.0,0.0,01/02/2022,16577000.0,0.0,16577000.0,"","","","",AGUS,"",TINTA EPSON 001 MAGENTA,"","",2.0,PCS,88000.0,0.00 %,"",0.0,176000.0,176000.0,0.0,"",0.0,0.0,"","","","",0.0,0.0
18/01/2022,Faktur Pembelian,JL.2201.05865,CANDRA (BLESSING),Lunas,"",16577000.0,0.0,01/02/2022,16577000.0,0.0,16577000.0,"","","","",AGUS,"",TINTA EPSON 673 LM,"","",5.0,PCS,121000.0,0.00 %,"",0.0,605000.0,605000.0,0.0,"",0.0,0.0,"","","","",0.0,0.0
18/01/2022,Faktur Pembelian,JL.2201.05865,CANDRA (BLESSING),Lunas,"",16577000.0,0.0,01/02/2022,16577000.0,0.0,16577000.0,"","","","",AGUS,"",TINTA EPSON 673 MAGENTA,"","",5.0,PCS,121000.0,0.00 %,"",0.0,605000.0,605000.0,0.0,"",0.0,0.0,"","","","",0.0,0.0
18/01/2022,Faktur Pembelian,JL.2201.05865,CANDRA (BLESSING),Lunas,"",16577000.0,0.0,01/02/2022,16577000.0,0.0,16577000.0,"","","","",AGUS,"",TINTA EPSON 673 YELLOW,"","",5.0,PCS,121000.0,0.00 %,"",0.0,605000.0,605000.0,0.0,"",0.0,0.0,"","","","",0.0,0.0
18/01/2022,Faktur Pembelian,JL.2201.05865,CANDRA (BLESSING),Lunas,"",16577000.0,0.0,01/02/2022,16577000.0,0.0,16577000.0,"","","","",AGUS,"",TINTA EPSON 673 CYAN,"","",5.0,PCS,121000.0,0.00 %,"",0.0,605000.0,605000.0,0.0,"",0.0,0.0,"","","","",0.0,0.0
18/01/2022,Faktur Pembelian,JL.2201.05865,CANDRA (BLESSING),Lunas,"",16577000.0,0.0,01/02/2022,16577000.0,0.0,16577000.0,"","","","",AGUS,"",TINTA EPSON 673 LC,"","",5.0,PCS,121000.0,0.00 %,"",0.0,605000.0,605000.0,0.0,"",0.0,0.0,"","","","",0.0,0.0
18/01/2022,Faktur Pembelian,JL.2201.05865,CANDRA (BLESSING),Lunas,"",16577000.0,0.0,01/02/2022,16577000.0,0.0,16577000.0,"","","","",AGUS,"",TINTA EPSON 001 YELLOW,"","",1.0,PCS,88000.0,0.00 %,"",0.0,88000.0,88000.0,0.0,"",0.0,0.0,"","","","",0.0,0.0
18/01/2022,Faktur Pembelian,JL.2201.05865,CANDRA (BLESSING),Lunas,"",16577000.0,0.0,01/02/2022,16577000.0,0.0,16577000.0,"","","","",AGUS,"",TINTA EPSON 001 CYAN,"","",2.0,PCS,88000.0,0.00 %,"",0.0,176000.0,176000.0,0.0,"",0.0,0.0,"","","","",0.0,0.0
18/01/2022,Faktur Pembelian,JL.2201.05865,CANDRA (BLESSING),Lunas,"",16577000.0,0.0,01/02/2022,16577000.0,0.0,16577000.0,"","","","",AGUS,"",HDD EXTERNAL TRANSCEND 1TB 25M3 RUBBER,"","",2.0,PCS,745000.0,0.00 %,"",0.0,1490000.0,1490000.0,0.0,"",0.0,0.0,"","","","",0.0,0.0
18/01/2022,Faktur Pembelian,JL.2201.05865,CANDRA (BLESSING),Lunas,"",16577000.0,0.0,01/02/2022,16577000.0,0.0,16577000.0,"","","","",AGUS,"",PSU TT LITEPOWER 550,"","",1.0,PCS,570000.0,0.00 %,"",0.0,570000.0,570000.0,0.0,"",0.0,0.0,"","","","",0.0,0.0
18/01/2022,Faktur Pembelian,JL.2201.05865,CANDRA (BLESSING),Lunas,"",16577000.0,0.0,01/02/2022,16577000.0,0.0,16577000.0,"","","","",AGUS,"",ASUS P1411CMA N4020 4GB 256GB SSD WIN 10 # NW,"","",2.0,UNIT,5385000.0,0.00 %,"",0.0,10770000.0,10770000.0,0.0,"",0.0,0.0,"","","","",0.0,0.0
18/01/2022,Faktur Pembelian,JL5522010384,YULI (HP CENTRE),Lunas,"",1046400.0,0.0,17/02/2022,1046400.0,0.0,1046400.0,"","","","",ARIES,"",BLUEPRINT PRINTABLE CARD (KERTAS ID CARD),"","",24.0,PCS,43600.0,0.00 %,"",0.0,1046400.0,1046400.0,0.0,"",0.0,0.0,"","","","",0.0,0.0
18/01/2022,Faktur Pembelian,JL.2201.05949,CANDRA (BLESSING),Lunas,"",1500000.0,0.0,01/02/2022,1500000.0,0.0,1500000.0,"","","","",AGUS,"",CCTV CAM DAHUA HAC-T1A21 IR BULLET (INDOOR),"","",10.0,PCS,150000.0,0.00 %,"",0.0,1500000.0,1500000.0,0.0,"",0.0,0.0,"","","","",0.0,0.0
18/01/2022,Faktur Pembelian,JL.2201.05977,CANDRA (BLESSING),Lunas,"",2005000.0,0.0,01/02/2022,1822727.272727,182272.727273,2005000.0,"","","","",CV TIGA NUSA,"",* HDD PC WD PURPLE 4TB,"","",1.0,PCS,1200000.0,0.00 %,10.0,120000.0,1200000.0,1200000.0,0.0,"",0.0,0.0,"","","","",0.0,0.0
18/01/2022,Faktur Pembelian,JL.2201.05977,CANDRA (BLESSING),Lunas,"",2005000.0,0.0,01/02/2022,1822727.272727,182272.727273,2005000.0,"","","","",CV TIGA NUSA,"",* KABEL CCTV SPECTRA  RG 59 + POWER,"","",1.0,DUS,622727.272727,0.00 %,10.0,62272.7272727,622727.272727,622727.272727,0.0,"",0.0,0.0,"","","","",0.0,0.0
18/01/2022,Faktur Pembelian,JL.2201.05982,CANDRA (BLESSING),Lunas,"",2055000.0,0.0,01/02/2022,2055000.0,0.0,2055000.0,"","","","",RAHMAT,"",KABEL CCTV RG 59 + POWER SPECTRA,"","",3.0,DUS,685000.0,0.00 %,"",0.0,2055000.0,2055000.0,0.0,"",0.0,0.0,"","","","",0.0,0.0
18/01/2022,Faktur Pembelian,12836,FIKTIF BELI,Lunas,"",200000.0,0.0,17/02/2022,200000.0,0.0,200000.0,"","","","","","",CHARGER CANON LC E17,"","",1.0,PCS,200000.0,0.00 %,"",0.0,200000.0,200000.0,0.0,"",0.0,0.0,"","","","",0.0,0.0
18/01/2022,Faktur Pembelian,JL.2201.05984,CANDRA (BLESSING),Lunas,"",8740000.000002,0.0,01/02/2022,7945454.545456,794545.454546,8740000.000002,"","","","",CV TIGA NUSA,"",* CCTV DVR DAHUA XVRS116HS-12,"","",1.0,UNIT,2200000.0,0.00 %,10.0,220000.0,2200000.0,2200000.0,0.0,"",0.0,0.0,"","","","",0.0,0.0
18/01/2022,Faktur Pembelian,JL.2201.05984,CANDRA (BLESSING),Lunas,"",8740000.000002,0.0,01/02/2022,7945454.545456,794545.454546,8740000.000002,"","","","",CV TIGA NUSA,"",* CCTV CAM DAHUA HAC - B1A51 5MP,"","",16.0,UNIT,359090.909091,0.00 %,10.0,574545.4545456,5745454.545456,5745454.545456,0.0,"",0.0,0.0,"","","","",0.0,0.0
18/01/2022,Faktur Pembelian,JL00141507,WULAN (DISCOUNT NOTEBOOK),Lunas,"",239000.0,0.0,17/02/2022,239000.0,0.0,239000.0,"","","JL. SOEKARNO HATTA RT. 012  RW. 004 PANE, RASANAE BARAT","","","",KEYBOARD ASUS A442 (POWER BUTTON),"","",3.0,PCS,70000.0,0.00 %,"",0.0,210000.0,210000.0,0.0,"",29000.0,0.0,"","","","",0.0,0.0
19/01/2022,Faktur Pembelian,12837,TATIK (LEGENDA),Lunas,"",8950000.0,0.0,18/02/2022,8950000.0,0.0,8950000.0,"","","","","","",PRINTER CANON G2010,"","",5.0,UNIT,1790000.0,0.00 %,"",0.0,8950000.0,8950000.0,0.0,"",0.0,0.0,"","","","",0.0,0.0
19/01/2022,Faktur Pembelian,12838,ATM,Lunas,"",7500000.0,0.0,18/02/2022,7500000.0,0.0,7500000.0,"","","","","","",CAMERA CANON 1500D,"","",1.0,UNIT,7500000.0,0.00 %,"",0.0,7500000.0,7500000.0,0.0,"",0.0,0.0,"","","","",0.0,0.0
19/01/2022,Faktur Pembelian,12839,TATIK (LEGENDA),Lunas,"",10740000.0,0.0,18/02/2022,10740000.0,0.0,10740000.0,"","","","","","",PRINTER CANON G2010,"","",6.0,UNIT,1790000.0,0.00 %,"",0.0,10740000.0,10740000.0,0.0,"",0.0,0.0,"","","","",0.0,0.0
19/01/2022,Faktur Pembelian,JL.2201.06110,CANDRA (BLESSING),Lunas,"",15690000.0,0.0,02/02/2022,15690000.0,0.0,15690000.0,"","","","",RAHMAT,"",HDD EXTERNAL TOSHIBA BASIC 1 TB,"","",5.0,PCS,640000.0,0.00 %,"",0.0,3200000.0,3200000.0,0.0,"",0.0,0.0,"","","","",0.0,0.0
19/01/2022,Faktur Pembelian,JL.2201.06110,CANDRA (BLESSING),Lunas,"",15690000.0,0.0,02/02/2022,15690000.0,0.0,15690000.0,"","","","",RAHMAT,"",ASUS E210MAO INTEL N4020 8GB 512GB SSD WIN 11 #,"","",1.0,UNIT,4990000.0,0.00 %,"",0.0,4990000.0,4990000.0,0.0,"",0.0,0.0,"","","","",0.0,0.0
19/01/2022,Faktur Pembelian,JL.2201.06110,CANDRA (BLESSING),Lunas,"",15690000.0,0.0,02/02/2022,15690000.0,0.0,15690000.0,"","","","",RAHMAT,"",AXIOO MYBOOK 14E INTEL N4000 4GB SSD 256GB #,"","",2.0,UNIT,3750000.0,0.00 %,"",0.0,7500000.0,7500000.0,0.0,"",0.0,0.0,"","","","",0.0,0.0
19/01/2022,Faktur Pembelian,00601261_036,PRIYO (K GALAXY),Lunas,"",6027500.0,0.0,18/02/2022,6027500.0,0.0,6027500.0,"","","","","","",RAM PC KINGSTONE DDR3 4GB,"","",5.0,PCS,175000.0,0.00 %,"",0.0,875000.0,875000.0,0.0,"",0.0,0.0,"","","","",0.0,0.0
19/01/2022,Faktur Pembelian,00601261_036,PRIYO (K GALAXY),Lunas,"",6027500.0,0.0,18/02/2022,6027500.0,0.0,6027500.0,"","","","","","",HDD PC SEAGATE SATA 500 GB PI,"","",15.0,PCS,152500.0,0.00 %,"",0.0,2287500.0,2287500.0,0.0,"",0.0,0.0,"","","","",0.0,0.0
19/01/2022,Faktur Pembelian,00601261_036,PRIYO (K GALAXY),Lunas,"",6027500.0,0.0,18/02/2022,6027500.0,0.0,6027500.0,"","","","","","",MONITOR LED SPC SM - 19 HDMI,"","",3.0,UNIT,955000.0,0.00 %,"",0.0,2865000.0,2865000.0,0.0,"",0.0,0.0,"","","","",0.0,0.0
19/01/2022,Faktur Pembelian,PJL-22-01-00497,PT. Surya Makmur Kreasindo (HJ),Lunas,"",12750000.000001,0.0,02/02/2022,11590909.09091,1159090.909091,12750000.000001,"",SURABAYA,"","",CV TIGA NUSA,"",* PRINTER EPSON L3210,"","",5.0,UNIT,2318181.818182,0.00 %,10.0,1159090.909091,11590909.09091,11590909.09091,0.0,"",0.0,0.0,PT. Surya Makmur Kreasindo,"",081515111951,"",0.0,0.0
19/01/2022,Faktur Pembelian,00601260_036,PRIYO (K GALAXY),Lunas,"",3210000.0,0.0,18/02/2022,3210000.0,0.0,3210000.0,"","","","","","",SEPAKER ADVANCE K1503,"","",3.0,UNIT,1070000.0,0.00 %,"",0.0,3210000.0,3210000.0,0.0,"",0.0,0.0,"","","","",0.0,0.0
19/01/2022,Faktur Pembelian,JL5522010678,YULI (HP CENTRE),Lunas,"",3375000.0,0.0,18/02/2022,3375000.0,0.0,3375000.0,"","","","",RAHMAT,"",BLUEPRINT KERTAS FOTO MATAHARI 230GR,"","",150.0,PCS,22500.0,0.00 %,"",0.0,3375000.0,3375000.0,0.0,"",0.0,0.0,"","","","",0.0,0.0
19/01/2022,Faktur Pembelian,JL5522010679,YULI (HP CENTRE),Lunas,"",2250000.0,0.0,18/02/2022,2250000.0,0.0,2250000.0,"","","","",RAHMAT,"",BLUEPRINT KERTAS FOTO MATAHARI 230GR,"","",100.0,PCS,22500.0,0.00 %,"",0.0,2250000.0,2250000.0,0.0,"",0.0,0.0,"","","","",0.0,0.0
20/01/2022,Faktur Pembelian,12840,ONLINE,Lunas,"",2890000.0,0.0,19/02/2022,2890000.0,0.0,2890000.0,"","","","","","",CAMERA CANON SX430 IS,"","",1.0,PCS,2890000.0,0.00 %,"",0.0,2890000.0,2890000.0,0.0,"",0.0,0.0,"","","","",0.0,0.0
20/01/2022,Faktur Pembelian,12841,DARMA DJ COMP,Lunas,"",17250000.0,0.0,19/02/2022,17250000.0,0.0,17250000.0,"","","","","","",AIO ASUS V222GAK-WA141T Intel J4025 / 4GB / HDD 1TB,"","",3.0,UNIT,5750000.0,0.00 %,"",0.0,17250000.0,17250000.0,0.0,"",0.0,0.0,"","","",087876835295,0.0,0.0
20/01/2022,Faktur Pembelian,12842,FIKTIF BELI,Lunas,"",684999.9999,0.0,19/02/2022,684999.9999,0.0,684999.9999,"","","","","","",KABEL CCTV PERMETER,"","",300.0,METER,2283.333333,0.00 %,"",0.0,684999.9999,684999.9999,0.0,"",0.0,0.0,"","","","",0.0,0.0
20/01/2022,Faktur Pembelian,JL.2201.06648,CANDRA (BLESSING),Lunas,"",11250000.0,0.0,03/02/2022,11250000.0,0.0,11250000.0,"","","","",AGUS,"",AXIOO MYBOOK 14E INTEL N4000 4GB SSD 256GB #,"","",3.0,UNIT,3750000.0,0.00 %,"",0.0,11250000.0,11250000.0,0.0,"",0.0,0.0,"","","","",0.0,0.0
20/01/2022,Faktur Pembelian,12844,FIKTIF BELI,Lunas,"",445000.0,0.0,19/02/2022,445000.0,0.0,445000.0,"","","","","","",RAM PC  BULLDOZER / HYNIX DDR3 4GB,"","",2.0,PCS,222500.0,0.00 %,"",0.0,445000.0,445000.0,0.0,"",0.0,0.0,"","","","",0.0,0.0
20/01/2022,Faktur Pembelian,12845,FIKTIF BELI,Lunas,"",65000.0,0.0,19/02/2022,65000.0,0.0,65000.0,"","","","","","",TINTA CANON ORI 790 BLACK NON PACK,"","",1.0,PCS,65000.0,0.00 %,"",0.0,65000.0,65000.0,0.0,"",0.0,0.0,"","","","",0.0,0.0
20/01/2022,Faktur Pembelian,12845,FIKTIF BELI,Lunas,"",65000.0,0.0,19/02/2022,65000.0,0.0,65000.0,"","","","","","",TINTA CANON ORI 790 CYAN NON PACK,"","",1.0,PCS,0.0,0.00 %,"",0.0,0.0,0.0,0.0,"",0.0,0.0,"","","","",0.0,0.0
20/01/2022,Faktur Pembelian,12845,FIKTIF BELI,Lunas,"",65000.0,0.0,19/02/2022,65000.0,0.0,65000.0,"","","","","","",TINTA CANON ORI 790 YELLOW NON PACK,"","",1.0,PCS,0.0,0.00 %,"",0.0,0.0,0.0,0.0,"",0.0,0.0,"","","","",0.0,0.0
20/01/2022,Faktur Pembelian,12845,FIKTIF BELI,Lunas,"",65000.0,0.0,19/02/2022,65000.0,0.0,65000.0,"","","","","","",TINTA CANON ORI 790 MAGENTA NON PACK,"","",1.0,PCS,0.0,0.00 %,"",0.0,0.0,0.0,0.0,"",0.0,0.0,"","","","",0.0,0.0
20/01/2022,Faktur Pembelian,12846,DARMA DJ COMP,Lunas,"",21200000.0,0.0,19/02/2022,21200000.0,0.0,21200000.0,"","","","","","",ACER 5 A514-54G-50PL CI5-1135G7 8GB 512GB SSD MX 350 WIN10,"","",2.0,UNIT,10600000.0,0.00 %,"",0.0,21200000.0,21200000.0,0.0,"",0.0,0.0,"","","",087876835295,0.0,0.0
20/01/2022,Faktur Pembelian,D/22/00068/NTB,PT SAMAMAJU PRIMA NTB,Lunas,"",38899080.0,0.0,03/02/2022,38899080.0,0.0,38899080.0,"","","","",RAHMAT,"",SIDU A4 75 GSM,"","",500.0,PCS,36386.46,0.00 %,"",0.0,18193230.0,18193230.0,0.0,"",0.0,0.0,"","","","",0.0,0.0
20/01/2022,Faktur Pembelian,D/22/00068/NTB,PT SAMAMAJU PRIMA NTB,Lunas,"",38899080.0,0.0,03/02/2022,38899080.0,0.0,38899080.0,"","","","",RAHMAT,"",SIDU F4 75 GSM,"","",500.0,PCS,41411.7,0.00 %,"",0.0,20705850.0,20705850.0,0.0,"",0.0,0.0,"","","","",0.0,0.0
20/01/2022,Faktur Pembelian,D/22/00067/NTB,PT SAMAMAJU PRIMA NTB,Lunas,"",43935977.79999,0.0,19/02/2022,43935977.79999,0.0,43935977.79999,"","","","",RAHMAT,"",PAPERLINE CF K3 W PRS ( 3 PLY PRS ),"","",50.0,DUS,414018.0,0.00 %,"",0.0,20700900.0,20700900.0,0.0,"",0.0,0.0,"","","","",0.0,0.0
20/01/2022,Faktur Pembelian,D/22/00067/NTB,PT SAMAMAJU PRIMA NTB,Lunas,"",43935977.79999,0.0,19/02/2022,43935977.79999,0.0,43935977.79999,"","","","",RAHMAT,"",KERTAS 2 PLY PRS,"","",50.0,DUS,268606.8,0.00 %,"",0.0,13430340.0,13430340.0,0.0,"",0.0,0.0,"","","","",0.0,0.0
20/01/2022,Faktur Pembelian,D/22/00067/NTB,PT SAMAMAJU PRIMA NTB,Lunas,"",43935977.79999,0.0,19/02/2022,43935977.79999,0.0,43935977.79999,"","","","",RAHMAT,"",PAPERLINE 1 PLY A3 CF B1,"","",35.0,DUS,280135.365714,0.00 %,"",0.0,9804737.79999,9804737.79999,0.0,"",0.0,0.0,"","","","",0.0,0.0
20/01/2022,Faktur Pembelian,JL.2201.06618,CANDRA (BLESSING),Lunas,"",5990000.0,0.0,03/02/2022,5990000.0,0.0,5990000.0,"","","","",AGUS,"",ACER 3 A314-22 AMD RYZEN3-3250U 4GB 256GB SSD #,"","",1.0,UNIT,5990000.0,0.00 %,"",0.0,5990000.0,5990000.0,0.0,"",0.0,0.0,"","","","",0.0,0.0
20/01/2022,Faktur Pembelian,JL.2201.06535,CANDRA (BLESSING),Lunas,"",1150000.0,0.0,03/02/2022,1150000.0,0.0,1150000.0,"","","","",AGUS,"",ANYCAST M4,"","",10.0,PCS,115000.0,0.00 %,"",0.0,1150000.0,1150000.0,0.0,"",0.0,0.0,"","","","",0.0,0.0
20/01/2022,Faktur Pembelian,JL.2201.06538,CANDRA (BLESSING),Lunas,"",1620000.0,0.0,03/02/2022,1620000.0,0.0,1620000.0,"","","","",AGUS,"",HDD PC WD PURPLE 2TB,"","",2.0,PCS,810000.0,0.00 %,"",0.0,1620000.0,1620000.0,0.0,"",0.0,0.0,"","","","",0.0,0.0
20/01/2022,Faktur Pembelian,JL.2201.06622,CANDRA (BLESSING),Lunas,"",22500000.0,0.0,03/02/2022,22500000.0,0.0,22500000.0,"","","","",AGUS,"",AXIOO MYBOOK 14E INTEL N4000 4GB SSD 256GB #,"","",6.0,UNIT,3750000.0,0.00 %,"",0.0,22500000.0,22500000.0,0.0,"",0.0,0.0,"","","","",0.0,0.0
21/01/2022,Faktur Pembelian,JL.2201.06727,CANDRA (BLESSING),Lunas,"",2695000.0,0.0,04/02/2022,2450000.0,245000.0,2695000.0,"","","","",CV TIGA NUSA,"",* PRINTER EPSON LQ 310 DOT MATRIX HIGH SPEED,"","",1.0,UNIT,2450000.0,0.00 %,10.0,245000.0,2450000.0,2450000.0,0.0,"",0.0,0.0,"","","","",0.0,0.0
21/01/2022,Faktur Pembelian,12847,FIKTIF BELI,Lunas,"",7300000.0,0.0,20/02/2022,7300000.0,0.0,7300000.0,"","","","","","","ACER 5 A514 - 54  - Ci3-1115G4 4GB 512GB SSD 14""","","",1.0,UNIT,7300000.0,0.00 %,"",0.0,7300000.0,7300000.0,0.0,"",0.0,0.0,"","","","",0.0,0.0
21/01/2022,Faktur Pembelian,12848,TATIK (LEGENDA),Lunas,"",5300000.0,0.0,20/02/2022,5300000.0,0.0,5300000.0,"","","","","","",PRINTER EPSON LQ 310 dot matrix,"","",2.0,UNIT,2650000.0,0.00 %,"",0.0,5300000.0,5300000.0,0.0,"",0.0,0.0,"","","","",0.0,0.0
21/01/2022,Faktur Pembelian,12849,TATIK (LEGENDA),Lunas,"",2450000.0,0.0,20/02/2022,2450000.0,0.0,2450000.0,"","","","","","",DATA PRINT DP 41,"","",100.0,PCS,24500.0,0.00 %,"",0.0,2450000.0,2450000.0,0.0,"",0.0,0.0,"","","","",0.0,0.0
21/01/2022,Faktur Pembelian,12850,FIKTIF BELI,Lunas,"",1641053.33334,0.0,20/02/2022,1641053.33334,0.0,1641053.33334,"","","","","","","TAS ULTIMATE 12""","","",20.0,PCS,82052.666667,0.00 %,"",0.0,1641053.33334,1641053.33334,0.0,"",0.0,0.0,"","","","",0.0,0.0
21/01/2022,Faktur Pembelian,ACJ01/01/FP/2201/BA00006,PT. ANGKASA CERAH JAYA,Lunas,"",42000000.0,0.0,20/02/2022,42000000.0,0.0,42000000.0,"",SURABAYA,"","",RAHMAT,"","ACER 5 A514 - 54  - Ci3-1115G4 4GB 512GB SSD 14""","","",6.0,UNIT,7000000.0,0.00 %,"",0.0,42000000.0,42000000.0,0.0,"",0.0,0.0,PT. ANGKASA CERAH JAYA,"",0815 5395 1313,"",0.0,0.0
21/01/2022,Faktur Pembelian,12851,ATM,Lunas,"",9978000.0,0.0,20/02/2022,9978000.0,0.0,9978000.0,"","","","","","",CAMERA CANON EOS 3000D 18-55MM III RSM,"","",2.0,UNIT,4989000.0,0.00 %,"",0.0,9978000.0,9978000.0,0.0,"",0.0,0.0,"","","","",0.0,0.0
21/01/2022,Faktur Pembelian,JL.2201.06875,CANDRA (BLESSING),Lunas,"",5430000.0,0.0,04/02/2022,5430000.0,0.0,5430000.0,"","","","",ARIES,"",RIBBON CATRIDGE EPSON LX310,"","",20.0,PCS,45000.0,0.00 %,"",0.0,900000.0,900000.0,0.0,"",0.0,0.0,"","","","",0.0,0.0
21/01/2022,Faktur Pembelian,JL.2201.06875,CANDRA (BLESSING),Lunas,"",5430000.0,0.0,04/02/2022,5430000.0,0.0,5430000.0,"","","","",ARIES,"",RIBBON PACK EPSON LX 310 ( 8750 8755 8758 ),"","",30.0,PCS,33000.0,0.00 %,"",0.0,990000.0,990000.0,0.0,"",0.0,0.0,"","","","",0.0,0.0
21/01/2022,Faktur Pembelian,JL.2201.06875,CANDRA (BLESSING),Lunas,"",5430000.0,0.0,04/02/2022,5430000.0,0.0,5430000.0,"","","","",ARIES,"",DLINK DWA-121 N150 WIRLESS PICO USB Adapter,"","",50.0,PCS,67000.0,0.00 %,"",0.0,3350000.0,3350000.0,0.0,"",0.0,0.0,"","","","",0.0,0.0
21/01/2022,Faktur Pembelian,JL.2201.06875,CANDRA (BLESSING),Lunas,"",5430000.0,0.0,04/02/2022,5430000.0,0.0,5430000.0,"","","","",ARIES,"",MOUSE GAMING LENOVO LEGION M200,"","",2.0,PCS,95000.0,0.00 %,"",0.0,190000.0,190000.0,0.0,"",0.0,0.0,"","","","",0.0,0.0
21/01/2022,Faktur Pembelian,12852,BETA COM,Lunas,"",8000000.0,0.0,20/02/2022,8000000.0,0.0,8000000.0,"","","","","","",PRINTER CANON PIXMA IP 2770,"","",10.0,UNIT,800000.0,0.00 %,"",0.0,8000000.0,8000000.0,0.0,"",0.0,0.0,"","","","",0.0,0.0
21/01/2022,Faktur Pembelian,00601466_036,PRIYO (K GALAXY),Lunas,"",20400000.0,0.0,20/02/2022,20400000.0,0.0,20400000.0,"","","","","","",PRINTER EPSON L3210,"","",8.0,UNIT,2550000.0,0.00 %,"",0.0,20400000.0,20400000.0,0.0,"",0.0,0.0,"","","","",0.0,0.0
22/01/2022,Faktur Pembelian,12853,FIKTIF BELI,Lunas,"",21000.0,0.0,21/02/2022,21000.0,0.0,21000.0,"","","","","","",REFILL PITA PRINTER PRINTECH 8758,"","",3.0,PCS,7000.0,0.00 %,"",0.0,21000.0,21000.0,0.0,"",0.0,0.0,"","","","",0.0,0.0
22/01/2022,Faktur Pembelian,12854,DWI DSC PAK BAMBANG CANON,Lunas,"",7750000.0,0.0,21/02/2022,7750000.0,0.0,7750000.0,"","","","","","",PRINTER CANON PIXMA IP 2770,"","",10.0,UNIT,775000.0,0.00 %,"",0.0,7750000.0,7750000.0,0.0,"",0.0,0.0,"","","","",0.0,0.0
22/01/2022,Faktur Pembelian,12855,TATIK (LEGENDA),Lunas,"",9500000.0,0.0,21/02/2022,9500000.0,0.0,9500000.0,"","","","","","",PRINTER CANON G2020 PSC,"","",5.0,UNIT,1900000.0,0.00 %,"",0.0,9500000.0,9500000.0,0.0,"",0.0,0.0,"","","","",0.0,0.0
22/01/2022,Faktur Pembelian,12856,FIKTIF BELI,Lunas,"",430000.0,0.0,21/02/2022,430000.0,0.0,430000.0,"","","","","","",SODIMM TEAM ELITE DDR 4 4GB,"","",1.0,PCS,430000.0,0.00 %,"",0.0,430000.0,430000.0,0.0,"",0.0,0.0,"","","","",0.0,0.0
22/01/2022,Faktur Pembelian,12857,FIKTIF BELI,Lunas,"",1439999.999875,0.0,21/02/2022,1439999.999875,0.0,1439999.999875,"","","","","","",KABEL LAN BELDEN / COMSCAPE CAT 5 PERMETER,"","",305.0,METER,4721.311475,0.00 %,"",0.0,1439999.999875,1439999.999875,0.0,"",0.0,0.0,"","","","",0.0,0.0
22/01/2022,Faktur Pembelian,12858,FIKTIF BELI,Lunas,"",86000.0,0.0,21/02/2022,86000.0,0.0,86000.0,"","","","","","",RJ45 COMMSCOPE,"","",50.0,BIJI,1720.0,0.00 %,"",0.0,86000.0,86000.0,0.0,"",0.0,0.0,"","","","",0.0,0.0
22/01/2022,Faktur Pembelian,000849,LILI (PLATINUM),Lunas,"",3495000.0,0.0,21/02/2022,3495000.0,0.0,3495000.0,"","","","","","",BATERAI LAPTOP ACER Z1402,"","",2.0,PCS,320000.0,0.00 %,"",0.0,640000.0,640000.0,0.0,"",0.0,0.0,"","","","",0.0,0.0
22/01/2022,Faktur Pembelian,000849,LILI (PLATINUM),Lunas,"",3495000.0,0.0,21/02/2022,3495000.0,0.0,3495000.0,"","","","","","",BATERAI TOSHIBA PA5024U (C800),"","",1.0,PCS,215000.0,0.00 %,"",0.0,215000.0,215000.0,0.0,"",0.0,0.0,"","","","",0.0,0.0
22/01/2022,Faktur Pembelian,000849,LILI (PLATINUM),Lunas,"",3495000.0,0.0,21/02/2022,3495000.0,0.0,3495000.0,"","","","","","",LCD LAPTOP 14 30 PIN SMALL FRAME NO BR,"","",2.0,PCS,1100000.0,0.00 %,"",0.0,2200000.0,2200000.0,0.0,"",0.0,0.0,"","","","",0.0,0.0
22/01/2022,Faktur Pembelian,000849,LILI (PLATINUM),Lunas,"",3495000.0,0.0,21/02/2022,3495000.0,0.0,3495000.0,"","","","","","",KEYBOARD ACER A314 33 (LM),"","",2.0,PCS,220000.0,0.00 %,"",0.0,440000.0,440000.0,0.0,"",0.0,0.0,"","","","",0.0,0.0
22/01/2022,Faktur Pembelian,PJL-22-01-00412,PT. Surya Makmur Kreasindo (HJ),Lunas,"",12750000.000001,0.0,05/02/2022,11590909.09091,1159090.909091,12750000.000001,"",SURABAYA,"","",CV TIGA NUSA,"",* PRINTER EPSON L3210,"","",5.0,UNIT,2318181.818182,0.00 %,10.0,1159090.909091,11590909.09091,11590909.09091,0.0,"",0.0,0.0,PT. Surya Makmur Kreasindo,"",081515111951,"",0.0,0.0
22/01/2022,Faktur Pembelian,000848,LILI (PLATINUM),Lunas,"",9300000.0,0.0,21/02/2022,9300000.0,0.0,9300000.0,"","","","","","",PSU CCTV BOX 30A,"","",30.0,PCS,275000.0,0.00 %,"",0.0,8250000.0,8250000.0,0.0,"",0.0,0.0,"","","","",0.0,0.0
22/01/2022,Faktur Pembelian,000848,LILI (PLATINUM),Lunas,"",9300000.0,0.0,21/02/2022,9300000.0,0.0,9300000.0,"","","","","","",CONNECTOR RJ45 BIASA,"","",50.0,PACK,21000.0,0.00 %,"",0.0,1050000.0,1050000.0,0.0,"",0.0,0.0,"","","","",0.0,0.0
23/01/2022,Faktur Pembelian,12859,TATIK (LEGENDA),Lunas,"",1200000.0,0.0,22/02/2022,1200000.0,0.0,1200000.0,"","","","","","",CATRDIGE CANON CA91 / BH7 (G2010),"","",4.0,PCS,300000.0,0.00 %,"",0.0,1200000.0,1200000.0,0.0,"",0.0,0.0,"","","","",0.0,0.0
23/01/2022,Faktur Pembelian,12860,FIKTIF BELI,Lunas,"",275000.0,0.0,22/02/2022,275000.0,0.0,275000.0,"","","","","","",SPIDOL SNOWMAN WHITE BOARD (WB-BG-12 HT),"","",50.0,PCS,5500.0,0.00 %,"",0.0,275000.0,275000.0,0.0,"",0.0,0.0,"","","","",0.0,0.0
24/01/2022,Faktur Pembelian,12861,ONLINE,Lunas,"",1113000.0,0.0,23/02/2022,1113000.0,0.0,1113000.0,"","","","","","",TAS RANSEL ACER,"","",21.0,PCS,53000.0,0.00 %,"",0.0,1113000.0,1113000.0,0.0,"",0.0,0.0,"","","","",0.0,0.0
24/01/2022,Faktur Pembelian,PJL-22-01-00590,PT. Surya Makmur Kreasindo (HJ),Lunas,"",8200000.0,0.0,07/02/2022,7454545.454545,745454.545455,8200000.0,"",SURABAYA,"","",CV TIGA NUSA,"",* PRINTER EPSON L1800,"","",1.0,UNIT,7454545.454545,0.00 %,10.0,745454.5454545,7454545.454545,7454545.454545,0.0,"",0.0,0.0,PT. Surya Makmur Kreasindo,"",081515111951,"",0.0,0.0
24/01/2022,Faktur Pembelian,12863,FIKTIF BELI,Lunas,"",0.0,0.0,23/02/2022,0.0,0.0,0.0,"","","","","","",TINTA CANON ORI 790 BLACK NON PACK,"","",1.0,PCS,0.0,0.00 %,"",0.0,0.0,0.0,0.0,"",0.0,0.0,"","","","",0.0,0.0
24/01/2022,Faktur Pembelian,12863,FIKTIF BELI,Lunas,"",0.0,0.0,23/02/2022,0.0,0.0,0.0,"","","","","","",TINTA CANON ORI 790 CYAN NON PACK,"","",1.0,PCS,0.0,0.00 %,"",0.0,0.0,0.0,0.0,"",0.0,0.0,"","","","",0.0,0.0
24/01/2022,Faktur Pembelian,12863,FIKTIF BELI,Lunas,"",0.0,0.0,23/02/2022,0.0,0.0,0.0,"","","","","","",TINTA CANON ORI 790 YELLOW NON PACK,"","",1.0,PCS,0.0,0.00 %,"",0.0,0.0,0.0,0.0,"",0.0,0.0,"","","","",0.0,0.0
24/01/2022,Faktur Pembelian,12863,FIKTIF BELI,Lunas,"",0.0,0.0,23/02/2022,0.0,0.0,0.0,"","","","","","",TINTA CANON ORI 790 MAGENTA NON PACK,"","",1.0,PCS,0.0,0.00 %,"",0.0,0.0,0.0,0.0,"",0.0,0.0,"","","","",0.0,0.0
24/01/2022,Faktur Pembelian,2200720,YOGA (WAHANA),Lunas,"",16650000.0,0.0,23/02/2022,16650000.0,0.0,16650000.0,"","","","","","",AIO ASUS V222GAK-WA141T Intel J4025 / 4GB / HDD 1TB,"","",3.0,UNIT,5550000.0,0.00 %,"",0.0,16650000.0,16650000.0,0.0,"",0.0,0.0,"","","","",0.0,0.0
24/01/2022,Faktur Pembelian,006771,WULAN (DISCOUNT NOTEBOOK),Lunas,CEK,467000.0,467000.0,23/02/2022,467000.0,0.0,0.0,"","","JL. SOEKARNO HATTA RT. 012  RW. 004 PANE, RASANAE BARAT","","","",KEYBOARD LAPTOP TOSHIBA NB 520 (BLACK),"","",2.0,PCS,55000.0,0.00 %,"",0.0,110000.0,110000.0,0.0,"",2000.0,0.0,"","","","",0.0,0.0
24/01/2022,Faktur Pembelian,006771,WULAN (DISCOUNT NOTEBOOK),Lunas,CEK,467000.0,467000.0,23/02/2022,467000.0,0.0,0.0,"","","JL. SOEKARNO HATTA RT. 012  RW. 004 PANE, RASANAE BARAT","","","",KEYBOARD LAPTOP TOSHIBA C40A / L40 BLACK,"","",2.0,PCS,75000.0,0.00 %,"",0.0,150000.0,150000.0,0.0,"",2000.0,0.0,"","","","",0.0,0.0
24/01/2022,Faktur Pembelian,006771,WULAN (DISCOUNT NOTEBOOK),Lunas,CEK,467000.0,467000.0,23/02/2022,467000.0,0.0,0.0,"","","JL. SOEKARNO HATTA RT. 012  RW. 004 PANE, RASANAE BARAT","","","",BATERAI TOSHIBA PA5024U (C800),"","",1.0,PCS,205000.0,0.00 %,"",0.0,205000.0,205000.0,0.0,"",2000.0,0.0,"","","","",0.0,0.0
24/01/2022,Faktur Pembelian,JL.2201.07501,CANDRA (BLESSING),Lunas,"",24245000.0,0.0,07/02/2022,24245000.0,0.0,24245000.0,"","","","",ARIES,"",CONNECTOR RJ45 BELDEN CAT5E (PACK),"","",10.0,PCS,89000.0,0.00 %,"",0.0,890000.0,890000.0,0.0,"",0.0,0.0,"","","","",0.0,0.0
24/01/2022,Faktur Pembelian,JL.2201.07501,CANDRA (BLESSING),Lunas,"",24245000.0,0.0,07/02/2022,24245000.0,0.0,24245000.0,"","","","",ARIES,"",ACER 3 A314-22 AMD RYZEN3-3250U 4GB 256GB SSD #,"","",1.0,UNIT,5990000.0,0.00 %,"",0.0,5990000.0,5990000.0,0.0,"",0.0,0.0,"","","","",0.0,0.0
24/01/2022,Faktur Pembelian,JL.2201.07501,CANDRA (BLESSING),Lunas,"",24245000.0,0.0,07/02/2022,24245000.0,0.0,24245000.0,"","","","",ARIES,"","AXIOO MYBOOK 11G INTEL GEMINI N4020 4GB 256GB SSD 11,6""","","",3.0,UNIT,3475000.0,0.00 %,"",0.0,10425000.0,10425000.0,0.0,"",0.0,0.0,"","","","",0.0,0.0
24/01/2022,Faktur Pembelian,JL.2201.07501,CANDRA (BLESSING),Lunas,"",24245000.0,0.0,07/02/2022,24245000.0,0.0,24245000.0,"","","","",ARIES,"",ASUS A409FA I3 - 10110U 4GB 256GB SSD WIN10,"","",1.0,UNIT,6940000.0,0.00 %,"",0.0,6940000.0,6940000.0,0.0,"",0.0,0.0,"","","","",0.0,0.0
24/01/2022,Faktur Pembelian,JL.2201.07502,CANDRA (BLESSING),Lunas,"",29700000.0,0.0,07/02/2022,29700000.0,0.0,29700000.0,"","","","",ARIES,"",ACER A314-35-C2T9 N5100 4GB 256GB SSD #,"","",6.0,UNIT,4950000.0,0.00 %,"",0.0,29700000.0,29700000.0,0.0,"",0.0,0.0,"","","","",0.0,0.0
24/01/2022,Faktur Pembelian,JL202200000480,EDISON ATK,Lunas,"",2625000.00012,0.0,25/03/2022,2625000.00012,0.0,2625000.00012,"","","","","","",MAP SPRING SEAGULL AF-350,"","",360.0,PCS,7291.666667,0.00 %,"",0.0,2625000.00012,2625000.00012,0.0,"",0.0,0.0,"","","","",0.0,0.0
24/01/2022,Faktur Pembelian,NJL-EX1/240122/003,PT. INDO WARNA MULIA ( ALFA INK ),Lunas,"",1650000.0,0.0,25/03/2022,1650000.0,0.0,1650000.0,"","","","","","",TABUNG INFUS 4 WARNA,"","",100.0,PCS,16500.0,0.00 %,"",0.0,1650000.0,1650000.0,0.0,"",0.0,0.0,"","","","",0.0,0.0
25/01/2022,Faktur Pembelian,12865,BETA COM,Lunas,"",19392000.0,0.0,24/02/2022,19392000.0,0.0,19392000.0,"","","","","","",CATRIDGE CANON 810 BLACK,"","",96.0,PCS,202000.0,0.00 %,"",0.0,19392000.0,19392000.0,0.0,"",0.0,0.0,"","","","",0.0,0.0
25/01/2022,Faktur Pembelian,12866,FIKTIF BELI,Lunas,"",520000.0,0.0,24/02/2022,520000.0,0.0,520000.0,"","","","","","",TINTA CANON ORI 790 BLACK NON PACK,"","",2.0,PCS,65000.0,0.00 %,"",0.0,130000.0,130000.0,0.0,"",0.0,0.0,"","","","",0.0,0.0
25/01/2022,Faktur Pembelian,12866,FIKTIF BELI,Lunas,"",520000.0,0.0,24/02/2022,520000.0,0.0,520000.0,"","","","","","",TINTA CANON ORI 790 CYAN NON PACK,"","",2.0,PCS,65000.0,0.00 %,"",0.0,130000.0,130000.0,0.0,"",0.0,0.0,"","","","",0.0,0.0
25/01/2022,Faktur Pembelian,12866,FIKTIF BELI,Lunas,"",520000.0,0.0,24/02/2022,520000.0,0.0,520000.0,"","","","","","",TINTA CANON ORI 790 YELLOW NON PACK,"","",2.0,PCS,65000.0,0.00 %,"",0.0,130000.0,130000.0,0.0,"",0.0,0.0,"","","","",0.0,0.0
25/01/2022,Faktur Pembelian,12866,FIKTIF BELI,Lunas,"",520000.0,0.0,24/02/2022,520000.0,0.0,520000.0,"","","","","","",TINTA CANON ORI 790 MAGENTA NON PACK,"","",2.0,PCS,65000.0,0.00 %,"",0.0,130000.0,130000.0,0.0,"",0.0,0.0,"","","","",0.0,0.0
25/01/2022,Faktur Pembelian,12867,ONLINE,Lunas,"",4250000.0,0.0,24/02/2022,4250000.0,0.0,4250000.0,"","","","","","",PRINTER CANON PIXMA IP 2770,"","",5.0,UNIT,850000.0,0.00 %,"",0.0,4250000.0,4250000.0,0.0,"",0.0,0.0,"","","","",0.0,0.0
25/01/2022,Faktur Pembelian,12868,FIKTIF BELI,Lunas,"",1900000.0,0.0,24/02/2022,1900000.0,0.0,1900000.0,"","","","","","",BINGKAI FOTO 10R,"","",100.0,PCS,19000.0,0.00 %,"",0.0,1900000.0,1900000.0,0.0,"",0.0,0.0,"","","","",0.0,0.0
25/01/2022,Faktur Pembelian,JL.2201.08059,CANDRA (BLESSING),Lunas,"",5305000.0,0.0,08/02/2022,5305000.0,0.0,5305000.0,"","","","",ARIES,"",HDD PC WD PURPLE 1 TB,"","",5.0,PCS,600000.0,0.00 %,"",0.0,3000000.0,3000000.0,0.0,"",0.0,0.0,"","","","",0.0,0.0
25/01/2022,Faktur Pembelian,JL.2201.08059,CANDRA (BLESSING),Lunas,"",5305000.0,0.0,08/02/2022,5305000.0,0.0,5305000.0,"","","","",ARIES,"",PRINTER CANON G3010 WIFI PSC,"","",1.0,UNIT,2305000.0,0.00 %,"",0.0,2305000.0,2305000.0,0.0,"",0.0,0.0,"","","","",0.0,0.0
25/01/2022,Faktur Pembelian,12869,EDO VGEN,Lunas,"1 SSD SATA VGEN
",9390000.0,0.0,08/02/2022,9390000.0,0.0,9390000.0,"","","","","","",FD V-GEN 32GB,"","",20.0,PCS,52000.0,0.00 %,"",0.0,1040000.0,1040000.0,0.0,"",0.0,0.0,"","","","",0.0,0.0
25/01/2022,Faktur Pembelian,12869,EDO VGEN,Lunas,"1 SSD SATA VGEN
",9390000.0,0.0,08/02/2022,9390000.0,0.0,9390000.0,"","","","","","",FD V-GEN 8GB,"","",100.0,PCS,40500.0,0.00 %,"",0.0,4050000.0,4050000.0,0.0,"",0.0,0.0,"","","","",0.0,0.0
25/01/2022,Faktur Pembelian,12869,EDO VGEN,Lunas,"1 SSD SATA VGEN
",9390000.0,0.0,08/02/2022,9390000.0,0.0,9390000.0,"","","","","","",FD V-GEN 16GB,"","",100.0,PCS,43000.0,0.00 %,"",0.0,4300000.0,4300000.0,0.0,"",0.0,0.0,"","","","",0.0,0.0
25/01/2022,Faktur Pembelian,JL00142185,WULAN (DISCOUNT NOTEBOOK),Lunas,"",344000.0,0.0,24/02/2022,344000.0,0.0,344000.0,"","","JL. SOEKARNO HATTA RT. 012  RW. 004 PANE, RASANAE BARAT","","","",KEYBOARD LAPTOP TOSHIBA C40A / L40 BLACK,"","",1.0,PCS,70000.0,0.00 %,"",0.0,70000.0,70000.0,0.0,"",29000.0,0.0,"","","","",0.0,0.0
25/01/2022,Faktur Pembelian,JL00142185,WULAN (DISCOUNT NOTEBOOK),Lunas,"",344000.0,0.0,24/02/2022,344000.0,0.0,344000.0,"","","JL. SOEKARNO HATTA RT. 012  RW. 004 PANE, RASANAE BARAT","","","",KEYBOARD LENOVO G40-70,"","",3.0,PCS,60000.0,0.00 %,"",0.0,180000.0,180000.0,0.0,"",29000.0,0.0,"","","","",0.0,0.0
25/01/2022,Faktur Pembelian,JL00142185,WULAN (DISCOUNT NOTEBOOK),Lunas,"",344000.0,0.0,24/02/2022,344000.0,0.0,344000.0,"","","JL. SOEKARNO HATTA RT. 012  RW. 004 PANE, RASANAE BARAT","","","",Keyboard laptop Toshiba C40B,"","",1.0,PCS,65000.0,0.00 %,"",0.0,65000.0,65000.0,0.0,"",29000.0,0.0,"","","","",0.0,0.0
25/01/2022,Faktur Pembelian,01202295306,AGUS (DORAN),Lunas,"",15150000.0,0.0,24/02/2022,15150000.0,0.0,15150000.0,"",SURABAYA,"","","","",SSD SANDISK PLUS 240GB,"","",30.0,PCS,505000.0,0.00 %,"",0.0,15150000.0,15150000.0,0.0,"",0.0,0.0,"","","","",0.0,0.0
25/01/2022,Faktur Pembelian,000854,LILI (PLATINUM),Lunas,"",2350000.0,0.0,24/02/2022,2350000.0,0.0,2350000.0,"","","","","","",LCD LAPTOP 14 TEBAL,"","",5.0,PCS,470000.0,0.00 %,"",0.0,2350000.0,2350000.0,0.0,"",0.0,0.0,"","","","",0.0,0.0
25/01/2022,Faktur Pembelian,000852,LILI (PLATINUM),Lunas,"",909000.0,0.0,24/02/2022,909000.0,0.0,909000.0,"","","JL. SOEKARNO HATTA RT. 012  RW. 004 PANE, RASANAE BARAT","","","",BATERAI TOSHIBA C640 OR (PA3817U),"","",1.0,PCS,215000.0,0.00 %,"",0.0,215000.0,215000.0,0.0,"",24000.0,0.0,"","","","",0.0,0.0
25/01/2022,Faktur Pembelian,000852,LILI (PLATINUM),Lunas,"",909000.0,0.0,24/02/2022,909000.0,0.0,909000.0,"","","JL. SOEKARNO HATTA RT. 012  RW. 004 PANE, RASANAE BARAT","","","",BATERAI LAPTOP ACER E5 - 473 (AL15A32),"","",2.0,PCS,335000.0,0.00 %,"",0.0,670000.0,670000.0,0.0,"",24000.0,0.0,"","","","",0.0,0.0
25/01/2022,Faktur Pembelian,00601726_036,PRIYO (K GALAXY),Lunas,"",7600000.0,0.0,24/02/2022,7600000.0,0.0,7600000.0,"","","","","","",MONITOR LED SPC SM - 19 HDMI,"","",8.0,UNIT,950000.0,0.00 %,"",0.0,7600000.0,7600000.0,0.0,"",0.0,0.0,"","","","",0.0,0.0
26/01/2022,Faktur Pembelian,12870,TATIK (LEGENDA),Lunas,"",17900000.0,0.0,25/02/2022,17900000.0,0.0,17900000.0,"","","","","","",PRINTER CANON G2010,"","",10.0,UNIT,1790000.0,0.00 %,"",0.0,17900000.0,17900000.0,0.0,"",0.0,0.0,"","","","",0.0,0.0
26/01/2022,Faktur Pembelian,JL.2201.08381,CANDRA (BLESSING),Lunas,"",10715000.0,0.0,09/02/2022,10715000.0,0.0,10715000.0,"","","","",RAHMAT,"",SSD SANDISK ULTRA 500GB 3D,"","",1.0,PCS,930000.0,0.00 %,"",0.0,930000.0,930000.0,0.0,"",0.0,0.0,"","","","",0.0,0.0
26/01/2022,Faktur Pembelian,JL.2201.08381,CANDRA (BLESSING),Lunas,"",10715000.0,0.0,09/02/2022,10715000.0,0.0,10715000.0,"","","","",RAHMAT,"",HDD EXTERNAL TRANSCEND 1TB 25M3 RUBBER,"","",1.0,PCS,745000.0,0.00 %,"",0.0,745000.0,745000.0,0.0,"",0.0,0.0,"","","","",0.0,0.0
26/01/2022,Faktur Pembelian,JL.2201.08381,CANDRA (BLESSING),Lunas,"",10715000.0,0.0,09/02/2022,10715000.0,0.0,10715000.0,"","","","",RAHMAT,"","AXIOO MYBOOK 11G INTEL GEMINI N4020 4GB 256GB SSD 11,6""","","",2.0,UNIT,3475000.0,0.00 %,"",0.0,6950000.0,6950000.0,0.0,"",0.0,0.0,"","","","",0.0,0.0
26/01/2022,Faktur Pembelian,JL.2201.08381,CANDRA (BLESSING),Lunas,"",10715000.0,0.0,09/02/2022,10715000.0,0.0,10715000.0,"","","","",RAHMAT,"",SSD KINGSTONE 250GB M2 SATA NVME SA2000M8,"","",2.0,PCS,505000.0,0.00 %,"",0.0,1010000.0,1010000.0,0.0,"",0.0,0.0,"","","","",0.0,0.0
26/01/2022,Faktur Pembelian,JL.2201.08381,CANDRA (BLESSING),Lunas,"",10715000.0,0.0,09/02/2022,10715000.0,0.0,10715000.0,"","","","",RAHMAT,"",MB DIGITAL ALLIANS H61 LGA 1155,"","",2.0,UNIT,540000.0,0.00 %,"",0.0,1080000.0,1080000.0,0.0,"",0.0,0.0,"","","","",0.0,0.0
26/01/2022,Faktur Pembelian,JL.2201.08382,CANDRA (BLESSING),Lunas,"",15045000.0,0.0,09/02/2022,15045000.0,0.0,15045000.0,"","","","",RAHMAT,"",ACER A314-35-C2T9 N5100 4GB 256GB SSD #,"","",3.0,UNIT,5015000.0,0.00 %,"",0.0,15045000.0,15045000.0,0.0,"",0.0,0.0,"","","","",0.0,0.0
26/01/2022,Faktur Pembelian,12871,FIKTIF BELI,Lunas,"",285000.0,0.0,25/02/2022,285000.0,0.0,285000.0,"","","","","","",KEYBOARD ACER V5 123 / 725,"","",3.0,PCS,95000.0,0.00 %,"",0.0,285000.0,285000.0,0.0,"",0.0,0.0,"","","","",0.0,0.0
26/01/2022,Faktur Pembelian,12872,CANON BALI,Lunas,"",1514700.0,0.0,25/02/2022,1514700.0,0.0,1514700.0,"","","","","","",CATRDIGE CANON CA91 / BH7 (G2010),"","",3.0,PCS,300000.0,0.00 %,"",0.0,862912.8,900000.0,65100.0,"",0.0,0.0,"","","","",0.0,4.12
26/01/2022,Faktur Pembelian,12872,CANON BALI,Lunas,"",1514700.0,0.0,25/02/2022,1514700.0,0.0,1514700.0,"","","","","","",AUTO SHEET FEEDER FOR G,"","",3.0,PCS,226600.0,0.00 %,"",0.0,651786.8016,679800.0,65100.0,"",0.0,0.0,"","","","",0.0,4.12
26/01/2022,Faktur Pembelian,JL00142424,WULAN (DISCOUNT NOTEBOOK),Lunas,"",310000.0,0.0,25/02/2022,310000.0,0.0,310000.0,"","","","","","",BATERAI LAPTOP ACER D260 AL10B31,"","",1.0,PCS,310000.0,0.00 %,"",0.0,310000.0,310000.0,0.0,"",0.0,0.0,"","","","",0.0,0.0
26/01/2022,Faktur Pembelian,PJL-22-01-00634,PT. Surya Makmur Kreasindo (HJ),Lunas,"",15300000.000001,0.0,09/02/2022,13909090.909092,1390909.090909,15300000.000001,"",SURABAYA,"","",CV TIGA NUSA,"",* PRINTER EPSON L3210,"","",6.0,UNIT,2318181.818182,0.00 %,10.0,1390909.0909092,13909090.909092,13909090.909092,0.0,"",0.0,0.0,PT. Surya Makmur Kreasindo,"",081515111951,"",0.0,0.0
26/01/2022,Faktur Pembelian,000855,LILI (PLATINUM),Lunas,"",6000000.0,0.0,25/02/2022,6000000.0,0.0,6000000.0,"","","","","","",LCD LAPTOP 14 TIPIS 30 PIN,"","",6.0,PCS,1000000.0,0.00 %,"",0.0,6000000.0,6000000.0,0.0,"",0.0,0.0,"","","","",0.0,0.0
26/01/2022,Faktur Pembelian,PJL-22-01-00638,PT. Surya Makmur Kreasindo (HJ),Lunas,"",12750000.000001,0.0,09/02/2022,11590909.09091,1159090.909091,12750000.000001,"",SURABAYA,"","",CV TIGA NUSA,"",* PRINTER EPSON L3210,"","",5.0,UNIT,2318181.818182,0.00 %,10.0,1159090.909091,11590909.09091,11590909.09091,0.0,"",0.0,0.0,PT. Surya Makmur Kreasindo,"",081515111951,"",0.0,0.0
27/01/2022,Faktur Pembelian,12873,FIKTIF BELI,Lunas,"",220000.0,0.0,26/02/2022,220000.0,0.0,220000.0,"","","","","","",KERTAS BUFFALO KUNING (NO 5),"","",10.0,PCS,22000.0,0.00 %,"",0.0,220000.0,220000.0,0.0,"",0.0,0.0,"","","","",0.0,0.0
27/01/2022,Faktur Pembelian,JL.2201.08864,CANDRA (BLESSING),Lunas,"",18135000.0,0.0,10/02/2022,18135000.0,0.0,18135000.0,"","","","",AGUS,"",ACER A314-35-C2T9 N5100 4GB 256GB SSD #,"","",3.0,UNIT,5015000.0,0.00 %,"",0.0,15045000.0,15045000.0,0.0,"",0.0,0.0,"","","","",0.0,0.0
27/01/2022,Faktur Pembelian,JL.2201.08864,CANDRA (BLESSING),Lunas,"",18135000.0,0.0,10/02/2022,18135000.0,0.0,18135000.0,"","","","",AGUS,"",MODEM TELKOMSEL ORBIT STAR LITE,"","",6.0,UNIT,515000.0,0.00 %,"",0.0,3090000.0,3090000.0,0.0,"",0.0,0.0,"","","","",0.0,0.0
27/01/2022,Faktur Pembelian,PJL-22-01-00669,PT. Surya Makmur Kreasindo (HJ),Lunas,"",13999999.999999,0.0,10/02/2022,12727272.727272,1272727.272727,13999999.999999,"",SURABAYA,"","",CV TIGA NUSA,"",* PRINTER EPSON WORKFORCE WF 100,"","",4.0,UNIT,3181818.181818,0.00 %,10.0,1272727.2727272,12727272.727272,12727272.727272,0.0,"",0.0,0.0,PT. Surya Makmur Kreasindo,"",081515111951,"",0.0,0.0
28/01/2022,Faktur Pembelian,12874,LEON PT TUJUH ANUGRAH ABADI,Lunas,"",12390000.0,0.0,27/02/2022,12390000.0,0.0,12390000.0,"","","","","","",TINTA EPSON 003 BLACK,"","",60.0,PCS,69500.0,0.00 %,"",0.0,4170000.0,4170000.0,0.0,"",0.0,0.0,"","","","",0.0,0.0
28/01/2022,Faktur Pembelian,12874,LEON PT TUJUH ANUGRAH ABADI,Lunas,"",12390000.0,0.0,27/02/2022,12390000.0,0.0,12390000.0,"","","","","","",TINTA EPSON 003 CYAN,"","",60.0,PCS,69500.0,0.00 %,"",0.0,4170000.0,4170000.0,0.0,"",0.0,0.0,"","","","",0.0,0.0
28/01/2022,Faktur Pembelian,12874,LEON PT TUJUH ANUGRAH ABADI,Lunas,"",12390000.0,0.0,27/02/2022,12390000.0,0.0,12390000.0,"","","","","","",TINTA EPSON 664 CYAN,"","",60.0,PCS,67500.0,0.00 %,"",0.0,4050000.0,4050000.0,0.0,"",0.0,0.0,"","","","",0.0,0.0
28/01/2022,Faktur Pembelian,12875,BETA COM,Lunas,"",6500000.0,0.0,27/02/2022,6500000.0,0.0,6500000.0,"","","","","","",PRINTER CANON IX 6770,"","",2.0,UNIT,3250000.0,0.00 %,"",0.0,6500000.0,6500000.0,0.0,"",0.0,0.0,"","","","",0.0,0.0
28/01/2022,Faktur Pembelian,12876,CANON BALI,Lunas,"",1655280.0,0.0,27/02/2022,1655280.0,0.0,1655280.0,"","","","","","",TINTA CANON ORI 790 BLACK,"","",10.0,PCS,105600.0,0.00 %,"",0.0,1056000.0,1056000.0,0.0,"",0.0,0.0,"","","","",0.0,0.0
28/01/2022,Faktur Pembelian,12876,CANON BALI,Lunas,"",1655280.0,0.0,27/02/2022,1655280.0,0.0,1655280.0,"","","","","","",TINTA CANON ORI 790 MAGENTA,"","",2.0,PCS,99880.0,0.00 %,"",0.0,199760.0,199760.0,0.0,"",0.0,0.0,"","","","",0.0,0.0
28/01/2022,Faktur Pembelian,12876,CANON BALI,Lunas,"",1655280.0,0.0,27/02/2022,1655280.0,0.0,1655280.0,"","","","","","",TINTA CANON ORI 790 YELLOW,"","",2.0,PCS,99880.0,0.00 %,"",0.0,199760.0,199760.0,0.0,"",0.0,0.0,"","","","",0.0,0.0
28/01/2022,Faktur Pembelian,12876,CANON BALI,Lunas,"",1655280.0,0.0,27/02/2022,1655280.0,0.0,1655280.0,"","","","","","",TINTA CANON ORI 790 CYAN,"","",2.0,PCS,99880.0,0.00 %,"",0.0,199760.0,199760.0,0.0,"",0.0,0.0,"","","","",0.0,0.0
28/01/2022,Faktur Pembelian,12877,CANON BALI,Lunas,"",8756000.0,0.0,27/02/2022,8756000.0,0.0,8756000.0,"","","","","","",PRINTER CANON G1020,"","",5.0,UNIT,1718200.0,0.00 %,"",0.0,8591000.0,8591000.0,0.0,"",0.0,0.0,"","","","",0.0,0.0
28/01/2022,Faktur Pembelian,12877,CANON BALI,Lunas,"",8756000.0,0.0,27/02/2022,8756000.0,0.0,8756000.0,"","","","","","",CATRIDGE PGI-35 BLACK,"","",1.0,PCS,165000.0,0.00 %,"",0.0,165000.0,165000.0,0.0,"",0.0,0.0,"","","","",0.0,0.0
28/01/2022,Faktur Pembelian,JL.2201.09119,CANDRA (BLESSING),Lunas,"",14580000.0,0.0,11/02/2022,14580000.0,0.0,14580000.0,"","","","",RAHMAT,"",PROJECTOR EPSON EB E500 3300 LUMENS,"","",3.0,UNIT,4860000.0,0.00 %,"",0.0,14580000.0,14580000.0,0.0,"",0.0,0.0,"","","","",0.0,0.0
28/01/2022,Faktur Pembelian,JL.2201.09046,CANDRA (BLESSING),Lunas,"",9592000.0,0.0,11/02/2022,9592000.0,0.0,9592000.0,"","","","",RAHMAT,"",TINTA REFFIL BROTHER BTD60BK BLACK,"","",3.0,PCS,94000.0,0.00 %,"",0.0,282000.0,282000.0,0.0,"",0.0,0.0,"","","","",0.0,0.0
28/01/2022,Faktur Pembelian,JL.2201.09046,CANDRA (BLESSING),Lunas,"",9592000.0,0.0,11/02/2022,9592000.0,0.0,9592000.0,"","","","",RAHMAT,"",CONNECTOR RJ45 COMMSCOPE CAT 5E (PACK),"","",80.0,PACK,100000.0,0.00 %,"",0.0,8000000.0,8000000.0,0.0,"",0.0,0.0,"","","","",0.0,0.0
28/01/2022,Faktur Pembelian,JL.2201.09046,CANDRA (BLESSING),Lunas,"",9592000.0,0.0,11/02/2022,9592000.0,0.0,9592000.0,"","","","",RAHMAT,"",TINTA BROTHER BT5000M MAGENTA,"","",3.0,PCS,95000.0,0.00 %,"",0.0,285000.0,285000.0,0.0,"",0.0,0.0,"","","","",0.0,0.0
28/01/2022,Faktur Pembelian,JL.2201.09046,CANDRA (BLESSING),Lunas,"",9592000.0,0.0,11/02/2022,9592000.0,0.0,9592000.0,"","","","",RAHMAT,"",CCTV CAM DAHUA HAC-T1A21 IR BULLET (INDOOR),"","",1.0,PCS,150000.0,0.00 %,"",0.0,150000.0,150000.0,0.0,"",0.0,0.0,"","","","",0.0,0.0
28/01/2022,Faktur Pembelian,JL.2201.09046,CANDRA (BLESSING),Lunas,"",9592000.0,0.0,11/02/2022,9592000.0,0.0,9592000.0,"","","","",RAHMAT,"",ROBOT HUB USB 4 PORT H140-80 BLACK,"","",25.0,PCS,35000.0,0.00 %,"",0.0,875000.0,875000.0,0.0,"",0.0,0.0,"","","","",0.0,0.0
28/01/2022,Faktur Pembelian,12878,DARMA DJ COMP,Lunas,"",11200000.0,0.0,27/02/2022,11200000.0,0.0,11200000.0,"","","","","","",AIO HP 22 DF0144D 1V7D7A CEL J4025 4GB 1TB HDD W10 NW,"","",2.0,UNIT,5600000.0,0.00 %,"",0.0,11200000.0,11200000.0,0.0,"",0.0,0.0,"","","",087876835295,0.0,0.0
28/01/2022,Faktur Pembelian,JL.2201.09257,CANDRA (BLESSING),Lunas,"",10425000.0,0.0,11/02/2022,10425000.0,0.0,10425000.0,"","","","",RAHMAT,"","AXIOO MYBOOK 11G INTEL GEMINI N4020 4GB 256GB SSD 11,6""","","",3.0,UNIT,3475000.0,0.00 %,"",0.0,10425000.0,10425000.0,0.0,"",0.0,0.0,"","","","",0.0,0.0
28/01/2022,Faktur Pembelian,12879,FIKTIF BELI,Lunas,"",200000.0,0.0,27/02/2022,200000.0,0.0,200000.0,"","","","","","",RJ45 COMMSCOPE,"","",100.0,BIJI,2000.0,0.00 %,"",0.0,200000.0,200000.0,0.0,"",0.0,0.0,"","","","",0.0,0.0
28/01/2022,Faktur Pembelian,D/22/00125/NTB,PT SAMAMAJU PRIMA NTB,Lunas,"",69906672.0,0.0,27/02/2022,69906672.0,0.0,69906672.0,"","","","",ARIES,"",SIDU A4 75 GSM,"","",250.0,PCS,36386.46,0.00 %,"",0.0,9096615.0,9096615.0,0.0,"",0.0,0.0,"","","","",0.0,0.0
28/01/2022,Faktur Pembelian,D/22/00125/NTB,PT SAMAMAJU PRIMA NTB,Lunas,"",69906672.0,0.0,27/02/2022,69906672.0,0.0,69906672.0,"","","","",ARIES,"",SIDU F4 75 GSM,"","",1250.0,PCS,41411.7,0.00 %,"",0.0,51764625.0,51764625.0,0.0,"",0.0,0.0,"","","","",0.0,0.0
28/01/2022,Faktur Pembelian,D/22/00125/NTB,PT SAMAMAJU PRIMA NTB,Lunas,"",69906672.0,0.0,27/02/2022,69906672.0,0.0,69906672.0,"","","","",ARIES,"",SIDU F4 WARNA MERAH MUDA,"","",100.0,PCS,60302.88,0.00 %,"",0.0,6030288.0,6030288.0,0.0,"",0.0,0.0,"","","","",0.0,0.0
28/01/2022,Faktur Pembelian,D/22/00125/NTB,PT SAMAMAJU PRIMA NTB,Lunas,"",69906672.0,0.0,27/02/2022,69906672.0,0.0,69906672.0,"","","","",ARIES,"",SIDU F4 WARNA KUNING,"","",50.0,PCS,60302.88,0.00 %,"",0.0,3015144.0,3015144.0,0.0,"",0.0,0.0,"","","","",0.0,0.0
28/01/2022,Faktur Pembelian,012022103516,AGUS (DORAN),Lunas,"",2604999.999985,0.0,27/02/2022,2604999.999985,0.0,2604999.999985,"",SURABAYA,"","","","",KABEL DATA USB JETE CX1 2.4A (MICRO),"","",20.0,PCS,17500.0,0.00 %,"",0.0,350000.0,350000.0,0.0,"",0.0,0.0,"","","","",0.0,0.0
28/01/2022,Faktur Pembelian,012022103516,AGUS (DORAN),Lunas,"",2604999.999985,0.0,27/02/2022,2604999.999985,0.0,2604999.999985,"",SURABAYA,"","","","",QUIK CHARGER HP TC JETE C12 TINY TYPE C CABLE,"","",20.0,PCS,60000.0,0.00 %,"",0.0,1200000.0,1200000.0,0.0,"",0.0,0.0,"","","","",0.0,0.0
28/01/2022,Faktur Pembelian,012022103516,AGUS (DORAN),Lunas,"",2604999.999985,0.0,27/02/2022,2604999.999985,0.0,2604999.999985,"",SURABAYA,"","","","",SMART IQ JETE J2 SERIES (CHARGE MOBIL),"","",20.0,PCS,32500.0,0.00 %,"",0.0,650000.0,650000.0,0.0,"",0.0,0.0,"","","","",0.0,0.0
28/01/2022,Faktur Pembelian,012022103516,AGUS (DORAN),Lunas,"",2604999.999985,0.0,27/02/2022,2604999.999985,0.0,2604999.999985,"",SURABAYA,"","","","",KABEL DATA CHARGER JETE MICRO USB TOPLES,"","",105.0,PCS,3857.142857,0.00 %,"",0.0,404999.999985,404999.999985,0.0,"",0.0,0.0,"","","","",0.0,0.0
28/01/2022,Faktur Pembelian,JL5522011005,YULI (HP CENTRE),Lunas,"",25000000.0,0.0,27/02/2022,25000000.0,0.0,25000000.0,"","","","",RAHMAT,"",ACER A314-35-C2T9 N5100 4GB 256GB SSD #,"","",5.0,UNIT,5000000.0,0.00 %,"",0.0,25000000.0,25000000.0,0.0,"",0.0,0.0,"","","","",0.0,0.0
29/01/2022,Faktur Pembelian,JL.2201.09449,CANDRA (BLESSING),Lunas,"",11838000.0,0.0,12/02/2022,11838000.0,0.0,11838000.0,"","","","",RAHMAT,"",PSU AEROCOOL LUX 550W BRONZE (dus putih),"","",1.0,PCS,483000.0,0.00 %,"",0.0,483000.0,483000.0,0.0,"",0.0,0.0,"","","","",0.0,0.0
29/01/2022,Faktur Pembelian,JL.2201.09449,CANDRA (BLESSING),Lunas,"",11838000.0,0.0,12/02/2022,11838000.0,0.0,11838000.0,"","","","",RAHMAT,"",PROC INTEL i7 10700 COMET LAKE INCLUD FAN,"","",1.0,UNIT,4375000.0,0.00 %,"",0.0,4375000.0,4375000.0,0.0,"",0.0,0.0,"","","","",0.0,0.0
29/01/2022,Faktur Pembelian,JL.2201.09449,CANDRA (BLESSING),Lunas,"",11838000.0,0.0,12/02/2022,11838000.0,0.0,11838000.0,"","","","",RAHMAT,"",MB GIGABYTE H410MS2 V3 COMET LAKE,"","",1.0,UNIT,1015000.0,0.00 %,"",0.0,1015000.0,1015000.0,0.0,"",0.0,0.0,"","","","",0.0,0.0
29/01/2022,Faktur Pembelian,JL.2201.09449,CANDRA (BLESSING),Lunas,"",11838000.0,0.0,12/02/2022,11838000.0,0.0,11838000.0,"","","","",RAHMAT,"",RAM PC CORSAIR DDR4 PC1X16GB,"","",1.0,PCS,1070000.0,0.00 %,"",0.0,1070000.0,1070000.0,0.0,"",0.0,0.0,"","","","",0.0,0.0
29/01/2022,Faktur Pembelian,JL.2201.09449,CANDRA (BLESSING),Lunas,"",11838000.0,0.0,12/02/2022,11838000.0,0.0,11838000.0,"","","","",RAHMAT,"",SSD SAMSUNG 500GB 980 PRO NVME M.2,"","",1.0,PCS,1970000.0,0.00 %,"",0.0,1970000.0,1970000.0,0.0,"",0.0,0.0,"","","","",0.0,0.0
29/01/2022,Faktur Pembelian,JL.2201.09449,CANDRA (BLESSING),Lunas,"",11838000.0,0.0,12/02/2022,11838000.0,0.0,11838000.0,"","","","",RAHMAT,"",LED ASUS VY279HE 27 FHD IPS,"","",1.0,PCS,2925000.0,0.00 %,"",0.0,2925000.0,2925000.0,0.0,"",0.0,0.0,"","","","",0.0,0.0
29/01/2022,Faktur Pembelian,JL.2201.09451,CANDRA (BLESSING),Lunas,"",425000.0,0.0,12/02/2022,425000.0,0.0,425000.0,"","","","",RAHMAT,"",CASING PARADOX GAMING HEATH,"","",1.0,PCS,425000.0,0.00 %,"",0.0,425000.0,425000.0,0.0,"",0.0,0.0,"","","","",0.0,0.0
29/01/2022,Faktur Pembelian,JL.2201.09418,CANDRA (BLESSING),Lunas,"",7266000.0,0.0,12/02/2022,7266000.0,0.0,7266000.0,"","","","",AGUS,"",SODIMM KINGSTONE DDR4 4GB KG,"","",4.0,PCS,310000.0,0.00 %,"",0.0,1240000.0,1240000.0,0.0,"",0.0,0.0,"","","","",0.0,0.0
29/01/2022,Faktur Pembelian,JL.2201.09418,CANDRA (BLESSING),Lunas,"",7266000.0,0.0,12/02/2022,7266000.0,0.0,7266000.0,"","","","",AGUS,"",PRINTER CANON G2010,"","",2.0,UNIT,1855000.0,0.00 %,"",0.0,3710000.0,3710000.0,0.0,"",0.0,0.0,"","","","",0.0,0.0
29/01/2022,Faktur Pembelian,JL.2201.09418,CANDRA (BLESSING),Lunas,"",7266000.0,0.0,12/02/2022,7266000.0,0.0,7266000.0,"","","","",AGUS,"","HDD NOTEBOOK 2,5 SEAGATE SATA 1TB MFI","","",2.0,PCS,660000.0,0.00 %,"",0.0,1320000.0,1320000.0,0.0,"",0.0,0.0,"","","","",0.0,0.0
29/01/2022,Faktur Pembelian,JL.2201.09418,CANDRA (BLESSING),Lunas,"",7266000.0,0.0,12/02/2022,7266000.0,0.0,7266000.0,"","","","",AGUS,"",SSD PNY 256GB M.2 2280 NVME GEN3X4,"","",2.0,PCS,498000.0,0.00 %,"",0.0,996000.0,996000.0,0.0,"",0.0,0.0,"","","","",0.0,0.0
29/01/2022,Faktur Pembelian,PJL-22-01-00707,PT. Surya Makmur Kreasindo (HJ),Lunas,"",22980000.000001,0.0,12/02/2022,20890909.09091,2089090.909091,22980000.000001,"",SURABAYA,"","",CV TIGA NUSA,"",* PRINTER EPSON L3210,"","",8.0,UNIT,2318181.818182,0.00 %,10.0,1854545.4545456,18545454.545456,18545454.545456,0.0,"",0.0,0.0,PT. Surya Makmur Kreasindo,"",081515111951,"",0.0,0.0
29/01/2022,Faktur Pembelian,PJL-22-01-00707,PT. Surya Makmur Kreasindo (HJ),Lunas,"",22980000.000001,0.0,12/02/2022,20890909.09091,2089090.909091,22980000.000001,"",SURABAYA,"","",CV TIGA NUSA,"",* SCANNER EPSON V 39,"","",3.0,UNIT,781818.181818,0.00 %,10.0,234545.4545454,2345454.545454,2345454.545454,0.0,"",0.0,0.0,PT. Surya Makmur Kreasindo,"",081515111951,"",0.0,0.0
29/01/2022,Faktur Pembelian,00602090_036,PRIYO (K GALAXY),Lunas,"",8235000.0,0.0,28/02/2022,8235000.0,0.0,8235000.0,"","","","","","",PRINTER EPSON LQ 310 dot matrix,"","",3.0,UNIT,2745000.0,0.00 %,"",0.0,8235000.0,8235000.0,0.0,"",0.0,0.0,"","","","",0.0,0.0
29/01/2022,Faktur Pembelian,000859,LILI (PLATINUM),Lunas,"",10090000.0,0.0,28/02/2022,10090000.0,0.0,10090000.0,"","","","","","",CCTV CAM DAHUA HAC B1A21 IR BULLET (OUTDOOR),"","",30.0,PCS,168000.0,0.00 %,"",0.0,5040000.0,5040000.0,0.0,"",0.0,0.0,"","","","",0.0,0.0
29/01/2022,Faktur Pembelian,000859,LILI (PLATINUM),Lunas,"",10090000.0,0.0,28/02/2022,10090000.0,0.0,10090000.0,"","","","","","",BATERAI ACER ES1 432 AS16A8K / AS16A5K,"","",1.0,PCS,310000.0,0.00 %,"",0.0,310000.0,310000.0,0.0,"",0.0,0.0,"","","","",0.0,0.0
29/01/2022,Faktur Pembelian,000859,LILI (PLATINUM),Lunas,"",10090000.0,0.0,28/02/2022,10090000.0,0.0,10090000.0,"","","","","","",CCTV CAM DAHUA HAC-T1A21 IR BULLET (INDOOR),"","",30.0,PCS,158000.0,0.00 %,"",0.0,4740000.0,4740000.0,0.0,"",0.0,0.0,"","","","",0.0,0.0
30/01/2022,Faktur Pembelian,12880,FIKTIF BELI,Lunas,"",1095000.0,0.0,01/03/2022,1095000.0,0.0,1095000.0,"","","","","","",LCD LAPTOP 14 TIPIS 30 PIN,"","",1.0,PCS,1095000.0,0.00 %,"",0.0,1095000.0,1095000.0,0.0,"",0.0,0.0,"","","","",0.0,0.0
30/01/2022,Faktur Pembelian,12881,FIKTIF BELI,Lunas,"",65000.0,0.0,01/03/2022,65000.0,0.0,65000.0,"","","","","","",TINTA CANON ORI GI 71 BLACK NON PACK,"","",1.0,PCS,65000.0,0.00 %,"",0.0,65000.0,65000.0,0.0,"",0.0,0.0,"","","","",0.0,0.0
30/01/2022,Faktur Pembelian,12881,FIKTIF BELI,Lunas,"",65000.0,0.0,01/03/2022,65000.0,0.0,65000.0,"","","","","","",TINTA CANON ORI GI 71 MAGENTA NON PACK,"","",1.0,PCS,0.0,0.00 %,"",0.0,0.0,0.0,0.0,"",0.0,0.0,"","","","",0.0,0.0
30/01/2022,Faktur Pembelian,12881,FIKTIF BELI,Lunas,"",65000.0,0.0,01/03/2022,65000.0,0.0,65000.0,"","","","","","",TINTA CANON ORI GI 71 YELLOW NON PACK,"","",1.0,PCS,0.0,0.00 %,"",0.0,0.0,0.0,0.0,"",0.0,0.0,"","","","",0.0,0.0
30/01/2022,Faktur Pembelian,12881,FIKTIF BELI,Lunas,"",65000.0,0.0,01/03/2022,65000.0,0.0,65000.0,"","","","","","",TINTA CANON ORI GI 71 CYAN NON PACK,"","",1.0,PCS,0.0,0.00 %,"",0.0,0.0,0.0,0.0,"",0.0,0.0,"","","","",0.0,0.0
31/01/2022,Faktur Pembelian,2201188,ANDY (JMK),Lunas,"",2000000.0,0.0,02/03/2022,2000000.0,0.0,2000000.0,"","","","","","",LASER POINTER PP927,"","",20.0,UNIT,100000.0,0.00 %,"",0.0,2000000.0,2000000.0,0.0,"",0.0,0.0,"","","","",0.0,0.0
31/01/2022,Faktur Pembelian,JL5522011061,YULI (HP CENTRE),Lunas,"",26160000.0,0.0,02/03/2022,26160000.0,0.0,26160000.0,"","","","",RAHMAT,"",BLUEPRINT PRINTABLE CARD (KERTAS ID CARD),"","",600.0,PCS,43600.0,0.00 %,"",0.0,26160000.0,26160000.0,0.0,"",0.0,0.0,"","","","",0.0,0.0
01/02/2022,Faktur Pembelian,12882,FIKTIF BELI,Lunas,"",0.0,0.0,03/03/2022,0.0,0.0,0.0,"","","","","","",TINTA CANON ORI 790 BLACK NON PACK,"","",1.0,PCS,0.0,0.00 %,"",0.0,0.0,0.0,0.0,"",0.0,0.0,"","","","",0.0,0.0
01/02/2022,Faktur Pembelian,12882,FIKTIF BELI,Lunas,"",0.0,0.0,03/03/2022,0.0,0.0,0.0,"","","","","","",TINTA CANON ORI 790 CYAN NON PACK,"","",1.0,PCS,0.0,0.00 %,"",0.0,0.0,0.0,0.0,"",0.0,0.0,"","","","",0.0,0.0
01/02/2022,Faktur Pembelian,12882,FIKTIF BELI,Lunas,"",0.0,0.0,03/03/2022,0.0,0.0,0.0,"","","","","","",TINTA CANON ORI 790 YELLOW NON PACK,"","",1.0,PCS,0.0,0.00 %,"",0.0,0.0,0.0,0.0,"",0.0,0.0,"","","","",0.0,0.0
01/02/2022,Faktur Pembelian,12882,FIKTIF BELI,Lunas,"",0.0,0.0,03/03/2022,0.0,0.0,0.0,"","","","","","",TINTA CANON ORI 790 MAGENTA NON PACK,"","",1.0,PCS,0.0,0.00 %,"",0.0,0.0,0.0,0.0,"",0.0,0.0,"","","","",0.0,0.0
01/02/2022,Faktur Pembelian,12883,FIKTIF BELI,Lunas,"",1030000.0,0.0,03/03/2022,1030000.0,0.0,1030000.0,"","","","","","",STIKER NAMA UNDANGAN POLOS (103),"","",500.0,PCS,2060.0,0.00 %,"",0.0,1030000.0,1030000.0,0.0,"",0.0,0.0,"","","","",0.0,0.0
01/02/2022,Faktur Pembelian,12884,FIKTIF BELI,Lunas,"",769999.9998,0.0,03/03/2022,769999.9998,0.0,769999.9998,"","","","","","",KABEL LAN ZIMM LINK PERMETER,"","",600.0,METER,1283.333333,0.00 %,"",0.0,769999.9998,769999.9998,0.0,"",0.0,0.0,"","","","",0.0,0.0
02/02/2022,Faktur Pembelian,12885,LEON PT TUJUH ANUGRAH ABADI,Lunas,CANON SUDAH,44064000.0,0.0,04/03/2022,44064000.0,0.0,44064000.0,"","","","","","",CATRIDGE CANON 810 BLACK,"","",96.0,PCS,202000.0,0.00 %,"",0.0,19392000.0,19392000.0,0.0,"",0.0,0.0,"","","","",0.0,0.0
02/02/2022,Faktur Pembelian,12885,LEON PT TUJUH ANUGRAH ABADI,Lunas,CANON SUDAH,44064000.0,0.0,04/03/2022,44064000.0,0.0,44064000.0,"","","","","","",CATRIDGE CANON 811 COLOUR,"","",96.0,PCS,257000.0,0.00 %,"",0.0,24672000.0,24672000.0,0.0,"",0.0,0.0,"","","","",0.0,0.0
02/02/2022,Faktur Pembelian,JL.2202.00144,CANDRA (BLESSING),Lunas,"",26513000.0,0.0,16/02/2022,26513000.0,0.0,26513000.0,"","","","",ARIES,"",KABEL LAN BELDEN USA CAT 5,"","",4.0,DUS,1440000.0,0.00 %,"",0.0,5760000.0,5760000.0,0.0,"",0.0,0.0,"","","","",0.0,0.0
02/02/2022,Faktur Pembelian,JL.2202.00144,CANDRA (BLESSING),Lunas,"",26513000.0,0.0,16/02/2022,26513000.0,0.0,26513000.0,"","","","",ARIES,"",VGA MSI GT 1030 AERO ITX 2GB OC,"","",1.0,PCS,1465000.0,0.00 %,"",0.0,1465000.0,1465000.0,0.0,"",0.0,0.0,"","","","",0.0,0.0
02/02/2022,Faktur Pembelian,JL.2202.00144,CANDRA (BLESSING),Lunas,"",26513000.0,0.0,16/02/2022,26513000.0,0.0,26513000.0,"","","","",ARIES,"",KABEL HDMI 10 METER,"","",20.0,PCS,59000.0,0.00 %,"",0.0,1180000.0,1180000.0,0.0,"",0.0,0.0,"","","","",0.0,0.0
02/02/2022,Faktur Pembelian,JL.2202.00144,CANDRA (BLESSING),Lunas,"",26513000.0,0.0,16/02/2022,26513000.0,0.0,26513000.0,"","","","",ARIES,"",PSU AEROCOOL LUX 550W BRONZE (dus putih),"","",1.0,PCS,483000.0,0.00 %,"",0.0,483000.0,483000.0,0.0,"",0.0,0.0,"","","","",0.0,0.0
02/02/2022,Faktur Pembelian,JL.2202.00144,CANDRA (BLESSING),Lunas,"",26513000.0,0.0,16/02/2022,26513000.0,0.0,26513000.0,"","","","",ARIES,"",MODEM TELKOMSEL ORBIT STAR LITE,"","",6.0,UNIT,515000.0,0.00 %,"",0.0,3090000.0,3090000.0,0.0,"",0.0,0.0,"","","","",0.0,0.0
02/02/2022,Faktur Pembelian,JL.2202.00144,CANDRA (BLESSING),Lunas,"",26513000.0,0.0,16/02/2022,26513000.0,0.0,26513000.0,"","","","",ARIES,"","SSD KINGSTONE 480GB SATA 2,5""","","",1.0,PCS,850000.0,0.00 %,"",0.0,850000.0,850000.0,0.0,"",0.0,0.0,"","","","",0.0,0.0
02/02/2022,Faktur Pembelian,JL.2202.00144,CANDRA (BLESSING),Lunas,"",26513000.0,0.0,16/02/2022,26513000.0,0.0,26513000.0,"","","","",ARIES,"",ASUS K3400PH - OLED 554 CI5-11300H 8GB 512GB SSD GTX 1650,"","",1.0,UNIT,13685000.0,0.00 %,"",0.0,13685000.0,13685000.0,0.0,"",0.0,0.0,"","","","",0.0,0.0
02/02/2022,Faktur Pembelian,JL.2202.00145,CANDRA (BLESSING),Lunas,"",425000.0,0.0,16/02/2022,425000.0,0.0,425000.0,"","","","",ARIES,"",CASING PARADOX GAMING HEATH,"","",1.0,PCS,425000.0,0.00 %,"",0.0,425000.0,425000.0,0.0,"",0.0,0.0,"","","","",0.0,0.0
02/02/2022,Faktur Pembelian,JL.2202.00171,CANDRA (BLESSING),Lunas,"",29700000.0,0.0,16/02/2022,29700000.0,0.0,29700000.0,"","","","",RAHMAT,"",ACER A314-35-C2T9 N5100 4GB 256GB SSD #,"","",6.0,UNIT,4950000.0,0.00 %,"",0.0,29700000.0,29700000.0,0.0,"",0.0,0.0,"","","","",0.0,0.0
02/02/2022,Faktur Pembelian,JL.2202.00256,CANDRA (BLESSING),Lunas,"",7345000.0,0.0,16/02/2022,7345000.0,0.0,7345000.0,"","","","",RAHMAT,"",ASUS A416JAO CI3-1005G1 4GB SSD 512GB NW,"","",1.0,UNIT,7345000.0,0.00 %,"",0.0,7345000.0,7345000.0,0.0,"",0.0,0.0,"","","","",0.0,0.0
02/02/2022,Faktur Pembelian,12887,ONLINE,Lunas,"",1760000.0,0.0,04/03/2022,1760000.0,0.0,1760000.0,"","","","","","",TPLINK SF1005 SWITCH LAN 5 PORT ( HUB LAN 5 PORT B),"","",20.0,PCS,88000.0,0.00 %,"",0.0,1760000.0,1760000.0,0.0,"",0.0,0.0,"","","","",0.0,0.0
02/02/2022,Faktur Pembelian,12888,LEON PT TUJUH ANUGRAH ABADI,Lunas,"",4320000.0,0.0,04/03/2022,4320000.0,0.0,4320000.0,"","","","","","",TINTA EPSON 003 BLACK,"","",60.0,PCS,72000.0,0.00 %,"",0.0,4320000.0,4320000.0,0.0,"",0.0,0.0,"","","","",0.0,0.0
02/02/2022,Faktur Pembelian,JL.2202.00430,CANDRA (BLESSING),Lunas,"",2960000.0,0.0,16/02/2022,2960000.0,0.0,2960000.0,"","","","",RAHMAT,"",TPLINK ROUTER TL WR840N,"","",20.0,PCS,148000.0,0.00 %,"",0.0,2960000.0,2960000.0,0.0,"",0.0,0.0,"","","","",0.0,0.0
02/02/2022,Faktur Pembelian,12889,FIKTIF BELI,Lunas,"",148000.0,0.0,04/03/2022,148000.0,0.0,148000.0,"","","","","","",TINTA CANON ORI 790 BLACK NON PACK,"","",1.0,PCS,37000.0,0.00 %,"",0.0,37000.0,37000.0,0.0,"",0.0,0.0,"","","","",0.0,0.0
02/02/2022,Faktur Pembelian,12889,FIKTIF BELI,Lunas,"",148000.0,0.0,04/03/2022,148000.0,0.0,148000.0,"","","","","","",TINTA CANON ORI 790 CYAN NON PACK,"","",1.0,PCS,37000.0,0.00 %,"",0.0,37000.0,37000.0,0.0,"",0.0,0.0,"","","","",0.0,0.0
02/02/2022,Faktur Pembelian,12889,FIKTIF BELI,Lunas,"",148000.0,0.0,04/03/2022,148000.0,0.0,148000.0,"","","","","","",TINTA CANON ORI 790 YELLOW NON PACK,"","",1.0,PCS,37000.0,0.00 %,"",0.0,37000.0,37000.0,0.0,"",0.0,0.0,"","","","",0.0,0.0
02/02/2022,Faktur Pembelian,12889,FIKTIF BELI,Lunas,"",148000.0,0.0,04/03/2022,148000.0,0.0,148000.0,"","","","","","",TINTA CANON ORI 790 MAGENTA NON PACK,"","",1.0,PCS,37000.0,0.00 %,"",0.0,37000.0,37000.0,0.0,"",0.0,0.0,"","","","",0.0,0.0
02/02/2022,Faktur Pembelian,JL00142991,WULAN (DISCOUNT NOTEBOOK),Lunas,"",639000.0,0.0,04/03/2022,639000.0,0.0,639000.0,"","","JL. SOEKARNO HATTA RT. 012  RW. 004 PANE, RASANAE BARAT","","","",KEYBOARD LAPTOP TOSHIBA NB 520 (BLACK),"","",2.0,PCS,105000.0,0.00 %,"",0.0,210000.0,210000.0,0.0,"",4000.0,0.0,"","","","",0.0,0.0
02/02/2022,Faktur Pembelian,JL00142991,WULAN (DISCOUNT NOTEBOOK),Lunas,"",639000.0,0.0,04/03/2022,639000.0,0.0,639000.0,"","","JL. SOEKARNO HATTA RT. 012  RW. 004 PANE, RASANAE BARAT","","","",KEYBOARD LAPTOP LENOVO 110 #,"","",1.0,PCS,65000.0,0.00 %,"",0.0,65000.0,65000.0,0.0,"",4000.0,0.0,"","","","",0.0,0.0
02/02/2022,Faktur Pembelian,JL00142991,WULAN (DISCOUNT NOTEBOOK),Lunas,"",639000.0,0.0,04/03/2022,639000.0,0.0,639000.0,"","","JL. SOEKARNO HATTA RT. 012  RW. 004 PANE, RASANAE BARAT","","","",KEYBOARD LAPTOP TOSHIBA L645 DOFF,"","",6.0,PCS,60000.0,0.00 %,"",0.0,360000.0,360000.0,0.0,"",4000.0,0.0,"","","","",0.0,0.0
02/02/2022,Faktur Pembelian,JL5522020010,YULI (HP CENTRE),Lunas,"",8640000.0,0.0,04/03/2022,8640000.0,0.0,8640000.0,"","","","",RAHMAT,"",TINTA EPSON 664 MAGENTA,"","",60.0,PCS,72000.0,0.00 %,"",0.0,4320000.0,4320000.0,0.0,"",0.0,0.0,"","","","",0.0,0.0
02/02/2022,Faktur Pembelian,JL5522020010,YULI (HP CENTRE),Lunas,"",8640000.0,0.0,04/03/2022,8640000.0,0.0,8640000.0,"","","","",RAHMAT,"",TINTA EPSON 664 YELLOW,"","",60.0,PCS,72000.0,0.00 %,"",0.0,4320000.0,4320000.0,0.0,"",0.0,0.0,"","","","",0.0,0.0
02/02/2022,Faktur Pembelian,JL5522020001,YULI (HP CENTRE),Lunas,"",880000.0,0.0,04/03/2022,880000.0,0.0,880000.0,"","","","",RAHMAT,"",PLONG ID CARD,"","",2.0,PCS,440000.0,0.00 %,"",0.0,880000.0,880000.0,0.0,"",0.0,0.0,"","","","",0.0,0.0
02/02/2022,Faktur Pembelian,000861,LILI (PLATINUM),Lunas,"",6000000.0,0.0,04/03/2022,6000000.0,0.0,6000000.0,"","","","","","","FAN CASING CPU TRANSPARAN 12""","","",30.0,PCS,24000.0,0.00 %,"",0.0,720000.0,720000.0,0.0,"",0.0,0.0,"","","","",0.0,0.0
02/02/2022,Faktur Pembelian,000861,LILI (PLATINUM),Lunas,"",6000000.0,0.0,04/03/2022,6000000.0,0.0,6000000.0,"","","","","","","FAN CASING CPU TRANSPARAN 8""","","",30.0,PCS,20000.0,0.00 %,"",0.0,600000.0,600000.0,0.0,"",0.0,0.0,"","","","",0.0,0.0
02/02/2022,Faktur Pembelian,000861,LILI (PLATINUM),Lunas,"",6000000.0,0.0,04/03/2022,6000000.0,0.0,6000000.0,"","","","","","",BATERAI ACER  V5 431 (AL12A32),"","",2.0,PCS,220000.0,0.00 %,"",0.0,440000.0,440000.0,0.0,"",0.0,0.0,"","","","",0.0,0.0
02/02/2022,Faktur Pembelian,000861,LILI (PLATINUM),Lunas,"",6000000.0,0.0,04/03/2022,6000000.0,0.0,6000000.0,"","","","","","",ADAPTOR UNIVERSAL,"","",30.0,PCS,58000.0,0.00 %,"",0.0,1740000.0,1740000.0,0.0,"",0.0,0.0,"","","","",0.0,0.0
02/02/2022,Faktur Pembelian,000861,LILI (PLATINUM),Lunas,"",6000000.0,0.0,04/03/2022,6000000.0,0.0,6000000.0,"","","","","","",ADAPTOR ACER Z476,"","",6.0,PCS,90000.0,0.00 %,"",0.0,540000.0,540000.0,0.0,"",0.0,0.0,"","","","",0.0,0.0
02/02/2022,Faktur Pembelian,000861,LILI (PLATINUM),Lunas,"",6000000.0,0.0,04/03/2022,6000000.0,0.0,6000000.0,"","","","","","",CAM CCTV EZVIZ C6N #,"","",2.0,UNIT,380000.0,0.00 %,"",0.0,760000.0,760000.0,0.0,"",0.0,0.0,"","","","",0.0,0.0
02/02/2022,Faktur Pembelian,000861,LILI (PLATINUM),Lunas,"",6000000.0,0.0,04/03/2022,6000000.0,0.0,6000000.0,"","","","","","",BATERAI LAPTOP ACER E5 - 473 (AL15A32),"","",2.0,PCS,335000.0,0.00 %,"",0.0,670000.0,670000.0,0.0,"",0.0,0.0,"","","","",0.0,0.0
02/02/2022,Faktur Pembelian,000861,LILI (PLATINUM),Lunas,"",6000000.0,0.0,04/03/2022,6000000.0,0.0,6000000.0,"","","","","","",CAM CCTV EZVIZ C3WN HD 1080P OUTDOOR,"","",1.0,UNIT,530000.0,0.00 %,"",0.0,530000.0,530000.0,0.0,"",0.0,0.0,"","","","",0.0,0.0
03/02/2022,Faktur Pembelian,12890,FIKTIF BELI,Lunas,"",4680000.0,0.0,05/03/2022,4680000.0,0.0,4680000.0,"","","","","","",PAPERLINE 2 PLY NCR,"","",18.0,DUS,260000.0,0.00 %,"",0.0,4680000.0,4680000.0,0.0,"",0.0,0.0,"","","","",0.0,0.0
03/02/2022,Faktur Pembelian,12891,LEGALA,Lunas,"",4600000.0,0.0,05/03/2022,4600000.0,0.0,4600000.0,"","","","","","",TINTA ART PAPER KOREA BLACK,"","",20.0,PCS,115000.0,0.00 %,"",0.0,2300000.0,2300000.0,0.0,"",0.0,0.0,"","","","",0.0,0.0
03/02/2022,Faktur Pembelian,12891,LEGALA,Lunas,"",4600000.0,0.0,05/03/2022,4600000.0,0.0,4600000.0,"","","","","","",TINTA ART PAPER KOREA MAGENTA,"","",10.0,PCS,115000.0,0.00 %,"",0.0,1150000.0,1150000.0,0.0,"",0.0,0.0,"","","","",0.0,0.0
03/02/2022,Faktur Pembelian,12891,LEGALA,Lunas,"",4600000.0,0.0,05/03/2022,4600000.0,0.0,4600000.0,"","","","","","",TINTA ART PAPER KOREA YELLOW,"","",10.0,PCS,115000.0,0.00 %,"",0.0,1150000.0,1150000.0,0.0,"",0.0,0.0,"","","","",0.0,0.0
03/02/2022,Faktur Pembelian,acj01/01/fp/2202/xc00018,PT. ANGKASA CERAH JAYA,Lunas,"",41400000.0,0.0,05/03/2022,41400000.0,0.0,41400000.0,"",SURABAYA,"","",RAHMAT,"","ACER 5 A514 - 54  - Ci3-1115G4 4GB 512GB SSD 14""","","",6.0,UNIT,6900000.0,0.00 %,"",0.0,41400000.0,41400000.0,0.0,"",0.0,0.0,PT. ANGKASA CERAH JAYA,"",0815 5395 1313,"",0.0,0.0
03/02/2022,Faktur Pembelian,12893,BETA COM,Lunas,"",2985000.0,0.0,05/03/2022,2985000.0,0.0,2985000.0,"","","","","","",TINTA CANON ORI 790 BLACK,"","",12.0,PCS,130000.0,0.00 %,"",0.0,1560000.0,1560000.0,0.0,"",0.0,0.0,"","","","",0.0,0.0
03/02/2022,Faktur Pembelian,12893,BETA COM,Lunas,"",2985000.0,0.0,05/03/2022,2985000.0,0.0,2985000.0,"","","","","","",TINTA CANON ORI 790 MAGENTA,"","",5.0,PCS,95000.0,0.00 %,"",0.0,475000.0,475000.0,0.0,"",0.0,0.0,"","","","",0.0,0.0
03/02/2022,Faktur Pembelian,12893,BETA COM,Lunas,"",2985000.0,0.0,05/03/2022,2985000.0,0.0,2985000.0,"","","","","","",TINTA CANON ORI 790 YELLOW,"","",5.0,PCS,95000.0,0.00 %,"",0.0,475000.0,475000.0,0.0,"",0.0,0.0,"","","","",0.0,0.0
03/02/2022,Faktur Pembelian,12893,BETA COM,Lunas,"",2985000.0,0.0,05/03/2022,2985000.0,0.0,2985000.0,"","","","","","",TINTA CANON ORI 790 CYAN,"","",5.0,PCS,95000.0,0.00 %,"",0.0,475000.0,475000.0,0.0,"",0.0,0.0,"","","","",0.0,0.0
03/02/2022,Faktur Pembelian,JL.2202.00654,CANDRA (BLESSING),Lunas,"",15000000.0,0.0,17/02/2022,15000000.0,0.0,15000000.0,"","","","",RAHMAT,"",AXIOO MYBOOK 14E INTEL N4000 4GB SSD 256GB #,"","",4.0,UNIT,3750000.0,0.00 %,"",0.0,15000000.0,15000000.0,0.0,"",0.0,0.0,"","","","",0.0,0.0
03/02/2022,Faktur Pembelian,JL.2202.00749,CANDRA (BLESSING),Lunas,"",6745000.0,0.0,17/02/2022,6745000.0,0.0,6745000.0,"","","","",RAHMAT,"",BROTHER DCP L2540 DW,"","",1.0,PCS,2760000.0,0.00 %,"",0.0,2760000.0,2760000.0,0.0,"",0.0,0.0,"","","","",0.0,0.0
03/02/2022,Faktur Pembelian,JL.2202.00749,CANDRA (BLESSING),Lunas,"",6745000.0,0.0,17/02/2022,6745000.0,0.0,6745000.0,"","","","",RAHMAT,"","HDD EXTERNAL 2TB  SEAGATE 2,5""","","",2.0,PCS,1000000.0,0.00 %,"",0.0,2000000.0,2000000.0,0.0,"",0.0,0.0,"","","","",0.0,0.0
03/02/2022,Faktur Pembelian,JL.2202.00749,CANDRA (BLESSING),Lunas,"",6745000.0,0.0,17/02/2022,6745000.0,0.0,6745000.0,"","","","",RAHMAT,"",HDD PC SEAGATE 2TB SKYHAWK #,"","",2.0,PCS,840000.0,0.00 %,"",0.0,1680000.0,1680000.0,0.0,"",0.0,0.0,"","","","",0.0,0.0
03/02/2022,Faktur Pembelian,JL.2202.00749,CANDRA (BLESSING),Lunas,"",6745000.0,0.0,17/02/2022,6745000.0,0.0,6745000.0,"","","","",RAHMAT,"",TPLINK SF1005 SWITCH LAN 5 PORT ( HUB LAN 5 PORT B),"","",5.0,PCS,61000.0,0.00 %,"",0.0,305000.0,305000.0,0.0,"",0.0,0.0,"","","","",0.0,0.0
03/02/2022,Faktur Pembelian,JL00143202,WULAN (DISCOUNT NOTEBOOK),Lunas,"",354000.0,0.0,05/03/2022,354000.0,0.0,354000.0,"","","JL. SOEKARNO HATTA RT. 012  RW. 004 PANE, RASANAE BARAT","","","",KEYBOARD LAPTOP ASUS E203 BLACK,"","",5.0,PCS,65000.0,0.00 %,"",0.0,325000.0,325000.0,0.0,"",29000.0,0.0,"","","","",0.0,0.0
03/02/2022,Faktur Pembelian,00602400_036,PRIYO (K GALAXY),Lunas,"",19560000.0,0.0,05/03/2022,19560000.0,0.0,19560000.0,"","","","","","",PRINTER EPSON L3210,"","",8.0,UNIT,2445000.0,0.00 %,"",0.0,19560000.0,19560000.0,0.0,"",0.0,0.0,"","","","",0.0,0.0
03/02/2022,Faktur Pembelian,12920,ANDRIANY MUSTIKA SARI (cencen),Lunas,"",4932000.0,0.0,05/03/2022,4932000.0,0.0,4932000.0,"","","","","","",STEPLES KANGARO TRENDY 35,"","",240.0,PCS,20550.0,0.00 %,"",0.0,4932000.0,4932000.0,0.0,"",0.0,0.0,"","","","",0.0,0.0
04/02/2022,Faktur Pembelian,12894,ONLINE,Lunas,"",1250000.0,0.0,06/03/2022,1250000.0,0.0,1250000.0,"","","","","","",CATRIDGE COMPUPRINT PRK6240,"","",10.0,PCS,125000.0,0.00 %,"",0.0,1250000.0,1250000.0,0.0,"",0.0,0.0,"","","","",0.0,0.0
04/02/2022,Faktur Pembelian,12895,IQ TRONIK,Lunas,"",23000000.0,0.0,06/03/2022,23000000.0,0.0,23000000.0,"","","","","","",KERTAS FOTO KODAK 270GR SATIN /  SILKY,"","",250.0,PCS,46000.0,0.00 %,"",0.0,11500000.0,11500000.0,0.0,"",0.0,0.0,"","","","",0.0,0.0
04/02/2022,Faktur Pembelian,12895,IQ TRONIK,Lunas,"",23000000.0,0.0,06/03/2022,23000000.0,0.0,23000000.0,"","","","","","",KERTAS FOTO KODAK 270GR GLOSSY,"","",250.0,PCS,46000.0,0.00 %,"",0.0,11500000.0,11500000.0,0.0,"",0.0,0.0,"","","","",0.0,0.0
04/02/2022,Faktur Pembelian,12896,PT SAMAMAJU PRIMA NTB,Lunas,"",38899080.0,0.0,06/03/2022,38899080.0,0.0,38899080.0,"","","","",AGUS,"",SIDU A4 75 GSM,"","",500.0,PCS,36386.46,0.00 %,"",0.0,18193230.0,18193230.0,0.0,"",0.0,0.0,"","","","",0.0,0.0
04/02/2022,Faktur Pembelian,12896,PT SAMAMAJU PRIMA NTB,Lunas,"",38899080.0,0.0,06/03/2022,38899080.0,0.0,38899080.0,"","","","",AGUS,"",SIDU F4 75 GSM,"","",500.0,PCS,41411.7,0.00 %,"",0.0,20705850.0,20705850.0,0.0,"",0.0,0.0,"","","","",0.0,0.0
04/02/2022,Faktur Pembelian,JL00143428,WULAN (DISCOUNT NOTEBOOK),Lunas,"",387000.0,0.0,06/03/2022,387000.0,0.0,387000.0,"","","JL. SOEKARNO HATTA RT. 012  RW. 004 PANE, RASANAE BARAT","","","",KEYBOARD ACER V5 431,"","",3.0,PCS,65000.0,0.00 %,"",0.0,195000.0,195000.0,0.0,"",2000.0,0.0,"","","","",0.0,0.0
04/02/2022,Faktur Pembelian,JL00143428,WULAN (DISCOUNT NOTEBOOK),Lunas,"",387000.0,0.0,06/03/2022,387000.0,0.0,387000.0,"","","JL. SOEKARNO HATTA RT. 012  RW. 004 PANE, RASANAE BARAT","","","",BATERAI LAPTOP HP PAVILION 14-D (OA04),"","",1.0,PCS,190000.0,0.00 %,"",0.0,190000.0,190000.0,0.0,"",2000.0,0.0,"","","","",0.0,0.0
04/02/2022,Faktur Pembelian,JL00143399,WULAN (DISCOUNT NOTEBOOK),Lunas,"",492000.0,0.0,06/03/2022,492000.0,0.0,492000.0,"","","JL. SOEKARNO HATTA RT. 012  RW. 004 PANE, RASANAE BARAT","","","",KEYBOARD LAPTOP ASUS X441 (BLACK),"","",6.0,PCS,60000.0,0.00 %,"",0.0,360000.0,360000.0,0.0,"",2000.0,0.0,"","","","",0.0,0.0
04/02/2022,Faktur Pembelian,JL00143399,WULAN (DISCOUNT NOTEBOOK),Lunas,"",492000.0,0.0,06/03/2022,492000.0,0.0,492000.0,"","","JL. SOEKARNO HATTA RT. 012  RW. 004 PANE, RASANAE BARAT","","","",KEYBOARD LAPTOP LENOVO 320 - 14 NLACK (NO POWER),"","",2.0,PCS,65000.0,0.00 %,"",0.0,130000.0,130000.0,0.0,"",2000.0,0.0,"","","","",0.0,0.0
04/02/2022,Faktur Pembelian,PJL-22-02-00074,PT. Surya Makmur Kreasindo (HJ),Lunas,"",9000000.0,0.0,18/02/2022,8181818.181818,818181.818182,9000000.0,"",SURABAYA,"","",CV TIGA NUSA,"",* PRINTER EPSON L5290,"","",2.0,UNIT,4090909.090909,0.00 %,10.0,818181.8181818,8181818.181818,8181818.181818,0.0,"",0.0,0.0,PT. Surya Makmur Kreasindo,"",081515111951,"",0.0,0.0
05/02/2022,Faktur Pembelian,12897,FIKTIF BELI,Lunas,"",260000.0,0.0,07/03/2022,260000.0,0.0,260000.0,"","","","","","",TINTA CANON ORI 790 BLACK NON PACK,"","",1.0,PCS,65000.0,0.00 %,"",0.0,65000.0,65000.0,0.0,"",0.0,0.0,"","","","",0.0,0.0
05/02/2022,Faktur Pembelian,12897,FIKTIF BELI,Lunas,"",260000.0,0.0,07/03/2022,260000.0,0.0,260000.0,"","","","","","",TINTA CANON ORI 790 CYAN NON PACK,"","",1.0,PCS,65000.0,0.00 %,"",0.0,65000.0,65000.0,0.0,"",0.0,0.0,"","","","",0.0,0.0
05/02/2022,Faktur Pembelian,12897,FIKTIF BELI,Lunas,"",260000.0,0.0,07/03/2022,260000.0,0.0,260000.0,"","","","","","",TINTA CANON ORI 790 YELLOW NON PACK,"","",1.0,PCS,65000.0,0.00 %,"",0.0,65000.0,65000.0,0.0,"",0.0,0.0,"","","","",0.0,0.0
05/02/2022,Faktur Pembelian,12897,FIKTIF BELI,Lunas,"",260000.0,0.0,07/03/2022,260000.0,0.0,260000.0,"","","","","","",TINTA CANON ORI 790 MAGENTA NON PACK,"","",1.0,PCS,65000.0,0.00 %,"",0.0,65000.0,65000.0,0.0,"",0.0,0.0,"","","","",0.0,0.0
05/02/2022,Faktur Pembelian,12898,FIKTIF BELI,Lunas,"",200000.0,0.0,07/03/2022,200000.0,0.0,200000.0,"","","","","","",AMPLOP PAPER LINE ( LEM ),"","",10.0,KOTAK,20000.0,0.00 %,"",0.0,200000.0,200000.0,0.0,"",0.0,0.0,"","","","",0.0,0.0
05/02/2022,Faktur Pembelian,12899,ONLINE,Lunas,"",2500000.0,0.0,07/03/2022,2500000.0,0.0,2500000.0,"","","","","","",ISOLUTION X105 (ABSEN SIDIK JARI),"","",2.0,PCS,1250000.0,0.00 %,"",0.0,2500000.0,2500000.0,0.0,"",0.0,0.0,"","","","",0.0,0.0
05/02/2022,Faktur Pembelian,12900,FIKTIF BELI,Lunas,"",140000.0,0.0,07/03/2022,140000.0,0.0,140000.0,"","","","","","",ISI STEMPLES KANGARO N0.10,"","",100.0,KOTAK,1400.0,0.00 %,"",0.0,140000.0,140000.0,0.0,"",0.0,0.0,"","","","",0.0,0.0
05/02/2022,Faktur Pembelian,12901,FIKTIF BELI,Lunas,"",1439999.999875,0.0,07/03/2022,1439999.999875,0.0,1439999.999875,"","","","","","",KABEL LAN BELDEN / COMSCAPE CAT 5 PERMETER,"","",305.0,METER,4721.311475,0.00 %,"",0.0,1439999.999875,1439999.999875,0.0,"",0.0,0.0,"","","","",0.0,0.0
05/02/2022,Faktur Pembelian,12902,FIKTIF BELI,Lunas,"",100000.0,0.0,07/03/2022,100000.0,0.0,100000.0,"","","","","","",RJ45 COMMSCOPE,"","",50.0,BIJI,2000.0,0.00 %,"",0.0,100000.0,100000.0,0.0,"",0.0,0.0,"","","","",0.0,0.0
05/02/2022,Faktur Pembelian,JL.2202.01332,CANDRA (BLESSING),Lunas,"",5625000.0,0.0,19/02/2022,5625000.0,0.0,5625000.0,"","","","",AGUS,"",RIBBON CATRIDGE EPSON LX310,"","",50.0,PCS,45000.0,0.00 %,"",0.0,2250000.0,2250000.0,0.0,"",0.0,0.0,"","","","",0.0,0.0
05/02/2022,Faktur Pembelian,JL.2202.01332,CANDRA (BLESSING),Lunas,"",5625000.0,0.0,19/02/2022,5625000.0,0.0,5625000.0,"","","","",AGUS,"",HDD EXTERNAL SEAGATE EXPANSION 1TB #,"","",5.0,PCS,675000.0,0.00 %,"",0.0,3375000.0,3375000.0,0.0,"",0.0,0.0,"","","","",0.0,0.0
05/02/2022,Faktur Pembelian,JL.2202.01333,CANDRA (BLESSING),Lunas,"",17375000.0,0.0,19/02/2022,17375000.0,0.0,17375000.0,"","","","",AGUS,"","AXIOO MYBOOK 11G INTEL GEMINI N4020 4GB 256GB SSD 11,6""","","",5.0,UNIT,3475000.0,0.00 %,"",0.0,17375000.0,17375000.0,0.0,"",0.0,0.0,"","","","",0.0,0.0
05/02/2022,Faktur Pembelian,2202029,ANDY (JMK),Lunas,"",4500000.0,0.0,07/03/2022,4500000.0,0.0,4500000.0,"","","","","","",MOUSE GENIUS WIRELESS NX-7005 / NX-7015,"","",50.0,PCS,90000.0,0.00 %,"",0.0,4500000.0,4500000.0,0.0,"",0.0,0.0,"","","","",0.0,0.0
06/02/2022,Faktur Pembelian,12903,GLOBAL MART BIMA,Lunas,"",306000.0,0.0,08/03/2022,306000.0,0.0,306000.0,"","","","","","",CUTTER L500,"","",12.0,PCS,14000.0,0.00 %,"",0.0,168000.0,168000.0,0.0,"",0.0,0.0,"","","","",0.0,0.0
06/02/2022,Faktur Pembelian,12903,GLOBAL MART BIMA,Lunas,"",306000.0,0.0,08/03/2022,306000.0,0.0,306000.0,"","","","","","",GUNTING,"","",12.0,PCS,7000.0,0.00 %,"",0.0,84000.0,84000.0,0.0,"",0.0,0.0,"","","","",0.0,0.0
06/02/2022,Faktur Pembelian,12903,GLOBAL MART BIMA,Lunas,"",306000.0,0.0,08/03/2022,306000.0,0.0,306000.0,"","","","","","",LEM POVINAL TANGGUNG,"","",12.0,PCS,4500.0,0.00 %,"",0.0,54000.0,54000.0,0.0,"",0.0,0.0,"","","","",0.0,0.0
07/02/2022,Faktur Pembelian,12904,FIKTIF BELI,Lunas,"",505000.0,0.0,09/03/2022,505000.0,0.0,505000.0,"","","","","","",MB G41 AMPTRON LGA,"","",1.0,PCS,505000.0,0.00 %,"",0.0,505000.0,505000.0,0.0,"",0.0,0.0,"","","","",0.0,0.0
07/02/2022,Faktur Pembelian,12905,FIKTIF BELI,Lunas,"",17182000.0,0.0,09/03/2022,17182000.0,0.0,17182000.0,"","","","","","",PRINTER CANON G1020,"","",10.0,UNIT,1718200.0,0.00 %,"",0.0,17182000.0,17182000.0,0.0,"",0.0,0.0,"","","","",0.0,0.0
07/02/2022,Faktur Pembelian,12906,FIKTIF BELI,Lunas,"",1000000.0,0.0,09/03/2022,1000000.0,0.0,1000000.0,"","","","","","",TINTA SPIDOL PERMANENT,"","",100.0,PCS,10000.0,0.00 %,"",0.0,1000000.0,1000000.0,0.0,"",0.0,0.0,"","","","",0.0,0.0
07/02/2022,Faktur Pembelian,JL.2202.01878,CANDRA (BLESSING),Lunas,"",29790000.0,0.0,21/02/2022,29790000.0,0.0,29790000.0,"","","","",AGUS,"",ACER A314-35-C2T9 N5100 4GB 256GB SSD #,"","",6.0,UNIT,4965000.0,0.00 %,"",0.0,29790000.0,29790000.0,0.0,"",0.0,0.0,"","","","",0.0,0.0
07/02/2022,Faktur Pembelian,JL00143609,WULAN (DISCOUNT NOTEBOOK),Lunas,"",844000.0,0.0,09/03/2022,844000.0,0.0,844000.0,"","","JL. SOEKARNO HATTA RT. 012  RW. 004 PANE, RASANAE BARAT","","","",KEYBOARD ACER V5 123 / 725,"","",6.0,PCS,70000.0,0.00 %,"",0.0,420000.0,420000.0,0.0,"",4000.0,0.0,"","","","",0.0,0.0
07/02/2022,Faktur Pembelian,JL00143609,WULAN (DISCOUNT NOTEBOOK),Lunas,"",844000.0,0.0,09/03/2022,844000.0,0.0,844000.0,"","","JL. SOEKARNO HATTA RT. 012  RW. 004 PANE, RASANAE BARAT","","","",KEYBOARD ACER 722,"","",3.0,PCS,75000.0,0.00 %,"",0.0,225000.0,225000.0,0.0,"",4000.0,0.0,"","","","",0.0,0.0
07/02/2022,Faktur Pembelian,JL00143609,WULAN (DISCOUNT NOTEBOOK),Lunas,"",844000.0,0.0,09/03/2022,844000.0,0.0,844000.0,"","","JL. SOEKARNO HATTA RT. 012  RW. 004 PANE, RASANAE BARAT","","","",KEYBOARD LAPTOP LENOVO 320 / 330,"","",3.0,PCS,65000.0,0.00 %,"",0.0,195000.0,195000.0,0.0,"",4000.0,0.0,"","","","",0.0,0.0
07/02/2022,Faktur Pembelian,12927,CV. NOAH SEJAHTERA ABADI,Lunas,"",7980000.0,0.0,21/02/2022,7980000.0,0.0,7980000.0,"","","","","","",TINTA EPSON 003 BLACK,"","",120.0,PCS,66500.0,0.00 %,"",0.0,7980000.0,7980000.0,0.0,"",0.0,0.0,"","","","",0.0,0.0
08/02/2022,Faktur Pembelian,JL.2202.02073,CANDRA (BLESSING),Lunas,"",5680000.0,0.0,22/02/2022,5680000.0,0.0,5680000.0,"","","JL. SOEKARNO HATTA RT. 012  RW. 004 PANE, RASANAE BARAT","",ARIES,"",KABEL CCTV RG 59 + POWER SPECTRA,"","",8.0,DUS,710000.0,0.00 %,"",0.0,5680000.0,5680000.0,0.0,"",0.0,0.0,"","","","",0.0,0.0
08/02/2022,Faktur Pembelian,NJL-EX1/131221/001,PT. INDO WARNA MULIA ( ALFA INK ),Lunas,"",19000000.0,0.0,09/04/2022,19000000.0,0.0,19000000.0,"","","","","","",KERTAS FOTO ALFA INK RC GLOSSY,"","",250.0,PCS,38000.0,0.00 %,"",0.0,9500000.0,9500000.0,0.0,"",0.0,0.0,"","","","",0.0,0.0
08/02/2022,Faktur Pembelian,NJL-EX1/131221/001,PT. INDO WARNA MULIA ( ALFA INK ),Lunas,"",19000000.0,0.0,09/04/2022,19000000.0,0.0,19000000.0,"","","","","","",KERTAS FOTO ALFA INK RC SILKY,"","",250.0,PCS,38000.0,0.00 %,"",0.0,9500000.0,9500000.0,0.0,"",0.0,0.0,"","","","",0.0,0.0
08/02/2022,Faktur Pembelian,12907,FIKTIF BELI,Lunas,"",0.0,0.0,10/03/2022,0.0,0.0,0.0,"","","","","","",TINTA CANON ORI 790 BLACK NON PACK,"","",1.0,PCS,0.0,0.00 %,"",0.0,0.0,0.0,0.0,"",0.0,0.0,"","","","",0.0,0.0
08/02/2022,Faktur Pembelian,12907,FIKTIF BELI,Lunas,"",0.0,0.0,10/03/2022,0.0,0.0,0.0,"","","","","","",TINTA CANON ORI 790 CYAN NON PACK,"","",1.0,PCS,0.0,0.00 %,"",0.0,0.0,0.0,0.0,"",0.0,0.0,"","","","",0.0,0.0
08/02/2022,Faktur Pembelian,12907,FIKTIF BELI,Lunas,"",0.0,0.0,10/03/2022,0.0,0.0,0.0,"","","","","","",TINTA CANON ORI 790 YELLOW NON PACK,"","",1.0,PCS,0.0,0.00 %,"",0.0,0.0,0.0,0.0,"",0.0,0.0,"","","","",0.0,0.0
08/02/2022,Faktur Pembelian,12907,FIKTIF BELI,Lunas,"",0.0,0.0,10/03/2022,0.0,0.0,0.0,"","","","","","",TINTA CANON ORI 790 MAGENTA NON PACK,"","",1.0,PCS,0.0,0.00 %,"",0.0,0.0,0.0,0.0,"",0.0,0.0,"","","","",0.0,0.0
08/02/2022,Faktur Pembelian,12908,FIKTIF BELI,Lunas,"",120000.0,0.0,10/03/2022,120000.0,0.0,120000.0,"","","","","","",TINTA CANON ORI 790 BLACK NON PACK,"","",1.0,PCS,30000.0,0.00 %,"",0.0,30000.0,30000.0,0.0,"",0.0,0.0,"","","","",0.0,0.0
08/02/2022,Faktur Pembelian,12908,FIKTIF BELI,Lunas,"",120000.0,0.0,10/03/2022,120000.0,0.0,120000.0,"","","","","","",TINTA CANON ORI 790 CYAN NON PACK,"","",1.0,PCS,30000.0,0.00 %,"",0.0,30000.0,30000.0,0.0,"",0.0,0.0,"","","","",0.0,0.0
08/02/2022,Faktur Pembelian,12908,FIKTIF BELI,Lunas,"",120000.0,0.0,10/03/2022,120000.0,0.0,120000.0,"","","","","","",TINTA CANON ORI 790 YELLOW NON PACK,"","",1.0,PCS,30000.0,0.00 %,"",0.0,30000.0,30000.0,0.0,"",0.0,0.0,"","","","",0.0,0.0
08/02/2022,Faktur Pembelian,12908,FIKTIF BELI,Lunas,"",120000.0,0.0,10/03/2022,120000.0,0.0,120000.0,"","","","","","",TINTA CANON ORI 790 MAGENTA NON PACK,"","",1.0,PCS,30000.0,0.00 %,"",0.0,30000.0,30000.0,0.0,"",0.0,0.0,"","","","",0.0,0.0
08/02/2022,Faktur Pembelian,12909,ELMI,Lunas,"",22800000.0,0.0,10/03/2022,22800000.0,0.0,22800000.0,"","","","","","",AIO ASUS V222GAK-WA141T Intel J4025 / 4GB / HDD 1TB,"","",4.0,UNIT,5700000.0,0.00 %,"",0.0,22800000.0,22800000.0,0.0,"",0.0,0.0,"","","","",0.0,0.0
08/02/2022,Faktur Pembelian,12910,DARMA DJ COMP,Lunas,"",39950000.0,0.0,10/03/2022,39950000.0,0.0,39950000.0,"","","","","","",AIO ASUS V222GAK-WA141T Intel J4025 / 4GB / HDD 1TB,"","",2.0,UNIT,5650000.0,0.00 %,"",0.0,11300000.0,11300000.0,0.0,"",0.0,0.0,"","","",087876835295,0.0,0.0
08/02/2022,Faktur Pembelian,12910,DARMA DJ COMP,Lunas,"",39950000.0,0.0,10/03/2022,39950000.0,0.0,39950000.0,"","","","","","",AIO ASUS V222GAK-WA141T Intel J4025 / 4GB / HDD 1TB,"","",5.0,UNIT,5730000.0,0.00 %,"",0.0,28650000.0,28650000.0,0.0,"",0.0,0.0,"","","",087876835295,0.0,0.0
08/02/2022,Faktur Pembelian,000868,LILI (PLATINUM),Lunas,HAPUS BATERAI LENOVO,664000.0,0.0,10/03/2022,664000.0,0.0,664000.0,"","","JL. SOEKARNO HATTA RT. 012  RW. 004 PANE, RASANAE BARAT","","","",BATERAI LAPTOP ACER Z1402,"","",2.0,PCS,320000.0,0.00 %,"",0.0,640000.0,640000.0,0.0,"",24000.0,0.0,"","","","",0.0,0.0
08/02/2022,Faktur Pembelian,000867,LILI (PLATINUM),Lunas,"",8254000.0,0.0,10/03/2022,8254000.0,0.0,8254000.0,"","","","","","",KABEL DATA PRINTER 3 METER,"","",20.0,PCS,18000.0,0.00 %,"",0.0,360000.0,360000.0,0.0,"",0.0,0.0,"","","","",0.0,0.0
08/02/2022,Faktur Pembelian,000867,LILI (PLATINUM),Lunas,"",8254000.0,0.0,10/03/2022,8254000.0,0.0,8254000.0,"","","","","","",KABEL USB EXTENDER 3 METER,"","",28.0,PCS,18000.0,0.00 %,"",0.0,504000.0,504000.0,0.0,"",0.0,0.0,"","","","",0.0,0.0
08/02/2022,Faktur Pembelian,000867,LILI (PLATINUM),Lunas,"",8254000.0,0.0,10/03/2022,8254000.0,0.0,8254000.0,"","","","","","",BATERAI ACER  V5 431 (AL12A32),"","",1.0,PCS,220000.0,0.00 %,"",0.0,220000.0,220000.0,0.0,"",0.0,0.0,"","","","",0.0,0.0
08/02/2022,Faktur Pembelian,000867,LILI (PLATINUM),Lunas,"",8254000.0,0.0,10/03/2022,8254000.0,0.0,8254000.0,"","","","","","","KABEL USB EXTENDER 1,5 METER","","",30.0,PCS,11000.0,0.00 %,"",0.0,330000.0,330000.0,0.0,"",0.0,0.0,"","","","",0.0,0.0
08/02/2022,Faktur Pembelian,000867,LILI (PLATINUM),Lunas,"",8254000.0,0.0,10/03/2022,8254000.0,0.0,8254000.0,"","","","","","",KABEL USB EXTENDER 5 METER,"","",20.0,PCS,26500.0,0.00 %,"",0.0,530000.0,530000.0,0.0,"",0.0,0.0,"","","","",0.0,0.0
08/02/2022,Faktur Pembelian,000867,LILI (PLATINUM),Lunas,"",8254000.0,0.0,10/03/2022,8254000.0,0.0,8254000.0,"","","","","","",KABEL POWER CPU HOWELL / HYDRA / DATAFAST,"","",40.0,PCS,15000.0,0.00 %,"",0.0,600000.0,600000.0,0.0,"",0.0,0.0,"","","","",0.0,0.0
08/02/2022,Faktur Pembelian,000867,LILI (PLATINUM),Lunas,"",8254000.0,0.0,10/03/2022,8254000.0,0.0,8254000.0,"","","","","","",KABEL POWER LAPTOP HOWELL / HYDRA / DATAFAST,"","",60.0,PCS,15000.0,0.00 %,"",0.0,900000.0,900000.0,0.0,"",0.0,0.0,"","","","",0.0,0.0
08/02/2022,Faktur Pembelian,000867,LILI (PLATINUM),Lunas,"",8254000.0,0.0,10/03/2022,8254000.0,0.0,8254000.0,"","","","","","",KABEL POWER PRINTER HYDRA / SANURPRO,"","",20.0,PCS,14000.0,0.00 %,"",0.0,280000.0,280000.0,0.0,"",0.0,0.0,"","","","",0.0,0.0
08/02/2022,Faktur Pembelian,000867,LILI (PLATINUM),Lunas,"",8254000.0,0.0,10/03/2022,8254000.0,0.0,8254000.0,"","","","","","","KABEL DATA PRINTER 1,5 METER","","",60.0,PCS,11000.0,0.00 %,"",0.0,660000.0,660000.0,0.0,"",0.0,0.0,"","","","",0.0,0.0
08/02/2022,Faktur Pembelian,000867,LILI (PLATINUM),Lunas,"",8254000.0,0.0,10/03/2022,8254000.0,0.0,8254000.0,"","","","","","",KABEL DATA PRINTER 5 METER,"","",20.0,PCS,26500.0,0.00 %,"",0.0,530000.0,530000.0,0.0,"",0.0,0.0,"","","","",0.0,0.0
08/02/2022,Faktur Pembelian,000867,LILI (PLATINUM),Lunas,"",8254000.0,0.0,10/03/2022,8254000.0,0.0,8254000.0,"","","","","","",CONVERTER STICK PS 2 TO USB,"","",30.0,PCS,23000.0,0.00 %,"",0.0,690000.0,690000.0,0.0,"",0.0,0.0,"","","","",0.0,0.0
08/02/2022,Faktur Pembelian,000867,LILI (PLATINUM),Lunas,"",8254000.0,0.0,10/03/2022,8254000.0,0.0,8254000.0,"","","","","","","CASING HDD 2,5 BIASA","","",60.0,PCS,39000.0,0.00 %,"",0.0,2340000.0,2340000.0,0.0,"",0.0,0.0,"","","","",0.0,0.0
08/02/2022,Faktur Pembelian,000867,LILI (PLATINUM),Lunas,"",8254000.0,0.0,10/03/2022,8254000.0,0.0,8254000.0,"","","","","","",BATERAI ACER ES1 432 AS16A8K / AS16A5K,"","",1.0,PCS,310000.0,0.00 %,"",0.0,310000.0,310000.0,0.0,"",0.0,0.0,"","","","",0.0,0.0
08/02/2022,Faktur Pembelian,2202040,ANDY (JMK),Lunas,"",6300000.0,0.0,10/03/2022,6300000.0,0.0,6300000.0,"","","","","","",SPEAKER ADVAN DUO 050,"","",60.0,PCS,55000.0,0.00 %,"",0.0,3300000.0,3300000.0,0.0,"",0.0,0.0,"","","","",0.0,0.0
08/02/2022,Faktur Pembelian,2202040,ANDY (JMK),Lunas,"",6300000.0,0.0,10/03/2022,6300000.0,0.0,6300000.0,"","","","","","",PAKET KEYBOARD MOUSE SPC,"","",40.0,PCS,75000.0,0.00 %,"",0.0,3000000.0,3000000.0,0.0,"",0.0,0.0,"","","","",0.0,0.0
08/02/2022,Faktur Pembelian,00602843_036,PRIYO (K GALAXY),Lunas,"",3195000.0,0.0,10/03/2022,3195000.0,0.0,3195000.0,"","","","","","",SPEAKER ADVANCE K1506,"","",1.0,UNIT,1065000.0,0.00 %,"",0.0,1065000.0,1065000.0,0.0,"",0.0,0.0,"","","","",0.0,0.0
08/02/2022,Faktur Pembelian,00602843_036,PRIYO (K GALAXY),Lunas,"",3195000.0,0.0,10/03/2022,3195000.0,0.0,3195000.0,"","","","","","",SEPAKER ADVANCE K1503,"","",2.0,UNIT,1065000.0,0.00 %,"",0.0,2130000.0,2130000.0,0.0,"",0.0,0.0,"","","","",0.0,0.0
09/02/2022,Faktur Pembelian,12911,DWI DSC PAK BAMBANG CANON,Lunas,"",7750000.0,0.0,11/03/2022,7750000.0,0.0,7750000.0,"","","","","","",PRINTER CANON PIXMA IP 2770,"","",10.0,UNIT,775000.0,0.00 %,"",0.0,7750000.0,7750000.0,0.0,"",0.0,0.0,"","","","",0.0,0.0
09/02/2022,Faktur Pembelian,12912,FIKTIF BELI,Lunas,"",710000.0001,0.0,11/03/2022,710000.0001,0.0,710000.0001,"","","","","","",KABEL CCTV PERMETER,"","",300.0,METER,2366.666667,0.00 %,"",0.0,710000.0001,710000.0001,0.0,"",0.0,0.0,"","","","",0.0,0.0
09/02/2022,Faktur Pembelian,12913,DARMA DJ COMP,Lunas,"",17190000.0,0.0,11/03/2022,17190000.0,0.0,17190000.0,"","","","","","",AIO ASUS V222GAK-WA141T Intel J4025 / 4GB / HDD 1TB,"","",3.0,UNIT,5730000.0,0.00 %,"",0.0,17190000.0,17190000.0,0.0,"",0.0,0.0,"","","",087876835295,0.0,0.0
09/02/2022,Faktur Pembelian,12914,ONLINE,Lunas,"",5700000.0,0.0,11/03/2022,5700000.0,0.0,5700000.0,"","","","","","",AIO ASUS V222GAK-WA141T Intel J4025 / 4GB / HDD 1TB,"","",1.0,UNIT,5700000.0,0.00 %,"",0.0,5700000.0,5700000.0,0.0,"",0.0,0.0,"","","","",0.0,0.0
09/02/2022,Faktur Pembelian,12915,LEON PT TUJUH ANUGRAH ABADI,Lunas,CANON SUDAH,9552000.0,0.0,11/03/2022,9552000.0,0.0,9552000.0,"","","","","","",TINTA CANON ORI 790 BLACK,"","",24.0,PCS,107000.0,0.00 %,"",0.0,2568000.0,2568000.0,0.0,"",0.0,0.0,"","","","",0.0,0.0
09/02/2022,Faktur Pembelian,12915,LEON PT TUJUH ANUGRAH ABADI,Lunas,CANON SUDAH,9552000.0,0.0,11/03/2022,9552000.0,0.0,9552000.0,"","","","","","",TINTA CANON ORI 790 MAGENTA,"","",24.0,PCS,97000.0,0.00 %,"",0.0,2328000.0,2328000.0,0.0,"",0.0,0.0,"","","","",0.0,0.0
09/02/2022,Faktur Pembelian,12915,LEON PT TUJUH ANUGRAH ABADI,Lunas,CANON SUDAH,9552000.0,0.0,11/03/2022,9552000.0,0.0,9552000.0,"","","","","","",TINTA CANON ORI 790 YELLOW,"","",24.0,PCS,97000.0,0.00 %,"",0.0,2328000.0,2328000.0,0.0,"",0.0,0.0,"","","","",0.0,0.0
09/02/2022,Faktur Pembelian,12915,LEON PT TUJUH ANUGRAH ABADI,Lunas,CANON SUDAH,9552000.0,0.0,11/03/2022,9552000.0,0.0,9552000.0,"","","","","","",TINTA CANON ORI 790 CYAN,"","",24.0,PCS,97000.0,0.00 %,"",0.0,2328000.0,2328000.0,0.0,"",0.0,0.0,"","","","",0.0,0.0
09/02/2022,Faktur Pembelian,12916,TATIK (LEGENDA),Lunas,"",14246000.0,0.0,11/03/2022,14246000.0,0.0,14246000.0,"","","","","","",TINTA EPSON 003 BLACK,"","",60.0,PCS,73500.0,0.00 %,"",0.0,4410000.0,4410000.0,0.0,"",0.0,0.0,"","","","",0.0,0.0
09/02/2022,Faktur Pembelian,12916,TATIK (LEGENDA),Lunas,"",14246000.0,0.0,11/03/2022,14246000.0,0.0,14246000.0,"","","","","","",TINTA EPSON 003 MAGENTA,"","",60.0,PCS,73500.0,0.00 %,"",0.0,4410000.0,4410000.0,0.0,"",0.0,0.0,"","","","",0.0,0.0
09/02/2022,Faktur Pembelian,12916,TATIK (LEGENDA),Lunas,"",14246000.0,0.0,11/03/2022,14246000.0,0.0,14246000.0,"","","","","","",TINTA EPSON 003 YELLOW,"","",60.0,PCS,73500.0,0.00 %,"",0.0,4410000.0,4410000.0,0.0,"",0.0,0.0,"","","","",0.0,0.0
09/02/2022,Faktur Pembelian,12916,TATIK (LEGENDA),Lunas,"",14246000.0,0.0,11/03/2022,14246000.0,0.0,14246000.0,"","","","","","",TINTA EPSON 001 BLACK,"","",8.0,PCS,127000.0,0.00 %,"",0.0,1016000.0,1016000.0,0.0,"",0.0,0.0,"","","","",0.0,0.0
09/02/2022,Faktur Pembelian,JL.2202.02623,CANDRA (BLESSING),Lunas,"",24825000.0,0.0,23/02/2022,24825000.0,0.0,24825000.0,"","","","",ARIES,"",ACER A314-35-C2T9 N5100 4GB 256GB SSD #,"","",5.0,UNIT,4965000.0,0.00 %,"",0.0,24825000.0,24825000.0,0.0,"",0.0,0.0,"","","","",0.0,0.0
09/02/2022,Faktur Pembelian,JL.2202.02615,CANDRA (BLESSING),Lunas,"",792000.0,0.0,23/02/2022,792000.0,0.0,792000.0,"","","","",ARIES,"",TINTA EPSON 001 MAGENTA,"","",3.0,PCS,88000.0,0.00 %,"",0.0,264000.0,264000.0,0.0,"",0.0,0.0,"","","","",0.0,0.0
09/02/2022,Faktur Pembelian,JL.2202.02615,CANDRA (BLESSING),Lunas,"",792000.0,0.0,23/02/2022,792000.0,0.0,792000.0,"","","","",ARIES,"",TINTA EPSON 001 YELLOW,"","",3.0,PCS,88000.0,0.00 %,"",0.0,264000.0,264000.0,0.0,"",0.0,0.0,"","","","",0.0,0.0
09/02/2022,Faktur Pembelian,JL.2202.02615,CANDRA (BLESSING),Lunas,"",792000.0,0.0,23/02/2022,792000.0,0.0,792000.0,"","","","",ARIES,"",TINTA EPSON 001 CYAN,"","",3.0,PCS,88000.0,0.00 %,"",0.0,264000.0,264000.0,0.0,"",0.0,0.0,"","","","",0.0,0.0
09/02/2022,Faktur Pembelian,JL.2202.02461,CANDRA (BLESSING),Lunas,"",16155000.0,0.0,23/02/2022,16155000.0,0.0,16155000.0,"","","","",ARIES,"",ASUS P1411CMA N4020 4GB 256GB SSD WIN 10 # NW,"","",3.0,UNIT,5385000.0,0.00 %,"",0.0,16155000.0,16155000.0,0.0,"",0.0,0.0,"","","","",0.0,0.0
09/02/2022,Faktur Pembelian,JL.2202.02543,CANDRA (BLESSING),Lunas,"",24825000.0,0.0,23/02/2022,24825000.0,0.0,24825000.0,"","","","",ARIES,"",ACER A314-35-C2T9 N5100 4GB 256GB SSD #,"","",5.0,UNIT,4965000.0,0.00 %,"",0.0,24825000.0,24825000.0,0.0,"",0.0,0.0,"","","","",0.0,0.0
09/02/2022,Faktur Pembelian,12917,TATIK (LEGENDA),Lunas,"",9500000.0,0.0,11/03/2022,9500000.0,0.0,9500000.0,"","","","","","",PRINTER CANON G2020 PSC,"","",5.0,UNIT,1900000.0,0.00 %,"",0.0,9500000.0,9500000.0,0.0,"",0.0,0.0,"","","","",0.0,0.0
09/02/2022,Faktur Pembelian,12918,ONLINE,Lunas,"",11450000.0,0.0,11/03/2022,11450000.0,0.0,11450000.0,"","","","","","",AIO ASUS V222GAK-WA141T Intel J4025 / 4GB / HDD 1TB,"","",2.0,UNIT,5725000.0,0.00 %,"",0.0,11450000.0,11450000.0,0.0,"",0.0,0.0,"","","","",0.0,0.0
09/02/2022,Faktur Pembelian,12919,EKO HASAN,Lunas,"",522999.999999,0.0,11/03/2022,522999.999999,0.0,522999.999999,"","","","","","",ADAPTOR / PSU EPSON L3110,"","",3.0,PCS,174333.333333,0.00 %,"",0.0,522999.999999,522999.999999,0.0,"",0.0,0.0,"","","","",0.0,0.0
09/02/2022,Faktur Pembelian,JL5522020251,YULI (HP CENTRE),Lunas,"",9375000.0,0.0,11/03/2022,9375000.0,0.0,9375000.0,"","","","",ARIES,"",PRINTER CANON G2010,"","",5.0,UNIT,1875000.0,0.00 %,"",0.0,9375000.0,9375000.0,0.0,"",0.0,0.0,"","","","",0.0,0.0
10/02/2022,Faktur Pembelian,NJL-EX1/250122/002,PT. INDO WARNA MULIA ( ALFA INK ),Lunas,"",5200000.0,5200000.0,11/04/2022,5200000.0,0.0,0.0,"","","","","","",ALFA INK CANON BLACK 100CC,"","",200.0,PCS,26000.0,0.00 %,"",0.0,5200000.0,5200000.0,0.0,"",0.0,0.0,"","","","",0.0,0.0
10/02/2022,Faktur Pembelian,12921,FIKTIF BELI,Lunas,"",160000.0,0.0,12/03/2022,160000.0,0.0,160000.0,"","","","","","",BATERAI CR1620,"","",20.0,PCS,8000.0,0.00 %,"",0.0,160000.0,160000.0,0.0,"",0.0,0.0,"","","","",0.0,0.0
10/02/2022,Faktur Pembelian,12922,FIKTIF BELI,Lunas,"",482200.0,0.0,12/03/2022,482200.0,0.0,482200.0,"","","","","","",SIDU F4 80 GSM,"","",10.0,PCS,48220.0,0.00 %,"",0.0,482200.0,482200.0,0.0,"",0.0,0.0,"","","","",0.0,0.0
10/02/2022,Faktur Pembelian,12923,ONLINE,Lunas,"",17100000.0,0.0,12/03/2022,17100000.0,0.0,17100000.0,"","","","","","",AIO ASUS V222GAK-WA141T Intel J4025 / 4GB / HDD 1TB,"","",3.0,UNIT,5700000.0,0.00 %,"",0.0,17100000.0,17100000.0,0.0,"",0.0,0.0,"","","","",0.0,0.0
10/02/2022,Faktur Pembelian,12924,CANON BALI,Lunas,"",4509120.0,0.0,12/03/2022,4509120.0,0.0,4509120.0,"","","","","","",TINTA CANON ORI 790 BLACK,"","",20.0,PCS,105600.0,0.00 %,"",0.0,2112000.0,2112000.0,0.0,"",0.0,0.0,"","","","",0.0,0.0
10/02/2022,Faktur Pembelian,12924,CANON BALI,Lunas,"",4509120.0,0.0,12/03/2022,4509120.0,0.0,4509120.0,"","","","","","",TINTA CANON ORI 790 MAGENTA,"","",8.0,PCS,99880.0,0.00 %,"",0.0,799040.0,799040.0,0.0,"",0.0,0.0,"","","","",0.0,0.0
10/02/2022,Faktur Pembelian,12924,CANON BALI,Lunas,"",4509120.0,0.0,12/03/2022,4509120.0,0.0,4509120.0,"","","","","","",TINTA CANON ORI 790 YELLOW,"","",8.0,PCS,99880.0,0.00 %,"",0.0,799040.0,799040.0,0.0,"",0.0,0.0,"","","","",0.0,0.0
10/02/2022,Faktur Pembelian,12924,CANON BALI,Lunas,"",4509120.0,0.0,12/03/2022,4509120.0,0.0,4509120.0,"","","","","","",TINTA CANON ORI 790 CYAN,"","",8.0,PCS,99880.0,0.00 %,"",0.0,799040.0,799040.0,0.0,"",0.0,0.0,"","","","",0.0,0.0
10/02/2022,Faktur Pembelian,JL.2202.02800,CANDRA (BLESSING),Lunas,"",33330000.0,0.0,24/02/2022,33330000.0,0.0,33330000.0,"","","","",RAHMAT,"","CASH DRAWER IWARE CD408 40CM X 43CM X 10CM (RJ11) 7 SLOT UANG KERTAS, 3 SLOT UANG KOIN","","",2.0,PCS,365000.0,0.00 %,"",0.0,730000.0,730000.0,0.0,"",0.0,0.0,"","","","",0.0,0.0
10/02/2022,Faktur Pembelian,JL.2202.02800,CANDRA (BLESSING),Lunas,"",33330000.0,0.0,24/02/2022,33330000.0,0.0,33330000.0,"","","","",RAHMAT,"",ASUS A416JP-VIPS551 Ci5-1035G1 8GB 512GB SSD VGA MX 330 2GB W10 NW,"","",1.0,UNIT,10565000.0,0.00 %,"",0.0,10565000.0,10565000.0,0.0,"",0.0,0.0,"","","","",0.0,0.0
10/02/2022,Faktur Pembelian,JL.2202.02800,CANDRA (BLESSING),Lunas,"",33330000.0,0.0,24/02/2022,33330000.0,0.0,33330000.0,"","","","",RAHMAT,"",ASUS A416JAO CI3-1005G1 4GB SSD 512GB NW,"","",3.0,UNIT,7345000.0,0.00 %,"",0.0,22035000.0,22035000.0,0.0,"",0.0,0.0,"","","","",0.0,0.0
10/02/2022,Faktur Pembelian,JL.2202.02810,CANDRA (BLESSING),Lunas,"",33950000.0,0.0,24/02/2022,33950000.0,0.0,33950000.0,"","","","",ARIES,"","ACER 5 A514 - 54  - Ci3-1115G4 4GB 512GB SSD 14""","","",5.0,UNIT,6790000.0,0.00 %,"",0.0,33950000.0,33950000.0,0.0,"",0.0,0.0,"","","","",0.0,0.0
10/02/2022,Faktur Pembelian,12925,KO ROBBY,Lunas,"",269500.0,0.0,12/03/2022,269500.0,0.0,269500.0,"","","","","","",BATERAI PANASONIC PRIMA / EVR MERAH AAA,"","",140.0,PCS,1925.0,0.00 %,"",0.0,269500.0,269500.0,0.0,"",0.0,0.0,"","","","",0.0,0.0
10/02/2022,Faktur Pembelian,12926,CANON BALI,Lunas,"",722700.0,0.0,12/03/2022,722700.0,0.0,722700.0,"","","","","","",MB CANON G2010,"","",1.0,PCS,422000.0,0.00 %,"",0.0,422000.0,422000.0,0.0,"",0.0,0.0,"","","","",0.0,0.0
10/02/2022,Faktur Pembelian,12926,CANON BALI,Lunas,"",722700.0,0.0,12/03/2022,722700.0,0.0,722700.0,"","","","","","",MB CANON G1010,"","",1.0,PCS,300700.0,0.00 %,"",0.0,300700.0,300700.0,0.0,"",0.0,0.0,"","","","",0.0,0.0
10/02/2022,Faktur Pembelian,JL00144009,WULAN (DISCOUNT NOTEBOOK),Lunas,"",2146000.0,0.0,12/03/2022,2146000.0,0.0,2146000.0,"","","JL. SOEKARNO HATTA RT. 012  RW. 004 PANE, RASANAE BARAT","","","",KEYBOARD LAPTOP ASUS X441 (BLACK),"","",3.0,PCS,60000.0,0.00 %,"",0.0,180000.0,180000.0,0.0,"",11000.0,0.0,"","","","",0.0,0.0
10/02/2022,Faktur Pembelian,JL00144009,WULAN (DISCOUNT NOTEBOOK),Lunas,"",2146000.0,0.0,12/03/2022,2146000.0,0.0,2146000.0,"","","JL. SOEKARNO HATTA RT. 012  RW. 004 PANE, RASANAE BARAT","","","",KEYBOARD ACER V5 123 / 725,"","",6.0,PCS,70000.0,0.00 %,"",0.0,420000.0,420000.0,0.0,"",11000.0,0.0,"","","","",0.0,0.0
10/02/2022,Faktur Pembelian,JL00144009,WULAN (DISCOUNT NOTEBOOK),Lunas,"",2146000.0,0.0,12/03/2022,2146000.0,0.0,2146000.0,"","","JL. SOEKARNO HATTA RT. 012  RW. 004 PANE, RASANAE BARAT","","","",KEYBOARD ACER 722,"","",3.0,PCS,75000.0,0.00 %,"",0.0,225000.0,225000.0,0.0,"",11000.0,0.0,"","","","",0.0,0.0
10/02/2022,Faktur Pembelian,JL00144009,WULAN (DISCOUNT NOTEBOOK),Lunas,"",2146000.0,0.0,12/03/2022,2146000.0,0.0,2146000.0,"","","JL. SOEKARNO HATTA RT. 012  RW. 004 PANE, RASANAE BARAT","","","",KEYBOARD LAPTOP LENOVO 320 / 330,"","",3.0,PCS,65000.0,0.00 %,"",0.0,195000.0,195000.0,0.0,"",11000.0,0.0,"","","","",0.0,0.0
10/02/2022,Faktur Pembelian,JL00144009,WULAN (DISCOUNT NOTEBOOK),Lunas,"",2146000.0,0.0,12/03/2022,2146000.0,0.0,2146000.0,"","","JL. SOEKARNO HATTA RT. 012  RW. 004 PANE, RASANAE BARAT","","","",LCD 15 SLIM 30PIN FHD SMALL FRAME,"","",1.0,PCS,1115000.0,0.00 %,"",0.0,1115000.0,1115000.0,0.0,"",11000.0,0.0,"","","","",0.0,0.0
10/02/2022,Faktur Pembelian,JL5522020294,YULI (HP CENTRE),Lunas,"",12960000.0,0.0,12/03/2022,12960000.0,0.0,12960000.0,"","","","",AGUS,"",TINTA EPSON 664 MAGENTA,"","",60.0,PCS,72000.0,0.00 %,"",0.0,4320000.0,4320000.0,0.0,"",0.0,0.0,"","","","",0.0,0.0
10/02/2022,Faktur Pembelian,JL5522020294,YULI (HP CENTRE),Lunas,"",12960000.0,0.0,12/03/2022,12960000.0,0.0,12960000.0,"","","","",AGUS,"",TINTA EPSON 664 CYAN,"","",60.0,PCS,72000.0,0.00 %,"",0.0,4320000.0,4320000.0,0.0,"",0.0,0.0,"","","","",0.0,0.0
10/02/2022,Faktur Pembelian,JL5522020294,YULI (HP CENTRE),Lunas,"",12960000.0,0.0,12/03/2022,12960000.0,0.0,12960000.0,"","","","",AGUS,"",TINTA EPSON 664 YELLOW,"","",60.0,PCS,72000.0,0.00 %,"",0.0,4320000.0,4320000.0,0.0,"",0.0,0.0,"","","","",0.0,0.0
10/02/2022,Faktur Pembelian,00603073_036,PRIYO (K GALAXY),Lunas,"",2160000.0,0.0,12/03/2022,2160000.0,0.0,2160000.0,"","","","","","","TRIPOT LAYAR PROJECTOR 70"" 172cm x 172cm SCREEN PROJECTOR","","",6.0,PCS,360000.0,0.00 %,"",0.0,2160000.0,2160000.0,0.0,"",0.0,0.0,"","","","",0.0,0.0
11/02/2022,Faktur Pembelian,12928,FIKTIF BELI,Lunas,"",100000.0,0.0,13/03/2022,100000.0,0.0,100000.0,"","","","","","",RJ45 COMMSCOPE,"","",50.0,BIJI,2000.0,0.00 %,"",0.0,100000.0,100000.0,0.0,"",0.0,0.0,"","","","",0.0,0.0
11/02/2022,Faktur Pembelian,12929,IQ TRONIK,Lunas,"",3450000.0,0.0,13/03/2022,3450000.0,0.0,3450000.0,"","","","","","",CD-RW GT PRO,"","",600.0,PCS,5750.0,0.00 %,"",0.0,3450000.0,3450000.0,0.0,"",0.0,0.0,"","","","",0.0,0.0
11/02/2022,Faktur Pembelian,JL.2202.03332,CANDRA (BLESSING),Lunas,"",840000.0,0.0,25/02/2022,840000.0,0.0,840000.0,"","","","",AGUS,"",MOUSE TOSHIBA U20,"","",20.0,PCS,42000.0,0.00 %,"",0.0,840000.0,840000.0,0.0,"",0.0,0.0,"","","","",0.0,0.0
11/02/2022,Faktur Pembelian,JL.2202.03325,CANDRA (BLESSING),Lunas,"",24825000.0,0.0,25/02/2022,24825000.0,0.0,24825000.0,"","","","",AGUS,"",ACER A314-35-C2T9 N5100 4GB 256GB SSD #,"","",5.0,UNIT,4965000.0,0.00 %,"",0.0,24825000.0,24825000.0,0.0,"",0.0,0.0,"","","","",0.0,0.0
11/02/2022,Faktur Pembelian,JL.2202.03172,CANDRA (BLESSING),Lunas,"",8950000.0,0.0,25/02/2022,8950000.0,0.0,8950000.0,"","","","",RAHMAT,"",PRINTER EPSON LQ2190 dot matrix,"","",1.0,UNIT,8950000.0,0.00 %,"",0.0,8950000.0,8950000.0,0.0,"",0.0,0.0,"","","","",0.0,0.0
11/02/2022,Faktur Pembelian,KG-U00007605,YOSSY (KABAR GEMBIRA),Lunas,"",26100000.0,0.0,18/02/2022,26100000.0,0.0,26100000.0,"","","","","","",ACER 3 A314-22 AMD RYZEN3-3250U 4GB 256GB SSD #,"","",1.0,UNIT,6100000.0,0.00 %,"",0.0,6100000.0,6100000.0,0.0,"",0.0,0.0,"","","","",0.0,0.0
11/02/2022,Faktur Pembelian,KG-U00007605,YOSSY (KABAR GEMBIRA),Lunas,"",26100000.0,0.0,18/02/2022,26100000.0,0.0,26100000.0,"","","","","","",ACER A314-35-C2T9 N5100 4GB 256GB SSD #,"","",4.0,UNIT,5000000.0,0.00 %,"",0.0,20000000.0,20000000.0,0.0,"",0.0,0.0,"","","","",0.0,0.0
11/02/2022,Faktur Pembelian,JL.2202.03420,CANDRA (BLESSING),Lunas,"",44030000.0,0.0,25/02/2022,44030000.0,0.0,44030000.0,"","","","",ARIES,"",HDD EXTERNAL TRANSCEND 1TB 25M3 RUBBER,"","",1.0,PCS,745000.0,0.00 %,"",0.0,745000.0,745000.0,0.0,"",0.0,0.0,"","","","",0.0,0.0
11/02/2022,Faktur Pembelian,JL.2202.03420,CANDRA (BLESSING),Lunas,"",44030000.0,0.0,25/02/2022,44030000.0,0.0,44030000.0,"","","","",ARIES,"",ASUS A413EP - VIPS751 Ci7-1165G7 8GB 512GB SSD VGA,"","",2.0,UNIT,12570000.0,0.00 %,"",0.0,25140000.0,25140000.0,0.0,"",0.0,0.0,"","","","",0.0,0.0
11/02/2022,Faktur Pembelian,JL.2202.03420,CANDRA (BLESSING),Lunas,"",44030000.0,0.0,25/02/2022,44030000.0,0.0,44030000.0,"","","","",ARIES,"",ASUS P1411CMA N4020 4GB 256GB SSD WIN 10 # NW,"","",3.0,UNIT,5385000.0,0.00 %,"",0.0,16155000.0,16155000.0,0.0,"",0.0,0.0,"","","","",0.0,0.0
11/02/2022,Faktur Pembelian,JL.2202.03420,CANDRA (BLESSING),Lunas,"",44030000.0,0.0,25/02/2022,44030000.0,0.0,44030000.0,"","","","",ARIES,"",MB MSI B450 TOMAHAWK-MAXII (AMD),"","",1.0,UNIT,1990000.0,0.00 %,"",0.0,1990000.0,1990000.0,0.0,"",0.0,0.0,"","","","",0.0,0.0
11/02/2022,Faktur Pembelian,000874,LILI (PLATINUM),Lunas,"",5880000.0,0.0,13/03/2022,5880000.0,0.0,5880000.0,"","","","","","",LCD LAPTOP 14 TIPIS 30 PIN,"","",6.0,PCS,980000.0,0.00 %,"",0.0,5880000.0,5880000.0,0.0,"",0.0,0.0,"","","","",0.0,0.0
11/02/2022,Faktur Pembelian,000872,LILI (PLATINUM),Lunas,"",6400000.0,0.0,13/03/2022,6400000.0,0.0,6400000.0,"","","","","","",SPEAKER TECKYO 778D / 778C / 778B,"","",20.0,PCS,290000.0,0.00 %,"",0.0,5800000.0,5800000.0,0.0,"",0.0,0.0,"","","","",0.0,0.0
11/02/2022,Faktur Pembelian,000872,LILI (PLATINUM),Lunas,"",6400000.0,0.0,13/03/2022,6400000.0,0.0,6400000.0,"","","","","","",KABEL VGA 3 METER,"","",40.0,PCS,15000.0,0.00 %,"",0.0,600000.0,600000.0,0.0,"",0.0,0.0,"","","","",0.0,0.0
11/02/2022,Faktur Pembelian,000873,LILI (PLATINUM),Lunas,"",6375000.0,0.0,13/03/2022,6375000.0,0.0,6375000.0,"","","","","","",PSU CPU GAMING BIONIC 500 WATT,"","",50.0,PCS,127500.0,0.00 %,"",0.0,6375000.0,6375000.0,0.0,"",0.0,0.0,"","","","",0.0,0.0
12/02/2022,Faktur Pembelian,12931,FIKTIF BELI,Lunas,"",65000.0,0.0,14/03/2022,65000.0,0.0,65000.0,"","","","","","",TINTA CANON ORI 790 BLACK NON PACK,"","",1.0,PCS,65000.0,0.00 %,"",0.0,65000.0,65000.0,0.0,"",0.0,0.0,"","","","",0.0,0.0
12/02/2022,Faktur Pembelian,12931,FIKTIF BELI,Lunas,"",65000.0,0.0,14/03/2022,65000.0,0.0,65000.0,"","","","","","",TINTA CANON ORI 790 CYAN NON PACK,"","",1.0,PCS,0.0,0.00 %,"",0.0,0.0,0.0,0.0,"",0.0,0.0,"","","","",0.0,0.0
12/02/2022,Faktur Pembelian,12931,FIKTIF BELI,Lunas,"",65000.0,0.0,14/03/2022,65000.0,0.0,65000.0,"","","","","","",TINTA CANON ORI 790 YELLOW NON PACK,"","",1.0,PCS,0.0,0.00 %,"",0.0,0.0,0.0,0.0,"",0.0,0.0,"","","","",0.0,0.0
12/02/2022,Faktur Pembelian,12931,FIKTIF BELI,Lunas,"",65000.0,0.0,14/03/2022,65000.0,0.0,65000.0,"","","","","","",TINTA CANON ORI 790 MAGENTA NON PACK,"","",1.0,PCS,0.0,0.00 %,"",0.0,0.0,0.0,0.0,"",0.0,0.0,"","","","",0.0,0.0
12/02/2022,Faktur Pembelian,12932,FIKTIF BELI,Lunas,"",0.0,0.0,14/03/2022,0.0,0.0,0.0,"","","","","","",TINTA CANON ORI 790 BLACK NON PACK,"","",1.0,PCS,0.0,0.00 %,"",0.0,0.0,0.0,0.0,"",0.0,0.0,"","","","",0.0,0.0
12/02/2022,Faktur Pembelian,12932,FIKTIF BELI,Lunas,"",0.0,0.0,14/03/2022,0.0,0.0,0.0,"","","","","","",TINTA CANON ORI 790 CYAN NON PACK,"","",1.0,PCS,0.0,0.00 %,"",0.0,0.0,0.0,0.0,"",0.0,0.0,"","","","",0.0,0.0
12/02/2022,Faktur Pembelian,12932,FIKTIF BELI,Lunas,"",0.0,0.0,14/03/2022,0.0,0.0,0.0,"","","","","","",TINTA CANON ORI 790 YELLOW NON PACK,"","",1.0,PCS,0.0,0.00 %,"",0.0,0.0,0.0,0.0,"",0.0,0.0,"","","","",0.0,0.0
12/02/2022,Faktur Pembelian,12932,FIKTIF BELI,Lunas,"",0.0,0.0,14/03/2022,0.0,0.0,0.0,"","","","","","",TINTA CANON ORI 790 MAGENTA NON PACK,"","",1.0,PCS,0.0,0.00 %,"",0.0,0.0,0.0,0.0,"",0.0,0.0,"","","","",0.0,0.0
12/02/2022,Faktur Pembelian,JL00144231,WULAN (DISCOUNT NOTEBOOK),Lunas,"",380500.0,0.0,14/03/2022,380500.0,0.0,380500.0,"","","JL. SOEKARNO HATTA RT. 012  RW. 004 PANE, RASANAE BARAT","","","",KEYBOARD LAPTOP TOSHIBA C40A / L40 BLACK,"","",2.0,PCS,75000.0,0.00 %,"",0.0,150000.0,150000.0,0.0,"",25500.0,0.0,"","","","",0.0,0.0
12/02/2022,Faktur Pembelian,JL00144231,WULAN (DISCOUNT NOTEBOOK),Lunas,"",380500.0,0.0,14/03/2022,380500.0,0.0,380500.0,"","","JL. SOEKARNO HATTA RT. 012  RW. 004 PANE, RASANAE BARAT","","","",BATERAI ASUS A32-K / K 53,"","",1.0,PCS,205000.0,0.00 %,"",0.0,205000.0,205000.0,0.0,"",25500.0,0.0,"","","","",0.0,0.0
12/02/2022,Faktur Pembelian,JL5522020374,YULI (HP CENTRE),Lunas,"",7500000.0,0.0,14/03/2022,7500000.0,0.0,7500000.0,"","","","",ARIES,"",PRINTER CANON G2010,"","",4.0,UNIT,1875000.0,0.00 %,"",0.0,7500000.0,7500000.0,0.0,"",0.0,0.0,"","","","",0.0,0.0
14/02/2022,Faktur Pembelian,12933,ONLINE,Lunas,"",2460000.0,0.0,16/03/2022,2460000.0,0.0,2460000.0,"","","","","","",ISOLUTION X105 (ABSEN SIDIK JARI),"","",2.0,PCS,1230000.0,0.00 %,"",0.0,2460000.0,2460000.0,0.0,"",0.0,0.0,"","","","",0.0,0.0
14/02/2022,Faktur Pembelian,12934,FIKTIF BELI,Lunas,"",69000.000012,0.0,16/03/2022,69000.000012,0.0,69000.000012,"","","","","","",MAP KANCING / PCS,"","",36.0,PCS,1916.666667,0.00 %,"",0.0,69000.000012,69000.000012,0.0,"",0.0,0.0,"","","","",0.0,0.0
14/02/2022,Faktur Pembelian,12935,FIKTIF BELI,Lunas,"",1575000.0,0.0,16/03/2022,1575000.0,0.0,1575000.0,"","","","","","",KERTAS NCR GREEN CFB (MIDDLE),"","",30.0,PCS,52500.0,0.00 %,"",0.0,1575000.0,1575000.0,0.0,"",0.0,0.0,"","","","",0.0,0.0
14/02/2022,Faktur Pembelian,12936,BETA COM,Lunas,"",19248000.0,0.0,16/03/2022,19248000.0,0.0,19248000.0,"","","","","","",CATRIDGE CANON 810 BLACK,"","",96.0,PCS,200500.0,0.00 %,"",0.0,19248000.0,19248000.0,0.0,"",0.0,0.0,"","","","",0.0,0.0
14/02/2022,Faktur Pembelian,12937,FIKTIF BELI,Lunas,"",148000.0,0.0,16/03/2022,148000.0,0.0,148000.0,"","","","","","",TINTA CANON ORI GI 71 BLACK NON PACK,"","",1.0,PCS,37000.0,0.00 %,"",0.0,37000.0,37000.0,0.0,"",0.0,0.0,"","","","",0.0,0.0
14/02/2022,Faktur Pembelian,12937,FIKTIF BELI,Lunas,"",148000.0,0.0,16/03/2022,148000.0,0.0,148000.0,"","","","","","",TINTA CANON ORI GI 71 MAGENTA NON PACK,"","",1.0,PCS,37000.0,0.00 %,"",0.0,37000.0,37000.0,0.0,"",0.0,0.0,"","","","",0.0,0.0
14/02/2022,Faktur Pembelian,12937,FIKTIF BELI,Lunas,"",148000.0,0.0,16/03/2022,148000.0,0.0,148000.0,"","","","","","",TINTA CANON ORI GI 71 YELLOW NON PACK,"","",1.0,PCS,37000.0,0.00 %,"",0.0,37000.0,37000.0,0.0,"",0.0,0.0,"","","","",0.0,0.0
14/02/2022,Faktur Pembelian,12937,FIKTIF BELI,Lunas,"",148000.0,0.0,16/03/2022,148000.0,0.0,148000.0,"","","","","","",TINTA CANON ORI GI 71 CYAN NON PACK,"","",1.0,PCS,37000.0,0.00 %,"",0.0,37000.0,37000.0,0.0,"",0.0,0.0,"","","","",0.0,0.0
14/02/2022,Faktur Pembelian,JL.2202.03858,CANDRA (BLESSING),Lunas,"",10796000.0,0.0,28/02/2022,10796000.0,0.0,10796000.0,"","","","",ARIES,"",SODIMM CORSAIR DDR 3L 4GB,"","",3.0,PCS,395000.0,0.00 %,"",0.0,1185000.0,1185000.0,0.0,"",0.0,0.0,"","","","",0.0,0.0
14/02/2022,Faktur Pembelian,JL.2202.03858,CANDRA (BLESSING),Lunas,"",10796000.0,0.0,28/02/2022,10796000.0,0.0,10796000.0,"","","","",ARIES,"",HDD PC WD PURPLE 1 TB,"","",5.0,PCS,600000.0,0.00 %,"",0.0,3000000.0,3000000.0,0.0,"",0.0,0.0,"","","","",0.0,0.0
14/02/2022,Faktur Pembelian,JL.2202.03858,CANDRA (BLESSING),Lunas,"",10796000.0,0.0,28/02/2022,10796000.0,0.0,10796000.0,"","","","",ARIES,"",CATRIDGE CANON 88,"","",2.0,PCS,198000.0,0.00 %,"",0.0,396000.0,396000.0,0.0,"",0.0,0.0,"","","","",0.0,0.0
14/02/2022,Faktur Pembelian,JL.2202.03858,CANDRA (BLESSING),Lunas,"",10796000.0,0.0,28/02/2022,10796000.0,0.0,10796000.0,"","","","",ARIES,"",ROBOT HUB USB 4 PORT H140-80 BLACK,"","",17.0,PCS,35000.0,0.00 %,"",0.0,595000.0,595000.0,0.0,"",0.0,0.0,"","","","",0.0,0.0
14/02/2022,Faktur Pembelian,JL.2202.03858,CANDRA (BLESSING),Lunas,"",10796000.0,0.0,28/02/2022,10796000.0,0.0,10796000.0,"","","","",ARIES,"","LENOVO IDEAPAD SLIM 1 11IGL05 INTEL N4020 4GB SSD 256GB 11,6"" NW","","",1.0,UNIT,4440000.0,0.00 %,"",0.0,4440000.0,4440000.0,0.0,"",0.0,0.0,"","","","",0.0,0.0
14/02/2022,Faktur Pembelian,JL.2202.03858,CANDRA (BLESSING),Lunas,"",10796000.0,0.0,28/02/2022,10796000.0,0.0,10796000.0,"","","","",ARIES,"",MODEM ORBIT STAR 2 HUAWEI B312,"","",2.0,UNIT,590000.0,0.00 %,"",0.0,1180000.0,1180000.0,0.0,"",0.0,0.0,"","","","",0.0,0.0
14/02/2022,Faktur Pembelian,JL.2202.03794,CANDRA (BLESSING),Lunas,"",17250000.0,0.0,28/02/2022,17250000.0,0.0,17250000.0,"","","","",ARIES,"","AXIOO MYBOOK 11G INTEL GEMINI N4020 4GB 256GB SSD 11,6""","","",5.0,UNIT,3450000.0,0.00 %,"",0.0,17250000.0,17250000.0,0.0,"",0.0,0.0,"","","","",0.0,0.0
14/02/2022,Faktur Pembelian,12938,FIKTIF BELI,Lunas,"",1320000.0,0.0,16/03/2022,1320000.0,0.0,1320000.0,"","","","","","",KERTAS BUFFALO KUNING (NO 5),"","",30.0,PCS,22000.0,0.00 %,"",0.0,660000.0,660000.0,0.0,"",0.0,0.0,"","","","",0.0,0.0
14/02/2022,Faktur Pembelian,12938,FIKTIF BELI,Lunas,"",1320000.0,0.0,16/03/2022,1320000.0,0.0,1320000.0,"","","","","","",KERTAS BUFFALO BIRU MUDA (NO 10),"","",30.0,PCS,22000.0,0.00 %,"",0.0,660000.0,660000.0,0.0,"",0.0,0.0,"","","","",0.0,0.0
14/02/2022,Faktur Pembelian,ACJ01/01/FP/2202/AD00011,PT. ANGKASA CERAH JAYA,Lunas,"",25450000.0,0.0,16/03/2022,25450000.0,0.0,25450000.0,"",SURABAYA,"","",RAHMAT,"",ACER 3 A314-22 AMD RYZEN3-3250U 4GB 256GB SSD #,"","",2.0,UNIT,5925000.0,0.00 %,"",0.0,11850000.0,11850000.0,0.0,"",0.0,0.0,PT. ANGKASA CERAH JAYA,"",0815 5395 1313,"",0.0,0.0
14/02/2022,Faktur Pembelian,ACJ01/01/FP/2202/AD00011,PT. ANGKASA CERAH JAYA,Lunas,"",25450000.0,0.0,16/03/2022,25450000.0,0.0,25450000.0,"",SURABAYA,"","",RAHMAT,"","ACER 5 A514 - 54  - Ci3-1115G4 4GB 512GB SSD 14""","","",2.0,UNIT,6800000.0,0.00 %,"",0.0,13600000.0,13600000.0,0.0,"",0.0,0.0,PT. ANGKASA CERAH JAYA,"",0815 5395 1313,"",0.0,0.0
14/02/2022,Faktur Pembelian,12939,FIKTIF BELI,Lunas,"",100000.0,0.0,16/03/2022,100000.0,0.0,100000.0,"","","","","","",BINDER CLIP NO. 155,"","",10.0,KOTAK,10000.0,0.00 %,"",0.0,100000.0,100000.0,0.0,"",0.0,0.0,"","","","",0.0,0.0
14/02/2022,Faktur Pembelian,12940,FIKTIF BELI,Lunas,"",1700000.0,0.0,16/03/2022,1700000.0,0.0,1700000.0,"","","","","","",BALLPOINT SNOWMAN V1,"","",100.0,PACK,17000.0,0.00 %,"",0.0,1700000.0,1700000.0,0.0,"",0.0,0.0,"","","","",0.0,0.0
14/02/2022,Faktur Pembelian,2201424,YOGA (WAHANA),Lunas,"",16500000.0,0.0,16/03/2022,16500000.0,0.0,16500000.0,"","","","","","",AIO ASUS V222GAK-WA141T Intel J4025 / 4GB / HDD 1TB,"","",3.0,UNIT,5500000.0,0.00 %,"",0.0,16500000.0,16500000.0,0.0,"",0.0,0.0,"","","","",0.0,0.0
14/02/2022,Faktur Pembelian,00603317_036,PRIYO (K GALAXY),Lunas,"",7200000.0,0.0,16/03/2022,7200000.0,0.0,7200000.0,"","","","","","",PRINTER EPSON L121,"","",4.0,UNIT,1800000.0,0.00 %,"",0.0,7200000.0,7200000.0,0.0,"",0.0,0.0,"","","","",0.0,0.0
14/02/2022,Faktur Pembelian,00603260_036,PRIYO (K GALAXY),Lunas,"",3100000.0,0.0,16/03/2022,3100000.0,0.0,3100000.0,"","","","","","",HDD PC SEAGATE SATA 500 GB PI,"","",20.0,PCS,155000.0,0.00 %,"",0.0,3100000.0,3100000.0,0.0,"",0.0,0.0,"","","","",0.0,0.0
15/02/2022,Faktur Pembelian,JL.2202.04392,CANDRA (BLESSING),Lunas,"",29790000.0,0.0,01/03/2022,29790000.0,0.0,29790000.0,"","","","",RAHMAT,"",ACER A314-35-C2T9 N5100 4GB 256GB SSD #,"","",6.0,UNIT,4965000.0,0.00 %,"",0.0,29790000.0,29790000.0,0.0,"",0.0,0.0,"","","","",0.0,0.0
15/02/2022,Faktur Pembelian,JL.2202.04264,CANDRA (BLESSING),Lunas,"",29790000.0,0.0,01/03/2022,29790000.0,0.0,29790000.0,"","","","",ARIES,"",ACER A314-35-C2T9 N5100 4GB 256GB SSD #,"","",6.0,UNIT,4965000.0,0.00 %,"",0.0,29790000.0,29790000.0,0.0,"",0.0,0.0,"","","","",0.0,0.0
15/02/2022,Faktur Pembelian,12941,FIKTIF BELI,Lunas,"",577500.0,0.0,17/03/2022,577500.0,0.0,577500.0,"","","","","","",KERTAS NCR YELLOW CFB (MIDDLE),"","",11.0,PCS,52500.0,0.00 %,"",0.0,577500.0,577500.0,0.0,"",0.0,0.0,"","","","",0.0,0.0
15/02/2022,Faktur Pembelian,JL.2202.04479,CANDRA (BLESSING),Lunas,"",930000.0,0.0,01/03/2022,930000.0,0.0,930000.0,"","","","",AGUS,"",SSD SANDISK ULTRA 500GB 3D,"","",1.0,PCS,930000.0,0.00 %,"",0.0,930000.0,930000.0,0.0,"",0.0,0.0,"","","","",0.0,0.0
15/02/2022,Faktur Pembelian,JL.2202.04412,CANDRA (BLESSING),Lunas,"",4630000.0,0.0,01/03/2022,4630000.0,0.0,4630000.0,"","","","",AGUS,"",TPLINK ROUTER TL WR840N,"","",30.0,PCS,148000.0,0.00 %,"",0.0,4440000.0,4440000.0,0.0,"",0.0,0.0,"","","","",0.0,0.0
15/02/2022,Faktur Pembelian,JL.2202.04412,CANDRA (BLESSING),Lunas,"",4630000.0,0.0,01/03/2022,4630000.0,0.0,4630000.0,"","","","",AGUS,"",MOUSE GAMING LENOVO LEGION M200,"","",2.0,PCS,95000.0,0.00 %,"",0.0,190000.0,190000.0,0.0,"",0.0,0.0,"","","","",0.0,0.0
15/02/2022,Faktur Pembelian,JL00144555,WULAN (DISCOUNT NOTEBOOK),Lunas,"",540500.0,0.0,17/03/2022,540500.0,0.0,540500.0,"","","JL. SOEKARNO HATTA RT. 012  RW. 004 PANE, RASANAE BARAT","","","",KEYBOARD LAPTOP ASUS X441 (BLACK),"","",2.0,PCS,65000.0,0.00 %,"",0.0,130000.0,130000.0,0.0,"",25500.0,0.0,"","","","",0.0,0.0
15/02/2022,Faktur Pembelian,JL00144555,WULAN (DISCOUNT NOTEBOOK),Lunas,"",540500.0,0.0,17/03/2022,540500.0,0.0,540500.0,"","","JL. SOEKARNO HATTA RT. 012  RW. 004 PANE, RASANAE BARAT","","","",BATERAI ACER Z476,"","",1.0,PCS,385000.0,0.00 %,"",0.0,385000.0,385000.0,0.0,"",25500.0,0.0,"","","","",0.0,0.0
15/02/2022,Faktur Pembelian,000878,LILI (PLATINUM),Lunas,"",6500000.0,0.0,17/03/2022,6500000.0,0.0,6500000.0,"","","","","","",LCD LAPTOP 14 TEBAL,"","",5.0,PCS,470000.0,0.00 %,"",0.0,2350000.0,2350000.0,0.0,"",0.0,0.0,"","","","",0.0,0.0
15/02/2022,Faktur Pembelian,000878,LILI (PLATINUM),Lunas,"",6500000.0,0.0,17/03/2022,6500000.0,0.0,6500000.0,"","","","","","",LCD LAPTOP 14 TIPIS 40 PIN,"","",5.0,PCS,830000.0,0.00 %,"",0.0,4150000.0,4150000.0,0.0,"",0.0,0.0,"","","","",0.0,0.0
15/02/2022,Faktur Pembelian,000880,LILI (PLATINUM),Lunas,"",1115000.0,0.0,17/03/2022,1115000.0,0.0,1115000.0,"","","","","","",BATERAI TOSHIBA C640 OR (PA3817U),"","",1.0,PCS,210000.0,0.00 %,"",0.0,210000.0,210000.0,0.0,"",0.0,0.0,"","","","",0.0,0.0
15/02/2022,Faktur Pembelian,000880,LILI (PLATINUM),Lunas,"",1115000.0,0.0,17/03/2022,1115000.0,0.0,1115000.0,"","","","","","",BATERAI ACER AL12B32 SLIM,"","",1.0,PCS,310000.0,0.00 %,"",0.0,310000.0,310000.0,0.0,"",0.0,0.0,"","","","",0.0,0.0
15/02/2022,Faktur Pembelian,000880,LILI (PLATINUM),Lunas,"",1115000.0,0.0,17/03/2022,1115000.0,0.0,1115000.0,"","","","","","",BATERAI LAPTOP LENOVO G41 - 35,"","",1.0,PCS,265000.0,0.00 %,"",0.0,265000.0,265000.0,0.0,"",0.0,0.0,"","","","",0.0,0.0
15/02/2022,Faktur Pembelian,000880,LILI (PLATINUM),Lunas,"",1115000.0,0.0,17/03/2022,1115000.0,0.0,1115000.0,"","","","","","",BATERAI LAPTOP ASUS X453,"","",1.0,PCS,330000.0,0.00 %,"",0.0,330000.0,330000.0,0.0,"",0.0,0.0,"","","","",0.0,0.0
15/02/2022,Faktur Pembelian,JL5522020478,YULI (HP CENTRE),Lunas,"",3480000.0,0.0,17/03/2022,3480000.0,0.0,3480000.0,"","","","",AGUS,"",BLUEPRINT PRINTER LITE TMU58D BLUETOOTH,"","",10.0,UNIT,348000.0,0.00 %,"",0.0,3480000.0,3480000.0,0.0,"",0.0,0.0,"","","","",0.0,0.0
15/02/2022,Faktur Pembelian,JL5522020445,YULI (HP CENTRE),Lunas,5 PC 285A NYUSUL,21840000.0,0.0,17/03/2022,21840000.0,0.0,21840000.0,"","","","",RAHMAT,"",BLUEPRINT CANON BLACK (100ML),"","",300.0,PCS,35000.0,0.00 %,"",0.0,10080000.0,10500000.0,910000.0,"",0.0,0.0,"","","","",0.0,4.0
15/02/2022,Faktur Pembelian,JL5522020445,YULI (HP CENTRE),Lunas,5 PC 285A NYUSUL,21840000.0,0.0,17/03/2022,21840000.0,0.0,21840000.0,"","","","",RAHMAT,"",BLUEPRINT CATRIDGE TONER HP 285A,"","",35.0,PCS,350000.0,0.00 %,"",0.0,11760000.0,12250000.0,910000.0,"",0.0,0.0,"","","","",0.0,4.0
16/02/2022,Faktur Pembelian,JL.2202.04697,CANDRA (BLESSING),Lunas,"",13240000.0,0.0,02/03/2022,13240000.0,0.0,13240000.0,"","","","",ARIES,"",ACER NITRO 5 AN515-57-52BQ CI5-11400H 8GB SSD 512GB RTX 3050 NW,"","",1.0,UNIT,13240000.0,0.00 %,"",0.0,13240000.0,13240000.0,0.0,"",0.0,0.0,"","","","",0.0,0.0
16/02/2022,Faktur Pembelian,12943,FIKTIF BELI,Lunas,"",0.0,0.0,18/03/2022,0.0,0.0,0.0,"","","","","","",TINTA CANON ORI 790 BLACK NON PACK,"","",1.0,PCS,0.0,0.00 %,"",0.0,0.0,0.0,0.0,"",0.0,0.0,"","","","",0.0,0.0
16/02/2022,Faktur Pembelian,12943,FIKTIF BELI,Lunas,"",0.0,0.0,18/03/2022,0.0,0.0,0.0,"","","","","","",TINTA CANON ORI 790 CYAN NON PACK,"","",1.0,PCS,0.0,0.00 %,"",0.0,0.0,0.0,0.0,"",0.0,0.0,"","","","",0.0,0.0
16/02/2022,Faktur Pembelian,12943,FIKTIF BELI,Lunas,"",0.0,0.0,18/03/2022,0.0,0.0,0.0,"","","","","","",TINTA CANON ORI 790 YELLOW NON PACK,"","",1.0,PCS,0.0,0.00 %,"",0.0,0.0,0.0,0.0,"",0.0,0.0,"","","","",0.0,0.0
16/02/2022,Faktur Pembelian,12943,FIKTIF BELI,Lunas,"",0.0,0.0,18/03/2022,0.0,0.0,0.0,"","","","","","",TINTA CANON ORI 790 MAGENTA NON PACK,"","",1.0,PCS,0.0,0.00 %,"",0.0,0.0,0.0,0.0,"",0.0,0.0,"","","","",0.0,0.0
16/02/2022,Faktur Pembelian,12944,TATIK (LEGENDA),Lunas,"",13230000.0,0.0,18/03/2022,13230000.0,0.0,13230000.0,"","","","","","",TINTA EPSON 003 MAGENTA,"","",60.0,PCS,73500.0,0.00 %,"",0.0,4410000.0,4410000.0,0.0,"",0.0,0.0,"","","","",0.0,0.0
16/02/2022,Faktur Pembelian,12944,TATIK (LEGENDA),Lunas,"",13230000.0,0.0,18/03/2022,13230000.0,0.0,13230000.0,"","","","","","",TINTA EPSON 003 CYAN,"","",60.0,PCS,73500.0,0.00 %,"",0.0,4410000.0,4410000.0,0.0,"",0.0,0.0,"","","","",0.0,0.0
16/02/2022,Faktur Pembelian,12944,TATIK (LEGENDA),Lunas,"",13230000.0,0.0,18/03/2022,13230000.0,0.0,13230000.0,"","","","","","",TINTA EPSON 003 YELLOW,"","",60.0,PCS,73500.0,0.00 %,"",0.0,4410000.0,4410000.0,0.0,"",0.0,0.0,"","","","",0.0,0.0
16/02/2022,Faktur Pembelian,12945,BETA COM,Lunas,"",43632000.0,0.0,18/03/2022,43632000.0,0.0,43632000.0,"","","","","","",CATRIDGE CANON 810 BLACK,"","",96.0,PCS,200500.0,0.00 %,"",0.0,19248000.0,19248000.0,0.0,"",0.0,0.0,"","","","",0.0,0.0
16/02/2022,Faktur Pembelian,12945,BETA COM,Lunas,"",43632000.0,0.0,18/03/2022,43632000.0,0.0,43632000.0,"","","","","","",CATRIDGE CANON 811 COLOUR,"","",96.0,PCS,254000.0,0.00 %,"",0.0,24384000.0,24384000.0,0.0,"",0.0,0.0,"","","","",0.0,0.0
16/02/2022,Faktur Pembelian,12946,CANON BALI,Lunas,"",2040000.0,0.0,18/03/2022,2040000.0,0.0,2040000.0,"","","","","","",CATRDIGE CANON CA91 / BH7 (G2010),"","",4.0,PCS,280000.0,0.00 %,"",0.0,1120000.0,1120000.0,0.0,"",0.0,0.0,"","","","",0.0,0.0
16/02/2022,Faktur Pembelian,12946,CANON BALI,Lunas,"",2040000.0,0.0,18/03/2022,2040000.0,0.0,2040000.0,"","","","","","",HEAD PRINTER CANON IP 110,"","",1.0,PCS,920000.0,0.00 %,"",0.0,920000.0,920000.0,0.0,"",0.0,0.0,"","","","",0.0,0.0
16/02/2022,Faktur Pembelian,12947,TATIK (LEGENDA),Lunas,"",9050000.0,0.0,18/03/2022,9050000.0,0.0,9050000.0,"","","","","","",PRINTER EPSON LQ2190 dot matrix,"","",1.0,UNIT,9050000.0,0.00 %,"",0.0,9050000.0,9050000.0,0.0,"",0.0,0.0,"","","","",0.0,0.0
16/02/2022,Faktur Pembelian,JL.2202.04579,CANDRA (BLESSING),Lunas,"",16477999.999996,0.0,02/03/2022,16477999.999996,0.0,16477999.999996,"","","","",ARIES,"",RIBBON CATRIDGE EPSON PLQ 20,"","",12.0,PCS,157333.333333,0.00 %,"",0.0,1887999.999996,1887999.999996,0.0,"",0.0,0.0,"","","","",0.0,0.0
16/02/2022,Faktur Pembelian,JL.2202.04579,CANDRA (BLESSING),Lunas,"",16477999.999996,0.0,02/03/2022,16477999.999996,0.0,16477999.999996,"","","","",ARIES,"",HDD EXTERNAL SEAGATE EXPANSION 1TB #,"","",10.0,PCS,675000.0,0.00 %,"",0.0,6750000.0,6750000.0,0.0,"",0.0,0.0,"","","","",0.0,0.0
16/02/2022,Faktur Pembelian,JL.2202.04579,CANDRA (BLESSING),Lunas,"",16477999.999996,0.0,02/03/2022,16477999.999996,0.0,16477999.999996,"","","","",ARIES,"",MODEM TELKOMSEL ORBIT STAR LITE,"","",5.0,UNIT,515000.0,0.00 %,"",0.0,2575000.0,2575000.0,0.0,"",0.0,0.0,"","","","",0.0,0.0
16/02/2022,Faktur Pembelian,JL.2202.04579,CANDRA (BLESSING),Lunas,"",16477999.999996,0.0,02/03/2022,16477999.999996,0.0,16477999.999996,"","","","",ARIES,"",CASING PARADOX GAMING HEATH,"","",1.0,PCS,425000.0,0.00 %,"",0.0,425000.0,425000.0,0.0,"",0.0,0.0,"","","","",0.0,0.0
16/02/2022,Faktur Pembelian,JL.2202.04579,CANDRA (BLESSING),Lunas,"",16477999.999996,0.0,02/03/2022,16477999.999996,0.0,16477999.999996,"","","","",ARIES,"",ASUS E210MAO INTEL N4020 8GB 512GB SSD WIN 11 #,"","",1.0,UNIT,4840000.0,0.00 %,"",0.0,4840000.0,4840000.0,0.0,"",0.0,0.0,"","","","",0.0,0.0
16/02/2022,Faktur Pembelian,JL00144666,WULAN (DISCOUNT NOTEBOOK),Lunas,"",604000.0,0.0,18/03/2022,604000.0,0.0,604000.0,"","","JL. SOEKARNO HATTA RT. 012  RW. 004 PANE, RASANAE BARAT","","","",KEYBOARD LAPTOP ASUS X441 (BLACK),"","",10.0,PCS,60000.0,0.00 %,"",0.0,600000.0,600000.0,0.0,"",4000.0,0.0,"","","","",0.0,0.0
16/02/2022,Faktur Pembelian,02202250213,AGUS (DORAN),Lunas,"",19250000.0,0.0,18/03/2022,19250000.0,0.0,19250000.0,"",SURABAYA,"","","","",MOUSE LOGITECH WIRELESS M170,"","",100.0,PCS,92500.0,0.00 %,"",0.0,9250000.0,9250000.0,0.0,"",0.0,0.0,"","","","",0.0,0.0
16/02/2022,Faktur Pembelian,02202250213,AGUS (DORAN),Lunas,"",19250000.0,0.0,18/03/2022,19250000.0,0.0,19250000.0,"",SURABAYA,"","","","",SSD SANDISK PLUS 240GB,"","",20.0,PCS,500000.0,0.00 %,"",0.0,10000000.0,10000000.0,0.0,"",0.0,0.0,"","","","",0.0,0.0
17/02/2022,Faktur Pembelian,12948,FIKTIF BELI,Lunas,"",1172500.0,0.0,19/03/2022,1172500.0,0.0,1172500.0,"","","","","","",RAM PC  BULLDOZER / HYNIX DDR3 4GB,"","",3.0,PCS,222500.0,0.00 %,"",0.0,667500.0,667500.0,0.0,"",0.0,0.0,"","","","",0.0,0.0
17/02/2022,Faktur Pembelian,12948,FIKTIF BELI,Lunas,"",1172500.0,0.0,19/03/2022,1172500.0,0.0,1172500.0,"","","","","","",MB G41 AMPTRON LGA,"","",1.0,PCS,505000.0,0.00 %,"",0.0,505000.0,505000.0,0.0,"",0.0,0.0,"","","","",0.0,0.0
17/02/2022,Faktur Pembelian,JL.2202.04948,CANDRA (BLESSING),Lunas,"",5388999.999998,0.0,03/03/2022,5388999.999998,0.0,5388999.999998,"","","","",RAHMAT,"",RIBBON CATRIDGE EPSON PLQ 20,"","",6.0,PCS,157333.333333,0.00 %,"",0.0,943999.999998,943999.999998,0.0,"",0.0,0.0,"","","","",0.0,0.0
17/02/2022,Faktur Pembelian,JL.2202.04948,CANDRA (BLESSING),Lunas,"",5388999.999998,0.0,03/03/2022,5388999.999998,0.0,5388999.999998,"","","","",RAHMAT,"",PROC INTEL I5 11400F ROCKET LAKE INCLUD FAN,"","",1.0,UNIT,2275000.0,0.00 %,"",0.0,2275000.0,2275000.0,0.0,"",0.0,0.0,"","","","",0.0,0.0
17/02/2022,Faktur Pembelian,JL.2202.04948,CANDRA (BLESSING),Lunas,"",5388999.999998,0.0,03/03/2022,5388999.999998,0.0,5388999.999998,"","","","",RAHMAT,"",MB MSI B560M PRO,"","",1.0,UNIT,1595000.0,0.00 %,"",0.0,1595000.0,1595000.0,0.0,"",0.0,0.0,"","","","",0.0,0.0
17/02/2022,Faktur Pembelian,JL.2202.04948,CANDRA (BLESSING),Lunas,"",5388999.999998,0.0,03/03/2022,5388999.999998,0.0,5388999.999998,"","","","",RAHMAT,"",RAM PC KINGSTONE FURY BEAST 8GB DDR 4 PC 3200,"","",1.0,UNIT,575000.0,0.00 %,"",0.0,575000.0,575000.0,0.0,"",0.0,0.0,"","","","",0.0,0.0
17/02/2022,Faktur Pembelian,12949,KO ROBBY,Lunas,"",293800.0,0.0,19/03/2022,293800.0,0.0,293800.0,"","","","","","",BATERAI PANASONIC / ENR POWER/ ABC  ALKALINE AA,"","",52.0,PCS,5650.0,0.00 %,"",0.0,293800.0,293800.0,0.0,"",0.0,0.0,"","","","",0.0,0.0
17/02/2022,Faktur Pembelian,12950,PT SAMAMAJU PRIMA NTB,Lunas,"",57092310.0,0.0,19/03/2022,57092310.0,0.0,57092310.0,"","","","",RAHMAT,"",SIDU A4 75 GSM,"","",1000.0,PCS,36386.46,0.00 %,"",0.0,36386460.0,36386460.0,0.0,"",0.0,0.0,"","","","",0.0,0.0
17/02/2022,Faktur Pembelian,12950,PT SAMAMAJU PRIMA NTB,Lunas,"",57092310.0,0.0,19/03/2022,57092310.0,0.0,57092310.0,"","","","",RAHMAT,"",SIDU F4 75 GSM,"","",500.0,PCS,41411.7,0.00 %,"",0.0,20705850.0,20705850.0,0.0,"",0.0,0.0,"","","","",0.0,0.0
17/02/2022,Faktur Pembelian,12951,EDISON ATK,Lunas,"",18713750.0,0.0,18/04/2022,18713750.0,0.0,18713750.0,"","","","","","",KERTAS NCR PINK CFB (MIDDLE),"","",30.0,PCS,53525.0,0.00 %,"",0.0,1605750.0,1605750.0,0.0,"",0.0,0.0,"","","","",0.0,0.0
17/02/2022,Faktur Pembelian,12951,EDISON ATK,Lunas,"",18713750.0,0.0,18/04/2022,18713750.0,0.0,18713750.0,"","","","","","",KERTAS NCR YELLOW CFB (MIDDLE),"","",80.0,PCS,53525.0,0.00 %,"",0.0,4282000.0,4282000.0,0.0,"",0.0,0.0,"","","","",0.0,0.0
17/02/2022,Faktur Pembelian,12951,EDISON ATK,Lunas,"",18713750.0,0.0,18/04/2022,18713750.0,0.0,18713750.0,"","","","","","",KERTAS NCR WHITE CFB (MIDDLE),"","",40.0,PCS,53525.0,0.00 %,"",0.0,2141000.0,2141000.0,0.0,"",0.0,0.0,"","","","",0.0,0.0
17/02/2022,Faktur Pembelian,12951,EDISON ATK,Lunas,"",18713750.0,0.0,18/04/2022,18713750.0,0.0,18713750.0,"","","","","","",KERTAS NCR WHITE CB (TOP),"","",100.0,PCS,53325.0,0.00 %,"",0.0,5332500.0,5332500.0,0.0,"",0.0,0.0,"","","","",0.0,0.0
17/02/2022,Faktur Pembelian,12951,EDISON ATK,Lunas,"",18713750.0,0.0,18/04/2022,18713750.0,0.0,18713750.0,"","","","","","",KERTAS NCR GREEN CFB (MIDDLE),"","",100.0,PCS,53525.0,0.00 %,"",0.0,5352500.0,5352500.0,0.0,"",0.0,0.0,"","","","",0.0,0.0
17/02/2022,Faktur Pembelian,12952,TATIK (LEGENDA),Lunas,"",13230000.0,0.0,19/03/2022,13230000.0,0.0,13230000.0,"","","","","","",TINTA EPSON 664 BLACK,"","",180.0,PCS,73500.0,0.00 %,"",0.0,13230000.0,13230000.0,0.0,"",0.0,0.0,"","","","",0.0,0.0
17/02/2022,Faktur Pembelian,2201518,YOGA (WAHANA),Lunas,"",11000000.0,0.0,19/03/2022,11000000.0,0.0,11000000.0,"","","","","","",AIO ASUS V222GAK-WA141T Intel J4025 / 4GB / HDD 1TB,"","",2.0,UNIT,5500000.0,0.00 %,"",0.0,11000000.0,11000000.0,0.0,"",0.0,0.0,"","","","",0.0,0.0
17/02/2022,Faktur Pembelian,JL5522020538,YULI (HP CENTRE),Lunas,"",24750000.0,0.0,19/03/2022,24750000.0,0.0,24750000.0,"","","","",ARIES,"",ACER A314-35-C2T9 N5100 4GB 256GB SSD #,"","",5.0,UNIT,4950000.0,0.00 %,"",0.0,24750000.0,24750000.0,0.0,"",0.0,0.0,"","","","",0.0,0.0
17/02/2022,Faktur Pembelian,00603570_036,PRIYO (K GALAXY),Lunas,"",19385000.0,0.0,19/03/2022,19385000.0,0.0,19385000.0,"","","","","","",PROCESSOR  CORE 2 DUO 3.0 GHZ E8400 FAN,"","",10.0,PCS,76000.0,0.00 %,"",0.0,760000.0,760000.0,0.0,"",0.0,0.0,"","","","",0.0,0.0
17/02/2022,Faktur Pembelian,00603570_036,PRIYO (K GALAXY),Lunas,"",19385000.0,0.0,19/03/2022,19385000.0,0.0,19385000.0,"","","","","","",RAM PC KINGSTONE DDR3 4GB,"","",10.0,PCS,175000.0,0.00 %,"",0.0,1750000.0,1750000.0,0.0,"",0.0,0.0,"","","","",0.0,0.0
17/02/2022,Faktur Pembelian,00603570_036,PRIYO (K GALAXY),Lunas,"",19385000.0,0.0,19/03/2022,19385000.0,0.0,19385000.0,"","","","","","",MB MAXX ON G41D3-MX,"","",10.0,PCS,445000.0,0.00 %,"",0.0,4450000.0,4450000.0,0.0,"",0.0,0.0,"","","","",0.0,0.0
17/02/2022,Faktur Pembelian,00603570_036,PRIYO (K GALAXY),Lunas,"",19385000.0,0.0,19/03/2022,19385000.0,0.0,19385000.0,"","","","","","",MB ASUS H81M - K,"","",3.0,PCS,1085000.0,0.00 %,"",0.0,3255000.0,3255000.0,0.0,"",0.0,0.0,"","","","",0.0,0.0
17/02/2022,Faktur Pembelian,00603570_036,PRIYO (K GALAXY),Lunas,"",19385000.0,0.0,19/03/2022,19385000.0,0.0,19385000.0,"","","","","","",MONITOR LED SPC SM - 19 HDMI,"","",9.0,UNIT,900000.0,0.00 %,"",0.0,8100000.0,8100000.0,0.0,"",0.0,0.0,"","","","",0.0,0.0
17/02/2022,Faktur Pembelian,00603570_036,PRIYO (K GALAXY),Lunas,"",19385000.0,0.0,19/03/2022,19385000.0,0.0,19385000.0,"","","","","","",PROCESSOR INTEL I3 - 4170,"","",2.0,PCS,535000.0,0.00 %,"",0.0,1070000.0,1070000.0,0.0,"",0.0,0.0,"","","","",0.0,0.0
18/02/2022,Faktur Pembelian,12953,FIKTIF BELI,Lunas,"",200000.0,0.0,20/03/2022,200000.0,0.0,200000.0,"","","","","","",RJ45 COMMSCOPE,"","",100.0,BIJI,2000.0,0.00 %,"",0.0,200000.0,200000.0,0.0,"",0.0,0.0,"","","","",0.0,0.0
18/02/2022,Faktur Pembelian,ACJ01/01/FP/2202/AH00006,PT. ANGKASA CERAH JAYA,Lunas,"",40050000.0,0.0,20/03/2022,40050000.0,0.0,40050000.0,"",SURABAYA,"","",RAHMAT,"","ACER SWIFT 3 SF314-511 CI7-1165G7 16GB SSD 512GB 14""","","",3.0,UNIT,13350000.0,0.00 %,"",0.0,40050000.0,40050000.0,0.0,"",0.0,0.0,PT. ANGKASA CERAH JAYA,"",0815 5395 1313,"",0.0,0.0
18/02/2022,Faktur Pembelian,12954,FIKTIF BELI,Lunas,"",430000.0,0.0,20/03/2022,430000.0,0.0,430000.0,"","","","","","",HUB USB RBT 4 PORT,"","",10.0,PCS,43000.0,0.00 %,"",0.0,430000.0,430000.0,0.0,"",0.0,0.0,"","","","",0.0,0.0
18/02/2022,Faktur Pembelian,JL.2202.05206,CANDRA (BLESSING),Lunas,"",14000000.0,0.0,04/03/2022,14000000.0,0.0,14000000.0,"","","","",AGUS,"",SODIMM KINGSTONE DDR4 4GB KG,"","",2.0,PCS,310000.0,0.00 %,"",0.0,620000.0,620000.0,0.0,"",0.0,0.0,"","","","",0.0,0.0
18/02/2022,Faktur Pembelian,JL.2202.05206,CANDRA (BLESSING),Lunas,"",14000000.0,0.0,04/03/2022,14000000.0,0.0,14000000.0,"","","","",AGUS,"",CONVERTER HDMI TO VGA (KABEL),"","",30.0,PCS,27000.0,0.00 %,"",0.0,810000.0,810000.0,0.0,"",0.0,0.0,"","","","",0.0,0.0
18/02/2022,Faktur Pembelian,JL.2202.05206,CANDRA (BLESSING),Lunas,"",14000000.0,0.0,04/03/2022,14000000.0,0.0,14000000.0,"","","","",AGUS,"",ASUS A413EP - VIPS751 Ci7-1165G7 8GB 512GB SSD VGA,"","",1.0,UNIT,12570000.0,0.00 %,"",0.0,12570000.0,12570000.0,0.0,"",0.0,0.0,"","","","",0.0,0.0
18/02/2022,Faktur Pembelian,12955,FIKTIF BELI,Lunas,"",65000.0,0.0,20/03/2022,65000.0,0.0,65000.0,"","","","","","",TINTA CANON ORI 790 BLACK NON PACK,"","",1.0,PCS,65000.0,0.00 %,"",0.0,65000.0,65000.0,0.0,"",0.0,0.0,"","","","",0.0,0.0
18/02/2022,Faktur Pembelian,12955,FIKTIF BELI,Lunas,"",65000.0,0.0,20/03/2022,65000.0,0.0,65000.0,"","","","","","",TINTA CANON ORI 790 CYAN NON PACK,"","",1.0,PCS,0.0,0.00 %,"",0.0,0.0,0.0,0.0,"",0.0,0.0,"","","","",0.0,0.0
18/02/2022,Faktur Pembelian,12955,FIKTIF BELI,Lunas,"",65000.0,0.0,20/03/2022,65000.0,0.0,65000.0,"","","","","","",TINTA CANON ORI 790 YELLOW NON PACK,"","",1.0,PCS,0.0,0.00 %,"",0.0,0.0,0.0,0.0,"",0.0,0.0,"","","","",0.0,0.0
18/02/2022,Faktur Pembelian,12955,FIKTIF BELI,Lunas,"",65000.0,0.0,20/03/2022,65000.0,0.0,65000.0,"","","","","","",TINTA CANON ORI 790 MAGENTA NON PACK,"","",1.0,PCS,0.0,0.00 %,"",0.0,0.0,0.0,0.0,"",0.0,0.0,"","","","",0.0,0.0
18/02/2022,Faktur Pembelian,12956,FIKTIF BELI,Lunas,"",195000.0,0.0,20/03/2022,195000.0,0.0,195000.0,"","","","","","",TINTA CANON ORI 790 BLACK NON PACK,"","",1.0,PCS,65000.0,0.00 %,"",0.0,65000.0,65000.0,0.0,"",0.0,0.0,"","","","",0.0,0.0
18/02/2022,Faktur Pembelian,12956,FIKTIF BELI,Lunas,"",195000.0,0.0,20/03/2022,195000.0,0.0,195000.0,"","","","","","",TINTA CANON ORI 790 CYAN NON PACK,"","",1.0,PCS,65000.0,0.00 %,"",0.0,65000.0,65000.0,0.0,"",0.0,0.0,"","","","",0.0,0.0
18/02/2022,Faktur Pembelian,12956,FIKTIF BELI,Lunas,"",195000.0,0.0,20/03/2022,195000.0,0.0,195000.0,"","","","","","",TINTA CANON ORI 790 YELLOW NON PACK,"","",1.0,PCS,0.0,0.00 %,"",0.0,0.0,0.0,0.0,"",0.0,0.0,"","","","",0.0,0.0
18/02/2022,Faktur Pembelian,12956,FIKTIF BELI,Lunas,"",195000.0,0.0,20/03/2022,195000.0,0.0,195000.0,"","","","","","",TINTA CANON ORI 790 MAGENTA NON PACK,"","",1.0,PCS,65000.0,0.00 %,"",0.0,65000.0,65000.0,0.0,"",0.0,0.0,"","","","",0.0,0.0
18/02/2022,Faktur Pembelian,JL00144812,WULAN (DISCOUNT NOTEBOOK),Lunas,"",604000.0,0.0,20/03/2022,604000.0,0.0,604000.0,"","","JL. SOEKARNO HATTA RT. 012  RW. 004 PANE, RASANAE BARAT","","","",KEYBOARD LAPTOP ASUS X441 (BLACK),"","",10.0,PCS,60000.0,0.00 %,"",0.0,600000.0,600000.0,0.0,"",4000.0,0.0,"","","","",0.0,0.0
18/02/2022,Faktur Pembelian,2202102,ANDY (JMK),Lunas,"",7760000.0,0.0,20/03/2022,7760000.0,0.0,7760000.0,"","","","","","",KABEL LAN ZIMM LINK FTP ( SEMI OUTDOOR ),"","",16.0,DUS,485000.0,0.00 %,"",0.0,7760000.0,7760000.0,0.0,"",0.0,0.0,"","","","",0.0,0.0
19/02/2022,Faktur Pembelian,12957,TATIK (LEGENDA),Lunas,"",7000000.0,0.0,21/03/2022,7000000.0,0.0,7000000.0,"","","","","","",PRINTER EPSON L121,"","",4.0,UNIT,1750000.0,0.00 %,"",0.0,7000000.0,7000000.0,0.0,"",0.0,0.0,"","","","",0.0,0.0
19/02/2022,Faktur Pembelian,JL.2202.05768,CANDRA (BLESSING),Lunas,"",620000.0,0.0,05/03/2022,620000.0,0.0,620000.0,"","","","",ARIES,"",SODIMM KINGSTONE DDR4 4GB KG,"","",2.0,PCS,310000.0,0.00 %,"",0.0,620000.0,620000.0,0.0,"",0.0,0.0,"","","","",0.0,0.0
19/02/2022,Faktur Pembelian,JL.2202.05771,CANDRA (BLESSING),Lunas,"",14690000.0,0.0,05/03/2022,14690000.0,0.0,14690000.0,"","","","",ARIES,"",ASUS A416JAO CI3-1005G1 4GB SSD 512GB NW,"","",2.0,UNIT,7345000.0,0.00 %,"",0.0,14690000.0,14690000.0,0.0,"",0.0,0.0,"","","","",0.0,0.0
19/02/2022,Faktur Pembelian,ACJ01/01/FP/2202/AI00002,PT. ANGKASA CERAH JAYA,Lunas,"",13350000.0,0.0,21/03/2022,13350000.0,0.0,13350000.0,"",SURABAYA,"","",RAHMAT,"","ACER SWIFT 3 SF314-511 CI7-1165G7 16GB SSD 512GB 14""","","",1.0,UNIT,13350000.0,0.00 %,"",0.0,13350000.0,13350000.0,0.0,"",0.0,0.0,PT. ANGKASA CERAH JAYA,"",0815 5395 1313,"",0.0,0.0
19/02/2022,Faktur Pembelian,000888,LILI (PLATINUM),Lunas,"",6150000.0,0.0,21/03/2022,6150000.0,0.0,6150000.0,"","","","","","",ADAPTOR HP 19V 3.5A (BUNDAR JARUM),"","",30.0,PCS,80000.0,0.00 %,"",0.0,2400000.0,2400000.0,0.0,"",0.0,0.0,"","","","",0.0,0.0
19/02/2022,Faktur Pembelian,000888,LILI (PLATINUM),Lunas,"",6150000.0,0.0,21/03/2022,6150000.0,0.0,6150000.0,"","","","","","",ADAPTOR ACER OR 19V 3.42A (KUNING),"","",60.0,PCS,62500.0,0.00 %,"",0.0,3750000.0,3750000.0,0.0,"",0.0,0.0,"","","","",0.0,0.0
19/02/2022,Faktur Pembelian,JL5522020590,YULI (HP CENTRE),Lunas,"",27000000.0,0.0,21/03/2022,27000000.0,0.0,27000000.0,"","","","",RAHMAT,"","ACER 5 A514 - 54  - Ci3-1115G4 4GB 512GB SSD 14""","","",4.0,UNIT,6750000.0,0.00 %,"",0.0,27000000.0,27000000.0,0.0,"",0.0,0.0,"","","","",0.0,0.0
19/02/2022,Faktur Pembelian,00603729_036,PRIYO (K GALAXY),Lunas,"",6960000.0,0.0,21/03/2022,6960000.0,0.0,6960000.0,"","","","","","",PRINTER EPSON L121,"","",4.0,UNIT,1740000.0,0.00 %,"",0.0,6960000.0,6960000.0,0.0,"",0.0,0.0,"","","","",0.0,0.0
20/02/2022,Faktur Pembelian,12958,FIKTIF BELI,Lunas,"",100000.0,0.0,22/03/2022,100000.0,0.0,100000.0,"","","","","","",TAS RANSEL ACER,"","",1.0,PCS,100000.0,0.00 %,"",0.0,100000.0,100000.0,0.0,"",0.0,0.0,"","","","",0.0,0.0
20/02/2022,Faktur Pembelian,12959,ONLINE,Lunas,"",4200000.0,0.0,22/03/2022,4200000.0,0.0,4200000.0,"","","","","","",MESIN HITUNG UANG KONZURE MC-101,"","",4.0,PCS,1050000.0,0.00 %,"",0.0,4200000.0,4200000.0,0.0,"",0.0,0.0,"","","","",0.0,0.0
21/02/2022,Faktur Pembelian,JL.2202.06034,CANDRA (BLESSING),Lunas,"",16104000.0,0.0,07/03/2022,16104000.0,0.0,16104000.0,"","","","",AGUS,"",TINTA REFFIL BROTHER BTD60BK BLACK,"","",1.0,PCS,94000.0,0.00 %,"",0.0,94000.0,94000.0,0.0,"",0.0,0.0,"","","","",0.0,0.0
21/02/2022,Faktur Pembelian,JL.2202.06034,CANDRA (BLESSING),Lunas,"",16104000.0,0.0,07/03/2022,16104000.0,0.0,16104000.0,"","","","",AGUS,"",KABEL LAN BELDEN USA CAT 5,"","",4.0,DUS,1440000.0,0.00 %,"",0.0,5760000.0,5760000.0,0.0,"",0.0,0.0,"","","","",0.0,0.0
21/02/2022,Faktur Pembelian,JL.2202.06034,CANDRA (BLESSING),Lunas,"",16104000.0,0.0,07/03/2022,16104000.0,0.0,16104000.0,"","","","",AGUS,"",ACER 5 A514-54 Ci5-1135G7 8GB 512GB SSD VGA IRIS XE,"","",1.0,UNIT,9640000.0,0.00 %,"",0.0,9640000.0,9640000.0,0.0,"",0.0,0.0,"","","","",0.0,0.0
21/02/2022,Faktur Pembelian,JL.2202.06034,CANDRA (BLESSING),Lunas,"",16104000.0,0.0,07/03/2022,16104000.0,0.0,16104000.0,"","","","",AGUS,"",CASING PARADOX GAMING HEATH,"","",1.0,PCS,425000.0,0.00 %,"",0.0,425000.0,425000.0,0.0,"",0.0,0.0,"","","","",0.0,0.0
21/02/2022,Faktur Pembelian,JL.2202.06034,CANDRA (BLESSING),Lunas,"",16104000.0,0.0,07/03/2022,16104000.0,0.0,16104000.0,"","","","",AGUS,"",TPLINK SWITCH 5 PORT TL-SG1005D GIGABIT #,"","",1.0,PCS,185000.0,0.00 %,"",0.0,185000.0,185000.0,0.0,"",0.0,0.0,"","","","",0.0,0.0
21/02/2022,Faktur Pembelian,12960,FIKTIF BELI,Lunas,"",915000.0,0.0,23/03/2022,915000.0,0.0,915000.0,"","","","","","",MB H310 GIGABYTE,"","",1.0,PCS,915000.0,0.00 %,"",0.0,915000.0,915000.0,0.0,"",0.0,0.0,"","","","",0.0,0.0
21/02/2022,Faktur Pembelian,JL5522020649,YULI (HP CENTRE),Lunas,"",24750000.0,0.0,23/03/2022,24750000.0,0.0,24750000.0,"","","","",ARIES,"",ACER A314-35-C2T9 N5100 4GB 256GB SSD #,"","",5.0,UNIT,4950000.0,0.00 %,"",0.0,24750000.0,24750000.0,0.0,"",0.0,0.0,"","","","",0.0,0.0
21/02/2022,Faktur Pembelian,JL5522020632,YULI (HP CENTRE),Lunas,"",1680000.0,0.0,23/03/2022,1680000.0,0.0,1680000.0,"","","","",RAHMAT,"",BLUEPRINT CATRIDGE TONER HP 285A,"","",5.0,PCS,336000.0,0.00 %,"",0.0,1680000.0,1680000.0,0.0,"",0.0,0.0,"","","","",0.0,0.0
22/02/2022,Faktur Pembelian,12961,FIKTIF BELI,Lunas,"",148000.0,0.0,24/03/2022,148000.0,0.0,148000.0,"","","","","","",TINTA CANON ORI 790 BLACK NON PACK,"","",1.0,PCS,37000.0,0.00 %,"",0.0,37000.0,37000.0,0.0,"",0.0,0.0,"","","","",0.0,0.0
22/02/2022,Faktur Pembelian,12961,FIKTIF BELI,Lunas,"",148000.0,0.0,24/03/2022,148000.0,0.0,148000.0,"","","","","","",TINTA CANON ORI 790 CYAN NON PACK,"","",1.0,PCS,37000.0,0.00 %,"",0.0,37000.0,37000.0,0.0,"",0.0,0.0,"","","","",0.0,0.0
22/02/2022,Faktur Pembelian,12961,FIKTIF BELI,Lunas,"",148000.0,0.0,24/03/2022,148000.0,0.0,148000.0,"","","","","","",TINTA CANON ORI 790 YELLOW NON PACK,"","",1.0,PCS,37000.0,0.00 %,"",0.0,37000.0,37000.0,0.0,"",0.0,0.0,"","","","",0.0,0.0
22/02/2022,Faktur Pembelian,12961,FIKTIF BELI,Lunas,"",148000.0,0.0,24/03/2022,148000.0,0.0,148000.0,"","","","","","",TINTA CANON ORI 790 MAGENTA NON PACK,"","",1.0,PCS,37000.0,0.00 %,"",0.0,37000.0,37000.0,0.0,"",0.0,0.0,"","","","",0.0,0.0
22/02/2022,Faktur Pembelian,12962,ONLINE,Lunas,"",225000.0,0.0,24/03/2022,225000.0,0.0,225000.0,"","","","","","",KABEL SENSOR CHIP DETECTOR EPSON L1800,"","",3.0,PCS,75000.0,0.00 %,"",0.0,225000.0,225000.0,0.0,"",0.0,0.0,"","","","",0.0,0.0
22/02/2022,Faktur Pembelian,JL.2202.06638,CANDRA (BLESSING),Lunas,"",2760000.0,0.0,08/03/2022,2760000.0,0.0,2760000.0,"","","","",ARIES,"",BROTHER DCP L2540 DW,"","",1.0,PCS,2760000.0,0.00 %,"",0.0,2760000.0,2760000.0,0.0,"",0.0,0.0,"","","","",0.0,0.0
22/02/2022,Faktur Pembelian,JL.2202.06649,CANDRA (BLESSING),Lunas,"",2760000.0,0.0,08/03/2022,2760000.0,0.0,2760000.0,"","","","",ARIES,"",BROTHER DCP L2540 DW,"","",1.0,PCS,2760000.0,0.00 %,"",0.0,2760000.0,2760000.0,0.0,"",0.0,0.0,"","","","",0.0,0.0
22/02/2022,Faktur Pembelian,12963,TATIK (LEGENDA),Lunas,"",7600000.0,0.0,24/03/2022,7600000.0,0.0,7600000.0,"","","","","","",PRINTER CANON G2020 PSC,"","",4.0,UNIT,1900000.0,0.00 %,"",0.0,7600000.0,7600000.0,0.0,"",0.0,0.0,"","","","",0.0,0.0
22/02/2022,Faktur Pembelian,12964,FIKTIF BELI,Lunas,"",50000.0,0.0,24/03/2022,50000.0,0.0,50000.0,"","","","","","",BATERAI CR2016,"","",5.0,PCS,10000.0,0.00 %,"",0.0,50000.0,50000.0,0.0,"",0.0,0.0,"","","","",0.0,0.0
22/02/2022,Faktur Pembelian,JL202200001053,EDISON ATK,Lunas,"",3000000.0,0.0,23/04/2022,3000000.0,0.0,3000000.0,"","","","","","",TINTA SPIDOL SNOWMAN WBI-20 HT ( WHITE BOARD ),"","",240.0,PCS,12500.0,0.00 %,"",0.0,3000000.0,3000000.0,0.0,"",0.0,0.0,"","","","",0.0,0.0
22/02/2022,Faktur Pembelian,2202DPS222/T0005,PT GALVA TECHNOLOGIES,Lunas,"",65249999.999994,0.0,08/03/2022,59318181.818176,5931818.181818,65249999.999994,"",DENPASAR - BALI,"","",CV TIGA NUSA,"",* PROJECTOR ACER BS 020P DLP 4000 Lumens + TAS,"","",16.0,UNIT,3707386.363636,0.00 %,10.0,5931818.1818176,59318181.818176,59318181.818176,0.0,"",0.0,0.0,PT GALVA TECHNOLOGIES,"",0813 3803 4200,081338034200,0.0,0.0
23/02/2022,Faktur Pembelian,12965,TATIK (LEGENDA),Lunas,"",1260000.0,0.0,25/03/2022,1260000.0,0.0,1260000.0,"","","","","","",RIBBON CATRIDGE PRINTECH LQ 2190,"","",20.0,PCS,63000.0,0.00 %,"",0.0,1260000.0,1260000.0,0.0,"",0.0,0.0,"","","","",0.0,0.0
23/02/2022,Faktur Pembelian,12966,TATIK (LEGENDA),Lunas,"",3050000.0,0.0,25/03/2022,3050000.0,0.0,3050000.0,"","","","","","",RIBBON CATRIDGE ORI EPSON LQ 2190,"","",20.0,PCS,152500.0,0.00 %,"",0.0,3050000.0,3050000.0,0.0,"",0.0,0.0,"","","","",0.0,0.0
23/02/2022,Faktur Pembelian,12967,ONLINE,Lunas,"",270000.0,0.0,25/03/2022,270000.0,0.0,270000.0,"","","","","","",KABEL FLEXY HEAD EPSON,"","",10.0,PCS,27000.0,0.00 %,"",0.0,270000.0,270000.0,0.0,"",0.0,0.0,"","","","",0.0,0.0
23/02/2022,Faktur Pembelian,12968,TATIK (LEGENDA),Lunas,"",13710000.0,0.0,25/03/2022,13710000.0,0.0,13710000.0,"","","","","","",PRINTER EPSON L3210,"","",6.0,UNIT,2285000.0,0.00 %,"",0.0,13710000.0,13710000.0,0.0,"",0.0,0.0,"","","","",0.0,0.0
23/02/2022,Faktur Pembelian,JL.2202.06688,CANDRA (BLESSING),Lunas,"",15390000.0,0.0,09/03/2022,15390000.0,0.0,15390000.0,"","","","",RAHMAT,"",LENOVO THINKBOOK 13S G2 ITL-20V90043ID CI5-1135G7 16GB 512GB SSD INTEL IRIS XE,"","",1.0,UNIT,15390000.0,0.00 %,"",0.0,15390000.0,15390000.0,0.0,"",0.0,0.0,"","","","",0.0,0.0
23/02/2022,Faktur Pembelian,JL.2202.06840,CANDRA (BLESSING),Lunas,"",43155000.0,0.0,09/03/2022,43155000.0,0.0,43155000.0,"","","","",ARIES,"","ACER 5 A514 - 54  - Ci3-1115G4 4GB 512GB SSD 14""","","",4.0,UNIT,6665000.0,0.00 %,"",0.0,26660000.0,26660000.0,0.0,"",0.0,0.0,"","","","",0.0,0.0
23/02/2022,Faktur Pembelian,JL.2202.06840,CANDRA (BLESSING),Lunas,"",43155000.0,0.0,09/03/2022,43155000.0,0.0,43155000.0,"","","","",ARIES,"",HP PAVILION 14-EC0013AU AMD RYZEN 5 5500U 16GB SSD 512GB,"","",1.0,UNIT,10155000.0,0.00 %,"",0.0,10155000.0,10155000.0,0.0,"",0.0,0.0,"","","","",0.0,0.0
23/02/2022,Faktur Pembelian,JL.2202.06840,CANDRA (BLESSING),Lunas,"",43155000.0,0.0,09/03/2022,43155000.0,0.0,43155000.0,"","","","",ARIES,"","PC BUILUP ASUS S500TC INTEL G5905 4GB 1TB LED 19,5","","",1.0,UNIT,6340000.0,0.00 %,"",0.0,6340000.0,6340000.0,0.0,"",0.0,0.0,"","","","",0.0,0.0
23/02/2022,Faktur Pembelian,JL.2202.07023,CANDRA (BLESSING),Lunas,"",425000.0,0.0,09/03/2022,425000.0,0.0,425000.0,"","","","",RAHMAT,"",CASING PARADOX GAMING HEATH,"","",1.0,PCS,425000.0,0.00 %,"",0.0,425000.0,425000.0,0.0,"",0.0,0.0,"","","","",0.0,0.0
23/02/2022,Faktur Pembelian,JL.2202.07022,CANDRA (BLESSING),Lunas,"",11633000.0,0.0,09/03/2022,11633000.0,0.0,11633000.0,"","","","",RAHMAT,"",PSU AEROCOOL LUX 550W BRONZE (dus putih),"","",1.0,PCS,483000.0,0.00 %,"",0.0,483000.0,483000.0,0.0,"",0.0,0.0,"","","","",0.0,0.0
23/02/2022,Faktur Pembelian,JL.2202.07022,CANDRA (BLESSING),Lunas,"",11633000.0,0.0,09/03/2022,11633000.0,0.0,11633000.0,"","","","",RAHMAT,"",PROC INTEL i7 10700 COMET LAKE INCLUD FAN,"","",1.0,UNIT,4160000.0,0.00 %,"",0.0,4160000.0,4160000.0,0.0,"",0.0,0.0,"","","","",0.0,0.0
23/02/2022,Faktur Pembelian,JL.2202.07022,CANDRA (BLESSING),Lunas,"",11633000.0,0.0,09/03/2022,11633000.0,0.0,11633000.0,"","","","",RAHMAT,"",MB GIGABYTE H410MS2 V3 COMET LAKE,"","",1.0,UNIT,1015000.0,0.00 %,"",0.0,1015000.0,1015000.0,0.0,"",0.0,0.0,"","","","",0.0,0.0
23/02/2022,Faktur Pembelian,JL.2202.07022,CANDRA (BLESSING),Lunas,"",11633000.0,0.0,09/03/2022,11633000.0,0.0,11633000.0,"","","","",RAHMAT,"",RAM PC CORSAIR DDR4 PC1X16GB,"","",1.0,PCS,1080000.0,0.00 %,"",0.0,1080000.0,1080000.0,0.0,"",0.0,0.0,"","","","",0.0,0.0
23/02/2022,Faktur Pembelian,JL.2202.07022,CANDRA (BLESSING),Lunas,"",11633000.0,0.0,09/03/2022,11633000.0,0.0,11633000.0,"","","","",RAHMAT,"",SSD SAMSUNG 500GB 980 PRO NVME M.2,"","",1.0,PCS,1970000.0,0.00 %,"",0.0,1970000.0,1970000.0,0.0,"",0.0,0.0,"","","","",0.0,0.0
23/02/2022,Faktur Pembelian,JL.2202.07022,CANDRA (BLESSING),Lunas,"",11633000.0,0.0,09/03/2022,11633000.0,0.0,11633000.0,"","","","",RAHMAT,"",LED ASUS VY279HE 27 FHD IPS,"","",1.0,PCS,2925000.0,0.00 %,"",0.0,2925000.0,2925000.0,0.0,"",0.0,0.0,"","","","",0.0,0.0
23/02/2022,Faktur Pembelian,12969,EDO VGEN,Lunas,"",8550000.0,0.0,09/03/2022,8550000.0,0.0,8550000.0,"","","","","","",FD V-GEN 8GB,"","",100.0,PCS,41500.0,0.00 %,"",0.0,4150000.0,4150000.0,0.0,"",0.0,0.0,"","","","",0.0,0.0
23/02/2022,Faktur Pembelian,12969,EDO VGEN,Lunas,"",8550000.0,0.0,09/03/2022,8550000.0,0.0,8550000.0,"","","","","","",FD V-GEN 16GB,"","",100.0,PCS,44000.0,0.00 %,"",0.0,4400000.0,4400000.0,0.0,"",0.0,0.0,"","","","",0.0,0.0
23/02/2022,Faktur Pembelian,JL.2202.07052,CANDRA (BLESSING),Lunas,"",10530000.0,0.0,09/03/2022,10530000.0,0.0,10530000.0,"","","","",AGUS,"","LENOVO V14 AMD 3020E 8GB SSD 256GB 14"" #","","",2.0,UNIT,5265000.0,0.00 %,"",0.0,10530000.0,10530000.0,0.0,"",0.0,0.0,"","","","",0.0,0.0
23/02/2022,Faktur Pembelian,12970,FIKTIF BELI,Lunas,"",130000.0,0.0,25/03/2022,130000.0,0.0,130000.0,"","","","","","",TINTA CANON ORI 790 BLACK NON PACK,"","",1.0,PCS,65000.0,0.00 %,"",0.0,65000.0,65000.0,0.0,"",0.0,0.0,"","","","",0.0,0.0
23/02/2022,Faktur Pembelian,12970,FIKTIF BELI,Lunas,"",130000.0,0.0,25/03/2022,130000.0,0.0,130000.0,"","","","","","",TINTA CANON ORI 790 CYAN NON PACK,"","",1.0,PCS,0.0,0.00 %,"",0.0,0.0,0.0,0.0,"",0.0,0.0,"","","","",0.0,0.0
23/02/2022,Faktur Pembelian,12970,FIKTIF BELI,Lunas,"",130000.0,0.0,25/03/2022,130000.0,0.0,130000.0,"","","","","","",TINTA CANON ORI 790 YELLOW NON PACK,"","",1.0,PCS,0.0,0.00 %,"",0.0,0.0,0.0,0.0,"",0.0,0.0,"","","","",0.0,0.0
23/02/2022,Faktur Pembelian,12970,FIKTIF BELI,Lunas,"",130000.0,0.0,25/03/2022,130000.0,0.0,130000.0,"","","","","","",TINTA CANON ORI 790 MAGENTA NON PACK,"","",1.0,PCS,65000.0,0.00 %,"",0.0,65000.0,65000.0,0.0,"",0.0,0.0,"","","","",0.0,0.0
23/02/2022,Faktur Pembelian,JL202200001120,EDISON ATK,Lunas,"",3500000.00016,0.0,24/04/2022,3500000.00016,0.0,3500000.00016,"","","","","","",MAP SPRING SEAGULL AF-350,"","",480.0,PCS,7291.666667,0.00 %,"",0.0,3500000.00016,3500000.00016,0.0,"",0.0,0.0,"","","","",0.0,0.0
23/02/2022,Faktur Pembelian,2201730,YOGA (WAHANA),Lunas,"",9720000.0,0.0,25/03/2022,9720000.0,0.0,9720000.0,"","","","","","",PROJECTOR EPSON EB E500 3300 LUMENS,"","",2.0,UNIT,4860000.0,0.00 %,"",0.0,9720000.0,9720000.0,0.0,"",0.0,0.0,"","","","",0.0,0.0
23/02/2022,Faktur Pembelian,JL00145300,WULAN (DISCOUNT NOTEBOOK),Lunas,"",327000.0,0.0,25/03/2022,327000.0,0.0,327000.0,"","","JL. SOEKARNO HATTA RT. 012  RW. 004 PANE, RASANAE BARAT","","","",KEYBOARD TOSHIBA C840 / C800 DOFF BLACK,"","",5.0,PCS,65000.0,0.00 %,"",0.0,325000.0,325000.0,0.0,"",2000.0,0.0,"","","","",0.0,0.0
23/02/2022,Faktur Pembelian,000892,LILI (PLATINUM),Lunas,"",3000000.0,0.0,25/03/2022,3000000.0,0.0,3000000.0,"","","","","","",LCD LAPTOP 14 30 PIN SMALL FRAME NO BR,"","",3.0,PCS,1000000.0,0.00 %,"",0.0,3000000.0,3000000.0,0.0,"",0.0,0.0,"","","","",0.0,0.0
23/02/2022,Faktur Pembelian,000893,LILI (PLATINUM),Lunas,"",8035000.0,0.0,25/03/2022,8035000.0,0.0,8035000.0,"","","","","","",CCTV DVR DAHUA 8CH XVR1A08,"","",5.0,UNIT,585000.0,0.00 %,"",0.0,2925000.0,2925000.0,0.0,"",0.0,0.0,"","","","",0.0,0.0
23/02/2022,Faktur Pembelian,000893,LILI (PLATINUM),Lunas,"",8035000.0,0.0,25/03/2022,8035000.0,0.0,8035000.0,"","","","","","",KABEL DATA 5 PIN,"","",30.0,PCS,15000.0,0.00 %,"",0.0,450000.0,450000.0,0.0,"",0.0,0.0,"","","","",0.0,0.0
23/02/2022,Faktur Pembelian,000893,LILI (PLATINUM),Lunas,"",8035000.0,0.0,25/03/2022,8035000.0,0.0,8035000.0,"","","","","","",ADAPTOR ASUS 1.75A (USB),"","",15.0,PCS,100000.0,0.00 %,"",0.0,1500000.0,1500000.0,0.0,"",0.0,0.0,"","","","",0.0,0.0
23/02/2022,Faktur Pembelian,000893,LILI (PLATINUM),Lunas,"",8035000.0,0.0,25/03/2022,8035000.0,0.0,8035000.0,"","","","","","",CCTV CAM DAHUA HAC-T1A21 IR BULLET (INDOOR),"","",20.0,PCS,158000.0,0.00 %,"",0.0,3160000.0,3160000.0,0.0,"",0.0,0.0,"","","","",0.0,0.0
23/02/2022,Faktur Pembelian,000894,LILI (PLATINUM),Lunas,"",3392000.0,0.0,25/03/2022,3392000.0,0.0,3392000.0,"","","","","","",ADAPTOR LENOVO USB 20V - 3.25A #,"","",30.0,PCS,80000.0,0.00 %,"",0.0,2400000.0,2400000.0,0.0,"",0.0,0.0,"","","","",0.0,0.0
23/02/2022,Faktur Pembelian,000894,LILI (PLATINUM),Lunas,"",3392000.0,0.0,25/03/2022,3392000.0,0.0,3392000.0,"","","","","","",GAMEPAD DOUBLE BLACK,"","",16.0,PCS,62000.0,0.00 %,"",0.0,992000.0,992000.0,0.0,"",0.0,0.0,"","","","",0.0,0.0
23/02/2022,Faktur Pembelian,PJL-22-02-00440,PT. Surya Makmur Kreasindo (HJ),Lunas,"",13799999.999999,0.0,09/03/2022,12545454.545454,1254545.454545,13799999.999999,"",SURABAYA,"","",CV TIGA NUSA,"",* PRINTER EPSON L3210,"","",6.0,UNIT,2090909.090909,0.00 %,10.0,1254545.4545454,12545454.545454,12545454.545454,0.0,"",0.0,0.0,PT. Surya Makmur Kreasindo,"",081515111951,"",0.0,0.0
23/02/2022,Faktur Pembelian,JL5522020698,YULI (HP CENTRE),Lunas,"",10500000.0,0.0,25/03/2022,10500000.0,0.0,10500000.0,"","","","",ARIES,"",BLUEPRINT CANON BLACK (100ML),"","",300.0,PCS,35000.0,0.00 %,"",0.0,10500000.0,10500000.0,0.0,"",0.0,0.0,"","","","",0.0,0.0
23/02/2022,Faktur Pembelian,PJL-22-02-00439,PT. Surya Makmur Kreasindo (HJ),Lunas,"",11500000.0,0.0,09/03/2022,10454545.454545,1045454.545455,11500000.0,"",SURABAYA,"","",CV TIGA NUSA,"",* PRINTER EPSON L3210,"","",5.0,UNIT,2090909.090909,0.00 %,10.0,1045454.5454545,10454545.454545,10454545.454545,0.0,"",0.0,0.0,PT. Surya Makmur Kreasindo,"",081515111951,"",0.0,0.0
24/02/2022,Faktur Pembelian,CP10577,CANON JAKARTA,Lunas,"",353001.0,0.0,26/03/2022,320910.0,32091.0,353001.0,"","","","",CV TIGA NUSA,"",* MAINTENANCE CATRIDGE MC-G02 F,"","",3.0,PCS,106970.0,0.00 %,10.0,32091.0,320910.0,320910.0,0.0,"",0.0,0.0,"","","","",0.0,0.0
24/02/2022,Faktur Pembelian,JL.2202.07197,CANDRA (BLESSING),Lunas,"",9896000.0,0.0,10/03/2022,9896000.0,0.0,9896000.0,"","","","",ARIES,"",DVD EXTERNAL LG,"","",2.0,PCS,293000.0,0.00 %,"",0.0,586000.0,586000.0,0.0,"",0.0,0.0,"","","","",0.0,0.0
24/02/2022,Faktur Pembelian,JL.2202.07197,CANDRA (BLESSING),Lunas,"",9896000.0,0.0,10/03/2022,9896000.0,0.0,9896000.0,"","","","",ARIES,"","HP 14S INTEL N4120 4GB 256GB SSD WIN 11 14"" NW","","",1.0,UNIT,5070000.0,0.00 %,"",0.0,5070000.0,5070000.0,0.0,"",0.0,0.0,"","","","",0.0,0.0
24/02/2022,Faktur Pembelian,JL.2202.07197,CANDRA (BLESSING),Lunas,"",9896000.0,0.0,10/03/2022,9896000.0,0.0,9896000.0,"","","","",ARIES,"","LENOVO IDEAPAD SLIM 1 11IGL05 INTEL N4020 4GB SSD 256GB 11,6"" NW","","",1.0,UNIT,4240000.0,0.00 %,"",0.0,4240000.0,4240000.0,0.0,"",0.0,0.0,"","","","",0.0,0.0
24/02/2022,Faktur Pembelian,JL.2202.07331,CANDRA (BLESSING),Lunas,"",10744999.999999,0.0,10/03/2022,9768181.818181,976818.181818,10744999.999999,"","","","",CV TIGA NUSA,"",* PRINTER CANON G2020 PSC,"","",2.0,UNIT,1854545.454545,0.00 %,10.0,370909.090909,3709090.90909,3709090.90909,0.0,"",0.0,0.0,"","","","",0.0,0.0
24/02/2022,Faktur Pembelian,JL.2202.07331,CANDRA (BLESSING),Lunas,"",10744999.999999,0.0,10/03/2022,9768181.818181,976818.181818,10744999.999999,"","","","",CV TIGA NUSA,"",* ACER 5 SLIM A514 -54 CI3-1115G4 4GB 512GB SSD W11,"","",1.0,UNIT,6059090.909091,0.00 %,10.0,605909.0909091,6059090.909091,6059090.909091,0.0,"",0.0,0.0,"","","","",0.0,0.0
24/02/2022,Faktur Pembelian,JL.2202.07349,CANDRA (BLESSING),Lunas,"",15449999.999999,0.0,10/03/2022,14045454.545454,1404545.454545,15449999.999999,"","","","",CV TIGA NUSA,"",* AIO ACER C22 - 1650 Ci3-1115G4 4GB 512GB SSD WIN 10,"","",2.0,UNIT,7022727.272727,0.00 %,10.0,1404545.4545454,14045454.545454,14045454.545454,0.0,"",0.0,0.0,"","","","",0.0,0.0
24/02/2022,Faktur Pembelian,ACJ01/01/FP/2202/BD00018,PT. ANGKASA CERAH JAYA,Lunas,"",15550000.0,0.0,26/03/2022,14136363.636364,1413636.363636,15550000.0,"",SURABAYA,"","",CV TIGA NUSA,"",* AIO ACER C22 - 1650 Ci3-1115G4 4GB 512GB SSD WIN 10,"","",2.0,UNIT,7068181.818182,0.00 %,10.0,1413636.3636364,14136363.636364,14136363.636364,0.0,"",0.0,0.0,PT. ANGKASA CERAH JAYA,"",0815 5395 1313,"",0.0,0.0
24/02/2022,Faktur Pembelian,JL.2202.07423,CANDRA (BLESSING),Lunas,"",894000.0,0.0,10/03/2022,894000.0,0.0,894000.0,"","","","",AGUS,"",PSU SIMBADDA 450W BOX,"","",3.0,PCS,298000.0,0.00 %,"",0.0,894000.0,894000.0,0.0,"",0.0,0.0,"","","","",0.0,0.0
24/02/2022,Faktur Pembelian,JL.2202.07421,CANDRA (BLESSING),Lunas,"",4221000.0,0.0,10/03/2022,4221000.0,0.0,4221000.0,"","","","",AGUS,"",PSU SIMBADDA 400W BOX,"","",13.0,PCS,233000.0,0.00 %,"",0.0,3029000.0,3029000.0,0.0,"",0.0,0.0,"","","","",0.0,0.0
24/02/2022,Faktur Pembelian,JL.2202.07421,CANDRA (BLESSING),Lunas,"",4221000.0,0.0,10/03/2022,4221000.0,0.0,4221000.0,"","","","",AGUS,"",PSU SIMBADDA 450W BOX,"","",4.0,PCS,298000.0,0.00 %,"",0.0,1192000.0,1192000.0,0.0,"",0.0,0.0,"","","","",0.0,0.0
24/02/2022,Faktur Pembelian,12971,EDISON ATK,Lunas,"",7488000.0,0.0,25/04/2022,7488000.0,0.0,7488000.0,"","","","","","",LAKBAN BENING,"","",720.0,PCS,10400.0,0.00 %,"",0.0,7488000.0,7488000.0,0.0,"",0.0,0.0,"","","","",0.0,0.0
24/02/2022,Faktur Pembelian,KG-U00007652,YOSSY (KABAR GEMBIRA),Lunas,"",14700000.0,0.0,26/03/2022,14700000.0,0.0,14700000.0,"","","","","","",PRINTER EPSON L3210,"","",6.0,UNIT,2450000.0,0.00 %,"",0.0,14700000.0,14700000.0,0.0,"",0.0,0.0,"","","","",0.0,0.0
25/02/2022,Faktur Pembelian,JL.2202.07471,CANDRA (BLESSING),Lunas,"",19175000.0,0.0,11/03/2022,19175000.0,0.0,19175000.0,"","","","",RAHMAT,"",TINTA REFFIL BROTHER BTD60BK BLACK,"","",4.0,PCS,95000.0,0.00 %,"",0.0,380000.0,380000.0,0.0,"",0.0,0.0,"","","","",0.0,0.0
25/02/2022,Faktur Pembelian,JL.2202.07471,CANDRA (BLESSING),Lunas,"",19175000.0,0.0,11/03/2022,19175000.0,0.0,19175000.0,"","","","",RAHMAT,"",SCANER FUJITSU S1300i / f4-Duplex,"","",1.0,UNIT,3960000.0,0.00 %,"",0.0,3960000.0,3960000.0,0.0,"",0.0,0.0,"","","","",0.0,0.0
25/02/2022,Faktur Pembelian,JL.2202.07471,CANDRA (BLESSING),Lunas,"",19175000.0,0.0,11/03/2022,19175000.0,0.0,19175000.0,"","","","",RAHMAT,"",ACER A314-35-C2T9 N5100 4GB 256GB SSD #,"","",3.0,UNIT,4945000.0,0.00 %,"",0.0,14835000.0,14835000.0,0.0,"",0.0,0.0,"","","","",0.0,0.0
25/02/2022,Faktur Pembelian,12973,ONLINE,Lunas,"",250000.0,0.0,27/03/2022,250000.0,0.0,250000.0,"","","","","","","MAINTENANCE BOX G SERIES G1020, G2020 ( MCG02 )","","",2.0,PCS,125000.0,0.00 %,"",0.0,250000.0,250000.0,0.0,"",0.0,0.0,"","","","",0.0,0.0
25/02/2022,Faktur Pembelian,12974,FIKTIF BELI,Lunas,"",5500000.0,0.0,27/03/2022,5500000.0,0.0,5500000.0,"","","","","","",SPIDOL SNOWMAN WHITE BOARD (WB-BG-12 HT),"","",1000.0,PCS,5500.0,0.00 %,"",0.0,5500000.0,5500000.0,0.0,"",0.0,0.0,"","","","",0.0,0.0
25/02/2022,Faktur Pembelian,JL.2202.07709,CANDRA (BLESSING),Lunas,"",28604000.0,0.0,11/03/2022,28604000.0,0.0,28604000.0,"","","","",AGUS,"",MOUSE LOGITECH WIRELESS M170,"","",2.0,PCS,97000.0,0.00 %,"",0.0,194000.0,194000.0,0.0,"",0.0,0.0,"","","","",0.0,0.0
25/02/2022,Faktur Pembelian,JL.2202.07709,CANDRA (BLESSING),Lunas,"",28604000.0,0.0,11/03/2022,28604000.0,0.0,28604000.0,"","","","",AGUS,"","ACER SWIFT 3 SF314-511 CI7-1165G7 16GB SSD 512GB 14""","","",2.0,UNIT,14205000.0,0.00 %,"",0.0,28410000.0,28410000.0,0.0,"",0.0,0.0,"","","","",0.0,0.0
25/02/2022,Faktur Pembelian,JL.2202.07750,CANDRA (BLESSING),Lunas,"",41280000.0,0.0,11/03/2022,41280000.0,0.0,41280000.0,"","","","",AGUS,"",ASUS K413EA-AM5551IPS CI5-1135G7 8GB 512 SSD WIN 10,"","",4.0,UNIT,10320000.0,0.00 %,"",0.0,41280000.0,41280000.0,0.0,"",0.0,0.0,"","","","",0.0,0.0
25/02/2022,Faktur Pembelian,JL.2202.07776,CANDRA (BLESSING),Lunas,"",6890000.0,0.0,11/03/2022,6890000.0,0.0,6890000.0,"","","","",RAHMAT,"",PSU AEROCOOL LUX RGB 550W BRONZE,"","",1.0,PCS,555000.0,0.00 %,"",0.0,555000.0,555000.0,0.0,"",0.0,0.0,"","","","",0.0,0.0
25/02/2022,Faktur Pembelian,JL.2202.07776,CANDRA (BLESSING),Lunas,"",6890000.0,0.0,11/03/2022,6890000.0,0.0,6890000.0,"","","","",RAHMAT,"",CASING PARADOX GAMING HEATH,"","",1.0,PCS,425000.0,0.00 %,"",0.0,425000.0,425000.0,0.0,"",0.0,0.0,"","","","",0.0,0.0
25/02/2022,Faktur Pembelian,JL.2202.07776,CANDRA (BLESSING),Lunas,"",6890000.0,0.0,11/03/2022,6890000.0,0.0,6890000.0,"","","","",RAHMAT,"",MB GIGABYTE H410MS2 V3 COMET LAKE,"","",1.0,UNIT,1015000.0,0.00 %,"",0.0,1015000.0,1015000.0,0.0,"",0.0,0.0,"","","","",0.0,0.0
25/02/2022,Faktur Pembelian,JL.2202.07776,CANDRA (BLESSING),Lunas,"",6890000.0,0.0,11/03/2022,6890000.0,0.0,6890000.0,"","","","",RAHMAT,"",SSD SAMSUNG 500GB 980 PRO NVME M.2,"","",1.0,PCS,1970000.0,0.00 %,"",0.0,1970000.0,1970000.0,0.0,"",0.0,0.0,"","","","",0.0,0.0
25/02/2022,Faktur Pembelian,JL.2202.07776,CANDRA (BLESSING),Lunas,"",6890000.0,0.0,11/03/2022,6890000.0,0.0,6890000.0,"","","","",RAHMAT,"",LED ASUS VY279HE 27 FHD IPS,"","",1.0,PCS,2925000.0,0.00 %,"",0.0,2925000.0,2925000.0,0.0,"",0.0,0.0,"","","","",0.0,0.0
25/02/2022,Faktur Pembelian,JL.2202.07797,CANDRA (BLESSING),Lunas,"",1080000.0,0.0,11/03/2022,1080000.0,0.0,1080000.0,"","","","",RAHMAT,"",RAM PC CORSAIR DDR4 PC1X16GB,"","",1.0,PCS,1080000.0,0.00 %,"",0.0,1080000.0,1080000.0,0.0,"",0.0,0.0,"","","","",0.0,0.0
25/02/2022,Faktur Pembelian,JL.2202.07578,CANDRA (BLESSING),Lunas,"",34515000.0,0.0,11/03/2022,34515000.0,0.0,34515000.0,"","","","",RAHMAT,"",ACER A314-35-C2T9 N5100 4GB 256GB SSD #,"","",2.0,UNIT,4895000.0,0.00 %,"",0.0,9790000.0,9790000.0,0.0,"",0.0,0.0,"","","","",0.0,0.0
25/02/2022,Faktur Pembelian,JL.2202.07578,CANDRA (BLESSING),Lunas,"",34515000.0,0.0,11/03/2022,34515000.0,0.0,34515000.0,"","","","",RAHMAT,"",ACER A314-35-C2T9 N5100 4GB 256GB SSD #,"","",5.0,UNIT,4945000.0,0.00 %,"",0.0,24725000.0,24725000.0,0.0,"",0.0,0.0,"","","","",0.0,0.0
25/02/2022,Faktur Pembelian,JL00145505,WULAN (DISCOUNT NOTEBOOK),Lunas,"",565500.0,0.0,27/03/2022,565500.0,0.0,565500.0,"","","JL. SOEKARNO HATTA RT. 012  RW. 004 PANE, RASANAE BARAT","","","",KEYBOARD LAPTOP TOSHIBA C40A / L40 BLACK,"","",3.0,PCS,75000.0,0.00 %,"",0.0,225000.0,225000.0,0.0,"",25500.0,0.0,"","","","",0.0,0.0
25/02/2022,Faktur Pembelian,JL00145505,WULAN (DISCOUNT NOTEBOOK),Lunas,"",565500.0,0.0,27/03/2022,565500.0,0.0,565500.0,"","","JL. SOEKARNO HATTA RT. 012  RW. 004 PANE, RASANAE BARAT","","","",BATERAI LAPTOP LENOVO 320 AG,"","",1.0,PCS,315000.0,0.00 %,"",0.0,315000.0,315000.0,0.0,"",25500.0,0.0,"","","","",0.0,0.0
25/02/2022,Faktur Pembelian,000887,LILI (PLATINUM),Lunas,"",954000.0,0.0,27/03/2022,954000.0,0.0,954000.0,"","","JL. SOEKARNO HATTA RT. 012  RW. 004 PANE, RASANAE BARAT","","","",BATERAI ACER ES1 432 AS16A8K / AS16A5K,"","",3.0,PCS,310000.0,0.00 %,"",0.0,930000.0,930000.0,0.0,"",24000.0,0.0,"","","","",0.0,0.0
25/02/2022,Faktur Pembelian,JL.2202.07705,CANDRA (BLESSING),Lunas,"",9640000.0,0.0,11/03/2022,9640000.0,0.0,9640000.0,"","","","",RAHMAT,"",ACER 5 A514-54 Ci5-1135G7 8GB 512GB SSD VGA IRIS XE,"","",1.0,UNIT,9640000.0,0.00 %,"",0.0,9640000.0,9640000.0,0.0,"",0.0,0.0,"","","","",0.0,0.0
25/02/2022,Faktur Pembelian,FK 7661,BETA COM,Lunas,"",2900000.0,0.0,27/03/2022,2900000.0,0.0,2900000.0,"","","","","","",PRINTER CANON LASERJET LBP 6030,"","",2.0,UNIT,1450000.0,0.00 %,"",0.0,2900000.0,2900000.0,0.0,"",0.0,0.0,"","","","",0.0,0.0
25/02/2022,Faktur Pembelian,00604156_036,PRIYO (K GALAXY),Lunas,"",4500000.0,0.0,27/03/2022,4500000.0,0.0,4500000.0,"","","","","","",PRINTER EPSON L5290,"","",1.0,UNIT,4500000.0,0.00 %,"",0.0,4500000.0,4500000.0,0.0,"",0.0,0.0,"","","","",0.0,0.0
25/02/2022,Faktur Pembelian,00604192_036,PRIYO (K GALAXY),Lunas,"",1070000.0,0.0,27/03/2022,1070000.0,0.0,1070000.0,"","","","","","",PROCESSOR INTEL I3 - 4170,"","",2.0,PCS,535000.0,0.00 %,"",0.0,1070000.0,1070000.0,0.0,"",0.0,0.0,"","","","",0.0,0.0
26/02/2022,Faktur Pembelian,12975,FIKTIF BELI,Lunas,"",710000.0001,0.0,28/03/2022,710000.0001,0.0,710000.0001,"","","","","","",KABEL CCTV PERMETER,"","",300.0,METER,2366.666667,0.00 %,"",0.0,710000.0001,710000.0001,0.0,"",0.0,0.0,"","","","",0.0,0.0
26/02/2022,Faktur Pembelian,JL.2202.08012,CANDRA (BLESSING),Lunas,"",24725000.0,0.0,12/03/2022,24725000.0,0.0,24725000.0,"","","","",ARIES,"",ACER A314-35-C2T9 N5100 4GB 256GB SSD #,"","",5.0,UNIT,4945000.0,0.00 %,"",0.0,24725000.0,24725000.0,0.0,"",0.0,0.0,"","","","",0.0,0.0
26/02/2022,Faktur Pembelian,JL.2202.07969,CANDRA (BLESSING),Lunas,"",1125000.0,0.0,12/03/2022,1022727.272727,102272.727273,1125000.0,"","","","",CV TIGA NUSA,"",* TPLINK SWITCH 16 PORT TL-SG1016(UN) GIGABIT RACKMOUNT,"","",1.0,UNIT,1022727.272727,0.00 %,10.0,102272.7272727,1022727.272727,1022727.272727,0.0,"",0.0,0.0,"","","","",0.0,0.0
26/02/2022,Faktur Pembelian,12976,DARMA DJ COMP,Lunas,"",71550000.0,0.0,28/03/2022,71550000.0,0.0,71550000.0,"","","","","","",ACER A314-35-C2T9 N5100 4GB 256GB SSD #,"","",7.0,UNIT,4750000.0,0.00 %,"",0.0,33250000.0,33250000.0,0.0,"",0.0,0.0,"","","",087876835295,0.0,0.0
26/02/2022,Faktur Pembelian,12976,DARMA DJ COMP,Lunas,"",71550000.0,0.0,28/03/2022,71550000.0,0.0,71550000.0,"","","","","","",ACER A314-35-C2T9 N5100 4GB 256GB SSD #,"","",2.0,UNIT,4900000.0,0.00 %,"",0.0,9800000.0,9800000.0,0.0,"",0.0,0.0,"","","",087876835295,0.0,0.0
26/02/2022,Faktur Pembelian,12976,DARMA DJ COMP,Lunas,"",71550000.0,0.0,28/03/2022,71550000.0,0.0,71550000.0,"","","","","","",ACER A314-35-C2T9 N5100 4GB 256GB SSD #,"","",6.0,UNIT,4750000.0,0.00 %,"",0.0,28500000.0,28500000.0,0.0,"",0.0,0.0,"","","",087876835295,0.0,0.0
26/02/2022,Faktur Pembelian,JL.2202.08239,CANDRA (BLESSING),Lunas,"",4160000.0,0.0,12/03/2022,4160000.0,0.0,4160000.0,"","","","",RAHMAT,"",PROC INTEL i7 10700 COMET LAKE INCLUD FAN,"","",1.0,UNIT,4160000.0,0.00 %,"",0.0,4160000.0,4160000.0,0.0,"",0.0,0.0,"","","","",0.0,0.0
26/02/2022,Faktur Pembelian,202202-441,SADHA JAYA COMPUTAMA,Lunas,CANON SUDAH,18750000.0,0.0,28/03/2022,18750000.0,0.0,18750000.0,"","","","","","",PRINTER CANON G2010,"","",10.0,UNIT,1875000.0,0.00 %,"",0.0,18750000.0,18750000.0,0.0,"",0.0,0.0,"","","","",0.0,0.0
26/02/2022,Faktur Pembelian,00604287_036,PRIYO (K GALAXY),Lunas,"",1100000.0,0.0,28/03/2022,1100000.0,0.0,1100000.0,"","","","","","",MB MAGIX H61,"","",2.0,PCS,550000.0,0.00 %,"",0.0,1100000.0,1100000.0,0.0,"",0.0,0.0,"","","","",0.0,0.0
26/02/2022,Faktur Pembelian,PJL-22-02-00501,PT. Surya Makmur Kreasindo (HJ),Lunas,"",13799999.999999,0.0,12/03/2022,12545454.545454,1254545.454545,13799999.999999,"",SURABAYA,"","",CV TIGA NUSA,"",* PRINTER EPSON L3210,"","",6.0,UNIT,2090909.090909,0.00 %,10.0,1254545.4545454,12545454.545454,12545454.545454,0.0,"",0.0,0.0,PT. Surya Makmur Kreasindo,"",081515111951,"",0.0,0.0
26/02/2022,Faktur Pembelian,PJL-22-02-00503,PT. Surya Makmur Kreasindo (HJ),Lunas,"",13799999.999999,0.0,12/03/2022,12545454.545454,1254545.454545,13799999.999999,"",SURABAYA,"","",CV TIGA NUSA,"",* PRINTER EPSON L3210,"","",6.0,UNIT,2090909.090909,0.00 %,10.0,1254545.4545454,12545454.545454,12545454.545454,0.0,"",0.0,0.0,PT. Surya Makmur Kreasindo,"",081515111951,"",0.0,0.0
27/02/2022,Faktur Pembelian,JL202200000908,EDISON ATK,Lunas,CEK ,1935000.0,1935000.0,28/04/2022,1935000.0,0.0,0.0,"","","","","","",KERTAS BUFFALO BIRU TUA (NO 9),"","",90.0,PCS,21500.0,0.00 %,"",0.0,1935000.0,1935000.0,0.0,"",0.0,0.0,"","","","",0.0,0.0
28/02/2022,Faktur Pembelian,JL.2202.08506,CANDRA (BLESSING),Lunas,"",17730000.0,0.0,14/03/2022,17730000.0,0.0,17730000.0,"","","","",RAHMAT,"",ACER 3 A314-22 AMD RYZEN3-3250U 4GB 256GB SSD #,"","",3.0,UNIT,5910000.0,0.00 %,"",0.0,17730000.0,17730000.0,0.0,"",0.0,0.0,"","","","",0.0,0.0
28/02/2022,Faktur Pembelian,JL.2202.08350,CANDRA (BLESSING),Lunas,"",3727000.0,0.0,14/03/2022,3727000.0,0.0,3727000.0,"","","","",AGUS,"",TINTA REFFIL BROTHER BTD60BK BLACK,"","",1.0,PCS,95000.0,0.00 %,"",0.0,95000.0,95000.0,0.0,"",0.0,0.0,"","","","",0.0,0.0
28/02/2022,Faktur Pembelian,JL.2202.08350,CANDRA (BLESSING),Lunas,"",3727000.0,0.0,14/03/2022,3727000.0,0.0,3727000.0,"","","","",AGUS,"",BATERAI UPS 12V 7 AH KIJO,"","",10.0,PCS,135000.0,0.00 %,"",0.0,1350000.0,1350000.0,0.0,"",0.0,0.0,"","","","",0.0,0.0
28/02/2022,Faktur Pembelian,JL.2202.08350,CANDRA (BLESSING),Lunas,"",3727000.0,0.0,14/03/2022,3727000.0,0.0,3727000.0,"","","","",AGUS,"",CARD READER 6 SLOT NYK,"","",2.0,PCS,86000.0,0.00 %,"",0.0,172000.0,172000.0,0.0,"",0.0,0.0,"","","","",0.0,0.0
28/02/2022,Faktur Pembelian,JL.2202.08350,CANDRA (BLESSING),Lunas,"",3727000.0,0.0,14/03/2022,3727000.0,0.0,3727000.0,"","","","",AGUS,"",HDD PC SEAGATE 2TB SKYHAWK #,"","",2.0,PCS,840000.0,0.00 %,"",0.0,1680000.0,1680000.0,0.0,"",0.0,0.0,"","","","",0.0,0.0
28/02/2022,Faktur Pembelian,JL.2202.08350,CANDRA (BLESSING),Lunas,"",3727000.0,0.0,14/03/2022,3727000.0,0.0,3727000.0,"","","","",AGUS,"",CARD READER 6 SLOT NYK C2-08 MR,"","",10.0,PCS,43000.0,0.00 %,"",0.0,430000.0,430000.0,0.0,"",0.0,0.0,"","","","",0.0,0.0
28/02/2022,Faktur Pembelian,00604263_036,PRIYO (K GALAXY),Lunas,"",12575000.0,0.0,30/03/2022,12575000.0,0.0,12575000.0,"","","","","","",CASING CPU MAGIX GAMING SERIES,"","",15.0,PCS,245000.0,0.00 %,"",0.0,3675000.0,3675000.0,0.0,"",0.0,0.0,"","","","",0.0,0.0
28/02/2022,Faktur Pembelian,00604263_036,PRIYO (K GALAXY),Lunas,"",12575000.0,0.0,30/03/2022,12575000.0,0.0,12575000.0,"","","","","","",MONITOR LED SPC SM - 19 HDMI,"","",10.0,UNIT,890000.0,0.00 %,"",0.0,8900000.0,8900000.0,0.0,"",0.0,0.0,"","","","",0.0,0.0
01/03/2022,Faktur Pembelian,12977,ONLINE,Lunas,"",125000.0,0.0,31/03/2022,125000.0,0.0,125000.0,"","","","","","",KABEL POWER ORBIT KE USB,"","",5.0,PCS,25000.0,0.00 %,"",0.0,125000.0,125000.0,0.0,"",0.0,0.0,"","","","",0.0,0.0
01/03/2022,Faktur Pembelian,12978,ONLINE,Lunas,"",315000.0,0.0,31/03/2022,315000.0,0.0,315000.0,"","","","","","",BATERAI CAMERA CANON LP E10,"","",3.0,PCS,105000.0,0.00 %,"",0.0,315000.0,315000.0,0.0,"",0.0,0.0,"","","","",0.0,0.0
01/03/2022,Faktur Pembelian,12979,KO ROBBY,Lunas,"",137399.000004,0.0,31/03/2022,137399.000004,0.0,137399.000004,"","","","","","",BATERAI A 27,"","",12.0,PCS,11449.916667,0.00 %,"",0.0,137399.000004,137399.000004,0.0,"",0.0,0.0,"","","","",0.0,0.0
01/03/2022,Faktur Pembelian,12980,TATIK (LEGENDA),Lunas,"",17640000.0,0.0,31/03/2022,17640000.0,0.0,17640000.0,"","","","","","",TINTA EPSON 003 MAGENTA,"","",60.0,PCS,73500.0,0.00 %,"",0.0,4410000.0,4410000.0,0.0,"",0.0,0.0,"","","","",0.0,0.0
01/03/2022,Faktur Pembelian,12980,TATIK (LEGENDA),Lunas,"",17640000.0,0.0,31/03/2022,17640000.0,0.0,17640000.0,"","","","","","",TINTA EPSON 003 CYAN,"","",60.0,PCS,73500.0,0.00 %,"",0.0,4410000.0,4410000.0,0.0,"",0.0,0.0,"","","","",0.0,0.0
01/03/2022,Faktur Pembelian,12980,TATIK (LEGENDA),Lunas,"",17640000.0,0.0,31/03/2022,17640000.0,0.0,17640000.0,"","","","","","",TINTA EPSON 003 YELLOW,"","",60.0,PCS,73500.0,0.00 %,"",0.0,4410000.0,4410000.0,0.0,"",0.0,0.0,"","","","",0.0,0.0
01/03/2022,Faktur Pembelian,12980,TATIK (LEGENDA),Lunas,"",17640000.0,0.0,31/03/2022,17640000.0,0.0,17640000.0,"","","","","","",TINTA EPSON 664 BLACK,"","",60.0,PCS,73500.0,0.00 %,"",0.0,4410000.0,4410000.0,0.0,"",0.0,0.0,"","","","",0.0,0.0
01/03/2022,Faktur Pembelian,12981,ATM SURABAYA,Lunas,"",10000000.0,0.0,31/03/2022,10000000.0,0.0,10000000.0,"","","","","","",CAMERA CANON EOS 3000D 18-55MM III RSM,"","",2.0,UNIT,5000000.0,0.00 %,"",0.0,10000000.0,10000000.0,0.0,"",0.0,0.0,"","","","",0.0,0.0
01/03/2022,Faktur Pembelian,JL.2203.00266,CANDRA (BLESSING),Lunas,"",13850000.000001,0.0,15/03/2022,12590909.09091,1259090.909091,13850000.000001,"","","","",CV TIGA NUSA,"",* ACER 5 SLIM A514 -54 CI3-1115G4 4GB 512GB SSD W11,"","",2.0,UNIT,6295454.545455,0.00 %,10.0,1259090.909091,12590909.09091,12590909.09091,0.0,"",0.0,0.0,"","","","",0.0,0.0
01/03/2022,Faktur Pembelian,JL5522030007,YULI (HP CENTRE),Lunas,"",4080000.0,0.0,31/03/2022,4080000.0,0.0,4080000.0,"","","","",ARIES,"",PLONG ID CARD,"","",2.0,PCS,440000.0,0.00 %,"",0.0,880000.0,880000.0,0.0,"",0.0,0.0,"","","","",0.0,0.0
01/03/2022,Faktur Pembelian,JL5522030007,YULI (HP CENTRE),Lunas,"",4080000.0,0.0,31/03/2022,4080000.0,0.0,4080000.0,"","","","",ARIES,"",BLUEPRINT PRINTER ECO BP-ECO58 (BATERAI),"","",10.0,UNIT,320000.0,0.00 %,"",0.0,3200000.0,3200000.0,0.0,"",0.0,0.0,"","","","",0.0,0.0
01/03/2022,Faktur Pembelian,JL5522030049,YULI (HP CENTRE),Lunas,"",27000000.000002,0.0,31/03/2022,24545454.545456,2454545.454546,27000000.000002,"","","","",CV TIGA NUSA,"",* ACER 5 SLIM A514 -54 CI3-1115G4 4GB 512GB SSD W11,"","",4.0,UNIT,6136363.636364,0.00 %,10.0,2454545.4545456,24545454.545456,24545454.545456,0.0,"",0.0,0.0,"","","","",0.0,0.0
01/03/2022,Faktur Pembelian,FK7700,BETA COM,Lunas,"",19296000.0,0.0,08/03/2022,19296000.0,0.0,19296000.0,"","","","","","",CATRIDGE CANON 810 BLACK,"","",96.0,PCS,201000.0,0.00 %,"",0.0,19296000.0,19296000.0,0.0,"",0.0,0.0,"","","","",0.0,0.0
01/03/2022,Faktur Pembelian,00604372_036,PRIYO (K GALAXY),Lunas,"",13800000.0,0.0,31/03/2022,13800000.0,0.0,13800000.0,"","","","","","",PRINTER EPSON L121,"","",8.0,UNIT,1725000.0,0.00 %,"",0.0,13800000.0,13800000.0,0.0,"",0.0,0.0,"","","","",0.0,0.0
01/03/2022,Faktur Pembelian,JL00145699,WULAN (DISCOUNT NOTEBOOK),Lunas,"",228500.0,0.0,31/03/2022,228500.0,0.0,228500.0,"","","","","","",BATERAI COMPAQ CQ 42,"","",1.0,PCS,228500.0,0.00 %,"",0.0,228500.0,228500.0,0.0,"",0.0,0.0,"","","","",0.0,0.0
02/03/2022,Faktur Pembelian,12983,ONLINE,Lunas,"",3480000.0,0.0,01/04/2022,3480000.0,0.0,3480000.0,"","","","","","",TPLINK SF1005 SWITCH LAN 5 PORT ( HUB LAN 5 PORT B),"","",15.0,PCS,115000.0,0.00 %,"",0.0,1725000.0,1725000.0,0.0,"",0.0,0.0,"","","","",0.0,0.0
02/03/2022,Faktur Pembelian,12983,ONLINE,Lunas,"",3480000.0,0.0,01/04/2022,3480000.0,0.0,3480000.0,"","","","","","",TPLINK SF1005 SWITCH LAN 5 PORT ( HUB LAN 5 PORT B),"","",15.0,PCS,117000.0,0.00 %,"",0.0,1755000.0,1755000.0,0.0,"",0.0,0.0,"","","","",0.0,0.0
02/03/2022,Faktur Pembelian,12984,ONLINE,Lunas,"",625000.0,0.0,01/04/2022,625000.0,0.0,625000.0,"","","","","","",TRIPOT TAKARA ROVER 66,"","",1.0,UNIT,625000.0,0.00 %,"",0.0,625000.0,625000.0,0.0,"",0.0,0.0,"","","","",0.0,0.0
02/03/2022,Faktur Pembelian,12985,FIKTIF BELI,Lunas,"",65000.0,0.0,01/04/2022,65000.0,0.0,65000.0,"","","","","","",TINTA CANON ORI 790 BLACK NON PACK,"","",1.0,PCS,65000.0,0.00 %,"",0.0,65000.0,65000.0,0.0,"",0.0,0.0,"","","","",0.0,0.0
02/03/2022,Faktur Pembelian,12985,FIKTIF BELI,Lunas,"",65000.0,0.0,01/04/2022,65000.0,0.0,65000.0,"","","","","","",TINTA CANON ORI 790 CYAN NON PACK,"","",1.0,PCS,0.0,0.00 %,"",0.0,0.0,0.0,0.0,"",0.0,0.0,"","","","",0.0,0.0
02/03/2022,Faktur Pembelian,12985,FIKTIF BELI,Lunas,"",65000.0,0.0,01/04/2022,65000.0,0.0,65000.0,"","","","","","",TINTA CANON ORI 790 YELLOW NON PACK,"","",1.0,PCS,0.0,0.00 %,"",0.0,0.0,0.0,0.0,"",0.0,0.0,"","","","",0.0,0.0
02/03/2022,Faktur Pembelian,12985,FIKTIF BELI,Lunas,"",65000.0,0.0,01/04/2022,65000.0,0.0,65000.0,"","","","","","",TINTA CANON ORI 790 MAGENTA NON PACK,"","",1.0,PCS,0.0,0.00 %,"",0.0,0.0,0.0,0.0,"",0.0,0.0,"","","","",0.0,0.0
02/03/2022,Faktur Pembelian,JL00145955,WULAN (DISCOUNT NOTEBOOK),Lunas,"",302000.0,0.0,01/04/2022,302000.0,0.0,302000.0,"","","JL. SOEKARNO HATTA RT. 012  RW. 004 PANE, RASANAE BARAT","","","",KEYBOARD LAPTOP TOSHIBA L645 DOFF,"","",5.0,PCS,60000.0,0.00 %,"",0.0,300000.0,300000.0,0.0,"",2000.0,0.0,"","","","",0.0,0.0
03/03/2022,Faktur Pembelian,12986,TATIK (LEGENDA),Lunas,"",1800000.0,0.0,02/04/2022,1800000.0,0.0,1800000.0,"","","","","","",CATRDIGE CANON CA91 / BH7 (G2010),"","",6.0,PCS,300000.0,0.00 %,"",0.0,1800000.0,1800000.0,0.0,"",0.0,0.0,"","","","",0.0,0.0
04/03/2022,Faktur Pembelian,JL.2203.00545,CANDRA (BLESSING),Lunas,"
",32049999.999998,0.0,18/03/2022,29136363.636362,2913636.363636,32049999.999998,"","","","",CV TIGA NUSA,"",* ACER 5 A514-54 Ci5-1135G7 8GB 512GB SSD VGA IRIS XE,"","",2.0,UNIT,8804545.454545,0.00 %,10.0,1760909.090909,17609090.90909,17609090.90909,0.0,"",0.0,0.0,"","","","",0.0,0.0
04/03/2022,Faktur Pembelian,JL.2203.00545,CANDRA (BLESSING),Lunas,"
",32049999.999998,0.0,18/03/2022,29136363.636362,2913636.363636,32049999.999998,"","","","",CV TIGA NUSA,"","* PC BUILUP ASUS S500TC INTEL G5905 4GB 1TB LED 19,5","","",2.0,UNIT,5763636.363636,0.00 %,10.0,1152727.2727272,11527272.727272,11527272.727272,0.0,"",0.0,0.0,"","","","",0.0,0.0
04/03/2022,Faktur Pembelian,12987,TATIK (LEGENDA),Lunas,"",1800000.0,0.0,03/04/2022,1800000.0,0.0,1800000.0,"","","","","","",CATRDIGE CANON CA91 / BH7 (G2010),"","",6.0,PCS,300000.0,0.00 %,"",0.0,1800000.0,1800000.0,0.0,"",0.0,0.0,"","","","",0.0,0.0
04/03/2022,Faktur Pembelian,12988,FIKTIF BELI,Lunas,"",160000.0,0.0,03/04/2022,160000.0,0.0,160000.0,"","","","","","",PSU CANON 2770,"","",2.0,PCS,80000.0,0.00 %,"",0.0,160000.0,160000.0,0.0,"",0.0,0.0,"","","","",0.0,0.0
04/03/2022,Faktur Pembelian,JL.2203.00570,CANDRA (BLESSING),Lunas,"",39160000.0,0.0,18/03/2022,39160000.0,0.0,39160000.0,"","","","",RAHMAT,"",ACER A314-35-C2T9 N5100 4GB 256GB SSD #,"","",8.0,UNIT,4895000.0,0.00 %,"",0.0,39160000.0,39160000.0,0.0,"",0.0,0.0,"","","","",0.0,0.0
04/03/2022,Faktur Pembelian,JL.2203.00573,CANDRA (BLESSING),Lunas,"",9890000.0,0.0,18/03/2022,9890000.0,0.0,9890000.0,"","","","",RAHMAT,"",ACER A314-35-C2T9 N5100 4GB 256GB SSD #,"","",2.0,UNIT,4945000.0,0.00 %,"",0.0,9890000.0,9890000.0,0.0,"",0.0,0.0,"","","","",0.0,0.0
04/03/2022,Faktur Pembelian,JL.2203.00567,CANDRA (BLESSING),Lunas,"",15000000.0,0.0,18/03/2022,15000000.0,0.0,15000000.0,"","","","",ARIES,"",AXIOO MYBOOK 14E INTEL N4000 4GB SSD 256GB #,"","",4.0,UNIT,3750000.0,0.00 %,"",0.0,15000000.0,15000000.0,0.0,"",0.0,0.0,"","","","",0.0,0.0
04/03/2022,Faktur Pembelian,JL.2203.00574,CANDRA (BLESSING),Lunas,"",3750000.0,0.0,18/03/2022,3750000.0,0.0,3750000.0,"","","","",ARIES,"",AXIOO MYBOOK 14E INTEL N4000 4GB SSD 256GB #,"","",1.0,UNIT,3750000.0,0.00 %,"",0.0,3750000.0,3750000.0,0.0,"",0.0,0.0,"","","","",0.0,0.0
04/03/2022,Faktur Pembelian,JL.2203.00556,CANDRA (BLESSING),Lunas,CANON SUDAH,2040000.0,0.0,18/03/2022,2040000.0,0.0,2040000.0,"","","","",AGUS,"",PRINTER CANON G2020 PSC,"","",1.0,UNIT,2040000.0,0.00 %,"",0.0,2040000.0,2040000.0,0.0,"",0.0,0.0,"","","","",0.0,0.0
04/03/2022,Faktur Pembelian,JL.2203.00555,CANDRA (BLESSING),Lunas,CANON SUDAH,4080000.0,0.0,18/03/2022,4080000.0,0.0,4080000.0,"","","","",AGUS,"",PRINTER CANON G2020 PSC,"","",2.0,UNIT,2040000.0,0.00 %,"",0.0,4080000.0,4080000.0,0.0,"",0.0,0.0,"","","","",0.0,0.0
04/03/2022,Faktur Pembelian,JL.2203.00553,CANDRA (BLESSING),Lunas,CANON SUDAH,12890000.0,0.0,18/03/2022,12890000.0,0.0,12890000.0,"","","","",AGUS,"",VGA MSI GT 1030 AERO ITX 2GB OC,"","",1.0,PCS,1385000.0,0.00 %,"",0.0,1385000.0,1385000.0,0.0,"",0.0,0.0,"","","","",0.0,0.0
04/03/2022,Faktur Pembelian,JL.2203.00553,CANDRA (BLESSING),Lunas,CANON SUDAH,12890000.0,0.0,18/03/2022,12890000.0,0.0,12890000.0,"","","","",AGUS,"","LENOVO V14 AMD 3020E 8GB SSD 256GB 14"" #","","",1.0,UNIT,5265000.0,0.00 %,"",0.0,5265000.0,5265000.0,0.0,"",0.0,0.0,"","","","",0.0,0.0
04/03/2022,Faktur Pembelian,JL.2203.00553,CANDRA (BLESSING),Lunas,CANON SUDAH,12890000.0,0.0,18/03/2022,12890000.0,0.0,12890000.0,"","","","",AGUS,"",PRINTER CANON G2020 PSC,"","",2.0,UNIT,2040000.0,0.00 %,"",0.0,4080000.0,4080000.0,0.0,"",0.0,0.0,"","","","",0.0,0.0
04/03/2022,Faktur Pembelian,JL.2203.00553,CANDRA (BLESSING),Lunas,CANON SUDAH,12890000.0,0.0,18/03/2022,12890000.0,0.0,12890000.0,"","","","",AGUS,"",MOUSE LOGITECH WIRELESS M185,"","",15.0,PCS,144000.0,0.00 %,"",0.0,2160000.0,2160000.0,0.0,"",0.0,0.0,"","","","",0.0,0.0
04/03/2022,Faktur Pembelian,JL.2203.00546,CANDRA (BLESSING),Lunas,"",6340000.0,0.0,18/03/2022,5763636.363636,576363.636364,6340000.0,"","","","",CV TIGA NUSA,"","* PC BUILUP ASUS S500TC INTEL G5905 4GB 1TB LED 19,5","","",1.0,UNIT,5763636.363636,0.00 %,10.0,576363.6363636,5763636.363636,5763636.363636,0.0,"",0.0,0.0,"","","","",0.0,0.0
04/03/2022,Faktur Pembelian,12989,FIKTIF BELI,Lunas,"",1439999.999875,0.0,03/04/2022,1439999.999875,0.0,1439999.999875,"","","","","","",KABEL LAN BELDEN / COMSCAPE CAT 5 PERMETER,"","",305.0,METER,4721.311475,0.00 %,"",0.0,1439999.999875,1439999.999875,0.0,"",0.0,0.0,"","","","",0.0,0.0
04/03/2022,Faktur Pembelian,JL5522030139,YULI (HP CENTRE),Lunas,"",6750000.0,0.0,03/04/2022,6136363.636364,613636.363636,6750000.0,"","","","",CV TIGA NUSA,"",* ACER 5 SLIM A514 -54 CI3-1115G4 4GB 512GB SSD W11,"","",1.0,UNIT,6136363.636364,0.00 %,10.0,613636.3636364,6136363.636364,6136363.636364,0.0,"",0.0,0.0,"","","","",0.0,0.0
04/03/2022,Faktur Pembelian,JL5522030138,YULI (HP CENTRE),Lunas,"",27000000.000002,0.0,03/04/2022,24545454.545456,2454545.454546,27000000.000002,"","","","",CV TIGA NUSA,"",* ACER 5 SLIM A514 -54 CI3-1115G4 4GB 512GB SSD W11,"","",4.0,UNIT,6136363.636364,0.00 %,10.0,2454545.4545456,24545454.545456,24545454.545456,0.0,"",0.0,0.0,"","","","",0.0,0.0
04/03/2022,Faktur Pembelian,PJL-22-03-00068,PT. Surya Makmur Kreasindo (HJ),Lunas,"",13650000.000001,0.0,18/03/2022,12409090.909092,1240909.090909,13650000.000001,"",SURABAYA,"","",CV TIGA NUSA,"",* PRINTER EPSON L3210,"","",6.0,UNIT,2068181.818182,0.00 %,10.0,1240909.0909092,12409090.909092,12409090.909092,0.0,"",0.0,0.0,PT. Surya Makmur Kreasindo,"",081515111951,"",0.0,0.0
04/03/2022,Faktur Pembelian,000900,LILI (PLATINUM),Lunas,"",6980000.0,6980000.0,03/04/2022,6980000.0,0.0,0.0,"","","","","","",OTG TYPE C,"","",40.0,PCS,13000.0,0.00 %,"",0.0,520000.0,520000.0,0.0,"",0.0,0.0,"","","","",0.0,0.0
04/03/2022,Faktur Pembelian,000900,LILI (PLATINUM),Lunas,"",6980000.0,6980000.0,03/04/2022,6980000.0,0.0,0.0,"","","","","","",USB BLUETOOTH AUDIO MUSIC RECEIVER  3.5 MM,"","",40.0,PCS,11000.0,0.00 %,"",0.0,440000.0,440000.0,0.0,"",0.0,0.0,"","","","",0.0,0.0
04/03/2022,Faktur Pembelian,000900,LILI (PLATINUM),Lunas,"",6980000.0,6980000.0,03/04/2022,6980000.0,0.0,0.0,"","","","","","",ADAPTOR MONITOR LG,"","",10.0,PCS,100000.0,0.00 %,"",0.0,1000000.0,1000000.0,0.0,"",0.0,0.0,"","","","",0.0,0.0
04/03/2022,Faktur Pembelian,000900,LILI (PLATINUM),Lunas,"",6980000.0,6980000.0,03/04/2022,6980000.0,0.0,0.0,"","","","","","",ADAPTOR LENOVO 20V 4.5A 7.9*6.6 (BULAT BESAR KUNING) JB,"","",10.0,PCS,85000.0,0.00 %,"",0.0,850000.0,850000.0,0.0,"",0.0,0.0,"","","","",0.0,0.0
04/03/2022,Faktur Pembelian,000900,LILI (PLATINUM),Lunas,"",6980000.0,6980000.0,03/04/2022,6980000.0,0.0,0.0,"","","","","","",CAM CCTV EZVIZ C6N #,"","",3.0,UNIT,380000.0,0.00 %,"",0.0,1140000.0,1140000.0,0.0,"",0.0,0.0,"","","","",0.0,0.0
04/03/2022,Faktur Pembelian,000900,LILI (PLATINUM),Lunas,"",6980000.0,6980000.0,03/04/2022,6980000.0,0.0,0.0,"","","","","","",DVR HILOOK 16CH,"","",2.0,UNIT,1250000.0,0.00 %,"",0.0,2500000.0,2500000.0,0.0,"",0.0,0.0,"","","","",0.0,0.0
04/03/2022,Faktur Pembelian,000900,LILI (PLATINUM),Lunas,"",6980000.0,6980000.0,03/04/2022,6980000.0,0.0,0.0,"","","","","","",CAM CCTV EZVIZ C3WN HD 1080P OUTDOOR,"","",1.0,UNIT,530000.0,0.00 %,"",0.0,530000.0,530000.0,0.0,"",0.0,0.0,"","","","",0.0,0.0
04/03/2022,Faktur Pembelian,JL00146119,WULAN (DISCOUNT NOTEBOOK),Lunas,"",260000.0,0.0,03/04/2022,260000.0,0.0,260000.0,"","","","","","",KEYBOARD LAPTOP LENOVO 110-141SK,"","",1.0,PCS,70000.0,0.00 %,"",0.0,70000.0,70000.0,0.0,"",0.0,0.0,"","","","",0.0,0.0
04/03/2022,Faktur Pembelian,JL00146119,WULAN (DISCOUNT NOTEBOOK),Lunas,"",260000.0,0.0,03/04/2022,260000.0,0.0,260000.0,"","","","","","",BATERAI LAPTOP HP PAVILION 14-N AG,"","",1.0,PCS,190000.0,0.00 %,"",0.0,190000.0,190000.0,0.0,"",0.0,0.0,"","","","",0.0,0.0
04/03/2022,Faktur Pembelian,JL00146001,WULAN (DISCOUNT NOTEBOOK),Lunas,"",475500.0,0.0,03/04/2022,475500.0,0.0,475500.0,"","","JL. SOEKARNO HATTA RT. 012  RW. 004 PANE, RASANAE BARAT","","","",BATERAI ASUS X200CA,"","",2.0,PCS,190000.0,0.00 %,"",0.0,380000.0,380000.0,0.0,"",25500.0,0.0,"","","","",0.0,0.0
04/03/2022,Faktur Pembelian,JL00146001,WULAN (DISCOUNT NOTEBOOK),Lunas,"",475500.0,0.0,03/04/2022,475500.0,0.0,475500.0,"","","JL. SOEKARNO HATTA RT. 012  RW. 004 PANE, RASANAE BARAT","","","",KEYBOARD LENOVO 100-14IBD BLACK,"","",1.0,PCS,70000.0,0.00 %,"",0.0,70000.0,70000.0,0.0,"",25500.0,0.0,"","","","",0.0,0.0
04/03/2022,Faktur Pembelian,203-071,SADHA JAYA COMPUTAMA,Lunas,CANON SUDAH,9875000.0,0.0,03/04/2022,9875000.0,0.0,9875000.0,"","","","","","",PRINTER CANON G2020 PSC,"","",5.0,UNIT,1975000.0,0.00 %,"",0.0,9875000.0,9875000.0,0.0,"",0.0,0.0,"","","","",0.0,0.0
04/03/2022,Faktur Pembelian,00604669_036,PRIYO (K GALAXY),Lunas,"",13800000.0,0.0,03/04/2022,13800000.0,0.0,13800000.0,"","","","","","",PRINTER EPSON L121,"","",8.0,UNIT,1725000.0,0.00 %,"",0.0,13800000.0,13800000.0,0.0,"",0.0,0.0,"","","","",0.0,0.0
04/03/2022,Faktur Pembelian,00604578_036,PRIYO (K GALAXY),Lunas,"",11880000.0,0.0,03/04/2022,11880000.0,0.0,11880000.0,"","","","","","",MB ASUS H81M - K,"","",8.0,PCS,1085000.0,0.00 %,"",0.0,8680000.0,8680000.0,0.0,"",0.0,0.0,"","","","",0.0,0.0
04/03/2022,Faktur Pembelian,00604578_036,PRIYO (K GALAXY),Lunas,"",11880000.0,0.0,03/04/2022,11880000.0,0.0,11880000.0,"","","","","","",PROCESSOR  INTEL I5 - GEN 4,"","",2.0,PCS,805000.0,0.00 %,"",0.0,1610000.0,1610000.0,0.0,"",0.0,0.0,"","","","",0.0,0.0
04/03/2022,Faktur Pembelian,00604578_036,PRIYO (K GALAXY),Lunas,"",11880000.0,0.0,03/04/2022,11880000.0,0.0,11880000.0,"","","","","","",PROCESSOR INTEL I3 - 4170,"","",3.0,PCS,530000.0,0.00 %,"",0.0,1590000.0,1590000.0,0.0,"",0.0,0.0,"","","","",0.0,0.0
05/03/2022,Faktur Pembelian,12990,ONLINE,Lunas,"",120000.0,0.0,04/04/2022,120000.0,0.0,120000.0,"","","","","","",ADAPTOR SWICTH LAN TPLINK 5V 0.6A,"","",4.0,PCS,30000.0,0.00 %,"",0.0,120000.0,120000.0,0.0,"",0.0,0.0,"","","","",0.0,0.0
05/03/2022,Faktur Pembelian,12991,TATIK (LEGENDA),Lunas,"",13230000.0,0.0,04/04/2022,13230000.0,0.0,13230000.0,"","","","","","",TINTA EPSON 003 BLACK,"","",180.0,PCS,73500.0,0.00 %,"",0.0,13230000.0,13230000.0,0.0,"",0.0,0.0,"","","","",0.0,0.0
05/03/2022,Faktur Pembelian,JL.2203.00735,CANDRA (BLESSING),Lunas,"",14270000.000001,0.0,19/03/2022,12972727.272728,1297272.727273,14270000.000001,"","","","",CV TIGA NUSA,"",* UPS PROLINK PRO 700 SFC,"","",1.0,PCS,490909.090909,0.00 %,10.0,49090.9090909,490909.090909,490909.090909,0.0,"",0.0,0.0,"","","","",0.0,0.0
05/03/2022,Faktur Pembelian,JL.2203.00735,CANDRA (BLESSING),Lunas,"",14270000.000001,0.0,19/03/2022,12972727.272728,1297272.727273,14270000.000001,"","","","",CV TIGA NUSA,"",* UPS PROLINK PRO 1210 SFC,"","",1.0,PCS,890909.090909,0.00 %,10.0,89090.90909089999,890909.090909,890909.090909,0.0,"",0.0,0.0,"","","","",0.0,0.0
05/03/2022,Faktur Pembelian,JL.2203.00735,CANDRA (BLESSING),Lunas,"",14270000.000001,0.0,19/03/2022,12972727.272728,1297272.727273,14270000.000001,"","","","",CV TIGA NUSA,"",* HDD EXTERNAL TRANSCEND 1TB 25M3 RUBBER,"","",3.0,PCS,677272.727273,0.00 %,10.0,203181.8181819,2031818.181819,2031818.181819,0.0,"",0.0,0.0,"","","","",0.0,0.0
05/03/2022,Faktur Pembelian,JL.2203.00735,CANDRA (BLESSING),Lunas,"",14270000.000001,0.0,19/03/2022,12972727.272728,1297272.727273,14270000.000001,"","","","",CV TIGA NUSA,"",* ASUS A416JP0 CI5 1035G1 8GB 512GB SSD MX 330,"","",1.0,UNIT,9559090.909091,0.00 %,10.0,955909.0909091,9559090.909091,9559090.909091,0.0,"",0.0,0.0,"","","","",0.0,0.0
05/03/2022,Faktur Pembelian,JL.2203.00734,CANDRA (BLESSING),Lunas,"",13577000.0,0.0,19/03/2022,13577000.0,0.0,13577000.0,"","","","",AGUS,"",TANG CRIMPING GAINTECH,"","",3.0,PCS,65000.0,0.00 %,"",0.0,195000.0,195000.0,0.0,"",0.0,0.0,"","","","",0.0,0.0
05/03/2022,Faktur Pembelian,JL.2203.00734,CANDRA (BLESSING),Lunas,"",13577000.0,0.0,19/03/2022,13577000.0,0.0,13577000.0,"","","","",AGUS,"",TANG CRIMPING GOLD TOOL DOUBLE TTK-071,"","",2.0,PCS,212000.0,0.00 %,"",0.0,424000.0,424000.0,0.0,"",0.0,0.0,"","","","",0.0,0.0
05/03/2022,Faktur Pembelian,JL.2203.00734,CANDRA (BLESSING),Lunas,"",13577000.0,0.0,19/03/2022,13577000.0,0.0,13577000.0,"","","","",AGUS,"","LENOVO IDEAPAD SLIM 1 11IGL05 INTEL N4020 4GB SSD 256GB 11,6"" NW","","",3.0,UNIT,4240000.0,0.00 %,"",0.0,12720000.0,12720000.0,0.0,"",0.0,0.0,"","","","",0.0,0.0
05/03/2022,Faktur Pembelian,JL.2203.00734,CANDRA (BLESSING),Lunas,"",13577000.0,0.0,19/03/2022,13577000.0,0.0,13577000.0,"","","","",AGUS,"",TANG CRIMPING  TOOL DOUBLE TTK-506,"","",1.0,PCS,238000.0,0.00 %,"",0.0,238000.0,238000.0,0.0,"",0.0,0.0,"","","","",0.0,0.0
05/03/2022,Faktur Pembelian,12992,TATIK (LEGENDA),Lunas,"",2280000.0,0.0,04/04/2022,2280000.0,0.0,2280000.0,"","","","","","",TINTA HP GT 53 BLACK,"","",30.0,PCS,76000.0,0.00 %,"",0.0,2280000.0,2280000.0,0.0,"",0.0,0.0,"","","","",0.0,0.0
05/03/2022,Faktur Pembelian,12993,KO ROBBY,Lunas,"",597900.0,0.0,04/04/2022,597900.0,0.0,597900.0,"","","","","","",BATERAI PANASONIC / ENR POWER/ ABC  ALKALINE AA,"","",54.0,PCS,5650.0,0.00 %,"",0.0,305100.0,305100.0,0.0,"",0.0,0.0,"","","","",0.0,0.0
05/03/2022,Faktur Pembelian,12993,KO ROBBY,Lunas,"",597900.0,0.0,04/04/2022,597900.0,0.0,597900.0,"","","","","","",BATERAI EVEREADY 9V,"","",24.0,PCS,12200.0,0.00 %,"",0.0,292800.0,292800.0,0.0,"",0.0,0.0,"","","","",0.0,0.0
05/03/2022,Faktur Pembelian,12994,DARMA DJ COMP,Lunas,"",56000000.0,0.0,04/04/2022,56000000.0,0.0,56000000.0,"","","","","","",AIO ASUS V222GAK-WA141T Intel J4025 / 4GB / HDD 1TB,"",MASUK,8.0,UNIT,5600000.0,0.00 %,"",0.0,44800000.0,44800000.0,0.0,"",0.0,0.0,"","","",087876835295,0.0,0.0
05/03/2022,Faktur Pembelian,12994,DARMA DJ COMP,Lunas,"",56000000.0,0.0,04/04/2022,56000000.0,0.0,56000000.0,"","","","","","",AIO ASUS V222GAK-WA141T Intel J4025 / 4GB / HDD 1TB,"",MASUK,2.0,UNIT,5600000.0,0.00 %,"",0.0,11200000.0,11200000.0,0.0,"",0.0,0.0,"","","",087876835295,0.0,0.0
05/03/2022,Faktur Pembelian,D/22/00333/NTB,PT SAMAMAJU PRIMA NTB,Lunas,"",47302398.0,0.0,04/04/2022,47302398.0,0.0,47302398.0,"","","","",ARIES,"",SIDU A4 75 GSM,"","",1300.0,PCS,36386.46,0.00 %,"",0.0,47302398.0,47302398.0,0.0,"",0.0,0.0,"","","","",0.0,0.0
05/03/2022,Faktur Pembelian,D/22/00332/NTB,PT SAMAMAJU PRIMA NTB,Lunas,"",93176325.0,0.0,04/04/2022,93176325.0,0.0,93176325.0,"","","","",AGUS,"",SIDU F4 75 GSM,"","",2250.0,PCS,41411.7,0.00 %,"",0.0,93176325.0,93176325.0,0.0,"",0.0,0.0,"","","","",0.0,0.0
05/03/2022,Faktur Pembelian,D/22/00339/NTB,PT SAMAMAJU PRIMA NTB,Lunas,"",4084473.000006,0.0,04/04/2022,4084473.000006,0.0,4084473.000006,"","","","",AGUS,"",KERTAS 4 PLY NCR,"","",14.0,DUS,291748.071429,0.00 %,"",0.0,4084473.000006,4084473.000006,0.0,"",0.0,0.0,"","","","",0.0,0.0
05/03/2022,Faktur Pembelian,D/22/00334/NTB,PT SAMAMAJU PRIMA NTB,Lunas,"",2917481.0,0.0,04/04/2022,2917481.0,0.0,2917481.0,"","","","",ARIES,"",KERTAS 4 PLY NCR,"","",10.0,DUS,291748.1,0.00 %,"",0.0,2917481.0,2917481.0,0.0,"",0.0,0.0,"","","","",0.0,0.0
05/03/2022,Faktur Pembelian,JL202200001299,EDISON ATK,Lunas,"",8173199.99952,0.0,04/05/2022,8173199.99952,0.0,8173199.99952,"","","","","","",SPIDOL SNOWMAN WHITE BOARD (WB-BG-12 HT),"","",1440.0,PCS,5675.833333,0.00 %,"",0.0,8173199.99952,8173199.99952,0.0,"",0.0,0.0,"","","","",0.0,0.0
05/03/2022,Faktur Pembelian,JL202200001300,EDISON ATK,Lunas,"",1470000.0,0.0,04/05/2022,1470000.0,0.0,1470000.0,"","","","","","",TINTA SPIDOL SNOWMAN WBI-20 HT ( WHITE BOARD ),"","",120.0,PCS,12250.0,0.00 %,"",0.0,1470000.0,1470000.0,0.0,"",0.0,0.0,"","","","",0.0,0.0
05/03/2022,Faktur Pembelian,2203016,ANDY (JMK),Lunas,"",23400000.0,23400000.0,04/04/2022,23400000.0,0.0,0.0,"","","","","","",KABEL LAN ZIMM LINK,"","",30.0,DUS,385000.0,0.00 %,"",0.0,11550000.0,11550000.0,0.0,"",0.0,0.0,"","","","",0.0,0.0
05/03/2022,Faktur Pembelian,2203016,ANDY (JMK),Lunas,"",23400000.0,23400000.0,04/04/2022,23400000.0,0.0,0.0,"","","","","","",KABEL LAN ZIMM LINK,"","",30.0,DUS,395000.0,0.00 %,"",0.0,11850000.0,11850000.0,0.0,"",0.0,0.0,"","","","",0.0,0.0
05/03/2022,Faktur Pembelian,00604761_036,PRIYO (K GALAXY),Lunas,"",2160000.0,0.0,04/04/2022,2160000.0,0.0,2160000.0,"","","","","","","TRIPOT LAYAR PROJECTOR 70"" 172cm x 172cm SCREEN PROJECTOR","","",6.0,PCS,360000.0,0.00 %,"",0.0,2160000.0,2160000.0,0.0,"",0.0,0.0,"","","","",0.0,0.0
05/03/2022,Faktur Pembelian,00604726_036,PRIYO (K GALAXY),Lunas,"",20425000.0,0.0,04/04/2022,20425000.0,0.0,20425000.0,"","","","","","",UPS PROLINK PRO 700 (650 VA),"","",20.0,PCS,532500.0,0.00 %,"",0.0,10650000.0,10650000.0,0.0,"",0.0,0.0,"","","","",0.0,0.0
05/03/2022,Faktur Pembelian,00604726_036,PRIYO (K GALAXY),Lunas,"",20425000.0,0.0,04/04/2022,20425000.0,0.0,20425000.0,"","","","","","",UPS PROLINK PRO 1210 (1200VA),"","",10.0,PCS,977500.0,0.00 %,"",0.0,9775000.0,9775000.0,0.0,"",0.0,0.0,"","","","",0.0,0.0
06/03/2022,Faktur Pembelian,12995,FIKTIF BELI,Lunas,"",65000.0,0.0,05/04/2022,65000.0,0.0,65000.0,"","","","","","",KEYBOARD LAPTOP TOSHIBA L645 DOFF,"","",1.0,PCS,65000.0,0.00 %,"",0.0,65000.0,65000.0,0.0,"",0.0,0.0,"","","","",0.0,0.0
06/03/2022,Faktur Pembelian,12996,FIKTIF BELI,Lunas,"",105000.0,0.0,05/04/2022,105000.0,0.0,105000.0,"","","","","","",CHARGER CANON LC E10,"","",1.0,PCS,105000.0,0.00 %,"",0.0,105000.0,105000.0,0.0,"",0.0,0.0,"","","","",0.0,0.0
06/03/2022,Faktur Pembelian,12997,FIKTIF BELI,Lunas,"",125000.0,0.0,05/04/2022,125000.0,0.0,125000.0,"","","","","","",ADAPTOR SONY,"","",1.0,PCS,125000.0,0.00 %,"",0.0,125000.0,125000.0,0.0,"",0.0,0.0,"","","","",0.0,0.0
07/03/2022,Faktur Pembelian,12998,ONLINE,Lunas,"",332400.0,0.0,06/04/2022,332400.0,0.0,332400.0,"","","","","","",DRUM KIT BROTHER L2540 DW,"","",2.0,UNIT,166200.0,0.00 %,"",0.0,332400.0,332400.0,0.0,"",0.0,0.0,"","","","",0.0,0.0
07/03/2022,Faktur Pembelian,2203028,ANDY (JMK),Lunas,CANON SUDAH,15750000.0,0.0,06/04/2022,15750000.0,0.0,15750000.0,"","","","","","",PRINTER CANON PIXMA IP 2770,"","",18.0,UNIT,875000.0,0.00 %,"",0.0,15750000.0,15750000.0,0.0,"",0.0,0.0,"","","","",0.0,0.0
07/03/2022,Faktur Pembelian,13000,TATIK (LEGENDA),Lunas,"",14000000.0,0.0,06/04/2022,14000000.0,0.0,14000000.0,"","","","","","",PRINTER EPSON L121,"","",8.0,UNIT,1750000.0,0.00 %,"",0.0,14000000.0,14000000.0,0.0,"",0.0,0.0,"","","","",0.0,0.0
07/03/2022,Faktur Pembelian,JL.2203.01194,CANDRA (BLESSING),Lunas,"",5385000.000001,0.0,21/03/2022,4895454.545455,489545.454546,5385000.000001,"","","","",CV TIGA NUSA,"",* PROC INTEL I5 10400 COMET LAKE INCLUD FAN (ONBOARD VGA),"","",1.0,UNIT,2022727.272727,0.00 %,10.0,202272.7272727,2022727.272727,2022727.272727,0.0,"",0.0,0.0,"","","","",0.0,0.0
07/03/2022,Faktur Pembelian,JL.2203.01194,CANDRA (BLESSING),Lunas,"",5385000.000001,0.0,21/03/2022,4895454.545455,489545.454546,5385000.000001,"","","","",CV TIGA NUSA,"",* MB MSI H410M PRO-VH,"","",1.0,UNIT,886363.636364,0.00 %,10.0,88636.3636364,886363.636364,886363.636364,0.0,"",0.0,0.0,"","","","",0.0,0.0
07/03/2022,Faktur Pembelian,JL.2203.01194,CANDRA (BLESSING),Lunas,"",5385000.000001,0.0,21/03/2022,4895454.545455,489545.454546,5385000.000001,"","","","",CV TIGA NUSA,"",* RAM PC KINGSTONE DDR4 8GB,"","",1.0,PCS,472727.272727,0.00 %,10.0,47272.7272727,472727.272727,472727.272727,0.0,"",0.0,0.0,"","","","",0.0,0.0
07/03/2022,Faktur Pembelian,JL.2203.01194,CANDRA (BLESSING),Lunas,"",5385000.000001,0.0,21/03/2022,4895454.545455,489545.454546,5385000.000001,"","","","",CV TIGA NUSA,"",* SSD KINGSTONE 250GB NVME M2 NV1,"","",1.0,PCS,645454.545455,0.00 %,10.0,64545.4545455,645454.545455,645454.545455,0.0,"",0.0,0.0,"","","","",0.0,0.0
07/03/2022,Faktur Pembelian,JL.2203.01194,CANDRA (BLESSING),Lunas,"",5385000.000001,0.0,21/03/2022,4895454.545455,489545.454546,5385000.000001,"","","","",CV TIGA NUSA,"",* CASING DA GAMING UNICORN X3,"","",1.0,PCS,281818.181818,0.00 %,10.0,28181.8181818,281818.181818,281818.181818,0.0,"",0.0,0.0,"","","","",0.0,0.0
07/03/2022,Faktur Pembelian,JL.2203.01194,CANDRA (BLESSING),Lunas,"",5385000.000001,0.0,21/03/2022,4895454.545455,489545.454546,5385000.000001,"","","","",CV TIGA NUSA,"",* PSU DEEPCOOL DE530 400W 80 +,"","",1.0,PCS,377272.727273,0.00 %,10.0,37727.2727273,377272.727273,377272.727273,0.0,"",0.0,0.0,"","","","",0.0,0.0
07/03/2022,Faktur Pembelian,JL.2203.01194,CANDRA (BLESSING),Lunas,"",5385000.000001,0.0,21/03/2022,4895454.545455,489545.454546,5385000.000001,"","","","",CV TIGA NUSA,"",* KEY MOUSE LOGITECH MK 220,"","",1.0,PCS,209090.909091,0.00 %,10.0,20909.0909091,209090.909091,209090.909091,0.0,"",0.0,0.0,"","","","",0.0,0.0
07/03/2022,Faktur Pembelian,JL.2203.01195,CANDRA (BLESSING),Lunas,"",2140000.000001,0.0,21/03/2022,1945454.545455,194545.454546,2140000.000001,"","","","",CV TIGA NUSA,"",* LED LG 24MK430H-B HDMI - IPS,"","",1.0,UNIT,1945454.545455,0.00 %,10.0,194545.4545455,1945454.545455,1945454.545455,0.0,"",0.0,0.0,"","","","",0.0,0.0
07/03/2022,Faktur Pembelian,JL.2203.01264,CANDRA (BLESSING),Lunas,"",8950000.0,0.0,21/03/2022,8950000.0,0.0,8950000.0,"","","","",AGUS,"","PC BUILUP LENOVO IDEACENTRE 5 CI5-10400 8GB 1TB LED 21,5","","",1.0,UNIT,8950000.0,0.00 %,"",0.0,8950000.0,8950000.0,0.0,"",0.0,0.0,"","","","",0.0,0.0
07/03/2022,Faktur Pembelian,13001,EKO HASAN,Lunas,"",425000.0,0.0,06/04/2022,425000.0,0.0,425000.0,"","","","","","",MB CANON 287,"","",2.0,PCS,212500.0,0.00 %,"",0.0,425000.0,425000.0,0.0,"",0.0,0.0,"","","","",0.0,0.0
07/03/2022,Faktur Pembelian,JL.2203.01312,CANDRA (BLESSING),Lunas,"",13050000.0,0.0,21/03/2022,13050000.0,0.0,13050000.0,"","","","",AGUS,"",HDD EXTERNAL TOSHIBA BASIC 1 TB,"","",10.0,PCS,615000.0,0.00 %,"",0.0,6150000.0,6150000.0,0.0,"",0.0,0.0,"","","","",0.0,0.0
07/03/2022,Faktur Pembelian,JL.2203.01312,CANDRA (BLESSING),Lunas,"",13050000.0,0.0,21/03/2022,13050000.0,0.0,13050000.0,"","","","",AGUS,"","AXIOO MYBOOK 11G INTEL GEMINI N4020 4GB 256GB SSD 11,6""","","",2.0,UNIT,3450000.0,0.00 %,"",0.0,6900000.0,6900000.0,0.0,"",0.0,0.0,"","","","",0.0,0.0
07/03/2022,Faktur Pembelian,JL.2203.01313,CANDRA (BLESSING),Lunas,"",5630000.0,0.0,21/03/2022,5630000.0,0.0,5630000.0,"","","","",AGUS,"",BROTHER DCP L2540 DW,"","",2.0,PCS,2815000.0,0.00 %,"",0.0,5630000.0,5630000.0,0.0,"",0.0,0.0,"","","","",0.0,0.0
07/03/2022,Faktur Pembelian,13002,EKO HASAN,Lunas,"",1300000.0,0.0,06/04/2022,1300000.0,0.0,1300000.0,"","","","","","",ADAPTOR PRINTER EPSON L360 / L120,"","",4.0,PCS,162500.0,0.00 %,"",0.0,650000.0,650000.0,0.0,"",0.0,0.0,"","","","",0.0,0.0
07/03/2022,Faktur Pembelian,13002,EKO HASAN,Lunas,"",1300000.0,0.0,06/04/2022,1300000.0,0.0,1300000.0,"","","","","","",ADAPTOR / PSU EPSON L3110,"","",4.0,PCS,162500.0,0.00 %,"",0.0,650000.0,650000.0,0.0,"",0.0,0.0,"","","","",0.0,0.0
07/03/2022,Faktur Pembelian,fk 7761,BETA COM,Lunas,"",22416000.0,0.0,14/03/2022,22416000.0,0.0,22416000.0,"","","","","","",CATRIDGE CANON 810 BLACK,"","",96.0,PCS,201000.0,0.00 %,"",0.0,19296000.0,19296000.0,0.0,"",0.0,0.0,"","","","",0.0,0.0
07/03/2022,Faktur Pembelian,fk 7761,BETA COM,Lunas,"",22416000.0,0.0,14/03/2022,22416000.0,0.0,22416000.0,"","","","","","",TINTA CANON ORI 790 BLACK,"","",24.0,PCS,130000.0,0.00 %,"",0.0,3120000.0,3120000.0,0.0,"",0.0,0.0,"","","","",0.0,0.0
07/03/2022,Faktur Pembelian,pjl-22-03-00128,PT. Surya Makmur Kreasindo (HJ),Lunas,"",13650000.000001,0.0,21/03/2022,12409090.909092,1240909.090909,13650000.000001,"",SURABAYA,"","",CV TIGA NUSA,"",* PRINTER EPSON L3210,"","",6.0,UNIT,2068181.818182,0.00 %,10.0,1240909.0909092,12409090.909092,12409090.909092,0.0,"",0.0,0.0,PT. Surya Makmur Kreasindo,"",081515111951,"",0.0,0.0
07/03/2022,Faktur Pembelian,00604798_036,PRIYO (K GALAXY),Lunas,"",13835000.0,0.0,06/04/2022,13835000.0,0.0,13835000.0,"","","","","","","HDD NOTEBOOK 2,5"" SEAGATE SATA 500GB PI","","",10.0,PCS,222500.0,0.00 %,"",0.0,2225000.0,2225000.0,0.0,"",0.0,0.0,"","","","",0.0,0.0
07/03/2022,Faktur Pembelian,00604798_036,PRIYO (K GALAXY),Lunas,"",13835000.0,0.0,06/04/2022,13835000.0,0.0,13835000.0,"","","","","","",MB ASUS H81M - K,"","",8.0,PCS,1120000.0,0.00 %,"",0.0,8960000.0,8960000.0,0.0,"",0.0,0.0,"","","","",0.0,0.0
07/03/2022,Faktur Pembelian,00604798_036,PRIYO (K GALAXY),Lunas,"",13835000.0,0.0,06/04/2022,13835000.0,0.0,13835000.0,"","","","","","",PROCESSOR INTEL I3 - 4170,"","",5.0,PCS,530000.0,0.00 %,"",0.0,2650000.0,2650000.0,0.0,"",0.0,0.0,"","","","",0.0,0.0
07/03/2022,Faktur Pembelian,JL5522030234,YULI (HP CENTRE),Lunas,"",1500000.0,0.0,06/04/2022,1500000.0,0.0,1500000.0,"","","","",AGUS,"",BLUEPRINT KERTAS SUBLIM,"","",40.0,PCS,37500.0,0.00 %,"",0.0,1500000.0,1500000.0,0.0,"",0.0,0.0,"","","","",0.0,0.0
07/03/2022,Faktur Pembelian,JL5522030240,YULI (HP CENTRE),Lunas,"",1512500.0,0.0,06/04/2022,1512500.0,0.0,1512500.0,"","","","",AGUS,"",BLUEPRINT TRANSPARANT FILM STIKER WATER RESISTANT A4,"","",50.0,PCS,30250.0,0.00 %,"",0.0,1512500.0,1512500.0,0.0,"",0.0,0.0,"","","","",0.0,0.0
07/03/2022,Faktur Pembelian,00604876_036,PRIYO (K GALAXY),Lunas,"",4475000.0,0.0,06/04/2022,4475000.0,0.0,4475000.0,"","","","","","","MONITOR LED VARRO 19"" HDMI","","",5.0,UNIT,895000.0,0.00 %,"",0.0,4475000.0,4475000.0,0.0,"",0.0,0.0,"","","","",0.0,0.0
07/03/2022,Faktur Pembelian,PJL-22-03-00130,PT. Surya Makmur Kreasindo (HJ),Lunas,"",22750000.000002,0.0,21/03/2022,20681818.18182,2068181.818182,22750000.000002,"",SURABAYA,"","",CV TIGA NUSA,"",* PRINTER EPSON L3210,"","",10.0,UNIT,2068181.818182,0.00 %,10.0,2068181.818182,20681818.18182,20681818.18182,0.0,"",0.0,0.0,PT. Surya Makmur Kreasindo,"",081515111951,"",0.0,0.0
08/03/2022,Faktur Pembelian,JL.2203.01639,CANDRA (BLESSING),Lunas,"",605000.0,0.0,22/03/2022,605000.0,0.0,605000.0,"","","","",ARIES,"",HDD PC SEAGATE SATA 1TB BARACUDA MFI,"","",1.0,PCS,605000.0,0.00 %,"",0.0,605000.0,605000.0,0.0,"",0.0,0.0,"","","","",0.0,0.0
08/03/2022,Faktur Pembelian,JL.2203.01459,CANDRA (BLESSING),Lunas,"",18785000.0,0.0,22/03/2022,18785000.0,0.0,18785000.0,"","","","",ARIES,"",RAM PC TEAM ELITE DDR3 8GB PC 1600,"","",2.0,PCS,495000.0,0.00 %,"",0.0,990000.0,990000.0,0.0,"",0.0,0.0,"","","","",0.0,0.0
08/03/2022,Faktur Pembelian,JL.2203.01459,CANDRA (BLESSING),Lunas,"",18785000.0,0.0,22/03/2022,18785000.0,0.0,18785000.0,"","","","",ARIES,"",ASUS A416EPO-VIPS751 CI7-1165G7 8GB 512GB SSD MX 330 MN,"","",1.0,UNIT,12570000.0,0.00 %,"",0.0,12570000.0,12570000.0,0.0,"",0.0,0.0,"","","","",0.0,0.0
08/03/2022,Faktur Pembelian,JL.2203.01459,CANDRA (BLESSING),Lunas,"",18785000.0,0.0,22/03/2022,18785000.0,0.0,18785000.0,"","","","",ARIES,"",SCANNER FUJITSU SP1120N NETWORKING,"","",1.0,UNIT,5225000.0,0.00 %,"",0.0,5225000.0,5225000.0,0.0,"",0.0,0.0,"","","","",0.0,0.0
08/03/2022,Faktur Pembelian,JL.2203.01390,CANDRA (BLESSING),Lunas,"",4945000.0,0.0,22/03/2022,4945000.0,0.0,4945000.0,"","","","",AGUS,"","LENOVO V14 AMD 3020E 8GB SSD 256GB 14"" #","","",1.0,UNIT,4945000.0,0.00 %,"",0.0,4945000.0,4945000.0,0.0,"",0.0,0.0,"","","","",0.0,0.0
08/03/2022,Faktur Pembelian,13003,TE2 COMPUTER SURABAYA,Lunas,"",3870000.0,0.0,07/04/2022,3870000.0,0.0,3870000.0,"","","","","","",BRANKAS A2 45 * 52 * 74 LN,"","",1.0,UNIT,3870000.0,0.00 %,"",0.0,3870000.0,3870000.0,0.0,"",0.0,0.0,"","","","",0.0,0.0
08/03/2022,Faktur Pembelian,JL.2203.01892 ,CANDRA (BLESSING),Lunas,"",7725000.0,0.0,22/03/2022,7022727.272727,702272.727273,7725000.0,"","","","",CV TIGA NUSA,"",* AIO ACER C22 - 1650 Ci3-1115G4 4GB 512GB SSD WIN 10,"","",1.0,UNIT,7022727.272727,0.00 %,10.0,702272.7272727001,7022727.272727,7022727.272727,0.0,"",0.0,0.0,"","","","",0.0,0.0
08/03/2022,Faktur Pembelian,JL.2203.01894,CANDRA (BLESSING),Lunas,"",7725000.0,0.0,22/03/2022,7022727.272727,702272.727273,7725000.0,"","","","",CV TIGA NUSA,"",* AIO ACER C22 - 1650 Ci3-1115G4 4GB 512GB SSD WIN 10,"","",1.0,UNIT,7022727.272727,0.00 %,10.0,702272.7272727001,7022727.272727,7022727.272727,0.0,"",0.0,0.0,"","","","",0.0,0.0
08/03/2022,Faktur Pembelian,JL.2203.01896,CANDRA (BLESSING),Lunas,"",1125000.0,0.0,22/03/2022,1022727.272727,102272.727273,1125000.0,"","","","",CV TIGA NUSA,"",* TPLINK SWITCH 16 PORT TL-SG1016(UN) GIGABIT RACKMOUNT,"","",1.0,UNIT,1022727.272727,0.00 %,10.0,102272.7272727,1022727.272727,1022727.272727,0.0,"",0.0,0.0,"","","","",0.0,0.0
08/03/2022,Faktur Pembelian,13004,Karina Plustek,Lunas,"",1620000.0,0.0,07/04/2022,1472727.272727,147272.727273,1620000.0,"","","","",CV TIGA NUSA,"",* PLUSTEK MOBILE OFFICE S410,"","",1.0,UNIT,1472727.272727,0.00 %,10.0,147272.7272727,1472727.272727,1472727.272727,0.0,"",0.0,0.0,"","","",081703079329,0.0,0.0
08/03/2022,Faktur Pembelian,13005,LEGALA,Lunas,"",8800000.0,0.0,07/04/2022,8800000.0,0.0,8800000.0,"","","","","","",ALAT PRES TOPI,"","",1.0,UNIT,2200000.0,0.00 %,"",0.0,2200000.0,2200000.0,0.0,"",0.0,0.0,"","","","",0.0,0.0
08/03/2022,Faktur Pembelian,13005,LEGALA,Lunas,"",8800000.0,0.0,07/04/2022,8800000.0,0.0,8800000.0,"","","","","","",LAMINATING ROLL 2 SISI,"","",1.0,UNIT,2300000.0,0.00 %,"",0.0,2300000.0,2300000.0,0.0,"",0.0,0.0,"","","","",0.0,0.0
08/03/2022,Faktur Pembelian,13005,LEGALA,Lunas,"",8800000.0,0.0,07/04/2022,8800000.0,0.0,8800000.0,"","","","","","",ALAT PRES MUG,"","",1.0,UNIT,1000000.0,0.00 %,"",0.0,1000000.0,1000000.0,0.0,"",0.0,0.0,"","","","",0.0,0.0
08/03/2022,Faktur Pembelian,13005,LEGALA,Lunas,"",8800000.0,0.0,07/04/2022,8800000.0,0.0,8800000.0,"","","","","","",ALAT PRES PIN 2 MULDING PAKET,"","",1.0,UNIT,3300000.0,0.00 %,"",0.0,3300000.0,3300000.0,0.0,"",0.0,0.0,"","","","",0.0,0.0
08/03/2022,Faktur Pembelian,13006,FIKTIF BELI,Lunas,"",1160000.0,0.0,07/04/2022,1160000.0,0.0,1160000.0,"","","","","","",BLUEPRINT TINTA CANON  250ML BLACK,"","",20.0,PCS,58000.0,0.00 %,"",0.0,1160000.0,1160000.0,0.0,"",0.0,0.0,"","","","",0.0,0.0
08/03/2022,Faktur Pembelian,00604944_036,PRIYO (K GALAXY),Lunas,"",1650000.0,0.0,07/04/2022,1650000.0,0.0,1650000.0,"","","","","","",MB MAGIX H61,"","",3.0,PCS,550000.0,0.00 %,"",0.0,1650000.0,1650000.0,0.0,"",0.0,0.0,"","","","",0.0,0.0
08/03/2022,Faktur Pembelian,032022149282,AGUS (DORAN),Lunas,"",15000000.0,0.0,07/04/2022,15000000.0,0.0,15000000.0,"",SURABAYA,"","","","",SSD SANDISK PLUS 240GB,"","",30.0,PCS,500000.0,0.00 %,"",0.0,15000000.0,15000000.0,0.0,"",0.0,0.0,"","","","",0.0,0.0
09/03/2022,Faktur Pembelian,2202001,YOGA (WAHANA),Lunas,"",14905000.0,0.0,08/04/2022,14905000.0,0.0,14905000.0,"","","","","","",PROJECTOR EPSON EB E500 3300 LUMENS,"","",2.0,UNIT,4860000.0,0.00 %,"",0.0,9720000.0,9720000.0,0.0,"",0.0,0.0,"","","","",0.0,0.0
09/03/2022,Faktur Pembelian,2202001,YOGA (WAHANA),Lunas,"",14905000.0,0.0,08/04/2022,14905000.0,0.0,14905000.0,"","","","","","",PROJECTOR EPSON EB X500 + TAS,"","",1.0,UNIT,5185000.0,0.00 %,"",0.0,5185000.0,5185000.0,0.0,"",0.0,0.0,"","","","",0.0,0.0
09/03/2022,Faktur Pembelian,13008,FIKTIF BELI,Lunas,"",370000.0,0.0,08/04/2022,370000.0,0.0,370000.0,"","","","","","",SODIMM TEAM ELITE DDR3 4GB LOW VOLT,"","",1.0,PCS,370000.0,0.00 %,"",0.0,370000.0,370000.0,0.0,"",0.0,0.0,"","","","",0.0,0.0
09/03/2022,Faktur Pembelian,13009,FIKTIF BELI,Lunas,"",384999.9999,0.0,08/04/2022,384999.9999,0.0,384999.9999,"","","","","","",KABEL LAN ZIMM LINK PERMETER,"","",300.0,METER,1283.333333,0.00 %,"",0.0,384999.9999,384999.9999,0.0,"",0.0,0.0,"","","","",0.0,0.0
09/03/2022,Faktur Pembelian,13010,FIKTIF BELI,Lunas,"",100000.0,0.0,08/04/2022,100000.0,0.0,100000.0,"","","","","","",RJ45 COMMSCOPE,"","",50.0,BIJI,2000.0,0.00 %,"",0.0,100000.0,100000.0,0.0,"",0.0,0.0,"","","","",0.0,0.0
09/03/2022,Faktur Pembelian,13011,FIKTIF BELI,Lunas,"",250000.0,0.0,08/04/2022,250000.0,0.0,250000.0,"","","","","","",OPP 11,"","",50.0,PCS,5000.0,0.00 %,"",0.0,250000.0,250000.0,0.0,"",0.0,0.0,"","","","",0.0,0.0
09/03/2022,Faktur Pembelian,JL.2203.02144,CANDRA (BLESSING),Lunas,"",2815000.0,0.0,23/03/2022,2815000.0,0.0,2815000.0,"","","","",RAHMAT,"",BROTHER DCP L2540 DW,"","",1.0,PCS,2815000.0,0.00 %,"",0.0,2815000.0,2815000.0,0.0,"",0.0,0.0,"","","","",0.0,0.0
09/03/2022,Faktur Pembelian,JL.2203.02145,CANDRA (BLESSING),Lunas,"",2815000.0,0.0,23/03/2022,2815000.0,0.0,2815000.0,"","","","",RAHMAT,"",BROTHER DCP L2540 DW,"","",1.0,PCS,2815000.0,0.00 %,"",0.0,2815000.0,2815000.0,0.0,"",0.0,0.0,"","","","",0.0,0.0
09/03/2022,Faktur Pembelian,JL.2203.02146,CANDRA (BLESSING),Lunas,"",3990000.0,0.0,23/03/2022,3990000.0,0.0,3990000.0,"","","","",AGUS,"",HUB USB RBT 4 PORT,"","",25.0,PCS,36000.0,0.00 %,"",0.0,900000.0,900000.0,0.0,"",0.0,0.0,"","","","",0.0,0.0
09/03/2022,Faktur Pembelian,JL.2203.02146,CANDRA (BLESSING),Lunas,"",3990000.0,0.0,23/03/2022,3990000.0,0.0,3990000.0,"","","","",AGUS,"",MODEM TELKOMSEL ORBIT STAR LITE,"","",6.0,UNIT,515000.0,0.00 %,"",0.0,3090000.0,3090000.0,0.0,"",0.0,0.0,"","","","",0.0,0.0
09/03/2022,Faktur Pembelian,JL.2203.02185,CANDRA (BLESSING),Lunas,"",24475000.0,0.0,23/03/2022,22250000.0,2225000.0,24475000.0,"","","","",CV TIGA NUSA,"","* ACER 3 A314 - 35 N5100 4GB 256GB SSD 14""","","",5.0,UNIT,4450000.0,0.00 %,10.0,2225000.0,22250000.0,22250000.0,0.0,"",0.0,0.0,"","","","",0.0,0.0
09/03/2022,Faktur Pembelian,13012,FIKTIF BELI,Lunas,"",710000.0001,0.0,08/04/2022,710000.0001,0.0,710000.0001,"","","","","","",KABEL CCTV PERMETER,"","",300.0,METER,2366.666667,0.00 %,"",0.0,710000.0001,710000.0001,0.0,"",0.0,0.0,"","","","",0.0,0.0
09/03/2022,Faktur Pembelian,JL5522030175,YULI (HP CENTRE),Lunas,"",1586000.0,0.0,08/04/2022,1586000.0,0.0,1586000.0,"","","","",RAHMAT,"",BLUEPRINT PRINTER LITE DEKSTOP USB - LITE80L,"","",2.0,UNIT,793000.0,0.00 %,"",0.0,1586000.0,1586000.0,0.0,"",0.0,0.0,"","","","",0.0,0.0
09/03/2022,Faktur Pembelian,13013,FIKTIF BELI,Lunas,"",0.0,0.0,08/04/2022,0.0,0.0,0.0,"","","","","","",PSU CPU GAMING BIONIC 500 WATT,"","",1.0,PCS,0.0,0.00 %,"",0.0,0.0,0.0,0.0,"",0.0,0.0,"","","","",0.0,0.0
09/03/2022,Faktur Pembelian,JL.2203.02328,CANDRA (BLESSING),Lunas,"",4500000.0,0.0,23/03/2022,4500000.0,0.0,4500000.0,"","","","",AGUS,"",HDD PC SEAGATE SATA 1TB BARACUDA MFI,"","",5.0,PCS,605000.0,0.00 %,"",0.0,3025000.0,3025000.0,0.0,"",0.0,0.0,"","","","",0.0,0.0
09/03/2022,Faktur Pembelian,JL.2203.02328,CANDRA (BLESSING),Lunas,"",4500000.0,0.0,23/03/2022,4500000.0,0.0,4500000.0,"","","","",AGUS,"",KABEL CCTV RG 59 + POWER SPECTRA,"","",1.0,DUS,710000.0,0.00 %,"",0.0,710000.0,710000.0,0.0,"",0.0,0.0,"","","","",0.0,0.0
09/03/2022,Faktur Pembelian,JL.2203.02328,CANDRA (BLESSING),Lunas,"",4500000.0,0.0,23/03/2022,4500000.0,0.0,4500000.0,"","","","",AGUS,"",KABEL CCTV RG 6 POWER 300 METER,"","",1.0,DUS,765000.0,0.00 %,"",0.0,765000.0,765000.0,0.0,"",0.0,0.0,"","","","",0.0,0.0
09/03/2022,Faktur Pembelian,JL.2203.02329,CANDRA (BLESSING),Lunas,1 KABEL SPECTRA RG 6,1420000.0,0.0,23/03/2022,1420000.0,0.0,1420000.0,"","","","",AGUS,"",KABEL CCTV RG 59 + POWER SPECTRA,"","",2.0,DUS,710000.0,0.00 %,"",0.0,1420000.0,1420000.0,0.0,"",0.0,0.0,"","","","",0.0,0.0
09/03/2022,Faktur Pembelian,00605041_036,PRIYO (K GALAXY),Lunas,"",5160000.0,0.0,08/04/2022,5160000.0,0.0,5160000.0,"","","","","","",RAM PC KINGSTONE DDR3 4GB,"","",20.0,PCS,177500.0,0.00 %,"",0.0,3550000.0,3550000.0,0.0,"",0.0,0.0,"","","","",0.0,0.0
09/03/2022,Faktur Pembelian,00605041_036,PRIYO (K GALAXY),Lunas,"",5160000.0,0.0,08/04/2022,5160000.0,0.0,5160000.0,"","","","","","",PROCESSOR  INTEL I5 - GEN 4,"","",2.0,PCS,805000.0,0.00 %,"",0.0,1610000.0,1610000.0,0.0,"",0.0,0.0,"","","","",0.0,0.0
09/03/2022,Faktur Pembelian,032022150922,AGUS (DORAN),Lunas,"",6642500.0,6642500.0,08/04/2022,6642500.0,0.0,0.0,"",SURABAYA,"","","","",MOUSE LOGITECH M90,"","",100.0,PCS,41500.0,0.00 %,"",0.0,4150000.0,4150000.0,0.0,"",0.0,0.0,"","","","",0.0,0.0
09/03/2022,Faktur Pembelian,032022150922,AGUS (DORAN),Lunas,"",6642500.0,6642500.0,08/04/2022,6642500.0,0.0,0.0,"",SURABAYA,"","","","",LOGITECH MK 220 (WIRELESS KEYBOARD MOUSE),"","",5.0,SET,224000.0,0.00 %,"",0.0,1120000.0,1120000.0,0.0,"",0.0,0.0,"","","","",0.0,0.0
09/03/2022,Faktur Pembelian,032022150922,AGUS (DORAN),Lunas,"",6642500.0,6642500.0,08/04/2022,6642500.0,0.0,0.0,"",SURABAYA,"","","","",KEYBOARD LOGITECH K120,"","",15.0,PCS,91500.0,0.00 %,"",0.0,1372500.0,1372500.0,0.0,"",0.0,0.0,"","","","",0.0,0.0
09/03/2022,Faktur Pembelian,PJL-22-03-00193,PT. Surya Makmur Kreasindo (HJ),Lunas,"",13650000.000001,0.0,23/03/2022,12409090.909092,1240909.090909,13650000.000001,"",SURABAYA,"","",CV TIGA NUSA,"",* PRINTER EPSON L3210,"","",6.0,UNIT,2068181.818182,0.00 %,10.0,1240909.0909092,12409090.909092,12409090.909092,0.0,"",0.0,0.0,PT. Surya Makmur Kreasindo,"",081515111951,"",0.0,0.0
09/03/2022,Faktur Pembelian,000913,LILI (PLATINUM),Lunas,PECAH 1,2700000.0,2700000.0,08/04/2022,2700000.0,0.0,0.0,"","","","","","",LCD LAPTOP 14 TEBAL,"","",6.0,PCS,450000.0,0.00 %,"",0.0,2700000.0,2700000.0,0.0,"",0.0,0.0,"","","","",0.0,0.0
09/03/2022,Faktur Pembelian,PJL-22-03-00195,PT. Surya Makmur Kreasindo (HJ),Lunas,"",34125000.000003,0.0,23/03/2022,31022727.27273,3102272.727273,34125000.000003,"",SURABAYA,"","",CV TIGA NUSA,"",* PRINTER EPSON L3210,"","",15.0,UNIT,2068181.818182,0.00 %,10.0,3102272.727273,31022727.27273,31022727.27273,0.0,"",0.0,0.0,PT. Surya Makmur Kreasindo,"",081515111951,"",0.0,0.0
09/03/2022,Faktur Pembelian,JL6622030032,YULI (HP CENTRE),Lunas,"",1800000.0,0.0,08/04/2022,1800000.0,0.0,1800000.0,"","","","","","",TINTA EPSON 664 YELLOW,"","",25.0,PCS,72000.0,0.00 %,"",0.0,1800000.0,1800000.0,0.0,"",0.0,0.0,"","","","",0.0,0.0
10/03/2022,Faktur Pembelian,13014,FIKTIF BELI,Lunas,"",0.0,0.0,09/04/2022,0.0,0.0,0.0,"","","","","","",BRAKET TV,"","",1.0,PCS,0.0,0.00 %,"",0.0,0.0,0.0,0.0,"",0.0,0.0,"","","","",0.0,0.0
10/03/2022,Faktur Pembelian,13015,AGUS (DORAN),Lunas,"",4270000.0,0.0,09/04/2022,4270000.0,0.0,4270000.0,"",SURABAYA,"","","","",MOUSE LOGITECH WIRELESS M170,"","",20.0,PCS,92500.0,0.00 %,"",0.0,1850000.0,1850000.0,0.0,"",0.0,0.0,"","","","",0.0,0.0
10/03/2022,Faktur Pembelian,13015,AGUS (DORAN),Lunas,"",4270000.0,0.0,09/04/2022,4270000.0,0.0,4270000.0,"",SURABAYA,"","","","",MOUSE LOGITECH M90,"","",10.0,PCS,43000.0,0.00 %,"",0.0,430000.0,430000.0,0.0,"",0.0,0.0,"","","","",0.0,0.0
10/03/2022,Faktur Pembelian,13015,AGUS (DORAN),Lunas,"",4270000.0,0.0,09/04/2022,4270000.0,0.0,4270000.0,"",SURABAYA,"","","","",MOUSE LOGITECH M90,"","",10.0,PCS,41500.0,0.00 %,"",0.0,415000.0,415000.0,0.0,"",0.0,0.0,"","","","",0.0,0.0
10/03/2022,Faktur Pembelian,13015,AGUS (DORAN),Lunas,"",4270000.0,0.0,09/04/2022,4270000.0,0.0,4270000.0,"",SURABAYA,"","","","",LOGITECH MK 220 (WIRELESS KEYBOARD MOUSE),"","",5.0,SET,223500.0,0.00 %,"",0.0,1117500.0,1117500.0,0.0,"",0.0,0.0,"","","","",0.0,0.0
10/03/2022,Faktur Pembelian,13015,AGUS (DORAN),Lunas,"",4270000.0,0.0,09/04/2022,4270000.0,0.0,4270000.0,"",SURABAYA,"","","","",KEYBOARD LOGITECH K120,"","",5.0,PCS,91500.0,0.00 %,"",0.0,457500.0,457500.0,0.0,"",0.0,0.0,"","","","",0.0,0.0
10/03/2022,Faktur Pembelian,13016,AGUS (DORAN),Lunas,"",400000.0,0.0,09/04/2022,400000.0,0.0,400000.0,"",SURABAYA,"","","","",TPLINK SF1005 SWITCH LAN 5 PORT ( HUB LAN 5 PORT B),"","",4.0,PCS,100000.0,0.00 %,"",0.0,400000.0,400000.0,0.0,"",0.0,0.0,"","","","",0.0,0.0
10/03/2022,Faktur Pembelian,13017,DARMA DJ COMP,Lunas,"",28500000.0,0.0,09/04/2022,28500000.0,0.0,28500000.0,"","","","","","",ACER A314-35-C2T9 N5100 4GB 256GB SSD #,"","",6.0,UNIT,4750000.0,0.00 %,"",0.0,28500000.0,28500000.0,0.0,"",0.0,0.0,"","","",087876835295,0.0,0.0
10/03/2022,Faktur Pembelian,13018,FIKTIF BELI,Lunas,"",20550.0,0.0,09/04/2022,20550.0,0.0,20550.0,"","","","","","",PENGGARIS BESI,"","",10.0,PCS,2055.0,0.00 %,"",0.0,20550.0,20550.0,0.0,"",0.0,0.0,"","","","",0.0,0.0
10/03/2022,Faktur Pembelian,JL5522030377,YULI (HP CENTRE),Lunas,"",21050000.0,0.0,09/04/2022,19136363.636364,1913636.363636,21050000.0,"","","","",CV TIGA NUSA,"",* AV15-51 I5-1155G7 8GB 512GB SSD 15INCS FHD AM,"","",2.0,UNIT,9568181.818182,0.00 %,10.0,1913636.3636364,19136363.636364,19136363.636364,0.0,"",0.0,0.0,"","","","",0.0,0.0
10/03/2022,Faktur Pembelian,JL5522030378,YULI (HP CENTRE),Lunas,"",10525000.0,0.0,09/04/2022,9568181.818182,956818.181818,10525000.0,"","","","",CV TIGA NUSA,"",* AV15-51 I5-1155G7 8GB 512GB SSD 15INCS FHD AM,"","",1.0,UNIT,9568181.818182,0.00 %,10.0,956818.1818182,9568181.818182,9568181.818182,0.0,"",0.0,0.0,"","","","",0.0,0.0
10/03/2022,Faktur Pembelian,JL5522030368,YULI (HP CENTRE),Lunas,"",21050000.0,0.0,09/04/2022,19136363.636364,1913636.363636,21050000.0,"","","","",CV TIGA NUSA,"",* AV15-51 I5-1155G7 8GB 512GB SSD 15INCS FHD AM,"","",2.0,UNIT,9568181.818182,0.00 %,10.0,1913636.3636364,19136363.636364,19136363.636364,0.0,"",0.0,0.0,"","","","",0.0,0.0
10/03/2022,Faktur Pembelian,13019,CANON BALI,Lunas,"",1108800.0,0.0,09/04/2022,1108800.0,0.0,1108800.0,"","","","","","",CATRDIGE CANON CA91 / BH7 (G2010),"","",4.0,PCS,277200.0,0.00 %,"",0.0,1108800.0,1108800.0,0.0,"",0.0,0.0,"","","","",0.0,0.0
10/03/2022,Faktur Pembelian,13020,FIKTIF BELI,Lunas,"",60000.0,0.0,09/04/2022,60000.0,0.0,60000.0,"","","","","","",SAMBUNGAN KABEL LAN,"","",30.0,PCS,2000.0,0.00 %,"",0.0,60000.0,60000.0,0.0,"",0.0,0.0,"","","","",0.0,0.0
10/03/2022,Faktur Pembelian,JL.2208.02448,CANDRA (BLESSING),Lunas,"",7020000.0,0.0,24/03/2022,7020000.0,0.0,7020000.0,"","","","",ARIES,"","LED LG 24"" 24MK430H B HDMI IPS","","",2.0,PCS,2140000.0,0.00 %,"",0.0,4280000.0,4280000.0,0.0,"",0.0,0.0,"","","","",0.0,0.0
10/03/2022,Faktur Pembelian,JL.2208.02448,CANDRA (BLESSING),Lunas,"",7020000.0,0.0,24/03/2022,7020000.0,0.0,7020000.0,"","","","",ARIES,"",SODIMM KINGSTONE DDR4 4GB KG,"","",3.0,PCS,325000.0,0.00 %,"",0.0,975000.0,975000.0,0.0,"",0.0,0.0,"","","","",0.0,0.0
10/03/2022,Faktur Pembelian,JL.2208.02448,CANDRA (BLESSING),Lunas,"",7020000.0,0.0,24/03/2022,7020000.0,0.0,7020000.0,"","","","",ARIES,"",SODIMM CORSAIR DDR 3L 4GB,"","",1.0,PCS,395000.0,0.00 %,"",0.0,395000.0,395000.0,0.0,"",0.0,0.0,"","","","",0.0,0.0
10/03/2022,Faktur Pembelian,JL.2208.02448,CANDRA (BLESSING),Lunas,"",7020000.0,0.0,24/03/2022,7020000.0,0.0,7020000.0,"","","","",ARIES,"","LED LG 18,5 19M38A","","",1.0,UNIT,1370000.0,0.00 %,"",0.0,1370000.0,1370000.0,0.0,"",0.0,0.0,"","","","",0.0,0.0
10/03/2022,Faktur Pembelian,JL.2203.02716,CANDRA (BLESSING),Lunas,"",2100000.0,0.0,24/03/2022,2100000.0,0.0,2100000.0,"","","","",AGUS,"",MOUSE LOGITECH M90,"","",50.0,PCS,42000.0,0.00 %,"",0.0,2100000.0,2100000.0,0.0,"",0.0,0.0,"","","","",0.0,0.0
10/03/2022,Faktur Pembelian,2202062,YOGA (WAHANA),Lunas,"",32900000.0,0.0,09/04/2022,32900000.0,0.0,32900000.0,"","","","","","","ACER 5 A514 - 54  - Ci3-1115G4 4GB 512GB SSD 14""","","",5.0,UNIT,6580000.0,0.00 %,"",0.0,32900000.0,32900000.0,0.0,"",0.0,0.0,"","","","",0.0,0.0
10/03/2022,Faktur Pembelian,032022154258,AGUS (DORAN),Lunas,"",4380000.0,4380000.0,09/04/2022,4380000.0,0.0,0.0,"",SURABAYA,"","","","",TPLINK ROUTER TL WR840N,"","",30.0,PCS,146000.0,0.00 %,"",0.0,4380000.0,4380000.0,0.0,"",0.0,0.0,"","","","",0.0,0.0
10/03/2022,Faktur Pembelian,000914,LILI (PLATINUM),Lunas,"",2100000.0,2100000.0,09/04/2022,2100000.0,0.0,0.0,"","","","","","",BATERAI ACER  V5 431 (AL12A32),"","",3.0,PCS,220000.0,0.00 %,"",0.0,660000.0,660000.0,0.0,"",0.0,0.0,"","","","",0.0,0.0
10/03/2022,Faktur Pembelian,000914,LILI (PLATINUM),Lunas,"",2100000.0,2100000.0,09/04/2022,2100000.0,0.0,0.0,"","","","","","",BATERAI ACER 4741 OR,"",BARU 1 ,2.0,PCS,210000.0,0.00 %,"",0.0,420000.0,420000.0,0.0,"",0.0,0.0,"","","","",0.0,0.0
10/03/2022,Faktur Pembelian,000914,LILI (PLATINUM),Lunas,"",2100000.0,2100000.0,09/04/2022,2100000.0,0.0,0.0,"","","","","","",BATERAI TOSHIBA C640 OR (PA3817U),"",BARU 1 ,2.0,PCS,210000.0,0.00 %,"",0.0,420000.0,420000.0,0.0,"",0.0,0.0,"","","","",0.0,0.0
10/03/2022,Faktur Pembelian,000914,LILI (PLATINUM),Lunas,"",2100000.0,2100000.0,09/04/2022,2100000.0,0.0,0.0,"","","","","","",BATERAI LAPTOP ACER Z1402,"","",1.0,PCS,290000.0,0.00 %,"",0.0,290000.0,290000.0,0.0,"",0.0,0.0,"","","","",0.0,0.0
10/03/2022,Faktur Pembelian,000914,LILI (PLATINUM),Lunas,"",2100000.0,2100000.0,09/04/2022,2100000.0,0.0,0.0,"","","","","","",BATERAI ACER AL12B32 SLIM,"","",1.0,PCS,310000.0,0.00 %,"",0.0,310000.0,310000.0,0.0,"",0.0,0.0,"","","","",0.0,0.0
10/03/2022,Faktur Pembelian,JL202200001413,EDISON ATK,Lunas,"",1290000.0,1290000.0,09/05/2022,1290000.0,0.0,0.0,"","","","","","",KERTAS BUFFALO MERAH (NO 1),"","",60.0,PCS,21500.0,0.00 %,"",0.0,1290000.0,1290000.0,0.0,"",0.0,0.0,"","","","",0.0,0.0
10/03/2022,Faktur Pembelian,JL5522030365,YULI (HP CENTRE),Lunas,"",40380000.000001,0.0,09/04/2022,36709090.909092,3670909.090909,40380000.000001,"","","","",CV TIGA NUSA,"",* ACER 5 SLIM A514 -54 CI3-1115G4 4GB 512GB SSD W11,"","",6.0,UNIT,6118181.818182,0.00 %,10.0,3670909.0909092,36709090.909092,36709090.909092,0.0,"",0.0,0.0,"","","","",0.0,0.0
10/03/2022,Faktur Pembelian,PJL-22-03-00243,PT. Surya Makmur Kreasindo (HJ),Lunas,"",7100000.0,0.0,24/03/2022,6454545.454545,645454.545455,7100000.0,"",SURABAYA,"","",CV TIGA NUSA,"",* PRINTER EPSON PLQ 30,"","",1.0,UNIT,6454545.454545,0.00 %,10.0,645454.5454545,6454545.454545,6454545.454545,0.0,"",0.0,0.0,PT. Surya Makmur Kreasindo,"",081515111951,"",0.0,0.0
11/03/2022,Faktur Pembelian,13021,FIKTIF BELI,Lunas,"",110000.0,0.0,10/04/2022,110000.0,0.0,110000.0,"","","","","","",KERTAS BUFFALO KUNING (NO 5),"","",5.0,PCS,22000.0,0.00 %,"",0.0,110000.0,110000.0,0.0,"",0.0,0.0,"","","","",0.0,0.0
11/03/2022,Faktur Pembelian,13022,TOKO ARJUNA,Lunas,"",200000.000016,0.0,10/04/2022,200000.000016,0.0,200000.000016,"","","","","","",BATERAI PANASONIC / ENR POWER/ ABC  ALKALINE AA,"","",48.0,PCS,4166.666667,0.00 %,"",0.0,200000.000016,200000.000016,0.0,"",0.0,0.0,"","","","",0.0,0.0
11/03/2022,Faktur Pembelian,000908,LILI (PLATINUM),Lunas,"",976000.0,976000.0,10/04/2022,976000.0,0.0,0.0,"","","JL. SOEKARNO HATTA RT. 012  RW. 004 PANE, RASANAE BARAT","","","",KEYBOARD ACER A314 33 (LM),"","",5.0,PCS,190000.0,0.00 %,"",0.0,950000.0,950000.0,0.0,"",26000.0,0.0,"","","","",0.0,0.0
11/03/2022,Faktur Pembelian,JL.2203.02957,CANDRA (BLESSING),Lunas,"",930000.0,0.0,25/03/2022,930000.0,0.0,930000.0,"","","","",RAHMAT,"",SSD SANDISK ULTRA 500GB 3D,"","",1.0,PCS,930000.0,0.00 %,"",0.0,930000.0,930000.0,0.0,"",0.0,0.0,"","","","",0.0,0.0
11/03/2022,Faktur Pembelian,JL.2203.02927,CANDRA (BLESSING),Lunas,"",21215000.0,0.0,25/03/2022,21215000.0,0.0,21215000.0,"","","","",RAHMAT,"",ACER 3 A314-22 AMD RYZEN3-3250U 4GB 256GB SSD #,"","",2.0,UNIT,5860000.0,0.00 %,"",0.0,11720000.0,11720000.0,0.0,"",0.0,0.0,"","","","",0.0,0.0
11/03/2022,Faktur Pembelian,JL.2203.02927,CANDRA (BLESSING),Lunas,"",21215000.0,0.0,25/03/2022,21215000.0,0.0,21215000.0,"","","","",RAHMAT,"",SSD SAMSUNG 500GB 870 EVO,"","",1.0,PCS,1015000.0,0.00 %,"",0.0,1015000.0,1015000.0,0.0,"",0.0,0.0,"","","","",0.0,0.0
11/03/2022,Faktur Pembelian,JL.2203.02927,CANDRA (BLESSING),Lunas,"",21215000.0,0.0,25/03/2022,21215000.0,0.0,21215000.0,"","","","",RAHMAT,"","LENOVO IDEAPAD SLIM 1 11IGL05 INTEL N4020 4GB SSD 256GB 11,6"" NW","","",2.0,UNIT,4240000.0,0.00 %,"",0.0,8480000.0,8480000.0,0.0,"",0.0,0.0,"","","","",0.0,0.0
11/03/2022,Faktur Pembelian,ACJ01/01/FP/2203/AA00015,PT. ANGKASA CERAH JAYA,Lunas,"",19700000.000001,0.0,10/04/2022,17909090.909092,1790909.090909,19700000.000001,"",SURABAYA,"","",CV TIGA NUSA,"",* ACER EXTENSA 15 EX215-31  INTEL N4020 4GB SSD 256GB,"","",4.0,UNIT,4477272.727273,0.00 %,10.0,1790909.0909092,17909090.909092,17909090.909092,0.0,"",0.0,0.0,PT. ANGKASA CERAH JAYA,"",0815 5395 1313,"",0.0,0.0
11/03/2022,Faktur Pembelian,JL00146836,WULAN (DISCOUNT NOTEBOOK),Lunas,"",320500.0,0.0,10/04/2022,320500.0,0.0,320500.0,"","","JL. SOEKARNO HATTA RT. 012  RW. 004 PANE, RASANAE BARAT","","","",BATERAI ACER  V5 431 (AL12A32),"","",1.0,PCS,190000.0,0.00 %,"",0.0,190000.0,190000.0,0.0,"",25500.0,0.0,"","","","",0.0,0.0
11/03/2022,Faktur Pembelian,JL00146836,WULAN (DISCOUNT NOTEBOOK),Lunas,"",320500.0,0.0,10/04/2022,320500.0,0.0,320500.0,"","","JL. SOEKARNO HATTA RT. 012  RW. 004 PANE, RASANAE BARAT","","","",KEYBOARD LAPTOP ASUS TP 203N,"","",1.0,PCS,105000.0,0.00 %,"",0.0,105000.0,105000.0,0.0,"",25500.0,0.0,"","","","",0.0,0.0
12/03/2022,Faktur Pembelian,13023,DARMA DJ COMP,Lunas,"",10100000.0,0.0,11/04/2022,10100000.0,0.0,10100000.0,"","","","","","",ACER A314-35-C2T9 N5100 4GB 256GB SSD #,"","",2.0,UNIT,5050000.0,0.00 %,"",0.0,10100000.0,10100000.0,0.0,"",0.0,0.0,"","","",087876835295,0.0,0.0
12/03/2022,Faktur Pembelian,13024,TATIK (LEGENDA),Lunas,CANON SUDAH,10800000.0,0.0,11/04/2022,10800000.0,0.0,10800000.0,"","","","","","",PRINTER CANON G2010,"","",6.0,UNIT,1800000.0,0.00 %,"",0.0,10800000.0,10800000.0,0.0,"",0.0,0.0,"","","","",0.0,0.0
12/03/2022,Faktur Pembelian,13025,TATIK (LEGENDA),Lunas,CANON SUDAH,8000000.0,0.0,11/04/2022,8000000.0,0.0,8000000.0,"","","","","","",PRINTER CANON G1020,"","",5.0,UNIT,1600000.0,0.00 %,"",0.0,8000000.0,8000000.0,0.0,"",0.0,0.0,"","","","",0.0,0.0
12/03/2022,Faktur Pembelian,JL00146907,WULAN (DISCOUNT NOTEBOOK),Lunas,"",394000.0,0.0,11/04/2022,394000.0,0.0,394000.0,"","","JL. SOEKARNO HATTA RT. 012  RW. 004 PANE, RASANAE BARAT","","","",KEYBOARD ACER E5 473 ON OFF / E5 475 / ES1 432,"","",5.0,PCS,60000.0,0.00 %,"",0.0,300000.0,300000.0,0.0,"",29000.0,0.0,"","","","",0.0,0.0
12/03/2022,Faktur Pembelian,JL00146907,WULAN (DISCOUNT NOTEBOOK),Lunas,"",394000.0,0.0,11/04/2022,394000.0,0.0,394000.0,"","","JL. SOEKARNO HATTA RT. 012  RW. 004 PANE, RASANAE BARAT","","","",KEYBOARD LAPTOP TOSHIBA C850,"","",1.0,PCS,65000.0,0.00 %,"",0.0,65000.0,65000.0,0.0,"",29000.0,0.0,"","","","",0.0,0.0
12/03/2022,Faktur Pembelian,000917,LILI (PLATINUM),Lunas,"",16730000.0,16730000.0,11/04/2022,16730000.0,0.0,0.0,"","","","","","",CCTV CAM DAHUA HAC B1A21 IR BULLET (OUTDOOR),"","",30.0,PCS,168000.0,0.00 %,"",0.0,5040000.0,5040000.0,0.0,"",0.0,0.0,"","","","",0.0,0.0
12/03/2022,Faktur Pembelian,000917,LILI (PLATINUM),Lunas,"",16730000.0,16730000.0,11/04/2022,16730000.0,0.0,0.0,"","","","","","",KONEKTOR BNC CCTV,"","",300.0,PCS,3000.0,0.00 %,"",0.0,900000.0,900000.0,0.0,"",0.0,0.0,"","","","",0.0,0.0
12/03/2022,Faktur Pembelian,000917,LILI (PLATINUM),Lunas,"",16730000.0,16730000.0,11/04/2022,16730000.0,0.0,0.0,"","","","","","",KONEKTOR DC MALE,"","",100.0,PCS,2000.0,0.00 %,"",0.0,200000.0,200000.0,0.0,"",0.0,0.0,"","","","",0.0,0.0
12/03/2022,Faktur Pembelian,000917,LILI (PLATINUM),Lunas,"",16730000.0,16730000.0,11/04/2022,16730000.0,0.0,0.0,"","","","","","",ADAPTOR ACER 19V 3.0*1.1 SWIFT,"","",10.0,PCS,120000.0,0.00 %,"",0.0,1200000.0,1200000.0,0.0,"",0.0,0.0,"","","","",0.0,0.0
12/03/2022,Faktur Pembelian,000917,LILI (PLATINUM),Lunas,"",16730000.0,16730000.0,11/04/2022,16730000.0,0.0,0.0,"","","","","","",KABEL VGA 5 METER,"","",40.0,PCS,19000.0,0.00 %,"",0.0,760000.0,760000.0,0.0,"",0.0,0.0,"","","","",0.0,0.0
12/03/2022,Faktur Pembelian,000917,LILI (PLATINUM),Lunas,"",16730000.0,16730000.0,11/04/2022,16730000.0,0.0,0.0,"","","","","","",SAMBUNGAN KABEL LAN,"","",100.0,PCS,2000.0,0.00 %,"",0.0,200000.0,200000.0,0.0,"",0.0,0.0,"","","","",0.0,0.0
12/03/2022,Faktur Pembelian,000917,LILI (PLATINUM),Lunas,"",16730000.0,16730000.0,11/04/2022,16730000.0,0.0,0.0,"","","","","","",USB TO ETHERNET ADAPTER (USB LAN),"","",50.0,PCS,39000.0,0.00 %,"",0.0,1950000.0,1950000.0,0.0,"",0.0,0.0,"","","","",0.0,0.0
12/03/2022,Faktur Pembelian,000917,LILI (PLATINUM),Lunas,"",16730000.0,16730000.0,11/04/2022,16730000.0,0.0,0.0,"","","","","","",ADAPTOR HP MINI,"","",3.0,PCS,80000.0,0.00 %,"",0.0,240000.0,240000.0,0.0,"",0.0,0.0,"","","","",0.0,0.0
12/03/2022,Faktur Pembelian,000917,LILI (PLATINUM),Lunas,"",16730000.0,16730000.0,11/04/2022,16730000.0,0.0,0.0,"","","","","","",WEBCAM HD 1080P #,"","",29.0,PCS,120000.0,0.00 %,"",0.0,3480000.0,3480000.0,0.0,"",0.0,0.0,"","","","",0.0,0.0
12/03/2022,Faktur Pembelian,000917,LILI (PLATINUM),Lunas,"",16730000.0,16730000.0,11/04/2022,16730000.0,0.0,0.0,"","","","","","",MOUSEPAD LOGITECH / MICROSOFT,"","",300.0,PCS,4000.0,0.00 %,"",0.0,1200000.0,1200000.0,0.0,"",0.0,0.0,"","","","",0.0,0.0
12/03/2022,Faktur Pembelian,000917,LILI (PLATINUM),Lunas,"",16730000.0,16730000.0,11/04/2022,16730000.0,0.0,0.0,"","","","","","",BATERAI ACER AL12B32 SLIM,"","",1.0,PCS,310000.0,0.00 %,"",0.0,310000.0,310000.0,0.0,"",0.0,0.0,"","","","",0.0,0.0
12/03/2022,Faktur Pembelian,000917,LILI (PLATINUM),Lunas,"",16730000.0,16730000.0,11/04/2022,16730000.0,0.0,0.0,"","","","","","",DVR HILOOK 16CH,"","",1.0,UNIT,1250000.0,0.00 %,"",0.0,1250000.0,1250000.0,0.0,"",0.0,0.0,"","","","",0.0,0.0
12/03/2022,Faktur Pembelian,00605363_036,PRIYO (K GALAXY),Lunas,"",8900000.0,0.0,11/04/2022,8900000.0,0.0,8900000.0,"","","","","","",MONITOR LED SPC SM - 19 HDMI,"","",10.0,UNIT,890000.0,0.00 %,"",0.0,8900000.0,8900000.0,0.0,"",0.0,0.0,"","","","",0.0,0.0
12/03/2022,Faktur Pembelian,JL5522030427,YULI (HP CENTRE),Lunas,"",11500000.0,0.0,11/04/2022,11500000.0,0.0,11500000.0,"","","","",AGUS,"",BLUEPRINT TRANSFER PAPER DASAR HITAM,"","",200.0,PCS,57500.0,0.00 %,"",0.0,11500000.0,11500000.0,0.0,"",0.0,0.0,"","","","",0.0,0.0
13/03/2022,Faktur Pembelian,13026,FIKTIF BELI,Lunas,"",1350000.0,0.0,12/04/2022,1350000.0,0.0,1350000.0,"","","","","","",KERTAS LINEN 200 GR F4,"","",30.0,PCS,45000.0,0.00 %,"",0.0,1350000.0,1350000.0,0.0,"",0.0,0.0,"","","","",0.0,0.0
13/03/2022,Faktur Pembelian,13027,DARMA DJ COMP,Lunas,"",28350000.0,0.0,12/04/2022,28350000.0,0.0,28350000.0,"","","","","","",ACER A314-35-C2T9 N5100 4GB 256GB SSD #,"","",6.0,UNIT,4725000.0,0.00 %,"",0.0,28350000.0,28350000.0,0.0,"",0.0,0.0,"","","",087876835295,0.0,0.0
14/03/2022,Faktur Pembelian,13028,FIKTIF BELI,Lunas,"",200000.0,0.0,13/04/2022,200000.0,0.0,200000.0,"","","","","","",RJ45 COMMSCOPE,"","",100.0,BIJI,2000.0,0.00 %,"",0.0,200000.0,200000.0,0.0,"",0.0,0.0,"","","","",0.0,0.0
14/03/2022,Faktur Pembelian,13029,DARMA DJ COMP,Lunas,"",10100000.0,0.0,13/04/2022,10100000.0,0.0,10100000.0,"","","","","","",ACER A314-35-C2T9 N5100 4GB 256GB SSD #,"","",2.0,UNIT,5050000.0,0.00 %,"",0.0,10100000.0,10100000.0,0.0,"",0.0,0.0,"","","",087876835295,0.0,0.0
14/03/2022,Faktur Pembelian,13030,FIKTIF BELI,Lunas,"",177500.0,0.0,13/04/2022,177500.0,0.0,177500.0,"","","","","","",KOTAK DVD HITAM TIPIS,"","",100.0,PCS,1775.0,0.00 %,"",0.0,177500.0,177500.0,0.0,"",0.0,0.0,"","","","",0.0,0.0
14/03/2022,Faktur Pembelian,JL.2203.03830,CANDRA (BLESSING),Lunas,"",182000.000001,0.0,28/03/2022,165454.545455,16545.454546,182000.000001,"","","","",CV TIGA NUSA,"",* ROBOT KEY MOUSE KM4000 WIRELESS SILENT KEY,"","",1.0,UNIT,165454.545455,0.00 %,10.0,16545.4545455,165454.545455,165454.545455,0.0,"",0.0,0.0,"","","","",0.0,0.0
14/03/2022,Faktur Pembelian,13031,DARMA DJ COMP,Lunas,"",13250000.0,0.0,13/04/2022,13250000.0,0.0,13250000.0,"","","","","","","ACER SWIFT 3 SF314-511 CI7-1165G7 16GB SSD 512GB 14""","","",1.0,UNIT,13250000.0,0.00 %,"",0.0,13250000.0,13250000.0,0.0,"",0.0,0.0,"","","",087876835295,0.0,0.0
14/03/2022,Faktur Pembelian,13032,TATIK (LEGENDA),Lunas,"",17640000.0,0.0,13/04/2022,17640000.0,0.0,17640000.0,"","","","","","",TINTA EPSON 003 BLACK,"","",60.0,PCS,73500.0,0.00 %,"",0.0,4410000.0,4410000.0,0.0,"",0.0,0.0,"","","","",0.0,0.0
14/03/2022,Faktur Pembelian,13032,TATIK (LEGENDA),Lunas,"",17640000.0,0.0,13/04/2022,17640000.0,0.0,17640000.0,"","","","","","",TINTA EPSON 003 MAGENTA,"","",60.0,PCS,73500.0,0.00 %,"",0.0,4410000.0,4410000.0,0.0,"",0.0,0.0,"","","","",0.0,0.0
14/03/2022,Faktur Pembelian,13032,TATIK (LEGENDA),Lunas,"",17640000.0,0.0,13/04/2022,17640000.0,0.0,17640000.0,"","","","","","",TINTA EPSON 003 CYAN,"","",60.0,PCS,73500.0,0.00 %,"",0.0,4410000.0,4410000.0,0.0,"",0.0,0.0,"","","","",0.0,0.0
14/03/2022,Faktur Pembelian,13032,TATIK (LEGENDA),Lunas,"",17640000.0,0.0,13/04/2022,17640000.0,0.0,17640000.0,"","","","","","",TINTA EPSON 003 YELLOW,"","",60.0,PCS,73500.0,0.00 %,"",0.0,4410000.0,4410000.0,0.0,"",0.0,0.0,"","","","",0.0,0.0
14/03/2022,Faktur Pembelian,JL.2203.03475,CANDRA (BLESSING),Lunas,"",2822999.999998,0.0,28/03/2022,2822999.999998,0.0,2822999.999998,"","","","",RAHMAT,"",TINTA REFFIL BROTHER BTD60BK BLACK,"","",2.0,PCS,95000.0,0.00 %,"",0.0,190000.0,190000.0,0.0,"",0.0,0.0,"","","","",0.0,0.0
14/03/2022,Faktur Pembelian,JL.2203.03475,CANDRA (BLESSING),Lunas,"",2822999.999998,0.0,28/03/2022,2822999.999998,0.0,2822999.999998,"","","","",RAHMAT,"",HDMI SPLITER 4 PORT,"","",2.0,PCS,107000.0,0.00 %,"",0.0,214000.0,214000.0,0.0,"",0.0,0.0,"","","","",0.0,0.0
14/03/2022,Faktur Pembelian,JL.2203.03475,CANDRA (BLESSING),Lunas,"",2822999.999998,0.0,28/03/2022,2822999.999998,0.0,2822999.999998,"","","","",RAHMAT,"",RIBBON CATRIDGE EPSON PLQ 20,"","",6.0,PCS,157333.333333,0.00 %,"",0.0,943999.999998,943999.999998,0.0,"",0.0,0.0,"","","","",0.0,0.0
14/03/2022,Faktur Pembelian,JL.2203.03475,CANDRA (BLESSING),Lunas,"",2822999.999998,0.0,28/03/2022,2822999.999998,0.0,2822999.999998,"","","","",RAHMAT,"",USB TO ETHERNET ADAPTER (USB LAN),"","",5.0,PCS,31000.0,0.00 %,"",0.0,155000.0,155000.0,0.0,"",0.0,0.0,"","","","",0.0,0.0
14/03/2022,Faktur Pembelian,JL.2203.03475,CANDRA (BLESSING),Lunas,"",2822999.999998,0.0,28/03/2022,2822999.999998,0.0,2822999.999998,"","","","",RAHMAT,"",HDD WD PURPLE 4TB,"","",1.0,PCS,1320000.0,0.00 %,"",0.0,1320000.0,1320000.0,0.0,"",0.0,0.0,"","","","",0.0,0.0
14/03/2022,Faktur Pembelian,JL.2203.03859,CANDRA (BLESSING),Lunas,"",20790000.0,0.0,28/03/2022,20790000.0,0.0,20790000.0,"","","","",ARIES,"",AIO LENOVO IDEACENTRE 3 24IMB05 CI5-10400T 2X 4GB 512GB SSD,"","",2.0,UNIT,10395000.0,0.00 %,"",0.0,20790000.0,20790000.0,0.0,"",0.0,0.0,"","","","",0.0,0.0
14/03/2022,Faktur Pembelian,JL.2203.03856,CANDRA (BLESSING),Lunas,"",10610000.0,0.0,28/03/2022,10610000.0,0.0,10610000.0,"","","","",ARIES,"",ASUS A416EPO - FHD551 CI5-1135G7 8GB 512GB SSD MX 330 2GB,"","",1.0,UNIT,10610000.0,0.00 %,"",0.0,10610000.0,10610000.0,0.0,"",0.0,0.0,"","","","",0.0,0.0
14/03/2022,Faktur Pembelian,JL00146999,WULAN (DISCOUNT NOTEBOOK),Lunas,"",552000.0,0.0,13/04/2022,552000.0,0.0,552000.0,"","","JL. SOEKARNO HATTA RT. 012  RW. 004 PANE, RASANAE BARAT","","","",KEYBOARD LAPTOP ASUS X453M / X451 (BLACK),"","",10.0,PCS,55000.0,0.00 %,"",0.0,550000.0,550000.0,0.0,"",2000.0,0.0,"","","","",0.0,0.0
14/03/2022,Faktur Pembelian,FK 7821,BETA COM,Lunas,"",43776000.0,0.0,21/03/2022,43776000.0,0.0,43776000.0,"","","","","","",CATRIDGE CANON 810 BLACK,"","",96.0,PCS,201000.0,0.00 %,"",0.0,19296000.0,19296000.0,0.0,"",0.0,0.0,"","","","",0.0,0.0
14/03/2022,Faktur Pembelian,FK 7821,BETA COM,Lunas,"",43776000.0,0.0,21/03/2022,43776000.0,0.0,43776000.0,"","","","","","",CATRIDGE CANON 811 COLOUR,"","",96.0,PCS,255000.0,0.00 %,"",0.0,24480000.0,24480000.0,0.0,"",0.0,0.0,"","","","",0.0,0.0
14/03/2022,Faktur Pembelian,FK 7835,BETA COM,Lunas,"",14130000.0,0.0,21/03/2022,14130000.0,0.0,14130000.0,"","","","","","",PRINTER CANON G2010,"","",2.0,UNIT,1800000.0,0.00 %,"",0.0,3600000.0,3600000.0,0.0,"",0.0,0.0,"","","","",0.0,0.0
14/03/2022,Faktur Pembelian,FK 7835,BETA COM,Lunas,"",14130000.0,0.0,21/03/2022,14130000.0,0.0,14130000.0,"","","","","","",PRINTER CANON G2020 PSC,"","",3.0,UNIT,1910000.0,0.00 %,"",0.0,5730000.0,5730000.0,0.0,"",0.0,0.0,"","","","",0.0,0.0
14/03/2022,Faktur Pembelian,FK 7835,BETA COM,Lunas,"",14130000.0,0.0,21/03/2022,14130000.0,0.0,14130000.0,"","","","","","",PRINTER CANON G1020,"","",3.0,UNIT,1600000.0,0.00 %,"",0.0,4800000.0,4800000.0,0.0,"",0.0,0.0,"","","","",0.0,0.0
14/03/2022,Faktur Pembelian,13045,EDO VGEN,Lunas,"",8550000.0,0.0,28/03/2022,8550000.0,0.0,8550000.0,"","","","","","",FD V-GEN 8GB,"","",100.0,PCS,41500.0,0.00 %,"",0.0,4150000.0,4150000.0,0.0,"",0.0,0.0,"","","","",0.0,0.0
14/03/2022,Faktur Pembelian,13045,EDO VGEN,Lunas,"",8550000.0,0.0,28/03/2022,8550000.0,0.0,8550000.0,"","","","","","",FD V-GEN 16GB,"","",100.0,PCS,44000.0,0.00 %,"",0.0,4400000.0,4400000.0,0.0,"",0.0,0.0,"","","","",0.0,0.0
14/03/2022,Faktur Pembelian,00605442_036,PRIYO (K GALAXY),Lunas,"",4900000.0,0.0,13/04/2022,4900000.0,0.0,4900000.0,"","","","","","",CASING CPU MAGIX GAMING SERIES,"","",20.0,PCS,245000.0,0.00 %,"",0.0,4900000.0,4900000.0,0.0,"",0.0,0.0,"","","","",0.0,0.0
15/03/2022,Faktur Pembelian,13033,LEON PT TUJUH ANUGRAH ABADI,Lunas,CANON SUDAH,11940000.0,0.0,14/04/2022,11940000.0,0.0,11940000.0,"","","","","","",TINTA CANON ORI 790 BLACK,"","",30.0,PCS,107000.0,0.00 %,"",0.0,3210000.0,3210000.0,0.0,"",0.0,0.0,"","","","",0.0,0.0
15/03/2022,Faktur Pembelian,13033,LEON PT TUJUH ANUGRAH ABADI,Lunas,CANON SUDAH,11940000.0,0.0,14/04/2022,11940000.0,0.0,11940000.0,"","","","","","",TINTA CANON ORI 790 MAGENTA,"","",30.0,PCS,97000.0,0.00 %,"",0.0,2910000.0,2910000.0,0.0,"",0.0,0.0,"","","","",0.0,0.0
15/03/2022,Faktur Pembelian,13033,LEON PT TUJUH ANUGRAH ABADI,Lunas,CANON SUDAH,11940000.0,0.0,14/04/2022,11940000.0,0.0,11940000.0,"","","","","","",TINTA CANON ORI 790 YELLOW,"","",30.0,PCS,97000.0,0.00 %,"",0.0,2910000.0,2910000.0,0.0,"",0.0,0.0,"","","","",0.0,0.0
15/03/2022,Faktur Pembelian,13033,LEON PT TUJUH ANUGRAH ABADI,Lunas,CANON SUDAH,11940000.0,0.0,14/04/2022,11940000.0,0.0,11940000.0,"","","","","","",TINTA CANON ORI 790 CYAN,"","",30.0,PCS,97000.0,0.00 %,"",0.0,2910000.0,2910000.0,0.0,"",0.0,0.0,"","","","",0.0,0.0
15/03/2022,Faktur Pembelian,JL.2203.04322,CANDRA (BLESSING),Lunas,"",11250000.0,0.0,29/03/2022,10227272.727273,1022727.272727,11250000.0,"","","","",CV TIGA NUSA,"","* AXIOO MYBOOK 14E INTEL N4000 4GB 256GB SSD 14""","","",3.0,UNIT,3409090.909091,0.00 %,10.0,1022727.2727273,10227272.727273,10227272.727273,0.0,"",0.0,0.0,"","","","",0.0,0.0
15/03/2022,Faktur Pembelian,13034,FIKTIF BELI,Lunas,"",1560000.0,0.0,14/04/2022,1560000.0,0.0,1560000.0,"","","","","","",FD GLIDE SDCZ600 16GB 3.0,"","",30.0,PCS,52000.0,0.00 %,"",0.0,1560000.0,1560000.0,0.0,"",0.0,0.0,"","","","",0.0,0.0
15/03/2022,Faktur Pembelian,13035,FIKTIF BELI,Lunas,"",500000.0,0.0,14/04/2022,500000.0,0.0,500000.0,"","","","","","",BINDER CLIP NO. 155,"","",50.0,KOTAK,10000.0,0.00 %,"",0.0,500000.0,500000.0,0.0,"",0.0,0.0,"","","","",0.0,0.0
15/03/2022,Faktur Pembelian,JL.2203.04426,CANDRA (BLESSING),Lunas,"",1980000.0,0.0,29/03/2022,1800000.0,180000.0,1980000.0,"","","","",CV TIGA NUSA,"",* PRINTER EPSON M1100,"","",1.0,UNIT,1800000.0,0.00 %,10.0,180000.0,1800000.0,1800000.0,0.0,"",0.0,0.0,"","","","",0.0,0.0
15/03/2022,Faktur Pembelian,JL00147181,WULAN (DISCOUNT NOTEBOOK),Lunas,"",467000.0,467000.0,14/04/2022,467000.0,0.0,0.0,"","","JL. SOEKARNO HATTA RT. 012  RW. 004 PANE, RASANAE BARAT","","","",BATERAI TOSHIBA C640 OR (PA3817U),"","",1.0,PCS,205000.0,0.00 %,"",0.0,205000.0,205000.0,0.0,"",2000.0,0.0,"","","","",0.0,0.0
15/03/2022,Faktur Pembelian,JL00147181,WULAN (DISCOUNT NOTEBOOK),Lunas,"",467000.0,467000.0,14/04/2022,467000.0,0.0,0.0,"","","JL. SOEKARNO HATTA RT. 012  RW. 004 PANE, RASANAE BARAT","","","",KEYBOARD ACER E5 475,"","",4.0,PCS,65000.0,0.00 %,"",0.0,260000.0,260000.0,0.0,"",2000.0,0.0,"","","","",0.0,0.0
15/03/2022,Faktur Pembelian,000926,LILI (PLATINUM),Lunas,"",6520000.0,6520000.0,14/04/2022,6520000.0,0.0,0.0,"","","","","","",LCD LAPTOP 14 TIPIS 30 PIN,"","",6.0,PCS,940000.0,0.00 %,"",0.0,5640000.0,5640000.0,0.0,"",0.0,0.0,"","","","",0.0,0.0
15/03/2022,Faktur Pembelian,000926,LILI (PLATINUM),Lunas,"",6520000.0,6520000.0,14/04/2022,6520000.0,0.0,0.0,"","","","","","",KEYBOARD ACER A314-22 RYZEN,"","",4.0,PCS,220000.0,0.00 %,"",0.0,880000.0,880000.0,0.0,"",0.0,0.0,"","","","",0.0,0.0
15/03/2022,Faktur Pembelian,JL5522030536,YULI (HP CENTRE),Lunas,"",5065000.0,5065000.0,14/04/2022,5065000.0,0.0,0.0,"","","","",RAHMAT,"",BLUEPRINT CASH DRAWER 405X420X98/112MM,"","",2.0,UNIT,413000.0,0.00 %,"",0.0,826000.0,826000.0,0.0,"",0.0,0.0,"","","","",0.0,0.0
15/03/2022,Faktur Pembelian,JL5522030536,YULI (HP CENTRE),Lunas,"",5065000.0,5065000.0,14/04/2022,5065000.0,0.0,0.0,"","","","",RAHMAT,"",BLUEPRINT SCANNER BARCODE OMNI,"","",3.0,PCS,620000.0,0.00 %,"",0.0,1860000.0,1860000.0,0.0,"",0.0,0.0,"","","","",0.0,0.0
15/03/2022,Faktur Pembelian,JL5522030536,YULI (HP CENTRE),Lunas,"",5065000.0,5065000.0,14/04/2022,5065000.0,0.0,0.0,"","","","",RAHMAT,"",BLUEPRINT PRINTER LITE DEKSTOP USB - LITE80L,"","",3.0,UNIT,793000.0,0.00 %,"",0.0,2379000.0,2379000.0,0.0,"",0.0,0.0,"","","","",0.0,0.0
15/03/2022,Faktur Pembelian,000921,LILI (PLATINUM),Lunas,"",3570000.0,3570000.0,14/04/2022,3570000.0,0.0,0.0,"","","","","","",KEYBOARD MINI BANDA / MURAGO,"","",60.0,PCS,40000.0,0.00 %,"",0.0,2400000.0,2400000.0,0.0,"",0.0,0.0,"","","","",0.0,0.0
15/03/2022,Faktur Pembelian,000921,LILI (PLATINUM),Lunas,"",3570000.0,3570000.0,14/04/2022,3570000.0,0.0,0.0,"","","","","","",KABEL HDMI 20 METER,"","",5.0,PCS,130000.0,0.00 %,"",0.0,650000.0,650000.0,0.0,"",0.0,0.0,"","","","",0.0,0.0
15/03/2022,Faktur Pembelian,000921,LILI (PLATINUM),Lunas,"",3570000.0,3570000.0,14/04/2022,3570000.0,0.0,0.0,"","","","","","",HDMI SPLITER 4 PORT GAINTECH / SANURPRO,"","",2.0,PCS,260000.0,0.00 %,"",0.0,520000.0,520000.0,0.0,"",0.0,0.0,"","","","",0.0,0.0
15/03/2022,Faktur Pembelian,000924,LILI (PLATINUM),Lunas,"",15680000.0,15680000.0,14/04/2022,15680000.0,0.0,0.0,"","","","","","",CCTV DVR DAHUA 8CH XVR1A08,"","",20.0,UNIT,595000.0,0.00 %,"",0.0,11900000.0,11900000.0,0.0,"",0.0,0.0,"","","","",0.0,0.0
15/03/2022,Faktur Pembelian,000924,LILI (PLATINUM),Lunas,"",15680000.0,15680000.0,14/04/2022,15680000.0,0.0,0.0,"","","","","","",PSU CCTV SN 120 20A (JARING),"","",36.0,PCS,105000.0,0.00 %,"",0.0,3780000.0,3780000.0,0.0,"",0.0,0.0,"","","","",0.0,0.0
15/03/2022,Faktur Pembelian,JL202200001520,EDISON ATK,Lunas,"",2327500.0,2327500.0,14/05/2022,2327500.0,0.0,0.0,"","","","","","",PAPER KLIP NO 5,"","",400.0,KOTAK,2612.5,0.00 %,"",0.0,1045000.0,1045000.0,0.0,"",0.0,0.0,"","","","",0.0,0.0
15/03/2022,Faktur Pembelian,JL202200001520,EDISON ATK,Lunas,"",2327500.0,2327500.0,14/05/2022,2327500.0,0.0,0.0,"","","","","","",PAPER KLIP NO 3,"","",1000.0,KOTAK,1282.5,0.00 %,"",0.0,1282500.0,1282500.0,0.0,"",0.0,0.0,"","","","",0.0,0.0
15/03/2022,Faktur Pembelian,000923,LILI (PLATINUM),Lunas,"",7800000.0,7800000.0,14/04/2022,7800000.0,0.0,0.0,"","","","","","",KEYBOARD MINI BANDA / MURAGO,"","",90.0,PCS,40000.0,0.00 %,"",0.0,3600000.0,3600000.0,0.0,"",0.0,0.0,"","","","",0.0,0.0
15/03/2022,Faktur Pembelian,000923,LILI (PLATINUM),Lunas,"",7800000.0,7800000.0,14/04/2022,7800000.0,0.0,0.0,"","","","","","",COOLINGPAD KEPITING,"","",200.0,PCS,21000.0,0.00 %,"",0.0,4200000.0,4200000.0,0.0,"",0.0,0.0,"","","","",0.0,0.0
15/03/2022,Faktur Pembelian,203-364,SADHA JAYA COMPUTAMA,Lunas,"",750000.0,0.0,14/04/2022,750000.0,0.0,750000.0,"","","","","","",CATRIDGE TONER BROTHER L2540 DW,"","",3.0,PCS,250000.0,0.00 %,"",0.0,750000.0,750000.0,0.0,"",0.0,0.0,"","","","",0.0,0.0
15/03/2022,Faktur Pembelian,0117/JL/UTM/0322,KO AMIN PIGURA,Lunas,"",3852500.0,3852500.0,14/04/2022,3852500.0,0.0,0.0,"","","JL. SOEKARNO HATTA RT. 012  RW. 004 PANE, RASANAE BARAT","","","",BINGKAI FOTO 20X30 (10R JUMBO),"","",44.0,PCS,20000.0,0.00 %,"",0.0,880000.0,880000.0,0.0,"",120000.0,0.0,"","","","",0.0,0.0
15/03/2022,Faktur Pembelian,0117/JL/UTM/0322,KO AMIN PIGURA,Lunas,"",3852500.0,3852500.0,14/04/2022,3852500.0,0.0,0.0,"","","JL. SOEKARNO HATTA RT. 012  RW. 004 PANE, RASANAE BARAT","","","",BINGKAI FOTO 20X30 (10R JUMBO),"","",44.0,PCS,17500.0,0.00 %,"",0.0,770000.0,770000.0,0.0,"",120000.0,0.0,"","","","",0.0,0.0
15/03/2022,Faktur Pembelian,0117/JL/UTM/0322,KO AMIN PIGURA,Lunas,"",3852500.0,3852500.0,14/04/2022,3852500.0,0.0,0.0,"","","JL. SOEKARNO HATTA RT. 012  RW. 004 PANE, RASANAE BARAT","","","",BINGKAI FOTO 20X30 (10R JUMBO),"","",44.0,PCS,17500.0,0.00 %,"",0.0,770000.0,770000.0,0.0,"",120000.0,0.0,"","","","",0.0,0.0
15/03/2022,Faktur Pembelian,0117/JL/UTM/0322,KO AMIN PIGURA,Lunas,"",3852500.0,3852500.0,14/04/2022,3852500.0,0.0,0.0,"","","JL. SOEKARNO HATTA RT. 012  RW. 004 PANE, RASANAE BARAT","","","",BINGKAI FOTO 20X30 (10R JUMBO),"","",50.0,PCS,17500.0,0.00 %,"",0.0,875000.0,875000.0,0.0,"",120000.0,0.0,"","","","",0.0,0.0
15/03/2022,Faktur Pembelian,0117/JL/UTM/0322,KO AMIN PIGURA,Lunas,"",3852500.0,3852500.0,14/04/2022,3852500.0,0.0,0.0,"","","JL. SOEKARNO HATTA RT. 012  RW. 004 PANE, RASANAE BARAT","","","",BINGKAI FOTO 20X30 (10R JUMBO),"","",25.0,PCS,17500.0,0.00 %,"",0.0,437500.0,437500.0,0.0,"",120000.0,0.0,"","","","",0.0,0.0
16/03/2022,Faktur Pembelian,13036,CANON BALI,Lunas,"",855000.0,0.0,15/04/2022,855000.0,0.0,855000.0,"","","","","","",ADAPTOR PRINTER CANON G SERIES,"","",3.0,PCS,285000.0,0.00 %,"",0.0,855000.0,855000.0,0.0,"",0.0,0.0,"","","","",0.0,0.0
16/03/2022,Faktur Pembelian,13037,DARMA DJ COMP,Lunas,"",11200000.0,0.0,15/04/2022,11200000.0,0.0,11200000.0,"","","","","","",AIO ASUS V222GAK-WA141T Intel J4025 / 4GB / HDD 1TB,"","",2.0,UNIT,5600000.0,0.00 %,"",0.0,11200000.0,11200000.0,0.0,"",0.0,0.0,"","","",087876835295,0.0,0.0
16/03/2022,Faktur Pembelian,13038,ONLINE,Lunas,"",1050000.0,0.0,15/04/2022,1050000.0,0.0,1050000.0,"","","","","","",MB CANON 287,"","",5.0,PCS,210000.0,0.00 %,"",0.0,1050000.0,1050000.0,0.0,"",0.0,0.0,"","","","",0.0,0.0
16/03/2022,Faktur Pembelian,13039,FIKTIF BELI,Lunas,"",710000.0001,0.0,15/04/2022,710000.0001,0.0,710000.0001,"","","","","","",KABEL CCTV PERMETER,"","",300.0,METER,2366.666667,0.00 %,"",0.0,710000.0001,710000.0001,0.0,"",0.0,0.0,"","","","",0.0,0.0
16/03/2022,Faktur Pembelian,13040,DARMA DJ COMP,Lunas,"",28350000.0,0.0,15/04/2022,28350000.0,0.0,28350000.0,"","","","","","",ACER A314-35-C2T9 N5100 4GB 256GB SSD #,"","",6.0,UNIT,4725000.0,0.00 %,"",0.0,28350000.0,28350000.0,0.0,"",0.0,0.0,"","","",087876835295,0.0,0.0
16/03/2022,Faktur Pembelian,JL.2203.04807,CANDRA (BLESSING),Lunas,"",333000.0,0.0,30/03/2022,333000.0,0.0,333000.0,"","","","",AGUS,"",LAN CARD TPLINK TG-3468 (MINI PCI),"","",3.0,PCS,111000.0,0.00 %,"",0.0,333000.0,333000.0,0.0,"",0.0,0.0,"","","","",0.0,0.0
16/03/2022,Faktur Pembelian,JL.2203.04806,CANDRA (BLESSING),Lunas,CANON SUDAH,9666000.0,0.0,30/03/2022,9666000.0,0.0,9666000.0,"","","","",AGUS,"",VGA MSI GT 1030 AERO ITX 2GB OC,"","",1.0,PCS,1385000.0,0.00 %,"",0.0,1385000.0,1385000.0,0.0,"",0.0,0.0,"","","","",0.0,0.0
16/03/2022,Faktur Pembelian,JL.2203.04806,CANDRA (BLESSING),Lunas,CANON SUDAH,9666000.0,0.0,30/03/2022,9666000.0,0.0,9666000.0,"","","","",AGUS,"",PRINTER CANON G2010,"","",1.0,UNIT,1865000.0,0.00 %,"",0.0,1865000.0,1865000.0,0.0,"",0.0,0.0,"","","","",0.0,0.0
16/03/2022,Faktur Pembelian,JL.2203.04806,CANDRA (BLESSING),Lunas,CANON SUDAH,9666000.0,0.0,30/03/2022,9666000.0,0.0,9666000.0,"","","","",AGUS,"",PRINTER CANON G1010,"","",1.0,UNIT,1415000.0,0.00 %,"",0.0,1415000.0,1415000.0,0.0,"",0.0,0.0,"","","","",0.0,0.0
16/03/2022,Faktur Pembelian,JL.2203.04806,CANDRA (BLESSING),Lunas,CANON SUDAH,9666000.0,0.0,30/03/2022,9666000.0,0.0,9666000.0,"","","","",AGUS,"",RAM PC TEAM ELITE DDR3 8GB PC 1600,"","",4.0,PCS,495000.0,0.00 %,"",0.0,1980000.0,1980000.0,0.0,"",0.0,0.0,"","","","",0.0,0.0
16/03/2022,Faktur Pembelian,JL.2203.04806,CANDRA (BLESSING),Lunas,CANON SUDAH,9666000.0,0.0,30/03/2022,9666000.0,0.0,9666000.0,"","","","",AGUS,"","MONITOR LED LENOVO 18,5 D19-10 VGA HDMI","","",1.0,UNIT,1345000.0,0.00 %,"",0.0,1345000.0,1345000.0,0.0,"",0.0,0.0,"","","","",0.0,0.0
16/03/2022,Faktur Pembelian,JL.2203.04806,CANDRA (BLESSING),Lunas,CANON SUDAH,9666000.0,0.0,30/03/2022,9666000.0,0.0,9666000.0,"","","","",AGUS,"",LAN CARD TPLINK TG-3468 (MINI PCI),"","",1.0,PCS,111000.0,0.00 %,"",0.0,111000.0,111000.0,0.0,"",0.0,0.0,"","","","",0.0,0.0
16/03/2022,Faktur Pembelian,JL.2203.04806,CANDRA (BLESSING),Lunas,CANON SUDAH,9666000.0,0.0,30/03/2022,9666000.0,0.0,9666000.0,"","","","",AGUS,"",PSU TT LITEPOWER 550,"","",2.0,PCS,570000.0,0.00 %,"",0.0,1140000.0,1140000.0,0.0,"",0.0,0.0,"","","","",0.0,0.0
16/03/2022,Faktur Pembelian,JL.2203.04806,CANDRA (BLESSING),Lunas,CANON SUDAH,9666000.0,0.0,30/03/2022,9666000.0,0.0,9666000.0,"","","","",AGUS,"",CASING PARADOX GAMING HEATH,"","",1.0,PCS,425000.0,0.00 %,"",0.0,425000.0,425000.0,0.0,"",0.0,0.0,"","","","",0.0,0.0
16/03/2022,Faktur Pembelian,13041,ANDY (JMK),Lunas,"",2625000.0,0.0,15/04/2022,2625000.0,0.0,2625000.0,"","","","","","",PRINTER CANON PIXMA IP 2770,"","",3.0,UNIT,875000.0,0.00 %,"",0.0,2625000.0,2625000.0,0.0,"",0.0,0.0,"","","","",0.0,0.0
16/03/2022,Faktur Pembelian,13042,DARMA DJ COMP,Lunas,"",11200000.0,0.0,15/04/2022,11200000.0,0.0,11200000.0,"","","","","","",AIO ASUS V222GAK-WA141T Intel J4025 / 4GB / HDD 1TB,"","",2.0,UNIT,5600000.0,0.00 %,"",0.0,11200000.0,11200000.0,0.0,"",0.0,0.0,"","","",087876835295,0.0,0.0
16/03/2022,Faktur Pembelian,JL.2203.04926,CANDRA (BLESSING),Lunas,"",12600000.000001,0.0,30/03/2022,11454545.454546,1145454.545455,12600000.000001,"","","","",CV TIGA NUSA,"","* ASUS A416FA-FHD CI3-10110U  4GB 256GB SSD 14"" #","","",2.0,UNIT,5727272.727273,0.00 %,10.0,1145454.5454546,11454545.454546,11454545.454546,0.0,"",0.0,0.0,"","","","",0.0,0.0
16/03/2022,Faktur Pembelian,13043,PT. ANGKASA CERAH JAYA,Lunas,"",16750000.0,0.0,15/04/2022,15227272.727273,1522727.272727,16750000.0,"",SURABAYA,"","",CV TIGA NUSA,"","* AIO ASUS V241EPT 23.8"" INTEL I7 -1165G7 / NVIDIA MX 330 2GB / 16GB DDR 4 / 1TB HDD + 256GB SSD","","",1.0,UNIT,15227272.727273,0.00 %,10.0,1522727.2727273,15227272.727273,15227272.727273,0.0,"",0.0,0.0,PT. ANGKASA CERAH JAYA,"",0815 5395 1313,"",0.0,0.0
16/03/2022,Faktur Pembelian,13044,CANON BALI,Lunas,"",910800.0,910800.0,15/04/2022,910800.0,0.0,0.0,"","","","","","",AUTO SHEET FEEDER FOR G,"","",4.0,PCS,227700.0,0.00 %,"",0.0,910800.0,910800.0,0.0,"",0.0,0.0,"","","","",0.0,0.0
16/03/2022,Faktur Pembelian,000918,LILI (PLATINUM),Lunas,"",4715000.0,4715000.0,15/04/2022,4715000.0,0.0,0.0,"","","","","","",MOUSE BRANDED,"","",230.0,PCS,20500.0,0.00 %,"",0.0,4715000.0,4715000.0,0.0,"",0.0,0.0,"","","","",0.0,0.0
16/03/2022,Faktur Pembelian,JL00147275,WULAN (DISCOUNT NOTEBOOK),Lunas,"",379000.0,379000.0,15/04/2022,379000.0,0.0,0.0,"","","JL. SOEKARNO HATTA RT. 012  RW. 004 PANE, RASANAE BARAT","","","",KEYBOARD ACER Z1401,"","",5.0,PCS,70000.0,0.00 %,"",0.0,350000.0,350000.0,0.0,"",29000.0,0.0,"","","","",0.0,0.0
16/03/2022,Faktur Pembelian,13082,PAK GEDE BALI,Lunas,"",2428000.0,0.0,15/04/2022,2428000.0,0.0,2428000.0,"","","JL. SOEKARNO HATTA RT. 012  RW. 004 PANE, RASANAE BARAT","","","",BINGKAI FOTO 20X30 (10R JUMBO),"","",144.0,PCS,16500.0,0.00 %,"",0.0,2376000.0,2376000.0,0.0,"",52000.0,0.0,"","","","",0.0,0.0
17/03/2022,Faktur Pembelian,000928,LILI (PLATINUM),Lunas,"",6660000.0,6660000.0,16/04/2022,6660000.0,0.0,0.0,"","","","","","",CONVERTER HDMI TO VGA (KABEL),"","",40.0,PCS,26000.0,0.00 %,"",0.0,1040000.0,1040000.0,0.0,"",0.0,0.0,"","","","",0.0,0.0
17/03/2022,Faktur Pembelian,000928,LILI (PLATINUM),Lunas,"",6660000.0,6660000.0,16/04/2022,6660000.0,0.0,0.0,"","","","","","",BATERAI LAPTOP ACER Z1402,"","",1.0,PCS,290000.0,0.00 %,"",0.0,290000.0,290000.0,0.0,"",0.0,0.0,"","","","",0.0,0.0
17/03/2022,Faktur Pembelian,000928,LILI (PLATINUM),Lunas,"",6660000.0,6660000.0,16/04/2022,6660000.0,0.0,0.0,"","","","","","",BATERAI ACER ES1 432 AS16A8K / AS16A5K,"","",3.0,PCS,310000.0,0.00 %,"",0.0,930000.0,930000.0,0.0,"",0.0,0.0,"","","","",0.0,0.0
17/03/2022,Faktur Pembelian,000928,LILI (PLATINUM),Lunas,"",6660000.0,6660000.0,16/04/2022,6660000.0,0.0,0.0,"","","","","","",HEADSET REXUS VONIX F27,"","",40.0,PCS,110000.0,0.00 %,"",0.0,4400000.0,4400000.0,0.0,"",0.0,0.0,"","","","",0.0,0.0
17/03/2022,Faktur Pembelian,13048,FIKTIF BELI,Lunas,"",46000.0,0.0,16/04/2022,46000.0,0.0,46000.0,"","","","","","",CARD READER REXUS RXC-208 Alumunium - 6 slot,"","",1.0,PCS,46000.0,0.00 %,"",0.0,46000.0,46000.0,0.0,"",0.0,0.0,"","","","",0.0,0.0
17/03/2022,Faktur Pembelian,13049,FOCUS,Lunas,"",135492.0,0.0,16/04/2022,135492.0,0.0,135492.0,"","","","","","",TINTA STEMPEL YAMURA,"","",12.0,PCS,4791.0,0.00 %,"",0.0,57492.0,57492.0,0.0,"",0.0,0.0,"","","","",0.0,0.0
17/03/2022,Faktur Pembelian,13049,FOCUS,Lunas,"",135492.0,0.0,16/04/2022,135492.0,0.0,135492.0,"","","","","","",BANTAL STEMPEL,"","",12.0,PCS,6500.0,0.00 %,"",0.0,78000.0,78000.0,0.0,"",0.0,0.0,"","","","",0.0,0.0
17/03/2022,Faktur Pembelian,13050,TATIK (LEGENDA),Lunas,"",13230000.0,0.0,16/04/2022,13230000.0,0.0,13230000.0,"","","","","","",TINTA EPSON 664 MAGENTA,"","",60.0,PCS,73500.0,0.00 %,"",0.0,4410000.0,4410000.0,0.0,"",0.0,0.0,"","","","",0.0,0.0
17/03/2022,Faktur Pembelian,13050,TATIK (LEGENDA),Lunas,"",13230000.0,0.0,16/04/2022,13230000.0,0.0,13230000.0,"","","","","","",TINTA EPSON 664 BLACK,"","",120.0,PCS,73500.0,0.00 %,"",0.0,8820000.0,8820000.0,0.0,"",0.0,0.0,"","","","",0.0,0.0
17/03/2022,Faktur Pembelian,13051,DWI DSC PAK BAMBANG CANON,Lunas,"",7800000.0,0.0,16/04/2022,7800000.0,0.0,7800000.0,"","","","","","",PRINTER CANON PIXMA IP 2770,"","",10.0,UNIT,780000.0,0.00 %,"",0.0,7800000.0,7800000.0,0.0,"",0.0,0.0,"","","","",0.0,0.0
17/03/2022,Faktur Pembelian,JL.2203.05193,CANDRA (BLESSING),Lunas,"",2840000.0,0.0,31/03/2022,2840000.0,0.0,2840000.0,"","","","",RAHMAT,"",KABEL CCTV RG 59 + POWER SPECTRA,"","",4.0,DUS,710000.0,0.00 %,"",0.0,2840000.0,2840000.0,0.0,"",0.0,0.0,"","","","",0.0,0.0
17/03/2022,Faktur Pembelian,JL.2203.05149,CANDRA (BLESSING),Lunas,"",1780000.0,0.0,31/03/2022,1780000.0,0.0,1780000.0,"","","","",RAHMAT,"",SODIMM KINGSTONE DDR4 4GB KG,"","",2.0,PCS,325000.0,0.00 %,"",0.0,650000.0,650000.0,0.0,"",0.0,0.0,"","","","",0.0,0.0
17/03/2022,Faktur Pembelian,JL.2203.05149,CANDRA (BLESSING),Lunas,"",1780000.0,0.0,31/03/2022,1780000.0,0.0,1780000.0,"","","","",RAHMAT,"",SSD LEXAR 256GB NM620 M.2 2280 NVME PCI GEN3X4,"","",2.0,PCS,565000.0,0.00 %,"",0.0,1130000.0,1130000.0,0.0,"",0.0,0.0,"","","","",0.0,0.0
17/03/2022,Faktur Pembelian,JL.2203.05102,CANDRA (BLESSING),Lunas,"",26225000.0,0.0,31/03/2022,26225000.0,0.0,26225000.0,"","","","",RAHMAT,"",SODIMM CORSAIR DDR 3L 4GB,"","",1.0,PCS,395000.0,0.00 %,"",0.0,395000.0,395000.0,0.0,"",0.0,0.0,"","","","",0.0,0.0
17/03/2022,Faktur Pembelian,JL.2203.05102,CANDRA (BLESSING),Lunas,"",26225000.0,0.0,31/03/2022,26225000.0,0.0,26225000.0,"","","","",RAHMAT,"","HP 14S INTEL N4120 4GB 256GB SSD WIN 11 14"" NW","","",2.0,UNIT,4820000.0,0.00 %,"",0.0,9640000.0,9640000.0,0.0,"",0.0,0.0,"","","","",0.0,0.0
17/03/2022,Faktur Pembelian,JL.2203.05102,CANDRA (BLESSING),Lunas,"",26225000.0,0.0,31/03/2022,26225000.0,0.0,26225000.0,"","","","",RAHMAT,"","LENOVO V14 AMD 3020E 8GB SSD 256GB 14"" #","","",2.0,UNIT,4945000.0,0.00 %,"",0.0,9890000.0,9890000.0,0.0,"",0.0,0.0,"","","","",0.0,0.0
17/03/2022,Faktur Pembelian,JL.2203.05102,CANDRA (BLESSING),Lunas,"",26225000.0,0.0,31/03/2022,26225000.0,0.0,26225000.0,"","","","",RAHMAT,"",ASUS A416FA CI3-10110U 4GB 256GB SSD NW,"","",1.0,UNIT,6300000.0,0.00 %,"",0.0,6300000.0,6300000.0,0.0,"",0.0,0.0,"","","","",0.0,0.0
17/03/2022,Faktur Pembelian,13052,TATIK (LEGENDA),Lunas,"",4410000.0,0.0,16/04/2022,4410000.0,0.0,4410000.0,"","","","","","",TINTA EPSON 664 BLACK,"","",60.0,PCS,73500.0,0.00 %,"",0.0,4410000.0,4410000.0,0.0,"",0.0,0.0,"","","","",0.0,0.0
17/03/2022,Faktur Pembelian,13053,ABSOLUTE BROTHER,Lunas,"",5900000.0,0.0,16/04/2022,5900000.0,0.0,5900000.0,"","","","","","",BROTHER DCP L2540 DW,"","",2.0,PCS,2950000.0,0.00 %,"",0.0,5900000.0,5900000.0,0.0,"",0.0,0.0,"","","","",0.0,0.0
17/03/2022,Faktur Pembelian,00605767_036,PRIYO (K GALAXY),Lunas,"",6947500.0,6947500.0,16/04/2022,6947500.0,0.0,0.0,"","","","","","",RAM PC KINGSTONE DDR3 4GB,"","",10.0,PCS,175000.0,0.00 %,"",0.0,1750000.0,1750000.0,0.0,"",0.0,0.0,"","","","",0.0,0.0
17/03/2022,Faktur Pembelian,00605767_036,PRIYO (K GALAXY),Lunas,"",6947500.0,6947500.0,16/04/2022,6947500.0,0.0,0.0,"","","","","","",MB ASUS H81M - K,"","",2.0,PCS,1120000.0,0.00 %,"",0.0,2240000.0,2240000.0,0.0,"",0.0,0.0,"","","","",0.0,0.0
17/03/2022,Faktur Pembelian,00605767_036,PRIYO (K GALAXY),Lunas,"",6947500.0,6947500.0,16/04/2022,6947500.0,0.0,0.0,"","","","","","",PROCESSOR  INTEL I5 - GEN 4,"","",3.0,PCS,805000.0,0.00 %,"",0.0,2415000.0,2415000.0,0.0,"",0.0,0.0,"","","","",0.0,0.0
17/03/2022,Faktur Pembelian,00605767_036,PRIYO (K GALAXY),Lunas,"",6947500.0,6947500.0,16/04/2022,6947500.0,0.0,0.0,"","","","","","",MB MAGIX H61,"","",1.0,PCS,542500.0,0.00 %,"",0.0,542500.0,542500.0,0.0,"",0.0,0.0,"","","","",0.0,0.0
17/03/2022,Faktur Pembelian,FK 7904,BETA COM,Lunas,"",4050000.0,0.0,24/03/2022,4050000.0,0.0,4050000.0,"","","","","","",PRINTER CANON PIXMA IP 2770,"","",5.0,UNIT,810000.0,0.00 %,"",0.0,4050000.0,4050000.0,0.0,"",0.0,0.0,"","","","",0.0,0.0
17/03/2022,Faktur Pembelian,203-393,SADHA JAYA COMPUTAMA,Lunas,CANON SUDAH,4575000.0,4575000.0,16/04/2022,4575000.0,0.0,0.0,"","","","","","",PRINTER CANON LASERJET LBP 6030,"","",3.0,UNIT,1525000.0,0.00 %,"",0.0,4575000.0,4575000.0,0.0,"",0.0,0.0,"","","","",0.0,0.0
17/03/2022,Faktur Pembelian,NJL-EX1/170322/002,PT. INDO WARNA MULIA ( ALFA INK ),Lunas,"",21630000.0,21630000.0,16/05/2022,21630000.0,0.0,0.0,"","","","","","",ALFA INK CANON CYAN 100CC,"","",100.0,PCS,26000.0,0.00 %,"",0.0,2600000.0,2600000.0,0.0,"",0.0,0.0,"","","","",0.0,0.0
17/03/2022,Faktur Pembelian,NJL-EX1/170322/002,PT. INDO WARNA MULIA ( ALFA INK ),Lunas,"",21630000.0,21630000.0,16/05/2022,21630000.0,0.0,0.0,"","","","","","",ALFA INK CANON MAGENTA 100CC,"","",100.0,PCS,26000.0,0.00 %,"",0.0,2600000.0,2600000.0,0.0,"",0.0,0.0,"","","","",0.0,0.0
17/03/2022,Faktur Pembelian,NJL-EX1/170322/002,PT. INDO WARNA MULIA ( ALFA INK ),Lunas,"",21630000.0,21630000.0,16/05/2022,21630000.0,0.0,0.0,"","","","","","",ALFA INK CANON YELLOW 100CC,"","",100.0,PCS,26000.0,0.00 %,"",0.0,2600000.0,2600000.0,0.0,"",0.0,0.0,"","","","",0.0,0.0
17/03/2022,Faktur Pembelian,NJL-EX1/170322/002,PT. INDO WARNA MULIA ( ALFA INK ),Lunas,"",21630000.0,21630000.0,16/05/2022,21630000.0,0.0,0.0,"","","","","","",ALFA INK L SERIES EPSON BLACK,"","",200.0,PCS,31650.0,0.00 %,"",0.0,6330000.0,6330000.0,0.0,"",0.0,0.0,"","","","",0.0,0.0
17/03/2022,Faktur Pembelian,NJL-EX1/170322/002,PT. INDO WARNA MULIA ( ALFA INK ),Lunas,"",21630000.0,21630000.0,16/05/2022,21630000.0,0.0,0.0,"","","","","","",ALFA INK ECO TANK EPSON BLACK,"","",200.0,PCS,37500.0,0.00 %,"",0.0,7500000.0,7500000.0,0.0,"",0.0,0.0,"","","","",0.0,0.0
17/03/2022,Faktur Pembelian,032022181106,AGUS (DORAN),Lunas,"",7170000.0,7170000.0,16/04/2022,7170000.0,0.0,0.0,"",SURABAYA,"","","","",USB WIFI TPLINK TL WN725N NANO SIZE,"","",100.0,PCS,71700.0,0.00 %,"",0.0,7170000.0,7170000.0,0.0,"",0.0,0.0,"","","","",0.0,0.0
18/03/2022,Faktur Pembelian,JL.2203.05582,CANDRA (BLESSING),Lunas,CANON SUDAH,12240000.0,12240000.0,01/04/2022,12240000.0,0.0,0.0,"","","","",AGUS,"",PRINTER CANON G2020 PSC,"","",6.0,UNIT,2040000.0,0.00 %,"",0.0,12240000.0,12240000.0,0.0,"",0.0,0.0,"","","","",0.0,0.0
18/03/2022,Faktur Pembelian,JL.2203.05577,CANDRA (BLESSING),Lunas,CANON SUDAH,5495000.0,5495000.0,01/04/2022,5495000.0,0.0,0.0,"","","","",AGUS,"",PRINTER CANON G1010,"","",1.0,UNIT,1415000.0,0.00 %,"",0.0,1415000.0,1415000.0,0.0,"",0.0,0.0,"","","","",0.0,0.0
18/03/2022,Faktur Pembelian,JL.2203.05577,CANDRA (BLESSING),Lunas,CANON SUDAH,5495000.0,5495000.0,01/04/2022,5495000.0,0.0,0.0,"","","","",AGUS,"",PRINTER CANON G2020 PSC,"","",2.0,UNIT,2040000.0,0.00 %,"",0.0,4080000.0,4080000.0,0.0,"",0.0,0.0,"","","","",0.0,0.0
18/03/2022,Faktur Pembelian,13054,DWI DSC PAK BAMBANG CANON,Lunas,"",9750000.0,0.0,17/04/2022,9750000.0,0.0,9750000.0,"","","","","","",PRINTER CANON G2020 PSC,"","",5.0,UNIT,1950000.0,0.00 %,"",0.0,9750000.0,9750000.0,0.0,"",0.0,0.0,"","","","",0.0,0.0
18/03/2022,Faktur Pembelian,JL.2203.05665,CANDRA (BLESSING),Lunas,"",8300000.0,8300000.0,01/04/2022,8300000.0,0.0,0.0,"","","","",AGUS,"",HDD EXTERNAL SEAGATE EXPANSION 1TB #,"","",2.0,PCS,675000.0,0.00 %,"",0.0,1350000.0,1350000.0,0.0,"",0.0,0.0,"","","","",0.0,0.0
18/03/2022,Faktur Pembelian,JL.2203.05665,CANDRA (BLESSING),Lunas,"",8300000.0,8300000.0,01/04/2022,8300000.0,0.0,0.0,"","","","",AGUS,"",HDD PC WD PURPLE 1 TB,"","",10.0,PCS,605000.0,0.00 %,"",0.0,6050000.0,6050000.0,0.0,"",0.0,0.0,"","","","",0.0,0.0
18/03/2022,Faktur Pembelian,JL.2203.05665,CANDRA (BLESSING),Lunas,"",8300000.0,8300000.0,01/04/2022,8300000.0,0.0,0.0,"","","","",AGUS,"",SSD COLOURFULL 250GB M.2 2280 KODE CN500,"","",2.0,PCS,450000.0,0.00 %,"",0.0,900000.0,900000.0,0.0,"",0.0,0.0,"","","","",0.0,0.0
18/03/2022,Faktur Pembelian,JL.2203.05530,CANDRA (BLESSING),Lunas,"",32015000.000002,32015000.000002,01/04/2022,29104545.454547,2910454.545455,0.0,"","","","",CV TIGA NUSA,"","* ACER 3 A314 - 35 N5100 4GB 256GB SSD 14""","","",5.0,UNIT,4336363.636364,0.00 %,10.0,2168181.818182,21681818.18182,21681818.18182,0.0,"",0.0,0.0,"","","","",0.0,0.0
18/03/2022,Faktur Pembelian,JL.2203.05530,CANDRA (BLESSING),Lunas,"",32015000.000002,32015000.000002,01/04/2022,29104545.454547,2910454.545455,0.0,"","","","",CV TIGA NUSA,"",* AIO ACER C24-1650 CI3-1115G4 4GB 512GB SSD WIN 11,"","",1.0,UNIT,7422727.272727,0.00 %,10.0,742272.7272727001,7422727.272727,7422727.272727,0.0,"",0.0,0.0,"","","","",0.0,0.0
18/03/2022,Faktur Pembelian,JL.2203.05569,CANDRA (BLESSING),Lunas,"",2039999.999998,2039999.999998,01/04/2022,1854545.454544,185454.545454,0.0,"","","","",CV TIGA NUSA,"",* SSD KINGSTONE 250GB NVME M2 NV1,"","",4.0,PCS,463636.363636,0.00 %,10.0,185454.5454544,1854545.454544,1854545.454544,0.0,"",0.0,0.0,"","","","",0.0,0.0
18/03/2022,Faktur Pembelian,JL.2203.05562,CANDRA (BLESSING),Lunas,"",13639000.000006,13639000.000006,01/04/2022,12399090.909096,1239909.09091,0.0,"","","","",CV TIGA NUSA,"",* KEYBOARD LOGITECH USB K120,"","",4.0,PCS,87272.727273,0.00 %,10.0,34909.0909092,349090.909092,349090.909092,0.0,"",0.0,0.0,"","","","",0.0,0.0
18/03/2022,Faktur Pembelian,JL.2203.05562,CANDRA (BLESSING),Lunas,"",13639000.000006,13639000.000006,01/04/2022,12399090.909096,1239909.09091,0.0,"","","","",CV TIGA NUSA,"",* MOUSE WIRLESS M170 LOGITECH,"","",1.0,PCS,88181.818182,0.00 %,10.0,8818.181818200001,88181.818182,88181.818182,0.0,"",0.0,0.0,"","","","",0.0,0.0
18/03/2022,Faktur Pembelian,JL.2203.05562,CANDRA (BLESSING),Lunas,"",13639000.000006,13639000.000006,01/04/2022,12399090.909096,1239909.09091,0.0,"","","","",CV TIGA NUSA,"",* MOUSE LOGITECH M90,"","",3.0,PCS,38181.818182,0.00 %,10.0,11454.5454546,114545.454546,114545.454546,0.0,"",0.0,0.0,"","","","",0.0,0.0
18/03/2022,Faktur Pembelian,JL.2203.05562,CANDRA (BLESSING),Lunas,"",13639000.000006,13639000.000006,01/04/2022,12399090.909096,1239909.09091,0.0,"","","","",CV TIGA NUSA,"",* PSU SIMBADDA 400 W BOX,"","",4.0,PCS,211818.181818,0.00 %,10.0,84727.2727272,847272.727272,847272.727272,0.0,"",0.0,0.0,"","","","",0.0,0.0
18/03/2022,Faktur Pembelian,JL.2203.05562,CANDRA (BLESSING),Lunas,"",13639000.000006,13639000.000006,01/04/2022,12399090.909096,1239909.09091,0.0,"","","","",CV TIGA NUSA,"",* RAM PC LEXAR DDR 4 8GB PC4-2666,"","",4.0,PCS,418181.818182,0.00 %,10.0,167272.7272728,1672727.272728,1672727.272728,0.0,"",0.0,0.0,"","","","",0.0,0.0
18/03/2022,Faktur Pembelian,JL.2203.05562,CANDRA (BLESSING),Lunas,"",13639000.000006,13639000.000006,01/04/2022,12399090.909096,1239909.09091,0.0,"","","","",CV TIGA NUSA,"",* PROC INTEL I3 10100 COMET LAKE INCLUD FAN,"","",4.0,PCS,1445454.545455,0.00 %,10.0,578181.818182,5781818.18182,5781818.18182,0.0,"",0.0,0.0,"","","","",0.0,0.0
18/03/2022,Faktur Pembelian,JL.2203.05562,CANDRA (BLESSING),Lunas,"",13639000.000006,13639000.000006,01/04/2022,12399090.909096,1239909.09091,0.0,"","","","",CV TIGA NUSA,"",* MB MSI PRO H410M - B,"","",4.0,PCS,886363.636364,0.00 %,10.0,354545.4545456,3545454.545456,3545454.545456,0.0,"",0.0,0.0,"","","","",0.0,0.0
18/03/2022,Faktur Pembelian,ACJ01/01/FP/2203/AH00022,PT. ANGKASA CERAH JAYA,Lunas,"",19400000.0,19400000.0,17/04/2022,17636363.636364,1763636.363636,0.0,"",SURABAYA,"","",CV TIGA NUSA,"",* ACER 5 A514-54 Ci5-1135G7 8GB 512GB SSD VGA IRIS XE,"","",2.0,UNIT,8818181.818182,0.00 %,10.0,1763636.3636364,17636363.636364,17636363.636364,0.0,"",0.0,0.0,PT. ANGKASA CERAH JAYA,"",0815 5395 1313,"",0.0,0.0
18/03/2022,Faktur Pembelian,13055,EKO HASAN,Lunas,"",189999.999999,0.0,17/04/2022,189999.999999,0.0,190000.0,"","","","","","",KABEL FLEXY HEAD EPSON,"","",3.0,PCS,63333.333333,0.00 %,"",0.0,189999.999999,189999.999999,0.0,"",0.0,0.0,"","","","",0.0,0.0
18/03/2022,Faktur Pembelian,13064,LILI (PLATINUM),Lunas,"",910000.0,910000.0,17/04/2022,910000.0,0.0,0.0,"","","","","","",BATERAI LAPTOP ACER Z1402,"","",1.0,PCS,290000.0,0.00 %,"",0.0,290000.0,290000.0,0.0,"",0.0,0.0,"","","","",0.0,0.0
18/03/2022,Faktur Pembelian,13064,LILI (PLATINUM),Lunas,"",910000.0,910000.0,17/04/2022,910000.0,0.0,0.0,"","","","","","",BATERAI LAPTOP ACER E5 - 473 (AL15A32),"","",2.0,PCS,310000.0,0.00 %,"",0.0,620000.0,620000.0,0.0,"",0.0,0.0,"","","","",0.0,0.0
18/03/2022,Faktur Pembelian,203-415,SADHA JAYA COMPUTAMA,Lunas,CANON SUDAH,7820000.0,7820000.0,17/04/2022,7820000.0,0.0,0.0,"","","","","","",PRINTER CANON G2010,"","",2.0,UNIT,1920000.0,0.00 %,"",0.0,3840000.0,3840000.0,0.0,"",0.0,0.0,"","","","",0.0,0.0
18/03/2022,Faktur Pembelian,203-415,SADHA JAYA COMPUTAMA,Lunas,CANON SUDAH,7820000.0,7820000.0,17/04/2022,7820000.0,0.0,0.0,"","","","","","",PRINTER CANON G2020 PSC,"","",2.0,UNIT,1990000.0,0.00 %,"",0.0,3980000.0,3980000.0,0.0,"",0.0,0.0,"","","","",0.0,0.0
18/03/2022,Faktur Pembelian,JL5522030672,YULI (HP CENTRE),Lunas,"",22500000.0,22500000.0,17/04/2022,22500000.0,0.0,0.0,"","","","",AGUS,"",PRINTER EPSON L3210,"","",10.0,UNIT,2250000.0,0.00 %,"",0.0,22500000.0,22500000.0,0.0,"",0.0,0.0,"","","","",0.0,0.0
18/03/2022,Faktur Pembelian,2203106,ANDY (JMK),Lunas,"",1352000.0,1352000.0,17/04/2022,1352000.0,0.0,0.0,"","","","","","",COOLINGPAD NC 32 1FAN BESAR,"","",52.0,PCS,26000.0,0.00 %,"",0.0,1352000.0,1352000.0,0.0,"",0.0,0.0,"","","","",0.0,0.0
18/03/2022,Faktur Pembelian,00605862_036,PRIYO (K GALAXY),Lunas,"",10800000.0,10800000.0,17/04/2022,10800000.0,0.0,0.0,"","","","","","",DVD RW INTERNAL LG,"","",10.0,PCS,200000.0,0.00 %,"",0.0,2000000.0,2000000.0,0.0,"",0.0,0.0,"","","","",0.0,0.0
18/03/2022,Faktur Pembelian,00605862_036,PRIYO (K GALAXY),Lunas,"",10800000.0,10800000.0,17/04/2022,10800000.0,0.0,0.0,"","","","","","",MONITOR LED SPC SM - 19 HDMI,"","",10.0,UNIT,880000.0,0.00 %,"",0.0,8800000.0,8800000.0,0.0,"",0.0,0.0,"","","","",0.0,0.0
19/03/2022,Faktur Pembelian,JL.2203.05900,CANDRA (BLESSING),Lunas,"",23850000.000002,23850000.000002,02/04/2022,21681818.18182,2168181.818182,0.0,"","","","",CV TIGA NUSA,"","* ACER 3 A314 - 35 N5100 4GB 256GB SSD 14""","","",5.0,UNIT,4336363.636364,0.00 %,10.0,2168181.818182,21681818.18182,21681818.18182,0.0,"",0.0,0.0,"","","","",0.0,0.0
19/03/2022,Faktur Pembelian,JL.2203.05899,CANDRA (BLESSING),Lunas,"",1000000.0,1000000.0,02/04/2022,1000000.0,0.0,0.0,"","","","",AGUS,"",CONVERTER HDMI TO VGA (KABEL),"","",30.0,PCS,27000.0,0.00 %,"",0.0,810000.0,810000.0,0.0,"",0.0,0.0,"","","","",0.0,0.0
19/03/2022,Faktur Pembelian,JL.2203.05899,CANDRA (BLESSING),Lunas,"",1000000.0,1000000.0,02/04/2022,1000000.0,0.0,0.0,"","","","",AGUS,"",MOUSE GAMING LENOVO LEGION M200,"","",2.0,PCS,95000.0,0.00 %,"",0.0,190000.0,190000.0,0.0,"",0.0,0.0,"","","","",0.0,0.0
19/03/2022,Faktur Pembelian,JL.2203.06059,CANDRA (BLESSING),Lunas,"",26910000.000002,26910000.000002,02/04/2022,24463636.363638,2446363.636364,0.0,"","","","",CV TIGA NUSA,"","* ACER 3 A314 - 35 N5100 4GB 256GB SSD 14""","","",3.0,UNIT,4336363.636364,0.00 %,10.0,1300909.0909092,13009090.909092,13009090.909092,0.0,"",0.0,0.0,"","","","",0.0,0.0
19/03/2022,Faktur Pembelian,JL.2203.06059,CANDRA (BLESSING),Lunas,"",26910000.000002,26910000.000002,02/04/2022,24463636.363638,2446363.636364,0.0,"","","","",CV TIGA NUSA,"","* ASUS A416FA-FHD CI3-10110U  4GB 256GB SSD 14"" #","","",2.0,UNIT,5727272.727273,0.00 %,10.0,1145454.5454546,11454545.454546,11454545.454546,0.0,"",0.0,0.0,"","","","",0.0,0.0
19/03/2022,Faktur Pembelian,13056,ANDY (JMK),Lunas,"",33200000.0,0.0,18/04/2022,33200000.0,0.0,33200000.0,"","","","","","",PRINTER CANON PIXMA IP 2770,"","",40.0,UNIT,830000.0,0.00 %,"",0.0,33200000.0,33200000.0,0.0,"",0.0,0.0,"","","","",0.0,0.0
19/03/2022,Faktur Pembelian,032022186483,AGUS (DORAN),Lunas,"",5840000.0,5840000.0,18/04/2022,5840000.0,0.0,0.0,"",SURABAYA,"","","","",TPLINK ROUTER TL WR840N,"","",40.0,PCS,146000.0,0.00 %,"",0.0,5840000.0,5840000.0,0.0,"",0.0,0.0,"","","","",0.0,0.0
19/03/2022,Faktur Pembelian,000931,LILI (PLATINUM),Lunas,"",1482000.0,1482000.0,18/04/2022,1482000.0,0.0,0.0,"","","","","","",COOLINGPAD NC 32 1FAN BESAR,"","",52.0,PCS,28500.0,0.00 %,"",0.0,1482000.0,1482000.0,0.0,"",0.0,0.0,"","","","",0.0,0.0
21/03/2022,Faktur Pembelian,JL.2203.06254,CANDRA (BLESSING),Lunas,"",2660000.0,2660000.0,04/04/2022,2660000.0,0.0,0.0,"","","","",AGUS,"","HDD EXTERNAL 2TB  SEAGATE 2,5""","","",1.0,PCS,1000000.0,0.00 %,"",0.0,1000000.0,1000000.0,0.0,"",0.0,0.0,"","","","",0.0,0.0
21/03/2022,Faktur Pembelian,JL.2203.06254,CANDRA (BLESSING),Lunas,"",2660000.0,2660000.0,04/04/2022,2660000.0,0.0,0.0,"","","","",AGUS,"",HDD PC SEAGATE 2TB SKYHAWK #,"","",1.0,PCS,840000.0,0.00 %,"",0.0,840000.0,840000.0,0.0,"",0.0,0.0,"","","","",0.0,0.0
21/03/2022,Faktur Pembelian,JL.2203.06254,CANDRA (BLESSING),Lunas,"",2660000.0,2660000.0,04/04/2022,2660000.0,0.0,0.0,"","","","",AGUS,"",MERCUSYS SWITCH 8 PORT MS108G 10/100/1000 Mbps Destop,"","",5.0,UNIT,164000.0,0.00 %,"",0.0,820000.0,820000.0,0.0,"",0.0,0.0,"","","","",0.0,0.0
21/03/2022,Faktur Pembelian,JL.2203.06252,CANDRA (BLESSING),Lunas,"",3535000.0,3535000.0,04/04/2022,3213636.363636,321363.636364,0.0,"","","","",CV TIGA NUSA,"","* AXIOO MYBOOK 14E INTEL N4000 4GB 256GB SSD 14""","","",1.0,UNIT,3213636.363636,0.00 %,10.0,321363.6363636,3213636.363636,3213636.363636,0.0,"",0.0,0.0,"","","","",0.0,0.0
21/03/2022,Faktur Pembelian,JL.2203.06250,CANDRA (BLESSING),Lunas,"",38745000.0,38745000.0,04/04/2022,35222727.272727,3522272.727273,0.0,"","","","",CV TIGA NUSA,"","* AXIOO MYBOOK 11G GREY DC N4020 11,6 4GB 256GB SSD","","",2.0,UNIT,3031818.181818,0.00 %,10.0,606363.6363636,6063636.363636,6063636.363636,0.0,"",0.0,0.0,"","","","",0.0,0.0
21/03/2022,Faktur Pembelian,JL.2203.06250,CANDRA (BLESSING),Lunas,"",38745000.0,38745000.0,04/04/2022,35222727.272727,3522272.727273,0.0,"","","","",CV TIGA NUSA,"",* HP 14S INTEL N4120 4GB SSD 256GB WIN 10 #,"","",2.0,UNIT,4381818.181818,0.00 %,10.0,876363.6363636,8763636.363636,8763636.363636,0.0,"",0.0,0.0,"","","","",0.0,0.0
21/03/2022,Faktur Pembelian,JL.2203.06250,CANDRA (BLESSING),Lunas,"",38745000.0,38745000.0,04/04/2022,35222727.272727,3522272.727273,0.0,"","","","",CV TIGA NUSA,"","* AXIOO MYBOOK 14E INTEL N4000 4GB 256GB SSD 14""","","",1.0,UNIT,3213636.363636,0.00 %,10.0,321363.6363636,3213636.363636,3213636.363636,0.0,"",0.0,0.0,"","","","",0.0,0.0
21/03/2022,Faktur Pembelian,JL.2203.06250,CANDRA (BLESSING),Lunas,"",38745000.0,38745000.0,04/04/2022,35222727.272727,3522272.727273,0.0,"","","","",CV TIGA NUSA,"","* ASUS A416FA-FHD CI3-10110U  4GB 256GB SSD 14"" #","","",3.0,UNIT,5727272.727273,0.00 %,10.0,1718181.8181819,17181818.181819,17181818.181819,0.0,"",0.0,0.0,"","","","",0.0,0.0
21/03/2022,Faktur Pembelian,JL.2203.06359,CANDRA (BLESSING),Lunas,"",12600000.0,12600000.0,04/04/2022,12600000.0,0.0,0.0,"","","","",ARIES,"",ASUS A416FA CI3-10110U 4GB 256GB SSD NW,"","",2.0,UNIT,6300000.0,0.00 %,"",0.0,12600000.0,12600000.0,0.0,"",0.0,0.0,"","","","",0.0,0.0
21/03/2022,Faktur Pembelian,JL.2203.06434,CANDRA (BLESSING),Lunas,"",23850000.000002,23850000.000002,04/04/2022,21681818.18182,2168181.818182,0.0,"","","","",CV TIGA NUSA,"","* ACER 3 A314 - 35 N5100 4GB 256GB SSD 14""","","",5.0,UNIT,4336363.636364,0.00 %,10.0,2168181.818182,21681818.18182,21681818.18182,0.0,"",0.0,0.0,"","","","",0.0,0.0
21/03/2022,Faktur Pembelian,13057,ONLINE,Lunas,"",720000.0,0.0,20/04/2022,720000.0,0.0,720000.0,"","","","","","",TINTA TRODAT BIRU,"","",10.0,PCS,36000.0,0.00 %,"",0.0,360000.0,360000.0,0.0,"",0.0,0.0,"","","","",0.0,0.0
21/03/2022,Faktur Pembelian,13057,ONLINE,Lunas,"",720000.0,0.0,20/04/2022,720000.0,0.0,720000.0,"","","","","","",TINTA TRODAT MERAH,"","",10.0,PCS,36000.0,0.00 %,"",0.0,360000.0,360000.0,0.0,"",0.0,0.0,"","","","",0.0,0.0
21/03/2022,Faktur Pembelian,JL.2203.06458,CANDRA (BLESSING),Lunas,"",896000.0,896000.0,04/04/2022,896000.0,0.0,0.0,"","","","",AGUS,"",ANYCAST M4,"","",8.0,PCS,112000.0,0.00 %,"",0.0,896000.0,896000.0,0.0,"",0.0,0.0,"","","","",0.0,0.0
21/03/2022,Faktur Pembelian,13058,DARMA DJ COMP,Lunas,"",17925000.0,0.0,20/04/2022,17925000.0,0.0,17925000.0,"","","","","","",ASUS X441MAO INTEL N4020 4GB 1TB HDD,"","",3.0,UNIT,3525000.0,0.00 %,"",0.0,10575000.0,10575000.0,0.0,"",0.0,0.0,"","","",087876835295,0.0,0.0
21/03/2022,Faktur Pembelian,13058,DARMA DJ COMP,Lunas,"",17925000.0,0.0,20/04/2022,17925000.0,0.0,17925000.0,"","","","","","",ASUS X441MAO INTEL N4020 4GB 1TB HDD,"","",2.0,UNIT,3675000.0,0.00 %,"",0.0,7350000.0,7350000.0,0.0,"",0.0,0.0,"","","",087876835295,0.0,0.0
21/03/2022,Faktur Pembelian,JL.2203.06486,CANDRA (BLESSING),Lunas,"",15560000.0,15560000.0,04/04/2022,15560000.0,0.0,0.0,"","","","",ARIES,"",HDD PC SEAGATE SATA 1TB BARACUDA MFI,"","",4.0,PCS,605000.0,0.00 %,"",0.0,2420000.0,2420000.0,0.0,"",0.0,0.0,"","","","",0.0,0.0
21/03/2022,Faktur Pembelian,JL.2203.06486,CANDRA (BLESSING),Lunas,"",15560000.0,15560000.0,04/04/2022,15560000.0,0.0,0.0,"","","","",ARIES,"","ACER 5 A514 - 54  - Ci3-1115G4 4GB 512GB SSD 14""","","",2.0,UNIT,6570000.0,0.00 %,"",0.0,13140000.0,13140000.0,0.0,"",0.0,0.0,"","","","",0.0,0.0
21/03/2022,Faktur Pembelian,00606028_036,PRIYO (K GALAXY),Lunas,"",3050000.0,3050000.0,20/04/2022,3050000.0,0.0,0.0,"","","","","","",HDD PC SEAGATE SATA 500 GB PI,"","",20.0,PCS,152500.0,0.00 %,"",0.0,3050000.0,3050000.0,0.0,"",0.0,0.0,"","","","",0.0,0.0
21/03/2022,Faktur Pembelian,JL5522030779,YULI (HP CENTRE),Lunas,"",4758000.0,4758000.0,20/04/2022,4758000.0,0.0,0.0,"","","","",RAHMAT,"",BLUEPRINT PRINTER LITE DEKSTOP USB - LITE80L,"","",6.0,UNIT,793000.0,0.00 %,"",0.0,4758000.0,4758000.0,0.0,"",0.0,0.0,"","","","",0.0,0.0
21/03/2022,Faktur Pembelian,JL5522030760,YULI (HP CENTRE),Lunas,"",24750000.0,24750000.0,20/04/2022,22500000.0,2250000.0,0.0,"","","","",CV TIGA NUSA,"",* PRINTER EPSON L121,"","",15.0,UNIT,1500000.0,0.00 %,10.0,2250000.0,22500000.0,22500000.0,0.0,"",0.0,0.0,"","","","",0.0,0.0
21/03/2022,Faktur Pembelian,JL5522030735,YULI (HP CENTRE),Lunas,"",880000.0,880000.0,20/04/2022,880000.0,0.0,0.0,"","","","",AGUS,"",PLONG ID CARD,"","",2.0,PCS,440000.0,0.00 %,"",0.0,880000.0,880000.0,0.0,"",0.0,0.0,"","","","",0.0,0.0
22/03/2022,Faktur Pembelian,13059,ONLINE,Lunas,"",210000.0,0.0,21/04/2022,210000.0,0.0,210000.0,"","","","","","",TAS CAMERA EOS KOTAK BESAR,"","",2.0,PCS,105000.0,0.00 %,"",0.0,210000.0,210000.0,0.0,"",0.0,0.0,"","","","",0.0,0.0
22/03/2022,Faktur Pembelian,JL.2203.06782,CANDRA (BLESSING),Lunas,"",36315000.000002,36315000.000002,05/04/2022,33013636.363638,3301363.636364,0.0,"","","","",CV TIGA NUSA,"","* ACER 3 A314 - 35 N5100 4GB 256GB SSD 14""","","",4.0,UNIT,4336363.636364,0.00 %,10.0,1734545.4545456,17345454.545456,17345454.545456,0.0,"",0.0,0.0,"","","","",0.0,0.0
22/03/2022,Faktur Pembelian,JL.2203.06782,CANDRA (BLESSING),Lunas,"",36315000.000002,36315000.000002,05/04/2022,33013636.363638,3301363.636364,0.0,"","","","",CV TIGA NUSA,"",* ASUS TUF F15 FX506HCB - I7 11600H 16GB 512GB SSD RTX 3050 4GB,"","",1.0,UNIT,15668181.818182,0.00 %,10.0,1566818.1818182,15668181.818182,15668181.818182,0.0,"",0.0,0.0,"","","","",0.0,0.0
22/03/2022,Faktur Pembelian,JL.2203.06780,CANDRA (BLESSING),Lunas,"",1465000.0,1465000.0,05/04/2022,1465000.0,0.0,0.0,"","","","",AGUS,"",SODIMM LEXAR DDR 4 4GB PC4-2666,"","",5.0,PCS,293000.0,0.00 %,"",0.0,1465000.0,1465000.0,0.0,"",0.0,0.0,"","","","",0.0,0.0
22/03/2022,Faktur Pembelian,13061,LEON PT TUJUH ANUGRAH ABADI,Lunas,CANON SUDAH,19248000.0,0.0,21/04/2022,19248000.0,0.0,19248000.0,"","","","","","",CATRIDGE CANON 810 BLACK,"","",96.0,PCS,200500.0,0.00 %,"",0.0,19248000.0,19248000.0,0.0,"",0.0,0.0,"","","","",0.0,0.0
22/03/2022,Faktur Pembelian,13062,ONLINE,Lunas,"",0.0,0.0,21/04/2022,0.0,0.0,0.0,"","","","","","",ORBIT STAR A1,"","",3.0,UNIT,0.0,0.00 %,"",0.0,0.0,0.0,0.0,"",0.0,0.0,"","","","",0.0,0.0
22/03/2022,Faktur Pembelian,JL5522030796,YULI (HP CENTRE),Lunas,"",23474999.999999,23474999.999999,21/04/2022,21340909.090908,2134090.909091,0.0,"","","","",CV TIGA NUSA,"",* AIO ACER C22 - 1650 Ci3-1115G4 4GB 512GB SSD WIN 10,"","",3.0,UNIT,7113636.363636,0.00 %,10.0,2134090.9090908,21340909.090908,21340909.090908,0.0,"",0.0,0.0,"","","","",0.0,0.0
23/03/2022,Faktur Pembelian,13063,FIKTIF BELI,Lunas,"",1439999.999875,0.0,22/04/2022,1439999.999875,0.0,1439999.999875,"","","","","","",KABEL LAN BELDEN / COMSCAPE CAT 5 PERMETER,"","",305.0,METER,4721.311475,0.00 %,"",0.0,1439999.999875,1439999.999875,0.0,"",0.0,0.0,"","","","",0.0,0.0
23/03/2022,Faktur Pembelian,FK 7937,BETA COM,Lunas,"",9750000.0,0.0,30/03/2022,9750000.0,0.0,9750000.0,"","","","","","",PRINTER CANON IX 6770,"","",3.0,UNIT,3250000.0,0.00 %,"",0.0,9750000.0,9750000.0,0.0,"",0.0,0.0,"","","","",0.0,0.0
23/03/2022,Faktur Pembelian,JL5522030850,YULI (HP CENTRE),Lunas,"",25200000.0,0.0,22/04/2022,25200000.0,0.0,25200000.0,"","","","",ARIES,"",PRINTER CANON PIXMA IP 2770,"","",30.0,UNIT,840000.0,0.00 %,"",0.0,25200000.0,25200000.0,0.0,"",0.0,0.0,"","","","",0.0,0.0
23/03/2022,Faktur Pembelian,JL.2203.07215,CANDRA (BLESSING),Lunas,"",19080000.000002,19080000.000002,06/04/2022,17345454.545456,1734545.454546,0.0,"","","","",CV TIGA NUSA,"","* ACER 3 A314 - 35 N5100 4GB 256GB SSD 14""","","",4.0,UNIT,4336363.636364,0.00 %,10.0,1734545.4545456,17345454.545456,17345454.545456,0.0,"",0.0,0.0,"","","","",0.0,0.0
23/03/2022,Faktur Pembelian,JL.2203.07256,CANDRA (BLESSING),Lunas,"",1400000.0,1400000.0,06/04/2022,1400000.0,0.0,0.0,"","","","",AGUS,"","HDD EXTERNAL WD 1TB PASSPORT 2,5""","","",2.0,PCS,700000.0,0.00 %,"",0.0,1400000.0,1400000.0,0.0,"",0.0,0.0,"","","","",0.0,0.0
23/03/2022,Faktur Pembelian,000934,LILI (PLATINUM),Lunas,"",4580000.0,4580000.0,22/04/2022,4580000.0,0.0,0.0,"","","","","","",BATERAI ACER  V5 431 (AL12A32),"","",1.0,PCS,220000.0,0.00 %,"",0.0,220000.0,220000.0,0.0,"",0.0,0.0,"","","","",0.0,0.0
23/03/2022,Faktur Pembelian,000934,LILI (PLATINUM),Lunas,"",4580000.0,4580000.0,22/04/2022,4580000.0,0.0,0.0,"","","","","","",CARD READER 1 SLOT,"","",100.0,PCS,3500.0,0.00 %,"",0.0,350000.0,350000.0,0.0,"",0.0,0.0,"","","","",0.0,0.0
23/03/2022,Faktur Pembelian,000934,LILI (PLATINUM),Lunas,"",4580000.0,4580000.0,22/04/2022,4580000.0,0.0,0.0,"","","","","","",CARD READER 4 SLOT PUTAR,"","",20.0,PCS,5500.0,0.00 %,"",0.0,110000.0,110000.0,0.0,"",0.0,0.0,"","","","",0.0,0.0
23/03/2022,Faktur Pembelian,000934,LILI (PLATINUM),Lunas,"",4580000.0,4580000.0,22/04/2022,4580000.0,0.0,0.0,"","","","","","","CASING HDD 3,5","","",8.0,PCS,130000.0,0.00 %,"",0.0,1040000.0,1040000.0,0.0,"",0.0,0.0,"","","","",0.0,0.0
23/03/2022,Faktur Pembelian,000934,LILI (PLATINUM),Lunas,"",4580000.0,4580000.0,22/04/2022,4580000.0,0.0,0.0,"","","","","","","CASING HDD 2,5 BIASA","","",50.0,PCS,39000.0,0.00 %,"",0.0,1950000.0,1950000.0,0.0,"",0.0,0.0,"","","","",0.0,0.0
23/03/2022,Faktur Pembelian,000934,LILI (PLATINUM),Lunas,"",4580000.0,4580000.0,22/04/2022,4580000.0,0.0,0.0,"","","","","","",KEYBOARD LAPTOP ASUS E203 BLACK,"","",8.0,PCS,75000.0,0.00 %,"",0.0,600000.0,600000.0,0.0,"",0.0,0.0,"","","","",0.0,0.0
23/03/2022,Faktur Pembelian,000934,LILI (PLATINUM),Lunas,"",4580000.0,4580000.0,22/04/2022,4580000.0,0.0,0.0,"","","","","","",BATERAI ACER ES1 432 AS16A8K / AS16A5K,"","",1.0,PCS,310000.0,0.00 %,"",0.0,310000.0,310000.0,0.0,"",0.0,0.0,"","","","",0.0,0.0
23/03/2022,Faktur Pembelian,000936,LILI (PLATINUM),Lunas,GANTI LCD 14 PECAH,1750000.0,1750000.0,22/04/2022,1750000.0,0.0,0.0,"","","","","","",LCD LAPTOP TIPIS 10 INCS  40 PIN,"","",2.0,PCS,450000.0,0.00 %,"",0.0,900000.0,900000.0,0.0,"",0.0,0.0,"","","","",0.0,0.0
23/03/2022,Faktur Pembelian,000936,LILI (PLATINUM),Lunas,GANTI LCD 14 PECAH,1750000.0,1750000.0,22/04/2022,1750000.0,0.0,0.0,"","","","","","",LCD LAPTOP 10 INCS TEBAL,"","",2.0,PCS,425000.0,0.00 %,"",0.0,850000.0,850000.0,0.0,"",0.0,0.0,"","","","",0.0,0.0
24/03/2022,Faktur Pembelian,13065,FIKTIF BELI,Lunas,"",148000.0,0.0,23/04/2022,148000.0,0.0,148000.0,"","","","","","",TINTA CANON ORI 790 BLACK NON PACK,"","",1.0,PCS,37000.0,0.00 %,"",0.0,37000.0,37000.0,0.0,"",0.0,0.0,"","","","",0.0,0.0
24/03/2022,Faktur Pembelian,13065,FIKTIF BELI,Lunas,"",148000.0,0.0,23/04/2022,148000.0,0.0,148000.0,"","","","","","",TINTA CANON ORI 790 CYAN NON PACK,"","",1.0,PCS,37000.0,0.00 %,"",0.0,37000.0,37000.0,0.0,"",0.0,0.0,"","","","",0.0,0.0
24/03/2022,Faktur Pembelian,13065,FIKTIF BELI,Lunas,"",148000.0,0.0,23/04/2022,148000.0,0.0,148000.0,"","","","","","",TINTA CANON ORI 790 YELLOW NON PACK,"","",1.0,PCS,37000.0,0.00 %,"",0.0,37000.0,37000.0,0.0,"",0.0,0.0,"","","","",0.0,0.0
24/03/2022,Faktur Pembelian,13065,FIKTIF BELI,Lunas,"",148000.0,0.0,23/04/2022,148000.0,0.0,148000.0,"","","","","","",TINTA CANON ORI 790 MAGENTA NON PACK,"","",1.0,PCS,37000.0,0.00 %,"",0.0,37000.0,37000.0,0.0,"",0.0,0.0,"","","","",0.0,0.0
24/03/2022,Faktur Pembelian,JL.2203.07458,CANDRA (BLESSING),Lunas,"",44650000.0,44650000.0,07/04/2022,44650000.0,0.0,0.0,"","","","",AGUS,"",ACER 3 A314-22 AMD RYZEN3-3250U 4GB 256GB SSD #,"","",1.0,UNIT,5670000.0,0.00 %,"",0.0,5485707.99,5670000.0,1500000.0,"",0.0,0.0,"","","","",0.0,3.25
24/03/2022,Faktur Pembelian,JL.2203.07458,CANDRA (BLESSING),Lunas,"",44650000.0,44650000.0,07/04/2022,44650000.0,0.0,0.0,"","","","",AGUS,"",ACER A314 22 AMD ATHLON 3020E 4GB 256GB SSD #,"","",7.0,UNIT,4770000.0,0.00 %,"",0.0,32304724.83,33390000.0,1500000.0,"",0.0,0.0,"","","","",0.0,3.25
24/03/2022,Faktur Pembelian,JL.2203.07458,CANDRA (BLESSING),Lunas,"",44650000.0,44650000.0,07/04/2022,44650000.0,0.0,0.0,"","","","",AGUS,"",ASUS A516JAO CI3 1005G1 4GB 512GB SSD WIN11,"","",1.0,UNIT,7090000.0,0.00 %,"",0.0,6859553.73,7090000.0,1500000.0,"",0.0,0.0,"","","","",0.0,3.25
24/03/2022,Faktur Pembelian,JL.2203.07459,CANDRA (BLESSING),Lunas,"",3490000.0,3490000.0,07/04/2022,3490000.0,0.0,0.0,"","","","",AGUS,"","PRINTER EPSON L3250 WIFI (PRINT, SCAN, COPY)","","",1.0,UNIT,3490000.0,0.00 %,"",0.0,3490000.0,3490000.0,0.0,"",0.0,0.0,"","","","",0.0,0.0
24/03/2022,Faktur Pembelian,JL.2203.07460,CANDRA (BLESSING),Lunas,"",14310000.0,14310000.0,07/04/2022,14310000.0,0.0,0.0,"","","","",RAHMAT,"",ACER A314 22 AMD ATHLON 3020E 4GB 256GB SSD #,"","",3.0,UNIT,4770000.0,0.00 %,"",0.0,14310000.0,14310000.0,0.0,"",0.0,0.0,"","","","",0.0,0.0
24/03/2022,Faktur Pembelian,13066,PT SUMBER BAHAGIA DIGITAL,Lunas,"",2925000.0,0.0,23/04/2022,2925000.0,0.0,2925000.0,"",SURABAYA,"","","","",CAMERA CANON SX430 IS,"","",1.0,PCS,2925000.0,0.00 %,"",0.0,2925000.0,2925000.0,0.0,"",0.0,0.0,PT SUMBER BAHAGIA DIGITAL,"","","",0.0,0.0
24/03/2022,Faktur Pembelian,13067,FIKTIF BELI,Lunas,"",200000.0,0.0,23/04/2022,200000.0,0.0,200000.0,"","","","","","",RJ45 COMMSCOPE,"","",100.0,BIJI,2000.0,0.00 %,"",0.0,200000.0,200000.0,0.0,"",0.0,0.0,"","","","",0.0,0.0
24/03/2022,Faktur Pembelian,000937,LILI (PLATINUM),Lunas,"",750000.0,750000.0,23/04/2022,750000.0,0.0,0.0,"","","","","","",KEYBOARD LAPTOP ASUS X441 (BLACK),"","",10.0,PCS,75000.0,0.00 %,"",0.0,750000.0,750000.0,0.0,"",0.0,0.0,"","","","",0.0,0.0
24/03/2022,Faktur Pembelian,JL00147920,WULAN (DISCOUNT NOTEBOOK),Lunas,"",387000.0,387000.0,23/04/2022,387000.0,0.0,0.0,"","","JL. SOEKARNO HATTA RT. 012  RW. 004 PANE, RASANAE BARAT","","","",BATERAI ACER  V5 431 (AL12A32),"","",1.0,PCS,190000.0,0.00 %,"",0.0,190000.0,190000.0,0.0,"",2000.0,0.0,"","","","",0.0,0.0
24/03/2022,Faktur Pembelian,JL00147920,WULAN (DISCOUNT NOTEBOOK),Lunas,"",387000.0,387000.0,23/04/2022,387000.0,0.0,0.0,"","","JL. SOEKARNO HATTA RT. 012  RW. 004 PANE, RASANAE BARAT","","","",KEYBOARD ACER D270,"","",3.0,PCS,65000.0,0.00 %,"",0.0,195000.0,195000.0,0.0,"",2000.0,0.0,"","","","",0.0,0.0
24/03/2022,Faktur Pembelian,JL00147962,WULAN (DISCOUNT NOTEBOOK),Lunas,"",355000.0,355000.0,23/04/2022,355000.0,0.0,0.0,"","","","","","",KEYBOARD LAPTOP TOSHIBA C40A / L40 BLACK,"","",2.0,PCS,75000.0,0.00 %,"",0.0,150000.0,150000.0,0.0,"",0.0,0.0,"","","","",0.0,0.0
24/03/2022,Faktur Pembelian,JL00147962,WULAN (DISCOUNT NOTEBOOK),Lunas,"",355000.0,355000.0,23/04/2022,355000.0,0.0,0.0,"","","","","","",BATERAI TOSHIBA C40 PA5109U,"","",1.0,PCS,205000.0,0.00 %,"",0.0,205000.0,205000.0,0.0,"",0.0,0.0,"","","","",0.0,0.0
24/03/2022,Faktur Pembelian,FK 8003,BETA COM,Lunas,"",6000000.0,0.0,31/03/2022,6000000.0,0.0,6000000.0,"","","","","","",TINTA CANON ORI 790 BLACK,"","",48.0,PCS,125000.0,0.00 %,"",0.0,6000000.0,6000000.0,0.0,"",0.0,0.0,"","","","",0.0,0.0
24/03/2022,Faktur Pembelian,PJL-22-03-00584,PT. Surya Makmur Kreasindo (HJ),Lunas,"",13200000.0,13200000.0,07/04/2022,12000000.0,1200000.0,0.0,"",SURABAYA,"","",CV TIGA NUSA,"",* PRINTER EPSON L121,"","",8.0,UNIT,1500000.0,0.00 %,10.0,1200000.0,12000000.0,12000000.0,0.0,"",0.0,0.0,PT. Surya Makmur Kreasindo,"",081515111951,"",0.0,0.0
25/03/2022,Faktur Pembelian,JL.2203.07887,CANDRA (BLESSING),Lunas,"",33720000.0,33720000.0,08/04/2022,33720000.0,0.0,0.0,"","","","",ARIES,"",AIO ASUS V222GAK-WA141T Intel J4025 / 4GB / HDD 1TB,"","",6.0,UNIT,5620000.0,0.00 %,"",0.0,33720000.0,33720000.0,0.0,"",0.0,0.0,"","","","",0.0,0.0
25/03/2022,Faktur Pembelian,JL.2203.08014,CANDRA (BLESSING),Lunas,"",6736000.0,6736000.0,08/04/2022,6736000.0,0.0,0.0,"","","","",AGUS,"",KABEL LAN BELDEN USA CAT 5,"","",4.0,DUS,1540000.0,0.00 %,"",0.0,6160000.0,6160000.0,0.0,"",0.0,0.0,"","","","",0.0,0.0
25/03/2022,Faktur Pembelian,JL.2203.08014,CANDRA (BLESSING),Lunas,"",6736000.0,6736000.0,08/04/2022,6736000.0,0.0,0.0,"","","","",AGUS,"",TANG CRIMPING TOOL DOUBLE HT-500R,"","",8.0,PCS,72000.0,0.00 %,"",0.0,576000.0,576000.0,0.0,"",0.0,0.0,"","","","",0.0,0.0
25/03/2022,Faktur Pembelian,JL.2203.08012,CANDRA (BLESSING),Lunas,"",685000.0,685000.0,08/04/2022,685000.0,0.0,0.0,"","","","",AGUS,"",TANG CRIMPING GAINTECH,"","",1.0,PCS,65000.0,0.00 %,"",0.0,65000.0,65000.0,0.0,"",0.0,0.0,"","","","",0.0,0.0
25/03/2022,Faktur Pembelian,JL.2203.08012,CANDRA (BLESSING),Lunas,"",685000.0,685000.0,08/04/2022,685000.0,0.0,0.0,"","","","",AGUS,"",SSD KINGSTONE 250GB M2 SATA NVME SA2000M8,"","",1.0,PCS,620000.0,0.00 %,"",0.0,620000.0,620000.0,0.0,"",0.0,0.0,"","","","",0.0,0.0
25/03/2022,Faktur Pembelian,13068,IQ TRONIK,Lunas,"",5400000.0,0.0,24/04/2022,5400000.0,0.0,5400000.0,"","","","","","",KERTAS FOTO SPECTRA 230 (BUAH NAGA),"","",300.0,PCS,18000.0,0.00 %,"",0.0,5400000.0,5400000.0,0.0,"",0.0,0.0,"","","","",0.0,0.0
25/03/2022,Faktur Pembelian,000939,LILI (PLATINUM),Lunas,PECAH 1 YG ATAS BAWAH,3855000.0,3855000.0,24/04/2022,3855000.0,0.0,0.0,"","","","","","","LCD LAPTOP 11,6 30 PIN (KK)","","",3.0,PCS,610000.0,0.00 %,"",0.0,1830000.0,1830000.0,0.0,"",0.0,0.0,"","","","",0.0,0.0
25/03/2022,Faktur Pembelian,000939,LILI (PLATINUM),Lunas,PECAH 1 YG ATAS BAWAH,3855000.0,3855000.0,24/04/2022,3855000.0,0.0,0.0,"","","","","","","LCD LAPTOP 11,6 30 PIN (AB)","","",3.0,PCS,675000.0,0.00 %,"",0.0,2025000.0,2025000.0,0.0,"",0.0,0.0,"","","","",0.0,0.0
25/03/2022,Faktur Pembelian,FK 8019,BETA COM,Lunas,"",19296000.0,0.0,01/04/2022,19296000.0,0.0,19296000.0,"","","","","","",CATRIDGE CANON 810 BLACK,"","",96.0,PCS,201000.0,0.00 %,"",0.0,19296000.0,19296000.0,0.0,"",0.0,0.0,"","","","",0.0,0.0
26/03/2022,Faktur Pembelian,13069,TATIK (LEGENDA),Lunas,"",13230000.0,0.0,25/04/2022,13230000.0,0.0,13230000.0,"","","","","","",TINTA EPSON 003 BLACK,"","",180.0,PCS,73500.0,0.00 %,"",0.0,13230000.0,13230000.0,0.0,"",0.0,0.0,"","","","",0.0,0.0
26/03/2022,Faktur Pembelian,JL.2203.08371,CANDRA (BLESSING),Lunas,"",38710000.0,38710000.0,09/04/2022,38710000.0,0.0,0.0,"","","","",ARIES,"",ASUS A416EPO-VIPS751 CI7-1165G7 8GB 512GB SSD MX 330 MN,"","",3.0,UNIT,12570000.0,0.00 %,"",0.0,37710000.0,37710000.0,0.0,"",0.0,0.0,"","","","",0.0,0.0
26/03/2022,Faktur Pembelian,JL.2203.08371,CANDRA (BLESSING),Lunas,"",38710000.0,38710000.0,09/04/2022,38710000.0,0.0,0.0,"","","","",ARIES,"",HDD EXTERNAL TRANCEND 2TB RUBBER,"","",1.0,PCS,1000000.0,0.00 %,"",0.0,1000000.0,1000000.0,0.0,"",0.0,0.0,"","","","",0.0,0.0
26/03/2022,Faktur Pembelian,JL.2203.08304,CANDRA (BLESSING),Lunas,"",13233000.0,13233000.0,09/04/2022,13233000.0,0.0,0.0,"","","","",RAHMAT,"",USB WIFI TPLINK WN 722,"","",22.0,PCS,102000.0,0.00 %,"",0.0,2244000.0,2244000.0,0.0,"",0.0,0.0,"","","","",0.0,0.0
26/03/2022,Faktur Pembelian,JL.2203.08304,CANDRA (BLESSING),Lunas,"",13233000.0,13233000.0,09/04/2022,13233000.0,0.0,0.0,"","","","",RAHMAT,"",RAM PC TEAM ELITE DDR4 4GB,"","",2.0,PCS,310000.0,0.00 %,"",0.0,620000.0,620000.0,0.0,"",0.0,0.0,"","","","",0.0,0.0
26/03/2022,Faktur Pembelian,JL.2203.08304,CANDRA (BLESSING),Lunas,"",13233000.0,13233000.0,09/04/2022,13233000.0,0.0,0.0,"","","","",RAHMAT,"",CAM CCTV EZVIZ C6N #,"","",2.0,UNIT,385000.0,0.00 %,"",0.0,770000.0,770000.0,0.0,"",0.0,0.0,"","","","",0.0,0.0
26/03/2022,Faktur Pembelian,JL.2203.08304,CANDRA (BLESSING),Lunas,"",13233000.0,13233000.0,09/04/2022,13233000.0,0.0,0.0,"","","","",RAHMAT,"",MODEM TELKOMSEL ORBIT STAR LITE,"","",3.0,UNIT,515000.0,0.00 %,"",0.0,1545000.0,1545000.0,0.0,"",0.0,0.0,"","","","",0.0,0.0
26/03/2022,Faktur Pembelian,JL.2203.08304,CANDRA (BLESSING),Lunas,"",13233000.0,13233000.0,09/04/2022,13233000.0,0.0,0.0,"","","","",RAHMAT,"",AXIOO MYBOOK 14E INTEL N4000 4GB SSD 256GB #,"","",2.0,UNIT,3535000.0,0.00 %,"",0.0,7070000.0,7070000.0,0.0,"",0.0,0.0,"","","","",0.0,0.0
26/03/2022,Faktur Pembelian,JL.2203.08304,CANDRA (BLESSING),Lunas,"",13233000.0,13233000.0,09/04/2022,13233000.0,0.0,0.0,"","","","",RAHMAT,"",MERCUSYS SWITCH 8 PORT MS108G 10/100/1000 Mbps Destop,"","",6.0,UNIT,164000.0,0.00 %,"",0.0,984000.0,984000.0,0.0,"",0.0,0.0,"","","","",0.0,0.0
26/03/2022,Faktur Pembelian,13070,FIKTIF BELI,Lunas,"",200000.0,0.0,25/04/2022,200000.0,0.0,200000.0,"","","","","","",AMPLOP PAPER LINE ( LEM ),"","",10.0,KOTAK,20000.0,0.00 %,"",0.0,200000.0,200000.0,0.0,"",0.0,0.0,"","","","",0.0,0.0
26/03/2022,Faktur Pembelian,032022203247,AGUS (DORAN),Lunas,"",10100000.0,0.0,25/04/2022,10100000.0,0.0,10100000.0,"",SURABAYA,"","","","",SSD SANDISK PLUS 240GB,"","",20.0,PCS,505000.0,0.00 %,"",0.0,10100000.0,10100000.0,0.0,"",0.0,0.0,"","","","",0.0,0.0
26/03/2022,Faktur Pembelian,00606543_036,PRIYO (K GALAXY),Lunas,"",7290000.0,7290000.0,25/04/2022,7290000.0,0.0,0.0,"","","","","","",PROCESSOR  CORE 2 DUO 3.0 GHZ E8400 FAN,"","",15.0,PCS,76000.0,0.00 %,"",0.0,1140000.0,1140000.0,0.0,"",0.0,0.0,"","","","",0.0,0.0
26/03/2022,Faktur Pembelian,00606543_036,PRIYO (K GALAXY),Lunas,"",7290000.0,7290000.0,25/04/2022,7290000.0,0.0,0.0,"","","","","","",RAM PC  BULLDOZER / HYNIX DDR3 4GB,"","",10.0,PCS,175000.0,0.00 %,"",0.0,1750000.0,1750000.0,0.0,"",0.0,0.0,"","","","",0.0,0.0
26/03/2022,Faktur Pembelian,00606543_036,PRIYO (K GALAXY),Lunas,"",7290000.0,7290000.0,25/04/2022,7290000.0,0.0,0.0,"","","","","","",MB MAXX ON G41D3-MX,"","",10.0,PCS,440000.0,0.00 %,"",0.0,4400000.0,4400000.0,0.0,"",0.0,0.0,"","","","",0.0,0.0
27/03/2022,Faktur Pembelian,13071,ONLINE,Lunas,"",2100000.0,0.0,26/04/2022,2100000.0,0.0,2100000.0,"","","","","","",CATRDIGE CANON CA91 / BH7 (G2010),"","",6.0,PCS,350000.0,0.00 %,"",0.0,2100000.0,2100000.0,0.0,"",0.0,0.0,"","","","",0.0,0.0
27/03/2022,Faktur Pembelian,13072,FIKTIF BELI,Lunas,"",65000.0,0.0,26/04/2022,65000.0,0.0,65000.0,"","","","","","",TINTA CANON ORI 790 BLACK NON PACK,"","",1.0,PCS,65000.0,0.00 %,"",0.0,65000.0,65000.0,0.0,"",0.0,0.0,"","","","",0.0,0.0
27/03/2022,Faktur Pembelian,13072,FIKTIF BELI,Lunas,"",65000.0,0.0,26/04/2022,65000.0,0.0,65000.0,"","","","","","",TINTA CANON ORI 790 CYAN NON PACK,"","",1.0,PCS,0.0,0.00 %,"",0.0,0.0,0.0,0.0,"",0.0,0.0,"","","","",0.0,0.0
27/03/2022,Faktur Pembelian,13072,FIKTIF BELI,Lunas,"",65000.0,0.0,26/04/2022,65000.0,0.0,65000.0,"","","","","","",TINTA CANON ORI 790 YELLOW NON PACK,"","",1.0,PCS,0.0,0.00 %,"",0.0,0.0,0.0,0.0,"",0.0,0.0,"","","","",0.0,0.0
27/03/2022,Faktur Pembelian,13072,FIKTIF BELI,Lunas,"",65000.0,0.0,26/04/2022,65000.0,0.0,65000.0,"","","","","","",TINTA CANON ORI 790 MAGENTA NON PACK,"","",1.0,PCS,0.0,0.00 %,"",0.0,0.0,0.0,0.0,"",0.0,0.0,"","","","",0.0,0.0
27/03/2022,Faktur Pembelian,13073,ONLINE,Lunas,"",3300000.0,0.0,26/04/2022,3300000.0,0.0,3300000.0,"","","","","","",TRIPOT SOMITA ST 3520,"","",10.0,UNIT,180000.0,0.00 %,"",0.0,1800000.0,1800000.0,0.0,"",0.0,0.0,"","","","",0.0,0.0
27/03/2022,Faktur Pembelian,13073,ONLINE,Lunas,"",3300000.0,0.0,26/04/2022,3300000.0,0.0,3300000.0,"","","","","","",TRIPOT TAKARA ECO 183 A,"","",10.0,UNIT,150000.0,0.00 %,"",0.0,1500000.0,1500000.0,0.0,"",0.0,0.0,"","","","",0.0,0.0
27/03/2022,Faktur Pembelian,13074,FIKTIF BELI,Lunas,"",2060000.0,0.0,26/04/2022,2060000.0,0.0,2060000.0,"","","","","","",STIKER NAMA UNDANGAN POLOS (103),"","",1000.0,PCS,2060.0,0.00 %,"",0.0,2060000.0,2060000.0,0.0,"",0.0,0.0,"","","","",0.0,0.0
27/03/2022,Faktur Pembelian,13075,FIKTIF BELI,Lunas,"",0.0,0.0,26/04/2022,0.0,0.0,0.0,"","","","","","",TINTA CANON ORI 790 BLACK NON PACK,"","",1.0,PCS,0.0,0.00 %,"",0.0,0.0,0.0,0.0,"",0.0,0.0,"","","","",0.0,0.0
27/03/2022,Faktur Pembelian,13075,FIKTIF BELI,Lunas,"",0.0,0.0,26/04/2022,0.0,0.0,0.0,"","","","","","",TINTA CANON ORI 790 CYAN NON PACK,"","",1.0,PCS,0.0,0.00 %,"",0.0,0.0,0.0,0.0,"",0.0,0.0,"","","","",0.0,0.0
27/03/2022,Faktur Pembelian,13075,FIKTIF BELI,Lunas,"",0.0,0.0,26/04/2022,0.0,0.0,0.0,"","","","","","",TINTA CANON ORI 790 YELLOW NON PACK,"","",1.0,PCS,0.0,0.00 %,"",0.0,0.0,0.0,0.0,"",0.0,0.0,"","","","",0.0,0.0
27/03/2022,Faktur Pembelian,13075,FIKTIF BELI,Lunas,"",0.0,0.0,26/04/2022,0.0,0.0,0.0,"","","","","","",TINTA CANON ORI 790 MAGENTA NON PACK,"","",1.0,PCS,0.0,0.00 %,"",0.0,0.0,0.0,0.0,"",0.0,0.0,"","","","",0.0,0.0
27/03/2022,Faktur Pembelian,13076,DARMA DJ COMP,Lunas,"",1980000.0,0.0,26/04/2022,1980000.0,0.0,1980000.0,"","","","","","",CATRDIGE CANON CA91 / BH7 (G2010),"","",6.0,PCS,330000.0,0.00 %,"",0.0,1980000.0,1980000.0,0.0,"",0.0,0.0,"","","",087876835295,0.0,0.0
27/03/2022,Faktur Pembelian,000941,LILI (PLATINUM),Lunas,"",850000.0,850000.0,26/04/2022,850000.0,0.0,0.0,"","","","","","",KEYBOARD ACER A314 33 (LM),"","",5.0,PCS,170000.0,0.00 %,"",0.0,850000.0,850000.0,0.0,"",0.0,0.0,"","","","",0.0,0.0
28/03/2022,Faktur Pembelian,13077,FIKTIF BELI,Lunas,"",230000.0,0.0,27/04/2022,230000.0,0.0,230000.0,"","","","","","",STIKER NAMA UNDANGAN MOTIF KEMBANG 103,"","",100.0,PCS,2300.0,0.00 %,"",0.0,230000.0,230000.0,0.0,"",0.0,0.0,"","","","",0.0,0.0
28/03/2022,Faktur Pembelian,ACJ01/01/FP/2203/BH00018,PT. ANGKASA CERAH JAYA,Lunas,"",7550000.0,7550000.0,27/04/2022,6863636.363636,686363.636364,0.0,"",SURABAYA,"","",CV TIGA NUSA,"","* HP 15S-DU3577TU SILVER I3 1115G4 WIN11 (15,6""/UMA/512GB SSD/8GB)","","",1.0,UNIT,6863636.363636,0.00 %,10.0,686363.6363636,6863636.363636,6863636.363636,0.0,"",0.0,0.0,PT. ANGKASA CERAH JAYA,"",0815 5395 1313,"",0.0,0.0
28/03/2022,Faktur Pembelian,13079,IQ TRONIK,Lunas,"",18540000.0,0.0,27/04/2022,18540000.0,0.0,18540000.0,"","","","","","",KERTAS FOTO SPECTRA GLOSSY 260,"","",240.0,PCS,51500.0,0.00 %,"",0.0,12360000.0,12360000.0,0.0,"",0.0,0.0,"","","","",0.0,0.0
28/03/2022,Faktur Pembelian,13079,IQ TRONIK,Lunas,"",18540000.0,0.0,27/04/2022,18540000.0,0.0,18540000.0,"","","","","","",KERTAS FOTO SPECTRA SILKY 260,"","",120.0,PCS,51500.0,0.00 %,"",0.0,6180000.0,6180000.0,0.0,"",0.0,0.0,"","","","",0.0,0.0
28/03/2022,Faktur Pembelian,ACJ01/01/FP/2203/BH00019,PT. ANGKASA CERAH JAYA,Lunas,"",14310000.000001,14310000.000001,27/04/2022,13009090.909092,1300909.090909,0.0,"",SURABAYA,"","",CV TIGA NUSA,"",* ACER 3 A314 22 AMD 3020E 4GB 256GB SSD,"","",3.0,UNIT,4336363.636364,0.00 %,10.0,1300909.0909092,13009090.909092,13009090.909092,0.0,"",0.0,0.0,PT. ANGKASA CERAH JAYA,"",0815 5395 1313,"",0.0,0.0
28/03/2022,Faktur Pembelian,JL.2203.08826,CANDRA (BLESSING),Lunas,"",5110000.0,5110000.0,11/04/2022,5110000.0,0.0,0.0,"","","","",RAHMAT,"",PROC INTEL i7 10700 COMET LAKE INCLUD FAN,"","",1.0,UNIT,4030000.0,0.00 %,"",0.0,4030000.0,4030000.0,0.0,"",0.0,0.0,"","","","",0.0,0.0
28/03/2022,Faktur Pembelian,JL.2203.08826,CANDRA (BLESSING),Lunas,"",5110000.0,5110000.0,11/04/2022,5110000.0,0.0,0.0,"","","","",RAHMAT,"",RAM PC CORSAIR DDR4 PC1X16GB,"","",1.0,PCS,1080000.0,0.00 %,"",0.0,1080000.0,1080000.0,0.0,"",0.0,0.0,"","","","",0.0,0.0
28/03/2022,Faktur Pembelian,JL.2203.08822,CANDRA (BLESSING),Lunas,"",8115000.0,8115000.0,11/04/2022,8115000.0,0.0,0.0,"","","","",RAHMAT,"",PSU AEROCOOL LUX 550W BRONZE (dus putih),"","",1.0,PCS,483000.0,0.00 %,"",0.0,483000.0,483000.0,0.0,"",0.0,0.0,"","","","",0.0,0.0
28/03/2022,Faktur Pembelian,JL.2203.08822,CANDRA (BLESSING),Lunas,"",8115000.0,8115000.0,11/04/2022,8115000.0,0.0,0.0,"","","","",RAHMAT,"",CASING PARADOX GAMING HEATH,"","",1.0,PCS,425000.0,0.00 %,"",0.0,425000.0,425000.0,0.0,"",0.0,0.0,"","","","",0.0,0.0
28/03/2022,Faktur Pembelian,JL.2203.08822,CANDRA (BLESSING),Lunas,"",8115000.0,8115000.0,11/04/2022,8115000.0,0.0,0.0,"","","","",RAHMAT,"",SSD SAMSUNG 500GB 980 PRO NVME M.2,"","",1.0,PCS,1970000.0,0.00 %,"",0.0,1970000.0,1970000.0,0.0,"",0.0,0.0,"","","","",0.0,0.0
28/03/2022,Faktur Pembelian,JL.2203.08822,CANDRA (BLESSING),Lunas,"",8115000.0,8115000.0,11/04/2022,8115000.0,0.0,0.0,"","","","",RAHMAT,"","LED LG 18,5 19M38A","","",3.0,UNIT,1370000.0,0.00 %,"",0.0,4110000.0,4110000.0,0.0,"",0.0,0.0,"","","","",0.0,0.0
28/03/2022,Faktur Pembelian,JL.2203.08822,CANDRA (BLESSING),Lunas,"",8115000.0,8115000.0,11/04/2022,8115000.0,0.0,0.0,"","","","",RAHMAT,"",MB MSI H510M PRO,"","",1.0,UNIT,1127000.0,0.00 %,"",0.0,1127000.0,1127000.0,0.0,"",0.0,0.0,"","","","",0.0,0.0
28/03/2022,Faktur Pembelian,JL.2203.08869,CANDRA (BLESSING),Lunas,"",4820000.0,4820000.0,11/04/2022,4381818.181818,438181.818182,0.0,"","","","",CV TIGA NUSA,"",* HP 14S INTEL N4120 4GB SSD 256GB WIN 10 #,"","",1.0,UNIT,4381818.181818,0.00 %,10.0,438181.8181818,4381818.181818,4381818.181818,0.0,"",0.0,0.0,"","","","",0.0,0.0
28/03/2022,Faktur Pembelian,JL.2203.08703,CANDRA (BLESSING),Lunas,"",6215000.0,6215000.0,11/04/2022,6215000.0,0.0,0.0,"","","","",AGUS,"",DELL VOSTRO 14 3405 AMD RYZEN 3 3250U 4GB 1TB HDD,"","",1.0,UNIT,6215000.0,0.00 %,"",0.0,6215000.0,6215000.0,0.0,"",0.0,0.0,"","","","",0.0,0.0
28/03/2022,Faktur Pembelian,JL.2203.08645,CANDRA (BLESSING),Lunas,"",770000.0,770000.0,11/04/2022,770000.0,0.0,0.0,"","","","",RAHMAT,"",CAM CCTV EZVIZ C6N #,"","",2.0,UNIT,385000.0,0.00 %,"",0.0,770000.0,770000.0,0.0,"",0.0,0.0,"","","","",0.0,0.0
28/03/2022,Faktur Pembelian,JL.2203.08614,CANDRA (BLESSING),Lunas,"",16499999.999999,16499999.999999,11/04/2022,14999999.999999,1500000.0,0.0,"","","","",CV TIGA NUSA,"",* HP 14S INTEL N4120 4GB SSD 256GB WIN 10 #,"","",3.0,UNIT,4381818.181818,0.00 %,10.0,1314545.4545454,13145454.545454,13145454.545454,0.0,"",0.0,0.0,"","","","",0.0,0.0
28/03/2022,Faktur Pembelian,JL.2203.08614,CANDRA (BLESSING),Lunas,"",16499999.999999,16499999.999999,11/04/2022,14999999.999999,1500000.0,0.0,"","","","",CV TIGA NUSA,"",* PRINTER CANON G2020 PSC,"","",1.0,UNIT,1854545.454545,0.00 %,10.0,185454.5454545,1854545.454545,1854545.454545,0.0,"",0.0,0.0,"","","","",0.0,0.0
28/03/2022,Faktur Pembelian,JL.2203.08964,CANDRA (BLESSING),Lunas,"",13610000.0,13610000.0,11/04/2022,13610000.0,0.0,0.0,"","","","",RAHMAT,"",CASING PARADOX GAMING HEATH,"","",1.0,PCS,425000.0,0.00 %,"",0.0,425000.0,425000.0,0.0,"",0.0,0.0,"","","","",0.0,0.0
28/03/2022,Faktur Pembelian,JL.2203.08964,CANDRA (BLESSING),Lunas,"",13610000.0,13610000.0,11/04/2022,13610000.0,0.0,0.0,"","","","",RAHMAT,"",PROC AMD RYZEN R7 5800X BOX,"","",1.0,UNIT,5720000.0,0.00 %,"",0.0,5720000.0,5720000.0,0.0,"",0.0,0.0,"","","","",0.0,0.0
28/03/2022,Faktur Pembelian,JL.2203.08964,CANDRA (BLESSING),Lunas,"",13610000.0,13610000.0,11/04/2022,13610000.0,0.0,0.0,"","","","",RAHMAT,"",MB ASROCK X570 PHANTOM GAMING 4,"","",1.0,UNIT,2580000.0,0.00 %,"",0.0,2580000.0,2580000.0,0.0,"",0.0,0.0,"","","","",0.0,0.0
28/03/2022,Faktur Pembelian,JL.2203.08964,CANDRA (BLESSING),Lunas,"",13610000.0,13610000.0,11/04/2022,13610000.0,0.0,0.0,"","","","",RAHMAT,"",VGA COLORFUL GTX 1050TI 4GB V,"","",1.0,UNIT,2940000.0,0.00 %,"",0.0,2940000.0,2940000.0,0.0,"",0.0,0.0,"","","","",0.0,0.0
28/03/2022,Faktur Pembelian,JL.2203.08964,CANDRA (BLESSING),Lunas,"",13610000.0,13610000.0,11/04/2022,13610000.0,0.0,0.0,"","","","",RAHMAT,"",PSU CORSAIR 650 CXM 80+ BRONZE,"","",1.0,UNIT,1155000.0,0.00 %,"",0.0,1155000.0,1155000.0,0.0,"",0.0,0.0,"","","","",0.0,0.0
28/03/2022,Faktur Pembelian,JL.2203.08964,CANDRA (BLESSING),Lunas,"",13610000.0,13610000.0,11/04/2022,13610000.0,0.0,0.0,"","","","",RAHMAT,"",FAN PROC COOLER MASTER MASTER LIQUID ML120L V2 RGB MLW D12M A18PC R2,"","",1.0,UNIT,790000.0,0.00 %,"",0.0,790000.0,790000.0,0.0,"",0.0,0.0,"","","","",0.0,0.0
28/03/2022,Faktur Pembelian,JL.2203.08966,CANDRA (BLESSING),Lunas,"",2215000.0,2215000.0,11/04/2022,2215000.0,0.0,0.0,"","","","",RAHMAT,"",SSD WD BLACK 500GB GEN4 SN770 NVME M.2 2280 GEN4 5000MB/S,"","",1.0,PCS,1195000.0,0.00 %,"",0.0,1195000.0,1195000.0,0.0,"",0.0,0.0,"","","","",0.0,0.0
28/03/2022,Faktur Pembelian,JL.2203.08966,CANDRA (BLESSING),Lunas,"",2215000.0,2215000.0,11/04/2022,2215000.0,0.0,0.0,"","","","",RAHMAT,"",MMR KINGSTONE FURY BEAST 16GB DDR 4 KF432C16BB1/16 PC 3200 BLACK,"","",1.0,PCS,1020000.0,0.00 %,"",0.0,1020000.0,1020000.0,0.0,"",0.0,0.0,"","","","",0.0,0.0
28/03/2022,Faktur Pembelian,FK 8045,BETA COM,Lunas,"",17125000.0,17125000.0,04/04/2022,17125000.0,0.0,0.0,"","","","","","",PRINTER CANON PIXMA IP 2770,"","",5.0,UNIT,810000.0,0.00 %,"",0.0,4050000.0,4050000.0,0.0,"",0.0,0.0,"","","","",0.0,0.0
28/03/2022,Faktur Pembelian,FK 8045,BETA COM,Lunas,"",17125000.0,17125000.0,04/04/2022,17125000.0,0.0,0.0,"","","","","","",PRINTER CANON G2010,"","",2.0,UNIT,1800000.0,0.00 %,"",0.0,3600000.0,3600000.0,0.0,"",0.0,0.0,"","","","",0.0,0.0
28/03/2022,Faktur Pembelian,FK 8045,BETA COM,Lunas,"",17125000.0,17125000.0,04/04/2022,17125000.0,0.0,0.0,"","","","","","",PRINTER CANON G2020 PSC,"","",5.0,UNIT,1895000.0,0.00 %,"",0.0,9475000.0,9475000.0,0.0,"",0.0,0.0,"","","","",0.0,0.0
28/03/2022,Faktur Pembelian,2202596,YOGA (WAHANA),Lunas,"",23850000.0,23850000.0,27/04/2022,23850000.0,0.0,0.0,"","","","","","",ACER A314 22 AMD ATHLON 3020E 4GB 256GB SSD #,"","",5.0,UNIT,4770000.0,0.00 %,"",0.0,23850000.0,23850000.0,0.0,"",0.0,0.0,"","","","",0.0,0.0
28/03/2022,Faktur Pembelian,JL5522031006,YULI (HP CENTRE),Lunas,"",15700000.000001,15700000.000001,27/04/2022,14272727.272728,1427272.727273,0.0,"","","","",CV TIGA NUSA,"",* AIO ACER C22 - 1650 Ci3-1115G4 4GB 512GB SSD WIN 10,"","",2.0,UNIT,7136363.636364,0.00 %,10.0,1427272.7272728,14272727.272728,14272727.272728,0.0,"",0.0,0.0,"","","","",0.0,0.0
28/03/2022,Faktur Pembelian,2203DPS02/K0118,PT GALVA TECHNOLOGIES,Lunas,"",890624.0,890624.0,11/04/2022,809658.181818,80965.818182,0.0,"",DENPASAR - BALI,"","",CV TIGA NUSA,"",* TOA COLUMN SPEAKER 20 WATT ZS-202C,"","",1.0,UNIT,809658.181818,0.00 %,10.0,80965.8181818,809658.181818,809658.181818,0.0,"",0.0,0.0,PT GALVA TECHNOLOGIES,"",0813 3803 4200,081338034200,0.0,0.0
29/03/2022,Faktur Pembelian,13080,DARMA DJ COMP,Lunas,"",24200000.0,0.0,28/04/2022,24200000.0,0.0,24200000.0,"","","","","","",HP 14S-CF2076TU-36F70PA Ci3-10110U 4GB SSD 256GB WIN10  NW,"",UPGREAD RAM 4GB ,2.0,UNIT,7100000.0,0.00 %,"",0.0,14200000.0,14200000.0,0.0,"",0.0,0.0,"","","",087876835295,0.0,0.0
29/03/2022,Faktur Pembelian,13080,DARMA DJ COMP,Lunas,"",24200000.0,0.0,28/04/2022,24200000.0,0.0,24200000.0,"","","","","","",HP 14S I5 1135G7 8GB 512GB SSD IRIS XE WIN11,"","",1.0,UNIT,10000000.0,0.00 %,"",0.0,10000000.0,10000000.0,0.0,"",0.0,0.0,"","","",087876835295,0.0,0.0
29/03/2022,Faktur Pembelian,JL.2203.09117,CANDRA (BLESSING),Lunas,"",5320000.0,5320000.0,12/04/2022,5320000.0,0.0,0.0,"","","","",RAHMAT,"",PRINTER CANON G1010,"","",1.0,UNIT,1415000.0,0.00 %,"",0.0,1415000.0,1415000.0,0.0,"",0.0,0.0,"","","","",0.0,0.0
29/03/2022,Faktur Pembelian,JL.2203.09117,CANDRA (BLESSING),Lunas,"",5320000.0,5320000.0,12/04/2022,5320000.0,0.0,0.0,"","","","",RAHMAT,"",SODIMM LEXAR DDR4 4GB 3200,"","",1.0,PCS,490000.0,0.00 %,"",0.0,490000.0,490000.0,0.0,"",0.0,0.0,"","","","",0.0,0.0
29/03/2022,Faktur Pembelian,JL.2203.09117,CANDRA (BLESSING),Lunas,"",5320000.0,5320000.0,12/04/2022,5320000.0,0.0,0.0,"","","","",RAHMAT,"",MODEM TELKOMSEL ORBIT STAR LITE,"","",5.0,UNIT,515000.0,0.00 %,"",0.0,2575000.0,2575000.0,0.0,"",0.0,0.0,"","","","",0.0,0.0
29/03/2022,Faktur Pembelian,JL.2203.09117,CANDRA (BLESSING),Lunas,"",5320000.0,5320000.0,12/04/2022,5320000.0,0.0,0.0,"","","","",RAHMAT,"",HDD PC SEAGATE 2TB SKYHAWK #,"","",1.0,PCS,840000.0,0.00 %,"",0.0,840000.0,840000.0,0.0,"",0.0,0.0,"","","","",0.0,0.0
29/03/2022,Faktur Pembelian,JL.2203.09115,CANDRA (BLESSING),Lunas,"",13045000.0,13045000.0,12/04/2022,11859090.909091,1185909.090909,0.0,"","","","",CV TIGA NUSA,"",* ACER NITRO 5 AN515-57-52BQ CI5-11400H 8GB 512GB SSD RTX 3050 4GB W11 NW,"","",1.0,UNIT,11859090.909091,0.00 %,10.0,1185909.0909091,11859090.909091,11859090.909091,0.0,"",0.0,0.0,"","","","",0.0,0.0
29/03/2022,Faktur Pembelian,13081,DARMA DJ COMP,Lunas,"",64125000.0,0.0,28/04/2022,64125000.0,0.0,64125000.0,"","","","","","",ASUS X441MA GA022T HDD 1TB CEL W10 (BLUE) + TAS,"",sudah,2.0,UNIT,3575000.0,0.00 %,"",0.0,7150000.0,7150000.0,0.0,"",0.0,0.0,"","","",087876835295,0.0,0.0
29/03/2022,Faktur Pembelian,13081,DARMA DJ COMP,Lunas,"",64125000.0,0.0,28/04/2022,64125000.0,0.0,64125000.0,"","","","","","",ASUS X441MA GA012T HDD 1TB CEL WIN10 (SILVER),"",sudah,2.0,UNIT,3575000.0,0.00 %,"",0.0,7150000.0,7150000.0,0.0,"",0.0,0.0,"","","",087876835295,0.0,0.0
29/03/2022,Faktur Pembelian,13081,DARMA DJ COMP,Lunas,"",64125000.0,0.0,28/04/2022,64125000.0,0.0,64125000.0,"","","","","","",ASUS X441MA GA033T CEL N4020 4GB 1TB HDD WIN10 ROSE,"",sudah,1.0,UNIT,3575000.0,0.00 %,"",0.0,3575000.0,3575000.0,0.0,"",0.0,0.0,"","","",087876835295,0.0,0.0
29/03/2022,Faktur Pembelian,13081,DARMA DJ COMP,Lunas,"",64125000.0,0.0,28/04/2022,64125000.0,0.0,64125000.0,"","","","","","",ACER A314-35-C2T9 N5100 4GB 256GB SSD #,"",MASUK 5,10.0,UNIT,4625000.0,0.00 %,"",0.0,46250000.0,46250000.0,0.0,"",0.0,0.0,"","","",087876835295,0.0,0.0
29/03/2022,Faktur Pembelian,13083,FIKTIF BELI,Lunas,"",83950.0,0.0,28/04/2022,83950.0,0.0,83950.0,"","","","","","",ALFA INK ART PAPER YELLOW,"","",1.0,PCS,83950.0,0.00 %,"",0.0,83950.0,83950.0,0.0,"",0.0,0.0,"","","","",0.0,0.0
29/03/2022,Faktur Pembelian,JL.2203.09236,CANDRA (BLESSING),Lunas,"",3535000.0,3535000.0,12/04/2022,3535000.0,0.0,0.0,"","","","",RAHMAT,"",AXIOO MYBOOK 14E INTEL N4000 4GB SSD 256GB #,"","",1.0,UNIT,3535000.0,0.00 %,"",0.0,3535000.0,3535000.0,0.0,"",0.0,0.0,"","","","",0.0,0.0
29/03/2022,Faktur Pembelian,JL.2203.09240,CANDRA (BLESSING),Lunas,"",1306000.0,1306000.0,12/04/2022,1306000.0,0.0,0.0,"","","","",RAHMAT,"",KABEL VGA 20 METER,"","",2.0,PCS,138000.0,0.00 %,"",0.0,276000.0,276000.0,0.0,"",0.0,0.0,"","","","",0.0,0.0
29/03/2022,Faktur Pembelian,JL.2203.09240,CANDRA (BLESSING),Lunas,"",1306000.0,1306000.0,12/04/2022,1306000.0,0.0,0.0,"","","","",RAHMAT,"",MODEM TELKOMSEL ORBIT STAR LITE,"","",2.0,UNIT,515000.0,0.00 %,"",0.0,1030000.0,1030000.0,0.0,"",0.0,0.0,"","","","",0.0,0.0
29/03/2022,Faktur Pembelian,00606723_036,PRIYO (K GALAXY),Lunas,"",8935000.0,8935000.0,28/04/2022,8935000.0,0.0,0.0,"","","","","","",RAM PC  BULLDOZER / HYNIX DDR3 4GB,"","",6.0,PCS,175000.0,0.00 %,"",0.0,1050000.0,1050000.0,0.0,"",0.0,0.0,"","","","",0.0,0.0
29/03/2022,Faktur Pembelian,00606723_036,PRIYO (K GALAXY),Lunas,"",8935000.0,8935000.0,28/04/2022,8935000.0,0.0,0.0,"","","","","","",MB ASUS H81M - K,"","",5.0,PCS,1115000.0,0.00 %,"",0.0,5575000.0,5575000.0,0.0,"",0.0,0.0,"","","","",0.0,0.0
29/03/2022,Faktur Pembelian,00606723_036,PRIYO (K GALAXY),Lunas,"",8935000.0,8935000.0,28/04/2022,8935000.0,0.0,0.0,"","","","","","",PROCESSOR  INTEL I5 - GEN 4,"","",3.0,PCS,770000.0,0.00 %,"",0.0,2310000.0,2310000.0,0.0,"",0.0,0.0,"","","","",0.0,0.0
29/03/2022,Faktur Pembelian,00606722_036,PRIYO (K GALAXY),Lunas,BARU MASUK 5,13395000.0,13395000.0,28/04/2022,13395000.0,0.0,0.0,"","","","","","","MONITOR LED VARRO 19"" HDMI","","",15.0,UNIT,893000.0,0.00 %,"",0.0,13395000.0,13395000.0,0.0,"",0.0,0.0,"","","","",0.0,0.0
30/03/2022,Faktur Pembelian,JL.2203.09326,CANDRA (BLESSING),Lunas,"",33800000.0,33800000.0,13/04/2022,33800000.0,0.0,0.0,"","","","",RAHMAT,"","ACER 5 A514 - 54  - Ci3-1115G4 4GB 512GB SSD 14""","","",5.0,UNIT,6760000.0,0.00 %,"",0.0,33800000.0,33800000.0,0.0,"",0.0,0.0,"","","","",0.0,0.0
30/03/2022,Faktur Pembelian,JL.2203.09501,CANDRA (BLESSING),Lunas,"",12160000.000001,12160000.000001,13/04/2022,11054545.454546,1105454.545455,0.0,"","","","",CV TIGA NUSA,"","* ASUS A416FA-FHD CI3-10110U  4GB 256GB SSD 14"" #","","",2.0,UNIT,5527272.727273,0.00 %,10.0,1105454.5454546,11054545.454546,11054545.454546,0.0,"",0.0,0.0,"","","","",0.0,0.0
30/03/2022,Faktur Pembelian,D/22/00517/NTB,PT SAMAMAJU PRIMA NTB,Lunas,"",36781123.0,36781123.0,29/04/2022,36781123.0,0.0,0.0,"","","","",AGUS,"",PAPERLINE CF K3 W PRS ( 3 PLY PRS ),"","",40.0,DUS,429249.15,0.00 %,"",0.0,17169966.0,17169966.0,0.0,"",0.0,0.0,"","","","",0.0,0.0
30/03/2022,Faktur Pembelian,D/22/00517/NTB,PT SAMAMAJU PRIMA NTB,Lunas,"",36781123.0,36781123.0,29/04/2022,36781123.0,0.0,0.0,"","","","",AGUS,"",KERTAS 2 PLY PRS,"","",60.0,DUS,278452.35,0.00 %,"",0.0,16707141.0,16707141.0,0.0,"",0.0,0.0,"","","","",0.0,0.0
30/03/2022,Faktur Pembelian,D/22/00517/NTB,PT SAMAMAJU PRIMA NTB,Lunas,"",36781123.0,36781123.0,29/04/2022,36781123.0,0.0,0.0,"","","","",AGUS,"",PAPERLINE 1 PLY A3 CF B1,"","",10.0,DUS,290401.6,0.00 %,"",0.0,2904016.0,2904016.0,0.0,"",0.0,0.0,"","","","",0.0,0.0
30/03/2022,Faktur Pembelian,D/22/00459/NTB,PT SAMAMAJU PRIMA NTB,Lunas,"",54579690.0,54579690.0,29/04/2022,54579690.0,0.0,0.0,"","","","",RAHMAT,"",SIDU A4 75 GSM,"","",1500.0,PCS,36386.46,0.00 %,"",0.0,54579690.0,54579690.0,0.0,"",0.0,0.0,"","","","",0.0,0.0
30/03/2022,Faktur Pembelian,D/22/00458/NTB,PT SAMAMAJU PRIMA NTB,Lunas,"",62117550.0,62117550.0,29/04/2022,62117550.0,0.0,0.0,"","","","",ARIES,"",SIDU F4 75 GSM,"","",1500.0,PCS,41411.7,0.00 %,"",0.0,62117550.0,62117550.0,0.0,"",0.0,0.0,"","","","",0.0,0.0
30/03/2022,Faktur Pembelian,D/22/00515/NTB,PT SAMAMAJU PRIMA NTB,Lunas,"",2234371.000015,2234371.000015,29/04/2022,2234371.000015,0.0,0.0,"","","","",AGUS,"",SIDU F4 WARNA BIRU,"","",35.0,PCS,63839.171429,0.00 %,"",0.0,2234371.000015,2234371.000015,0.0,"",0.0,0.0,"","","","",0.0,0.0
30/03/2022,Faktur Pembelian,13084,FIKTIF BELI,Lunas,"",230000.0,0.0,29/04/2022,230000.0,0.0,230000.0,"","","","","","",STIKER NAMA UNDANGAN MOTIF KEMBANG 103,"","",100.0,PCS,2300.0,0.00 %,"",0.0,230000.0,230000.0,0.0,"",0.0,0.0,"","","","",0.0,0.0
30/03/2022,Faktur Pembelian,13085,FIKTIF BELI,Lunas,"",185000.0,0.0,29/04/2022,185000.0,0.0,185000.0,"","","","","","",TINTA CANON ORI GI 71 BLACK NON PACK,"","",1.0,PCS,95000.0,0.00 %,"",0.0,95000.0,95000.0,0.0,"",0.0,0.0,"","","","",0.0,0.0
30/03/2022,Faktur Pembelian,13085,FIKTIF BELI,Lunas,"",185000.0,0.0,29/04/2022,185000.0,0.0,185000.0,"","","","","","",TINTA CANON ORI GI 71 MAGENTA NON PACK,"","",1.0,PCS,30000.0,0.00 %,"",0.0,30000.0,30000.0,0.0,"",0.0,0.0,"","","","",0.0,0.0
30/03/2022,Faktur Pembelian,13085,FIKTIF BELI,Lunas,"",185000.0,0.0,29/04/2022,185000.0,0.0,185000.0,"","","","","","",TINTA CANON ORI GI 71 YELLOW NON PACK,"","",1.0,PCS,30000.0,0.00 %,"",0.0,30000.0,30000.0,0.0,"",0.0,0.0,"","","","",0.0,0.0
30/03/2022,Faktur Pembelian,13085,FIKTIF BELI,Lunas,"",185000.0,0.0,29/04/2022,185000.0,0.0,185000.0,"","","","","","",TINTA CANON ORI GI 71 CYAN NON PACK,"","",1.0,PCS,30000.0,0.00 %,"",0.0,30000.0,30000.0,0.0,"",0.0,0.0,"","","","",0.0,0.0
30/03/2022,Faktur Pembelian,000945,LILI (PLATINUM),Lunas,"",7530000.0,7530000.0,29/04/2022,7530000.0,0.0,0.0,"","","","","","",MOUSE VOTRE / SANURPRO,"","",400.0,PCS,9500.0,0.00 %,"",0.0,3800000.0,3800000.0,0.0,"",0.0,0.0,"","","","",0.0,0.0
30/03/2022,Faktur Pembelian,000945,LILI (PLATINUM),Lunas,"",7530000.0,7530000.0,29/04/2022,7530000.0,0.0,0.0,"","","","","","",BATERAI ACER 4741 OR,"","",1.0,PCS,210000.0,0.00 %,"",0.0,210000.0,210000.0,0.0,"",0.0,0.0,"","","","",0.0,0.0
30/03/2022,Faktur Pembelian,000945,LILI (PLATINUM),Lunas,"",7530000.0,7530000.0,29/04/2022,7530000.0,0.0,0.0,"","","","","","",KABEL HDMI 15 METER,"","",11.0,PCS,90000.0,0.00 %,"",0.0,990000.0,990000.0,0.0,"",0.0,0.0,"","","","",0.0,0.0
30/03/2022,Faktur Pembelian,000945,LILI (PLATINUM),Lunas,"",7530000.0,7530000.0,29/04/2022,7530000.0,0.0,0.0,"","","","","","",KABEL HDMI 25 METER,"","",5.0,PCS,180000.0,0.00 %,"",0.0,900000.0,900000.0,0.0,"",0.0,0.0,"","","","",0.0,0.0
30/03/2022,Faktur Pembelian,000945,LILI (PLATINUM),Lunas,"",7530000.0,7530000.0,29/04/2022,7530000.0,0.0,0.0,"","","","","","",KABEL VGA 20 METER,"","",5.0,PCS,110000.0,0.00 %,"",0.0,550000.0,550000.0,0.0,"",0.0,0.0,"","","","",0.0,0.0
30/03/2022,Faktur Pembelian,000945,LILI (PLATINUM),Lunas,"",7530000.0,7530000.0,29/04/2022,7530000.0,0.0,0.0,"","","","","","",BATERAI TOSHIBA C640 OR (PA3817U),"","",1.0,PCS,210000.0,0.00 %,"",0.0,210000.0,210000.0,0.0,"",0.0,0.0,"","","","",0.0,0.0
30/03/2022,Faktur Pembelian,000945,LILI (PLATINUM),Lunas,"",7530000.0,7530000.0,29/04/2022,7530000.0,0.0,0.0,"","","","","","",ADAPTOR CCTV LG / SAMSUNG / DF12V #,"","",30.0,PCS,29000.0,0.00 %,"",0.0,870000.0,870000.0,0.0,"",0.0,0.0,"","","","",0.0,0.0
30/03/2022,Faktur Pembelian,00606796_036,PRIYO (K GALAXY),Lunas,"",15624000.0,15624000.0,29/04/2022,15624000.0,0.0,0.0,"","","","","","",UPS PROLINK PRO 1210 (1200VA),"","",16.0,PCS,976500.0,0.00 %,"",0.0,15624000.0,15624000.0,0.0,"",0.0,0.0,"","","","",0.0,0.0
31/03/2022,Faktur Pembelian,13086,ATM SURABAYA,Lunas,"",10670000.0,0.0,30/04/2022,10670000.0,0.0,10670000.0,"","","","","","",CAMERA CANON M50 KIT 15-45,"","",1.0,UNIT,10670000.0,0.00 %,"",0.0,10670000.0,10670000.0,0.0,"",0.0,0.0,"","","","",0.0,0.0
31/03/2022,Faktur Pembelian,JL.2203.09621,CANDRA (BLESSING),Lunas,"",665000.0,665000.0,14/04/2022,665000.0,0.0,0.0,"","","","",AGUS,"",ROBOT HUB USB 4 PORT H140-80 BLACK,"","",19.0,PCS,35000.0,0.00 %,"",0.0,665000.0,665000.0,0.0,"",0.0,0.0,"","","","",0.0,0.0
31/03/2022,Faktur Pembelian,JL.2203.09832,CANDRA (BLESSING),Lunas,"",5148000.0,5148000.0,14/04/2022,5148000.0,0.0,0.0,"","","","",RAHMAT,"","LED LG 24"" 24MK430H B HDMI IPS","","",2.0,PCS,2145000.0,0.00 %,"",0.0,4290000.0,4290000.0,0.0,"",0.0,0.0,"","","","",0.0,0.0
31/03/2022,Faktur Pembelian,JL.2203.09832,CANDRA (BLESSING),Lunas,"",5148000.0,5148000.0,14/04/2022,5148000.0,0.0,0.0,"","","","",RAHMAT,"",SODIMM LEXAR DDR 4 4GB PC4-2666,"","",1.0,PCS,293000.0,0.00 %,"",0.0,293000.0,293000.0,0.0,"",0.0,0.0,"","","","",0.0,0.0
31/03/2022,Faktur Pembelian,JL.2203.09832,CANDRA (BLESSING),Lunas,"",5148000.0,5148000.0,14/04/2022,5148000.0,0.0,0.0,"","","","",RAHMAT,"",SSD LEXAR 256GB NM620 M.2 2280 NVME PCI GEN3X4,"","",1.0,PCS,565000.0,0.00 %,"",0.0,565000.0,565000.0,0.0,"",0.0,0.0,"","","","",0.0,0.0
31/03/2022,Faktur Pembelian,JL.2203.09937,CANDRA (BLESSING),Lunas,"
",879000.0,879000.0,14/04/2022,879000.0,0.0,0.0,"","","","",RAHMAT,"",SODIMM LEXAR DDR 4 4GB PC4-2666,"","",3.0,PCS,293000.0,0.00 %,"",0.0,879000.0,879000.0,0.0,"",0.0,0.0,"","","","",0.0,0.0
31/03/2022,Faktur Pembelian,JL.2203.09834,CANDRA (BLESSING),Lunas,"",23699999.999997,23699999.999997,14/04/2022,21545454.545452,2154545.454545,0.0,"","","","",CV TIGA NUSA,"","* LENOVO IDEAPAD IP1-11IGL05-05ID INTEL N4020 4GB SSD 256GB 11,6"" NW","","",2.0,UNIT,3863636.363636,0.00 %,10.0,772727.2727271999,7727272.727272,7727272.727272,0.0,"",0.0,0.0,"","","","",0.0,0.0
31/03/2022,Faktur Pembelian,JL.2203.09834,CANDRA (BLESSING),Lunas,"",23699999.999997,23699999.999997,14/04/2022,21545454.545452,2154545.454545,0.0,"","","","",CV TIGA NUSA,"","* ASUS X441MAO INTEL N4020 4GB 1TB 14""","","",4.0,UNIT,3454545.454545,0.00 %,10.0,1381818.181818,13818181.81818,13818181.81818,0.0,"",0.0,0.0,"","","","",0.0,0.0
31/03/2022,Faktur Pembelian,JL.2203.09925,CANDRA (BLESSING),Lunas,"",13520000.0,13520000.0,14/04/2022,13520000.0,0.0,0.0,"","","","",AGUS,"","ACER 5 A514 - 54  - Ci3-1115G4 4GB 512GB SSD 14""","","",2.0,UNIT,6760000.0,0.00 %,"",0.0,13520000.0,13520000.0,0.0,"",0.0,0.0,"","","","",0.0,0.0
31/03/2022,Faktur Pembelian,2202671,YOGA (WAHANA),Lunas,"",23850000.0,23850000.0,30/04/2022,23850000.0,0.0,0.0,"","","","","","",ACER A314 22 AMD ATHLON 3020E 4GB 256GB SSD #,"","",5.0,UNIT,4770000.0,0.00 %,"",0.0,23850000.0,23850000.0,0.0,"",0.0,0.0,"","","","",0.0,0.0
31/03/2022,Faktur Pembelian,JL.2203.10138,CANDRA (BLESSING),Lunas,"",50645000.000002,50645000.000002,14/04/2022,46040909.090911,4604090.909091,0.0,"","","","",CV TIGA NUSA,"",* AIO ACER C22 - 1650 CI3-1115G4 4GB 1TB WIN10,"","",7.0,UNIT,6577272.727273,0.00 %,10.0,4604090.9090911,46040909.090911,46040909.090911,0.0,"",0.0,0.0,"","","","",0.0,0.0
31/03/2022,Faktur Pembelian,JL.2203.10141,CANDRA (BLESSING),Lunas,"",13580000.0,13580000.0,14/04/2022,13580000.0,0.0,0.0,"","","","",RAHMAT,"",HDD EXTERNAL TOSHIBA BASIC 1 TB,"","",2.0,PCS,615000.0,0.00 %,"",0.0,1230000.0,1230000.0,0.0,"",0.0,0.0,"","","","",0.0,0.0
31/03/2022,Faktur Pembelian,JL.2203.10141,CANDRA (BLESSING),Lunas,"",13580000.0,13580000.0,14/04/2022,13580000.0,0.0,0.0,"","","","",RAHMAT,"",HDD EXTERNAL SEAGATE EXPANSION 1TB #,"","",10.0,PCS,675000.0,0.00 %,"",0.0,6750000.0,6750000.0,0.0,"",0.0,0.0,"","","","",0.0,0.0
31/03/2022,Faktur Pembelian,JL.2203.10141,CANDRA (BLESSING),Lunas,"",13580000.0,13580000.0,14/04/2022,13580000.0,0.0,0.0,"","","","",RAHMAT,"","HDD EXTERNAL WD 1TB PASSPORT 2,5""","","",8.0,PCS,700000.0,0.00 %,"",0.0,5600000.0,5600000.0,0.0,"",0.0,0.0,"","","","",0.0,0.0
31/03/2022,Faktur Pembelian,13087,FIKTIF BELI,Lunas,"",260000.0,0.0,30/04/2022,260000.0,0.0,260000.0,"","","","","","",TINTA EPSON 003 BLACK,"","",1.0,PCS,65000.0,0.00 %,"",0.0,65000.0,65000.0,0.0,"",0.0,0.0,"","","","",0.0,0.0
31/03/2022,Faktur Pembelian,13087,FIKTIF BELI,Lunas,"",260000.0,0.0,30/04/2022,260000.0,0.0,260000.0,"","","","","","",TINTA EPSON 003 MAGENTA,"","",1.0,PCS,65000.0,0.00 %,"",0.0,65000.0,65000.0,0.0,"",0.0,0.0,"","","","",0.0,0.0
31/03/2022,Faktur Pembelian,13087,FIKTIF BELI,Lunas,"",260000.0,0.0,30/04/2022,260000.0,0.0,260000.0,"","","","","","",TINTA EPSON 003 CYAN,"","",1.0,PCS,65000.0,0.00 %,"",0.0,65000.0,65000.0,0.0,"",0.0,0.0,"","","","",0.0,0.0
31/03/2022,Faktur Pembelian,13087,FIKTIF BELI,Lunas,"",260000.0,0.0,30/04/2022,260000.0,0.0,260000.0,"","","","","","",TINTA EPSON 003 YELLOW,"","",1.0,PCS,65000.0,0.00 %,"",0.0,65000.0,65000.0,0.0,"",0.0,0.0,"","","","",0.0,0.0
31/03/2022,Faktur Pembelian,JL5522031185,YULI (HP CENTRE),Lunas,"",9500000.000002,9500000.000002,30/04/2022,8636363.636365,863636.363637,0.0,"","","","",CV TIGA NUSA,"",* PRINTER CANON G2020 PSC,"","",5.0,UNIT,1727272.727273,0.00 %,10.0,863636.3636365,8636363.636365,8636363.636365,0.0,"",0.0,0.0,"","","","",0.0,0.0
31/03/2022,Faktur Pembelian,JL5522031189,YULI (HP CENTRE),Lunas,"",25200000.0,25200000.0,30/04/2022,25200000.0,0.0,0.0,"","","","",ARIES,"",PRINTER CANON PIXMA IP 2770,"","",30.0,UNIT,840000.0,0.00 %,"",0.0,25200000.0,25200000.0,0.0,"",0.0,0.0,"","","","",0.0,0.0
31/03/2022,Faktur Pembelian,13089,FIKTIF BELI,Lunas,"",710000.0001,0.0,30/04/2022,710000.0001,0.0,710000.0001,"","","","","","",KABEL CCTV PERMETER,"","",300.0,METER,2366.666667,0.00 %,"",0.0,710000.0001,710000.0001,0.0,"",0.0,0.0,"","","","",0.0,0.0
31/03/2022,Faktur Pembelian,JL.2203.10154,CANDRA (BLESSING),Lunas,"",6750000.0,6750000.0,14/04/2022,6750000.0,0.0,0.0,"","","","",RAHMAT,"",HDD EXTERNAL SEAGATE EXPANSION 1TB #,"","",10.0,PCS,675000.0,0.00 %,"",0.0,6750000.0,6750000.0,0.0,"",0.0,0.0,"","","","",0.0,0.0
31/03/2022,Faktur Pembelian,13090,FIKTIF BELI,Lunas,"",185000.0,0.0,30/04/2022,185000.0,0.0,185000.0,"","","","","","",TINTA CANON ORI 790 BLACK NON PACK,"","",1.0,PCS,74000.0,0.00 %,"",0.0,74000.0,74000.0,0.0,"",0.0,0.0,"","","","",0.0,0.0
31/03/2022,Faktur Pembelian,13090,FIKTIF BELI,Lunas,"",185000.0,0.0,30/04/2022,185000.0,0.0,185000.0,"","","","","","",TINTA CANON ORI 790 CYAN NON PACK,"","",1.0,PCS,37000.0,0.00 %,"",0.0,37000.0,37000.0,0.0,"",0.0,0.0,"","","","",0.0,0.0
31/03/2022,Faktur Pembelian,13090,FIKTIF BELI,Lunas,"",185000.0,0.0,30/04/2022,185000.0,0.0,185000.0,"","","","","","",TINTA CANON ORI 790 YELLOW NON PACK,"","",1.0,PCS,37000.0,0.00 %,"",0.0,37000.0,37000.0,0.0,"",0.0,0.0,"","","","",0.0,0.0
31/03/2022,Faktur Pembelian,13090,FIKTIF BELI,Lunas,"",185000.0,0.0,30/04/2022,185000.0,0.0,185000.0,"","","","","","",TINTA CANON ORI 790 MAGENTA NON PACK,"","",1.0,PCS,37000.0,0.00 %,"",0.0,37000.0,37000.0,0.0,"",0.0,0.0,"","","","",0.0,0.0
31/03/2022,Faktur Pembelian,000947,LILI (PLATINUM),Lunas,"",360000.0,360000.0,30/04/2022,360000.0,0.0,0.0,"","","","","","",KEYBOARD LAPTOP ASUS A407,"","",3.0,PCS,120000.0,0.00 %,"",0.0,360000.0,360000.0,0.0,"",0.0,0.0,"","","","",0.0,0.0
31/03/2022,Faktur Pembelian,PJL-22-03-00786,PT. Surya Makmur Kreasindo (HJ),Lunas,"",22250000.000006,22250000.000006,14/04/2022,20045045.04505,2204954.954956,0.0,"",SURABAYA,"","",CV TIGA NUSA,"",* PRINTER EPSON L3210,"","",10.0,UNIT,2004504.504505,0.00 %,11.0,2204954.954955499999977950450450445,20045045.04505,20045045.04505,0.0,"",0.0,0.0,PT. Surya Makmur Kreasindo,"",081515111951,"",0.0,0.0
