Tanggal,Tipe Transaksi,Nomor Transaksi,Nama Panggilan,Status Hari Ini,Memo,Total,Sisa Tagihan
01/01/2021,Faktur Pembelian,10870,ONLINE,Lunas,"",13110000.0,0.0
01/01/2021,Faktur Pembelian,10871,ONLINE,Lunas,"",14220000.0,0.0
01/01/2021,Faktur Pembelian,10872,ONLINE,Lunas,"",9620000.0,0.0
01/01/2021,Faktur Pembelian,10873,ONLINE,Lunas,"",18402000.0,0.0
01/01/2021,Faktur Pembelian,JL00106349,WULAN (DISCOUNT NOTEBOOK),Lunas,"",325000.0,0.0
03/01/2021,Faktur Pembelian,10874,ONLINE,Lunas,"",1500000.0,0.0
03/01/2021,Faktur Pembelian,10875,ONLINE,Lunas,"",225000.0,0.0
03/01/2021,Faktur Pembelian,10876,ONLINE,Lunas,"",7300000.0,0.0
03/01/2021,Faktur Pembelian,10877,ONLINE,Lunas,"",250000.0,0.0
03/01/2021,Faktur Pembelian,10878,ONLINE,Lunas,"",1185000.00011,0.00011
03/01/2021,Faktur Pembelian,10879,ONLINE,Lunas,"",87520.0,0.0
04/01/2021,Faktur Pembelian,10880,LEON PT TUJUH ANUGRAH ABADI,Lunas,"",17040000.0,0.0
04/01/2021,Faktur Pembelian,10882,TATIK (LEGENDA),Lunas,"",18000000.0,0.0
04/01/2021,Faktur Pembelian,10883,ONLINE,Lunas,"",13860000.0,0.0
04/01/2021,Faktur Pembelian,10884,TATIK (LEGENDA),Lunas,"",5000000.0,0.0
04/01/2021,Faktur Pembelian,10886,ONLINE,Lunas,"",33040000.0,0.0
04/01/2021,Faktur Pembelian,10887,ONLINE,Lunas,"",24000000.0,0.0
04/01/2021,Faktur Pembelian,10888,ANDY (JMK),Lunas,"",36375000.0,0.0
04/01/2021,Faktur Pembelian,000149,LILI (PLATINUM),Lunas,"",4185000.0,0.0
04/01/2021,Faktur Pembelian,10889,LILI (PLATINUM),Lunas,"",4375000.0,0.0
04/01/2021,Faktur Pembelian,10890,PRIYO (K GALAXY),Lunas,"",10650000.0,0.0
04/01/2021,Faktur Pembelian,10891,YULI (HP CENTRE),Lunas,"",21000000.0,0.0
04/01/2021,Faktur Pembelian,10892,ANDRIANY MUSTIKA SARI (cencen),Lunas,"",3000000.0,0.0
04/01/2021,Faktur Pembelian,10893,ONLINE,Lunas,"",610000.0,0.0
04/01/2021,Faktur Pembelian,10894,ONLINE,Lunas,"",120000.0,0.0
04/01/2021,Faktur Pembelian,10895,ONLINE,Lunas,"",1180000.0,0.0
04/01/2021,Faktur Pembelian,00568137_036,PRIYO (K GALAXY),Lunas,"",2902000.0,0.0
04/01/2021,Faktur Pembelian,JL00106672,WULAN (DISCOUNT NOTEBOOK),Lunas,"",375000.0,0.0
04/01/2021,Faktur Pembelian,JL8821010008,YULI (HP CENTRE),Lunas,"",19200000.0,0.0
04/01/2021,Faktur Pembelian,JL8821010013,YULI (HP CENTRE),Lunas,"",1275000.0,0.0
05/01/2021,Faktur Pembelian,10896,ONLINE,Lunas,"",2250000.0,0.0
05/01/2021,Faktur Pembelian,10897,ONLINE,Lunas,"",2800000.0,0.0
05/01/2021,Faktur Pembelian,10898,ONLINE,Lunas,"",540000.0,0.0
05/01/2021,Faktur Pembelian,10899,TATIK (LEGENDA),Lunas,"",2207000.0,0.0
05/01/2021,Faktur Pembelian,JL.2101.00789,CANDRA (BLESSING),Lunas,"",19482000.0,0.0
05/01/2021,Faktur Pembelian,10900,ONLINE,Lunas,"",4600000.0,0.0
05/01/2021,Faktur Pembelian,10901,ONLINE,Lunas,"",19240000.0,0.0
05/01/2021,Faktur Pembelian,10902,ONLINE,Lunas,"",2600000.0,0.0
05/01/2021,Faktur Pembelian,10903,ONLINE,Lunas,"",120000.0,0.0
05/01/2021,Faktur Pembelian,10904,ONLINE,Lunas,"",90000.0,0.0
05/01/2021,Faktur Pembelian,10905,ONLINE,Lunas,"",11497500.0,0.0
05/01/2021,Faktur Pembelian,JL00106911,WULAN (DISCOUNT NOTEBOOK),Lunas,"",160000.0,0.0
05/01/2021,Faktur Pembelian,JL00106840,WULAN (DISCOUNT NOTEBOOK),Lunas,"",415000.0,0.0
05/01/2021,Faktur Pembelian,01202110309,AGUS (DORAN),Lunas,"",3900000.0,0.0
05/01/2021,Faktur Pembelian,000157,LILI (PLATINUM),Lunas,"",694000.0,0.0
06/01/2021,Faktur Pembelian,10906,ONLINE,Lunas,"",120000.0,0.0
06/01/2021,Faktur Pembelian,10907,ONLINE,Lunas,"",2550000.0,0.0
06/01/2021,Faktur Pembelian,10908,ONLINE,Lunas,"",1260000.0,0.0
06/01/2021,Faktur Pembelian,JL.2101.01202,CANDRA (BLESSING),Lunas,"",58050000.0,0.0
06/01/2021,Faktur Pembelian,JL.2101.01221,CANDRA (BLESSING),Lunas,"",8535000.0,0.0
06/01/2021,Faktur Pembelian,10910,ONLINE,Lunas,"",473000.0,0.0
06/01/2021,Faktur Pembelian,10911,ONLINE,Lunas,"",323000.0,0.0
06/01/2021,Faktur Pembelian,10912,ONLINE,Lunas,"",781000.0,0.0
06/01/2021,Faktur Pembelian,10913,ONLINE,Lunas,"",2403000.0,0.0
06/01/2021,Faktur Pembelian,10914,ONLINE,Lunas,"",290000.0,0.0
06/01/2021,Faktur Pembelian,10915,ONLINE,Lunas,"",48000.0,0.0
06/01/2021,Faktur Pembelian,10916,ONLINE,Lunas,"",130000.0,0.0
06/01/2021,Faktur Pembelian,10917,ONLINE,Lunas,"",14520000.0,0.0
06/01/2021,Faktur Pembelian,10918,ONLINE,Lunas,"",252819.0,0.0
06/01/2021,Faktur Pembelian,10919,ONLINE,Lunas,"",120000.0,0.0
06/01/2021,Faktur Pembelian,JL00106948,WULAN (DISCOUNT NOTEBOOK),Lunas,"",325000.0,0.0
06/01/2021,Faktur Pembelian,JL8821010036,YULI (HP CENTRE),Lunas,"",30750000.0,0.0
07/01/2021,Faktur Pembelian,10920,BETA COM,Lunas,"",44640000.0,0.0
07/01/2021,Faktur Pembelian,10921,ONLINE,Lunas,"",400000.0,0.0
07/01/2021,Faktur Pembelian,10922,ONLINE,Lunas,"",4870000.0,0.0
07/01/2021,Faktur Pembelian,10923,TONI BLUE PRINT,Lunas,"",720000.0,0.0
07/01/2021,Faktur Pembelian,10924,TONI BLUE PRINT,Lunas,"",140000.0,0.0
07/01/2021,Faktur Pembelian,10925,ONLINE,Lunas,"",1920000.0,0.0
07/01/2021,Faktur Pembelian,10926,ONLINE,Lunas,"",120000.0,0.0
07/01/2021,Faktur Pembelian,10927,ONLINE,Lunas,"",700000.0,0.0
07/01/2021,Faktur Pembelian,10928,ONLINE,Lunas,"",170000.0,0.0
07/01/2021,Faktur Pembelian,JL.2101.01419,CANDRA (BLESSING),Lunas,"",20330000.0,0.0
07/01/2021,Faktur Pembelian,10929,ONLINE,Lunas,"",175000.0,0.0
07/01/2021,Faktur Pembelian,10930,TATIK (LEGENDA),Lunas,"",20640000.0,0.0
07/01/2021,Faktur Pembelian,10931,ONLINE,Lunas,"",1596000.0,0.0
07/01/2021,Faktur Pembelian,10932,HARAPAN BARU,Lunas,"",4725000.0,0.0
07/01/2021,Faktur Pembelian,000168,LILI (PLATINUM),Lunas,"",624000.0,0.0
07/01/2021,Faktur Pembelian,000164,LILI (PLATINUM),Lunas,"",6095000.0,0.0
07/01/2021,Faktur Pembelian,000165,LILI (PLATINUM),Lunas,"",7335000.0,0.0
07/01/2021,Faktur Pembelian,JL5521010153,YULI (HP CENTRE),Lunas,"",18450000.0,0.0
07/01/2021,Faktur Pembelian,JL55210100150,YULI (HP CENTRE),Lunas,"",12300000.0,0.0
08/01/2021,Faktur Pembelian,JL.2101.01789,CANDRA (BLESSING),Lunas,"",41635000.0,0.0
08/01/2021,Faktur Pembelian,10933,ONLINE,Lunas,"",6650000.0,0.0
08/01/2021,Faktur Pembelian,10934,ONLINE,Lunas,"",29150000.0,0.0
08/01/2021,Faktur Pembelian,10935,ONLINE,Lunas,"",1105000.0,0.0
08/01/2021,Faktur Pembelian,10936,ONLINE,Lunas,"",100000.0,0.0
08/01/2021,Faktur Pembelian,10937,ONLINE,Lunas,"",340000.0,0.0
08/01/2021,Faktur Pembelian,10938,ONLINE,Lunas,"",250000.0,0.0
08/01/2021,Faktur Pembelian,JL00107243,WULAN (DISCOUNT NOTEBOOK),Lunas,"",2785000.0,0.0
09/01/2021,Faktur Pembelian,10939,TATIK (LEGENDA),Lunas,"",480000.0,0.0
09/01/2021,Faktur Pembelian,10940,ONLINE,Lunas,"",120000.0,0.0
09/01/2021,Faktur Pembelian,JL.2101.02288,PT BALI SATU COMPUTER,Lunas,"",13950000.0,0.0
09/01/2021,Faktur Pembelian,JL.2101.02287,CANDRA (BLESSING),Lunas,"",4900000.0,0.0
09/01/2021,Faktur Pembelian,10941,ONLINE,Lunas,"",962500.0,0.0
09/01/2021,Faktur Pembelian,10942,ONLINE,Lunas,"",410000.0,0.0
09/01/2021,Faktur Pembelian,10943,ONLINE,Lunas,"",560000.0,0.0
09/01/2021,Faktur Pembelian,2101041,ANDY (JMK),Lunas,"",2102000.0,0.0
09/01/2021,Faktur Pembelian,JL00107291,WULAN (DISCOUNT NOTEBOOK),Lunas,"",325000.0,0.0
09/01/2021,Faktur Pembelian,000174,LILI (PLATINUM),Lunas,"",424000.0,0.0
09/01/2021,Faktur Pembelian,000172,LILI (PLATINUM),Lunas,"",1139500.0,0.0
10/01/2021,Faktur Pembelian,10944,ONLINE,Lunas,"",330000.0,0.0
10/01/2021,Faktur Pembelian,10945,ONLINE,Lunas,"",3160000.0,0.0
10/01/2021,Faktur Pembelian,10946,ONLINE,Lunas,"",120000.0,0.0
10/01/2021,Faktur Pembelian,10947,ONLINE,Lunas,"",120000.0,0.0
10/01/2021,Faktur Pembelian,10948,ONLINE,Lunas,"",9220000.0,0.0
10/01/2021,Faktur Pembelian,10949,ONLINE,Lunas,"",507000.0,0.0
10/01/2021,Faktur Pembelian,10950,ONLINE,Lunas,"",120000.0,0.0
10/01/2021,Faktur Pembelian,10951,ONLINE,Lunas,"",960000.0,0.0
11/01/2021,Faktur Pembelian,10952,ONLINE,Lunas,"",900000.0,0.0
11/01/2021,Faktur Pembelian,10953,ONLINE,Lunas,"",939999.999,0.0
11/01/2021,Faktur Pembelian,10954,ANDY (JMK),Lunas,"",24250000.0,0.0
11/01/2021,Faktur Pembelian,10955,ONLINE,Lunas,"",14620000.0,0.0
11/01/2021,Faktur Pembelian,10956,ELMI,Lunas,"",23000000.0,0.0
11/01/2021,Faktur Pembelian,JL.2101.01997,CANDRA (BLESSING),Lunas,"",18396000.0,0.0
11/01/2021,Faktur Pembelian,JL00107404,WULAN (DISCOUNT NOTEBOOK),Lunas,"",1065000.0,0.0
11/01/2021,Faktur Pembelian,00568908_036,PRIYO (K GALAXY),Lunas,"",11427500.0,0.0
12/01/2021,Faktur Pembelian,10958,ONLINE,Lunas,"",20755000.0,0.0
12/01/2021,Faktur Pembelian,JL.2101.02908,CANDRA (BLESSING),Lunas,"",12036000.0,0.0
12/01/2021,Faktur Pembelian,10959,ONLINE,Lunas,"",420000.0,0.0
12/01/2021,Faktur Pembelian,10960,ONLINE,Lunas,"",550000.0,0.0
12/01/2021,Faktur Pembelian,10961,ONLINE,Lunas,"",900000.0,0.0
12/01/2021,Faktur Pembelian,10962,TATIK (LEGENDA),Lunas,"",1380000.0,0.0
12/01/2021,Faktur Pembelian,10963,ONLINE,Lunas,"",800000.0,0.0
12/01/2021,Faktur Pembelian,00569023_036,PRIYO (K GALAXY),Lunas,"",2277500.0,0.0
12/01/2021,Faktur Pembelian,01202118836,AGUS (DORAN),Lunas,"",25385000.0,0.0
13/01/2021,Faktur Pembelian,10964,ONLINE,Lunas,"",2426000.0,0.0
13/01/2021,Faktur Pembelian,10965,ONLINE,Lunas,"",442000.0,0.0
13/01/2021,Faktur Pembelian,10966,ONLINE,Lunas,"",148000.0,0.0
13/01/2021,Faktur Pembelian,10967,ONLINE,Lunas,"",14325000.0,0.0
13/01/2021,Faktur Pembelian,10968,ONLINE,Lunas,"",2520000.0,0.0
13/01/2021,Faktur Pembelian,10969,TATIK (LEGENDA),Lunas,"",1380000.0,0.0
13/01/2021,Faktur Pembelian,10970,ONLINE,Lunas,"",145500.0,0.0
13/01/2021,Faktur Pembelian,10971,ONLINE,Lunas,"",4500000.0,0.0
13/01/2021,Faktur Pembelian,01202120058,AGUS (DORAN),Lunas,"",3877000.0,0.0
13/01/2021,Faktur Pembelian,00569264_036,PRIYO (K GALAXY),Lunas,"",1195000.0,0.0
13/01/2021,Faktur Pembelian,01202120074,AGUS (DORAN),Lunas,"",15200000.0,0.0
13/01/2021,Faktur Pembelian,PJL-21-01-00178,PT. Surya Makmur Kreasindo (HJ),Lunas,"",36639999.999999,0.0
14/01/2021,Faktur Pembelian,10972,ONLINE,Lunas,"",9780000.0,0.0
14/01/2021,Faktur Pembelian,10973,ONLINE,Lunas,"",340000.0,0.0
14/01/2021,Faktur Pembelian,10974,ONLINE,Lunas,"",860000.0,0.0
14/01/2021,Faktur Pembelian,10975,TATIK (LEGENDA),Lunas,"",1380000.0,0.0
14/01/2021,Faktur Pembelian,10976,ONLINE,Lunas,"",4760000.0,0.0
14/01/2021,Faktur Pembelian,10977,ONLINE,Lunas,"",9840000.0,0.0
14/01/2021,Faktur Pembelian,10978,ONLINE,Lunas,"",900000.0,0.0
14/01/2021,Faktur Pembelian,10979,UCUP,Lunas,"",5000000.0,0.0
14/01/2021,Faktur Pembelian,10980,ONLINE,Lunas,"",1560000.0,0.0
14/01/2021,Faktur Pembelian,10981,ONLINE,Lunas,"",120000.0,0.0
14/01/2021,Faktur Pembelian,10982,ONLINE,Lunas,"",939999.999,0.0
14/01/2021,Faktur Pembelian,JL.2101.03863,CANDRA (BLESSING),Lunas,"",2615000.0,0.0
14/01/2021,Faktur Pembelian,JL.2101.03477,PT BALI SATU COMPUTER,Lunas,"",13970000.0,0.0
14/01/2021,Faktur Pembelian,2101088,ANDY (JMK),Lunas,"",4500000.0,0.0
15/01/2021,Faktur Pembelian,10983,TATIK (LEGENDA),Lunas,"",24390000.0,0.0
15/01/2021,Faktur Pembelian,10984,ONLINE,Lunas,"",14250000.0,0.0
15/01/2021,Faktur Pembelian,10985,ONLINE,Lunas,"",520000.0,0.0
15/01/2021,Faktur Pembelian,10986,DUTA CELL ELEKTRONIK,Lunas,"",2680000.0,0.0
15/01/2021,Faktur Pembelian,10987,IQ TRONIK,Lunas,"",8000000.0,0.0
15/01/2021,Faktur Pembelian,10988,ONLINE,Lunas,"",200000.0,0.0
15/01/2021,Faktur Pembelian,000180,LILI (PLATINUM),Lunas,"",1208000.0,0.0
15/01/2021,Faktur Pembelian,JL00107821,WULAN (DISCOUNT NOTEBOOK),Lunas,"",785000.0,0.0
15/01/2021,Faktur Pembelian,JL.2101.03957,CANDRA (BLESSING),Lunas,"",5990000.0,0.0
15/01/2021,Faktur Pembelian,JA/21/01/0061,ELMI,Lunas,"",45750000.0,0.0
15/01/2021,Faktur Pembelian,00569427_036,PRIYO (K GALAXY),Lunas,"",1087500.0,0.0
15/01/2021,Faktur Pembelian,00569422_036,PRIYO (K GALAXY),Lunas,"",8250000.0,0.0
15/01/2021,Faktur Pembelian,000181,LILI (PLATINUM),Lunas,"",2425000.0,0.0
16/01/2021,Faktur Pembelian,10989,ONLINE,Lunas,"",4760000.0,0.0
16/01/2021,Faktur Pembelian,10990,LILI (PLATINUM),Lunas,"",2694000.0,0.0
16/01/2021,Faktur Pembelian,10992,ONLINE,Lunas,"",18940000.0,0.0
16/01/2021,Faktur Pembelian,JL8821010060,YULI (HP CENTRE),Lunas,"",46530000.0,0.0
17/01/2021,Faktur Pembelian,10993,ONLINE,Lunas,"",9420000.0,0.0
18/01/2021,Faktur Pembelian,10994,ONLINE,Lunas,"",2260000.0,0.0
18/01/2021,Faktur Pembelian,000158,LILI (PLATINUM),Lunas,"",3745000.0,0.0
18/01/2021,Faktur Pembelian,10995,ONLINE,Lunas,"",350000.0,0.0
18/01/2021,Faktur Pembelian,10996,ONLINE,Lunas,"",1412500.0,0.0
18/01/2021,Faktur Pembelian,10997,ONLINE,Lunas,"",120000.0,0.0
18/01/2021,Faktur Pembelian,00569633_036,PRIYO (K GALAXY),Lunas,"",1790000.0,0.0
18/01/2021,Faktur Pembelian,JL00108026,WULAN (DISCOUNT NOTEBOOK),Lunas,"",325000.0,0.0
18/01/2021,Faktur Pembelian,JL00107995,WULAN (DISCOUNT NOTEBOOK),Lunas,"",3975000.0,0.0
18/01/2021,Faktur Pembelian,JL.2101.04423,CANDRA (BLESSING),Lunas,"",5970000.0,0.0
18/01/2021,Faktur Pembelian,04305,WULAN (DISCOUNT NOTEBOOK),Lunas,"",515000.0,0.0
18/01/2021,Faktur Pembelian,00569727_036,PRIYO (K GALAXY),Lunas,"",6270000.0,0.0
18/01/2021,Faktur Pembelian,11048,ANDRIANY MUSTIKA SARI (cencen),Lunas,"",29547000.0,0.0
18/01/2021,Faktur Pembelian,00569665_036,PRIYO (K GALAXY),Lunas,"",12880000.0,0.0
18/01/2021,Faktur Pembelian,JL5521010407,YULI (HP CENTRE),Lunas,"",15440000.0,0.0
19/01/2021,Faktur Pembelian,10999,ONLINE,Lunas,"",483000.0,0.0
19/01/2021,Faktur Pembelian,11000,TATIK (LEGENDA),Lunas,"",10400000.0,0.0
19/01/2021,Faktur Pembelian,11001,ONLINE,Lunas,"",312500.0,0.0
19/01/2021,Faktur Pembelian,11002,CV MITRA MANDIRI,Lunas,"",249000.0,0.0
19/01/2021,Faktur Pembelian,11003,ONLINE,Lunas,"",180000.0,0.0
19/01/2021,Faktur Pembelian,JL.2101.04778,CANDRA (BLESSING),Lunas,"",14490000.0,0.0
19/01/2021,Faktur Pembelian,01202126744,AGUS (DORAN),Lunas,"",14779000.0,0.0
20/01/2021,Faktur Pembelian,11004,ONLINE,Lunas,"",1185000.00011,0.00011
20/01/2021,Faktur Pembelian,11005,ONLINE,Lunas,"",292500.0,0.0
20/01/2021,Faktur Pembelian,JL.2101.05119,CANDRA (BLESSING),Lunas,"",35689000.0,0.0
20/01/2021,Faktur Pembelian,11006,ONLINE,Lunas,"",24350000.0,0.0
20/01/2021,Faktur Pembelian,11007,ONLINE,Lunas,"",4930000.0,0.0
20/01/2021,Faktur Pembelian,11008,TATIK (LEGENDA),Lunas,"",1527000.0,0.0
20/01/2021,Faktur Pembelian,11009,ONLINE,Lunas,"",80000.0,0.0
20/01/2021,Faktur Pembelian,11010,ONLINE,Lunas,"",350000.0,0.0
20/01/2021,Faktur Pembelian,11011,ONLINE,Lunas,"",156000.0,0.0
20/01/2021,Faktur Pembelian,000186,LILI (PLATINUM),Lunas,"",11220000.0,0.0
20/01/2021,Faktur Pembelian,2101132,ANDY (JMK),Lunas,"",1580000.0,0.0
21/01/2021,Faktur Pembelian,11012,ONLINE,Lunas,"",9450000.0,0.0
21/01/2021,Faktur Pembelian,11013,LEGALA,Lunas,"",4500000.0,0.0
21/01/2021,Faktur Pembelian,11014,ONLINE,Lunas,"",295000.0,0.0
21/01/2021,Faktur Pembelian,11015,DWI DSC PAK BAMBANG CANON,Lunas,"",21120000.0,0.0
21/01/2021,Faktur Pembelian,11016,ONLINE,Lunas,"",369999.9999,0.0
21/01/2021,Faktur Pembelian,11017,ONLINE,Lunas,"",369999.9999,0.0
21/01/2021,Faktur Pembelian,11018,ONLINE,Lunas,"",120000.0,0.0
21/01/2021,Faktur Pembelian,00570139_036,PRIYO (K GALAXY),Lunas,"",14625000.0,0.0
21/01/2021,Faktur Pembelian,11020,ONLINE,Lunas,"",148000.0,0.0
21/01/2021,Faktur Pembelian,JL5521010596,YULI (HP CENTRE),Lunas,"",1406000.0,0.0
22/01/2021,Faktur Pembelian,11021,ONLINE,Lunas,"",675000.0,0.0
22/01/2021,Faktur Pembelian,11022,ONLINE,Lunas,"",56738000.0,0.0
22/01/2021,Faktur Pembelian,11023,TIMBUL SUBUR PLASTIK,Lunas,"",2936250.0,0.0
22/01/2021,Faktur Pembelian,11024,TATIK (LEGENDA),Lunas,"",18000000.0,0.0
22/01/2021,Faktur Pembelian,11025,TATIK (LEGENDA),Lunas,"",11000000.0,0.0
22/01/2021,Faktur Pembelian,JL.2101.06064,CANDRA (BLESSING),Lunas,"",42624000.0,0.0
22/01/2021,Faktur Pembelian,JL.2101.06063,CANDRA (BLESSING),Lunas,"",29100000.0,0.0
22/01/2021,Faktur Pembelian,11026,ONLINE,Lunas,"",4805000.0,0.0
22/01/2021,Faktur Pembelian,000193,LILI (PLATINUM),Lunas,"",3923000.0,0.0
22/01/2021,Faktur Pembelian,JL00108467,WULAN (DISCOUNT NOTEBOOK),Lunas,"",749500.0,0.0
22/01/2021,Faktur Pembelian,JL.2101.05947,CANDRA (BLESSING),Lunas,"",11215000.0,0.0
22/01/2021,Faktur Pembelian,00570207_036,PRIYO (K GALAXY),Lunas,"",12702500.0,0.0
22/01/2021,Faktur Pembelian,PJL-21-01-00303,PT. Surya Makmur Kreasindo (HJ),Lunas,"",9169999.999999,0.0
22/01/2021,Faktur Pembelian,2101157,ANDY (JMK),Lunas,"",11100000.0,0.0
23/01/2021,Faktur Pembelian,11027,ONLINE,Lunas,"",36000.0,0.0
23/01/2021,Faktur Pembelian,00570276_036,PRIYO (K GALAXY),Lunas,"",1050000.0,0.0
23/01/2021,Faktur Pembelian,11029,ONLINE,Lunas,"",120000.0,0.0
23/01/2021,Faktur Pembelian,11030,ONLINE,Lunas,"",834750.0,0.0
23/01/2021,Faktur Pembelian,11031,ONLINE,Lunas,"",220000.0,0.0
24/01/2021,Faktur Pembelian,11032,ONLINE,Lunas,"",9655000.0,0.0
24/01/2021,Faktur Pembelian,11033,ONLINE,Lunas,"",1733500.0,0.0
24/01/2021,Faktur Pembelian,11034,ONLINE,Lunas,"",4710000.0,0.0
24/01/2021,Faktur Pembelian,11035,ONLINE,Lunas,"",215000.0,0.0
24/01/2021,Faktur Pembelian,11036,ONLINE,Lunas,"",100000.0,0.0
25/01/2021,Faktur Pembelian,11037,ONLINE,Lunas,"",262560.0,0.0
25/01/2021,Faktur Pembelian,11038,ONLINE,Lunas,"",60000.0,0.0
25/01/2021,Faktur Pembelian,11039,ONLINE,Lunas,"",50000.0,0.0
25/01/2021,Faktur Pembelian,11040,ONLINE,Lunas,"",173365.0,0.0
25/01/2021,Faktur Pembelian,11041,ONLINE,Lunas,"",810000.0,0.0
25/01/2021,Faktur Pembelian,2101166,ANDY (JMK),Lunas,"",2102000.0,0.0
25/01/2021,Faktur Pembelian,11061,PRIYO (K GALAXY),Lunas,"",8330000.0,0.0
25/01/2021,Faktur Pembelian,PJL-21-01-00332,PT. Surya Makmur Kreasindo (HJ),Lunas,"",8125000.000002,0.0
25/01/2021,Faktur Pembelian,NJL-EX1/250121/002,PT. INDO WARNA MULIA ( ALFA INK ),Lunas,"",3005100.0,0.0
25/01/2021,Faktur Pembelian,JL00108658,WULAN (DISCOUNT NOTEBOOK),Lunas,"",628000.0,0.0
26/01/2021,Faktur Pembelian,11042,ONLINE,Lunas,"",140000.0,0.0
26/01/2021,Faktur Pembelian,11043,ONLINE,Lunas,"",65000.0,0.0
26/01/2021,Faktur Pembelian,11044,ONLINE,Lunas,"",6940000.0,0.0
26/01/2021,Faktur Pembelian,JL00108791,WULAN (DISCOUNT NOTEBOOK),Lunas,"",664500.0,0.0
27/01/2021,Faktur Pembelian,11045,BETA COM,Lunas,"",18100000.0,0.0
27/01/2021,Faktur Pembelian,NJL-EX1/300920/016,PT. INDO WARNA MULIA ( ALFA INK ),Lunas,"",33033000.0,0.0
27/01/2021,Faktur Pembelian,11050,ONLINE,Lunas,"",200000.0,0.0
27/01/2021,Faktur Pembelian,11051,JINWEI,Lunas,"",3120000.0,0.0
27/01/2021,Faktur Pembelian,11052,ONLINE,Lunas,"",385000.0,0.0
27/01/2021,Faktur Pembelian,11053,ONLINE,Lunas,"",285000.0,0.0
27/01/2021,Faktur Pembelian,JL.2101.07000,CANDRA (BLESSING),Lunas,"",32557000.0,0.0
27/01/2021,Faktur Pembelian,11055,TATIK (LEGENDA),Lunas,"",10400000.0,0.0
27/01/2021,Faktur Pembelian,11056,ONLINE,Lunas,"",120000.0,0.0
27/01/2021,Faktur Pembelian,jl00108877,WULAN (DISCOUNT NOTEBOOK),Lunas,"",323000.0,0.0
27/01/2021,Faktur Pembelian,NJL-EX1/270121/002,PT. INDO WARNA MULIA ( ALFA INK ),Lunas,"",2250000.0,0.0
28/01/2021,Faktur Pembelian,11059,TATIK (LEGENDA),Lunas,"",45150000.0,0.0
28/01/2021,Faktur Pembelian,01202136939,AGUS (DORAN),Lunas,"",13250000.0,0.0
28/01/2021,Faktur Pembelian,00570846_036,PRIYO (K GALAXY),Lunas,"",2566000.0,0.0
28/01/2021,Faktur Pembelian,000208,LILI (PLATINUM),Lunas,"",1800000.0,0.0
28/01/2021,Faktur Pembelian,PJL-21-01-00370,PT. Surya Makmur Kreasindo (HJ),Lunas,"",16150000.000002,2.0e-06
28/01/2021,Faktur Pembelian,00570831_036,PRIYO (K GALAXY),Lunas,"",1920000.0,0.0
29/01/2021,Faktur Pembelian,JL.2101.07871,CANDRA (BLESSING),Lunas,"",8805000.0,0.0
29/01/2021,Faktur Pembelian,11060,SARI INDAH PERMAI,Lunas,"",8756858.99998,0.0
29/01/2021,Faktur Pembelian,11062,ONLINE,Lunas,"",1100000.0,0.0
29/01/2021,Faktur Pembelian,11063,ELMI,Lunas,"",19000000.0,0.0
29/01/2021,Faktur Pembelian,11064,ELMI,Lunas,"",9200000.0,0.0
29/01/2021,Faktur Pembelian,JL00109143,WULAN (DISCOUNT NOTEBOOK),Lunas,"",1505000.0,0.0
29/01/2021,Faktur Pembelian,JL.2101.07553,CANDRA (BLESSING),Lunas,"",24840000.0,0.0
29/01/2021,Faktur Pembelian,000209,LILI (PLATINUM),Lunas,"",1500000.0,0.0
30/01/2021,Faktur Pembelian,11065,ONLINE,Lunas,"",48110000.0,0.0
30/01/2021,Faktur Pembelian,11066,ONLINE,Lunas,"",4650000.0,0.0
30/01/2021,Faktur Pembelian,11067,FOCUS,Lunas,"",156000.0,0.0
30/01/2021,Faktur Pembelian,11068,ONLINE,Lunas,"",2370000.00022,0.00022
30/01/2021,Faktur Pembelian,JL.2101.08259,CANDRA (BLESSING),Lunas,"",8247000.0,0.0
30/01/2021,Faktur Pembelian,11069,ONLINE,Lunas,"",465000.0,0.0
30/01/2021,Faktur Pembelian,11070,TATIK (LEGENDA),Lunas,"",2790000.0,0.0
30/01/2021,Faktur Pembelian,11071,ONLINE,Lunas,"",200000.0,0.0
30/01/2021,Faktur Pembelian,11072,ONLINE,Lunas,"",3050000.0,0.0
30/01/2021,Faktur Pembelian,000212,LILI (PLATINUM),Lunas,"",259000.0,0.0
31/01/2021,Faktur Pembelian,11073,SARI INDAH PERMAI,Lunas,"",38322384.0,0.0
31/01/2021,Faktur Pembelian,11074,ONLINE,Lunas,"",275000.0,0.0
01/02/2021,Faktur Pembelian,11075,ONLINE,Lunas,"",720000.0,0.0
01/02/2021,Faktur Pembelian,11076,ONLINE,Lunas,"",4090000.0,0.0
01/02/2021,Faktur Pembelian,11077,ONLINE,Lunas,"",3900000.0,0.0
01/02/2021,Faktur Pembelian,JL00109341,WULAN (DISCOUNT NOTEBOOK),Lunas,"",4236000.0,0.0
01/02/2021,Faktur Pembelian,J/00000961,CV SAHABAT KITA (EPRINT),Lunas,"",8574000.0,0.0
01/02/2021,Faktur Pembelian,0220210846,AGUS (DORAN),Lunas,"",2398000.0,0.0
01/02/2021,Faktur Pembelian,JL5521020025,YULI (HP CENTRE),Lunas,"",2340000.0,0.0
01/02/2021,Faktur Pembelian,11552,ONLINE,Lunas,"",1320000.0,0.0
02/02/2021,Faktur Pembelian,11079,ONLINE,Lunas,"",3600000.0,0.0
02/02/2021,Faktur Pembelian,11080,ONLINE,Lunas,"",7095000.0,0.0
02/02/2021,Faktur Pembelian,11081,ONLINE,Lunas,"",354000.0,0.0
02/02/2021,Faktur Pembelian,11082,ONLINE,Lunas,"",8250000.0,0.0
02/02/2021,Faktur Pembelian,JL.2102.00436,CANDRA (BLESSING),Lunas,"",8760000.0,0.0
02/02/2021,Faktur Pembelian,JL.2101.00658,CANDRA (BLESSING),Lunas,"",1680000.0,0.0
02/02/2021,Faktur Pembelian,JL.2102.00768,PT BALI SATU COMPUTER,Lunas,"",10750000.0,0.0
02/02/2021,Faktur Pembelian,2102009,ANDY (JMK),Lunas,POTONG REKTUR 137.000,11100000.0,0.0
03/02/2021,Faktur Pembelian,11083,ONLINE,Lunas,"",12088000.0,0.0
03/02/2021,Faktur Pembelian,11085,ONLINE,Lunas,"",90000.0,0.0
03/02/2021,Faktur Pembelian,11086,ONLINE,Lunas,"",60000.0,0.0
03/02/2021,Faktur Pembelian,11087,ONLINE,Lunas,"",65000.0,0.0
03/02/2021,Faktur Pembelian,11088,ONLINE,Lunas,"",260000.0,0.0
03/02/2021,Faktur Pembelian,11089,ONLINE,Lunas,"",90000.0,0.0
03/02/2021,Faktur Pembelian,11090,ONLINE,Lunas,"",240000.0,0.0
03/02/2021,Faktur Pembelian,11092,ONLINE,Lunas,"",240000.0,0.0
03/02/2021,Faktur Pembelian,JL00109632,WULAN (DISCOUNT NOTEBOOK),Lunas,"",353000.0,0.0
03/02/2021,Faktur Pembelian,000222,LILI (PLATINUM),Lunas,"",1280000.0,0.0
04/02/2021,Faktur Pembelian,11093,ONLINE,Lunas,"",2650000.0,0.0
04/02/2021,Faktur Pembelian,11094,ABSOLUTE BROTHER,Lunas,"",1015000.0,0.0
04/02/2021,Faktur Pembelian,11095,ONLINE,Lunas,"",11274000.0,0.0
04/02/2021,Faktur Pembelian,11096,ONLINE,Lunas,"",540000.0,0.0
04/02/2021,Faktur Pembelian,11097,ONLINE,Lunas,"",200000.0,0.0
04/02/2021,Faktur Pembelian,JL.2101.01251,CANDRA (BLESSING),Lunas,"",7630000.0,0.0
04/02/2021,Faktur Pembelian,11098,ONLINE,Lunas,"",120000.0,0.0
04/02/2021,Faktur Pembelian,JL.2101.01367,CANDRA (BLESSING),Lunas,"",25700000.0,0.0
04/02/2021,Faktur Pembelian,JL00109640,WULAN (DISCOUNT NOTEBOOK),Lunas,"",756000.0,0.0
04/02/2021,Faktur Pembelian,000225,LILI (PLATINUM),Lunas,"",5378000.0,0.0
04/02/2021,Faktur Pembelian,2102023,ANDY (JMK),Lunas,"",4600000.0,0.0
04/02/2021,Faktur Pembelian,JL00109635,WULAN (DISCOUNT NOTEBOOK),Lunas,"",614500.0,0.0
05/02/2021,Faktur Pembelian,11099,KO ROBBY,Lunas,"",437184.0,0.0
05/02/2021,Faktur Pembelian,11100,ONLINE,Lunas,"",210000.0,0.0
05/02/2021,Faktur Pembelian,11101,ONLINE,Lunas,"",5230000.0,0.0
05/02/2021,Faktur Pembelian,JL00109775,WULAN (DISCOUNT NOTEBOOK),Lunas,"",809000.0,0.0
05/02/2021,Faktur Pembelian,000228,LILI (PLATINUM),Lunas,"",239000.0,0.0
06/02/2021,Faktur Pembelian,11102,ONLINE,Lunas,"",10270000.0,0.0
06/02/2021,Faktur Pembelian,11103,ONLINE,Lunas,"",60000.0,0.0
06/02/2021,Faktur Pembelian,11104,ONLINE,Lunas,"",102000.0,0.0
06/02/2021,Faktur Pembelian,11105,ONLINE,Lunas,"",10030000.0,0.0
06/02/2021,Faktur Pembelian,11107,ONLINE,Lunas,"",120000.0,0.0
06/02/2021,Faktur Pembelian,11108,ONLINE,Lunas,"",120000.0,0.0
06/02/2021,Faktur Pembelian,JL00109844,WULAN (DISCOUNT NOTEBOOK),Lunas,"",3570000.0,0.0
06/02/2021,Faktur Pembelian,04410 / JL00109844,WULAN (DISCOUNT NOTEBOOK),Lunas,"",710000.0,0.0
06/02/2021,Faktur Pembelian,00571821_036,PRIYO (K GALAXY),Lunas,"",6507500.0,0.0
07/02/2021,Faktur Pembelian,11109,ONLINE,Lunas,"",2000000.0,0.0
07/02/2021,Faktur Pembelian,11110,ONLINE,Lunas,"",450000.0,0.0
07/02/2021,Faktur Pembelian,11111,ONLINE,Lunas,"",1109999.9997,0.0
07/02/2021,Faktur Pembelian,11112,ONLINE,Lunas,"",148000.0,0.0
08/02/2021,Faktur Pembelian,11113,ONLINE,Lunas,"",10060000.0,0.0
08/02/2021,Faktur Pembelian,11114,ONLINE,Lunas,"",639999.9999,0.0
08/02/2021,Faktur Pembelian,11115,ONLINE,Lunas,"",660000.0,660000.0
08/02/2021,Faktur Pembelian,00571915_036,PRIYO (K GALAXY),Lunas,"",18335000.0,0.0
08/02/2021,Faktur Pembelian,2102054,ANDY (JMK),Lunas,"",7680000.0,0.0
09/02/2021,Faktur Pembelian,11116,TATIK (LEGENDA),Lunas,"",2376000.0,0.0
09/02/2021,Faktur Pembelian,11117,ONLINE,Lunas,"",20520000.0,0.0
09/02/2021,Faktur Pembelian,11118,ONLINE,Lunas,"",1260000.0,0.0
09/02/2021,Faktur Pembelian,11119,ONLINE,Lunas,"",282500.0,0.0
09/02/2021,Faktur Pembelian,11120,CANDRA (BLESSING),Lunas,"",15420000.0,0.0
09/02/2021,Faktur Pembelian,JL.2102.02523,CANDRA (BLESSING),Lunas,"",41805000.0,0.0
09/02/2021,Faktur Pembelian,11121,ONLINE,Lunas,"",120000.0,0.0
09/02/2021,Faktur Pembelian,11122,ONLINE,Lunas,"",2250000.0,0.0
09/02/2021,Faktur Pembelian,11123,ONLINE,Lunas,"",36000.0,0.0
09/02/2021,Faktur Pembelian,000237,LILI (PLATINUM),Lunas,"",2450000.0,0.0
09/02/2021,Faktur Pembelian,00572079_036,PRIYO (K GALAXY),Lunas,"",4415000.0,0.0
09/02/2021,Faktur Pembelian,2102062,ANDY (JMK),Lunas,"",4500000.0,0.0
10/02/2021,Faktur Pembelian,11124,ONLINE,Lunas,"",14640000.0,0.0
10/02/2021,Faktur Pembelian,11125,TATIK (LEGENDA),Lunas,"",930000.0,0.0
10/02/2021,Faktur Pembelian,11126,ONLINE,Lunas,"",3040000.0,0.0
10/02/2021,Faktur Pembelian,11127,CANDRA (BLESSING),Lunas,"",4120000.0,0.0
10/02/2021,Faktur Pembelian,JL.2102.03002,CANDRA (BLESSING),Lunas,"",17700000.0,0.0
10/02/2021,Faktur Pembelian,11128,ONLINE,Lunas,"",880000.0,0.0
10/02/2021,Faktur Pembelian,11129,ONLINE,Lunas,"",220000.0,0.0
10/02/2021,Faktur Pembelian,JL00110225,WULAN (DISCOUNT NOTEBOOK),Lunas,"",597500.0,0.0
10/02/2021,Faktur Pembelian,JL00110224,WULAN (DISCOUNT NOTEBOOK),Lunas,"",3456000.0,0.0
10/02/2021,Faktur Pembelian,PJL-21-02-00115,PT. Surya Makmur Kreasindo (HJ),Lunas,"",21499999.999995,0.0
10/02/2021,Faktur Pembelian,000238,LILI (PLATINUM),Lunas,"",5100000.0,0.0
11/02/2021,Faktur Pembelian,11130,ONLINE,Lunas,"",15681000.0,0.0
11/02/2021,Faktur Pembelian,11131,ONLINE,Lunas,"",2175000.0,0.0
11/02/2021,Faktur Pembelian,JL.2101.03379,CANDRA (BLESSING),Lunas,"",3910000.0,0.0
11/02/2021,Faktur Pembelian,JL2102.00206,CANDRA (BLESSING),Lunas,"",20325000.0,0.0
11/02/2021,Faktur Pembelian,000241,LILI (PLATINUM),Lunas,"",7222500.0,0.0
11/02/2021,Faktur Pembelian,PJL-21-02-00131,PT. Surya Makmur Kreasindo (HJ),Lunas,"",18499999.999998,0.0
12/02/2021,Faktur Pembelian,11132,ONLINE,Lunas,"",2010000.0,0.0
12/02/2021,Faktur Pembelian,11133,ONLINE,Lunas,"",3600000.0,0.0
13/02/2021,Faktur Pembelian,11134,ONLINE,Lunas,"",5030000.0,0.0
13/02/2021,Faktur Pembelian,JL.2102.03620,CANDRA (BLESSING),Lunas,"",5705000.0,0.0
13/02/2021,Faktur Pembelian,JL.2102.03792,CANDRA (BLESSING),Lunas,"",485000.0,0.0
13/02/2021,Faktur Pembelian,JA/21/02/0044,ELMI,Lunas,"",20575000.0,0.0
14/02/2021,Faktur Pembelian,11135,ONLINE,Lunas,"",5030000.0,0.0
14/02/2021,Faktur Pembelian,11136,ONLINE,Lunas,"",410000.0,0.0
15/02/2021,Faktur Pembelian,11137,ONLINE,Lunas,"",148000.0,0.0
15/02/2021,Faktur Pembelian,11138,ONLINE,Lunas,"",35407000.0,0.0
15/02/2021,Faktur Pembelian,11139,ONLINE,Lunas,"",300000.0,0.0
15/02/2021,Faktur Pembelian,JL.2102.03996,CANDRA (BLESSING),Lunas,"",29365000.0,0.0
15/02/2021,Faktur Pembelian,11140,SARI INDAH PERMAI,Lunas,"",35817203.00006,6.0e-05
15/02/2021,Faktur Pembelian,11141,ONLINE,Lunas,"",14940000.0,0.0
15/02/2021,Faktur Pembelian,11142,ONLINE,Lunas,"",2920000.0,0.0
15/02/2021,Faktur Pembelian,11143,ONLINE,Lunas,"",550000.0,0.0
15/02/2021,Faktur Pembelian,JL00110600,WULAN (DISCOUNT NOTEBOOK),Lunas,"",1047000.0,0.0
15/02/2021,Faktur Pembelian,02202118870,AGUS (DORAN),Lunas,"",10000000.0,0.0
16/02/2021,Faktur Pembelian,11144,TATIK (LEGENDA),Lunas,"",40500000.0,0.0
16/02/2021,Faktur Pembelian,11145,ONLINE,Lunas,"",105000.0,0.0
16/02/2021,Faktur Pembelian,JL.2102.04364,PT BALI SATU COMPUTER,Lunas,"",1950000.0,0.0
16/02/2021,Faktur Pembelian,JL.2102.04222,CANDRA (BLESSING),Lunas,"",23830000.0,0.0
16/02/2021,Faktur Pembelian,11156,TATIK (LEGENDA),Lunas,"",2175000.0,0.0
16/02/2021,Faktur Pembelian,2102099,ANDY (JMK),Lunas,"",2970000.0,0.0
16/02/2021,Faktur Pembelian,JL00110704,WULAN (DISCOUNT NOTEBOOK),Lunas,"",728000.0,0.0
16/02/2021,Faktur Pembelian,PJL-21-02-00175,PT. Surya Makmur Kreasindo (HJ),Lunas,"",18250000.000001,1.0e-06
16/02/2021,Faktur Pembelian,2102097,ANDY (JMK),Lunas,"",865000.0,0.0
16/02/2021,Faktur Pembelian,NJL-EX1/160221/004,PT. INDO WARNA MULIA ( ALFA INK ),Lunas,"",2241600.0,0.0
17/02/2021,Faktur Pembelian,11146,ONLINE,Lunas,"",47510000.0,0.0
17/02/2021,Faktur Pembelian,11147,CANDRA (BLESSING),Lunas,"",25700000.0,0.0
17/02/2021,Faktur Pembelian,JL.2102.04218,CANDRA (BLESSING),Lunas,"",2560000.0,0.0
17/02/2021,Faktur Pembelian,000253,LILI (PLATINUM),Lunas,"",2475000.0,0.0
18/02/2021,Faktur Pembelian,11148,ONLINE,Lunas,"",282500.0,0.0
18/02/2021,Faktur Pembelian,11150,ONLINE,Lunas,"",430000.0,0.0
18/02/2021,Faktur Pembelian,11151,LILI (PLATINUM),Lunas,"",975500.0,0.0
18/02/2021,Faktur Pembelian,11152,ONLINE,Lunas,"",170000.0,0.0
18/02/2021,Faktur Pembelian,11153,JINWEI,Lunas,"",6240000.0,0.0
18/02/2021,Faktur Pembelian,11154,ONLINE,Lunas,"",639999.9999,0.0
18/02/2021,Faktur Pembelian,JL.2102.05123,CANDRA (BLESSING),Lunas,"",8525000.0,0.0
18/02/2021,Faktur Pembelian,JL5521020521,YULI (HP CENTRE),Lunas,"",28000000.0,0.0
18/02/2021,Faktur Pembelian,JL5521020520,YULI (HP CENTRE),Lunas,"",10750000.0,0.0
18/02/2021,Faktur Pembelian,000255,LILI (PLATINUM),Lunas,"",1800000.0,0.0
19/02/2021,Faktur Pembelian,11155,ONLINE,Lunas,"",2100000.0,0.0
19/02/2021,Faktur Pembelian,11157,ONLINE,Lunas,"",315000.0,0.0
19/02/2021,Faktur Pembelian,11158,TATIK (LEGENDA),Lunas,"",10100000.0,0.0
19/02/2021,Faktur Pembelian,11159,ONLINE,Lunas,"",9940000.0,0.0
19/02/2021,Faktur Pembelian,11160,DWI DSC PAK BAMBANG CANON,Lunas,"",27312000.0,0.0
19/02/2021,Faktur Pembelian,11198,ANDRIANY MUSTIKA SARI (cencen),Lunas,"",1380000.0,0.0
20/02/2021,Faktur Pembelian,11161,ONLINE,Lunas,"",288000.0,0.0
20/02/2021,Faktur Pembelian,000254,LILI (PLATINUM),Lunas,"",1139000.0,0.0
20/02/2021,Faktur Pembelian,JL.2102.05809,CANDRA (BLESSING),Lunas,"",7712000.0,0.0
20/02/2021,Faktur Pembelian,JL.2102.05863,CANDRA (BLESSING),Lunas,"",8600000.0,0.0
20/02/2021,Faktur Pembelian,21102140,ANDY (JMK),Lunas,"",1800000.0,0.0
20/02/2021,Faktur Pembelian,JL5521020582,YULI (HP CENTRE),Lunas,"",20400000.0,0.0
20/02/2021,Faktur Pembelian,JL5521020600,YULI (HP CENTRE),Lunas,"",7000000.0,0.0
21/02/2021,Faktur Pembelian,11162,ONLINE,Lunas,"",120000.0,0.0
21/02/2021,Faktur Pembelian,11163,ONLINE,Lunas,"",1720000.0,0.0
22/02/2021,Faktur Pembelian,11164,ONLINE,Lunas,"",580000.000032,3.2e-05
22/02/2021,Faktur Pembelian,11165,ONLINE,Lunas,"",10420000.0,0.0
22/02/2021,Faktur Pembelian,11166,ONLINE,Lunas,"",300000.0,0.0
22/02/2021,Faktur Pembelian,11167,SARI INDAH PERMAI,Lunas,"",19022500.0,0.0
22/02/2021,Faktur Pembelian,JL.2102.06007,CANDRA (BLESSING),Lunas,"",23730000.0,0.0
22/02/2021,Faktur Pembelian,JL.2102.06253,CANDRA (BLESSING),Lunas,"",2870000.0,0.0
22/02/2021,Faktur Pembelian,02202127132,AGUS (DORAN),Lunas,"",11000000.0,0.0
22/02/2021,Faktur Pembelian,JL00111278,WULAN (DISCOUNT NOTEBOOK),Lunas,"",390000.0,0.0
22/02/2021,Faktur Pembelian,00573431_036,PRIYO (K GALAXY),Lunas,"",9855000.0,0.0
22/02/2021,Faktur Pembelian,JL5521020614,YULI (HP CENTRE),Lunas,"",500000.0,0.0
23/02/2021,Faktur Pembelian,11168,ONLINE,Lunas,"",270000.0,0.0
23/02/2021,Faktur Pembelian,11169,EKO HASAN,Lunas,"",1282000.0,0.0
23/02/2021,Faktur Pembelian,11170,ONLINE,Lunas,"",6850000.0,0.0
23/02/2021,Faktur Pembelian,11171,ONLINE,Lunas,"",14240000.0,0.0
23/02/2021,Faktur Pembelian,11172,ONLINE,Lunas,"",4750000.0,0.0
23/02/2021,Faktur Pembelian,11173,ONLINE,Lunas,"",25975000.0,0.0
23/02/2021,Faktur Pembelian,11174,ONLINE,Lunas,"",27600000.0,0.0
23/02/2021,Faktur Pembelian,11175,ONLINE,Lunas,"",270000.0,0.0
23/02/2021,Faktur Pembelian,11176,ONLINE,Lunas,"",3675000.0,0.0
23/02/2021,Faktur Pembelian,11177,ONLINE,Lunas,"",2370000.00022,0.00022
23/02/2021,Faktur Pembelian,11178,ONLINE,Lunas,"",1105000.0,0.0
23/02/2021,Faktur Pembelian,JL.2102.06407,CANDRA (BLESSING),Lunas,"",6025000.0,0.0
23/02/2021,Faktur Pembelian,JL.2102.06609,CANDRA (BLESSING),Lunas,"",4000000.0,0.0
23/02/2021,Faktur Pembelian,JL.2102.06580,CANDRA (BLESSING),Lunas,"",24840000.0,0.0
23/02/2021,Faktur Pembelian,JL.2102.06016,CANDRA (BLESSING),Lunas,pt bali satu,14760000.0,0.0
23/02/2021,Faktur Pembelian,000261,LILI (PLATINUM),Lunas,"",330000.0,0.0
23/02/2021,Faktur Pembelian,02202128104,AGUS (DORAN),Lunas,"",6000000.0,0.0
23/02/2021,Faktur Pembelian,JL00111379,WULAN (DISCOUNT NOTEBOOK),Lunas,"",350000.0,0.0
23/02/2021,Faktur Pembelian,JL00111466,WULAN (DISCOUNT NOTEBOOK),Lunas,"",780000.0,0.0
23/02/2021,Faktur Pembelian,JL00111414,WULAN (DISCOUNT NOTEBOOK),Lunas,"",300000.0,0.0
23/02/2021,Faktur Pembelian,JL00111387,WULAN (DISCOUNT NOTEBOOK),Lunas,"",210000.0,0.0
23/02/2021,Faktur Pembelian,JL00111465,WULAN (DISCOUNT NOTEBOOK),Lunas,"",1750000.0,0.0
23/02/2021,Faktur Pembelian,JL.2102.06653,CANDRA (BLESSING),Lunas,"",45888000.0,0.0
23/02/2021,Faktur Pembelian,PJL-21-02-00244,PT. Surya Makmur Kreasindo (HJ),Lunas,"",15150000.000003,0.0
23/02/2021,Faktur Pembelian,SPG-21-02-00321,OLEAN,Lunas,"",12375000.0,0.0
24/02/2021,Faktur Pembelian,JL.2102.06709,PT BALI SATU COMPUTER,Lunas,masalah nota,14760000.0,0.0
24/02/2021,Faktur Pembelian,11179,ONLINE,Lunas,"",355000.0,0.0
24/02/2021,Faktur Pembelian,11180,ONLINE,Lunas,"",1000000.0,0.0
24/02/2021,Faktur Pembelian,11181,ONLINE,Lunas,"",30180000.0,0.0
24/02/2021,Faktur Pembelian,11182,ONLINE,Lunas,"",440000.0,0.0
24/02/2021,Faktur Pembelian,11183,ONLINE,Lunas,"",690000.0,0.0
24/02/2021,Faktur Pembelian,11184,ONLINE,Lunas,"",460000.0,0.0
24/02/2021,Faktur Pembelian,11185,ONLINE,Lunas,"",345000.0,0.0
24/02/2021,Faktur Pembelian,11186,ONLINE,Lunas,"",460000.0,0.0
24/02/2021,Faktur Pembelian,11187,ONLINE,Lunas,"",230000.0,0.0
24/02/2021,Faktur Pembelian,11188,ONLINE,Lunas,"",345000.0,0.0
24/02/2021,Faktur Pembelian,11189,ONLINE,Lunas,"",345000.0,0.0
24/02/2021,Faktur Pembelian,11190,ONLINE,Lunas,"",1150000.0,0.0
24/02/2021,Faktur Pembelian,000266,LILI (PLATINUM),Lunas,"",702000.0,0.0
25/02/2021,Faktur Pembelian,11191,HARAPAN BARU,Lunas,"",2715000.0,0.0
25/02/2021,Faktur Pembelian,11192,ONLINE,Lunas,"",150000.0,0.0
25/02/2021,Faktur Pembelian,11193,ONLINE,Lunas,"",14622000.0,0.0
25/02/2021,Faktur Pembelian,11194,ONLINE,Lunas,"",21892000.0,0.0
25/02/2021,Faktur Pembelian,11195,ONLINE,Lunas,"",639999.9999,0.0
25/02/2021,Faktur Pembelian,11196,ONLINE,Lunas,"",1000000.0,0.0
25/02/2021,Faktur Pembelian,11197,ANDY (JMK),Lunas,"",7400000.0,0.0
25/02/2021,Faktur Pembelian,11199,ONLINE,Lunas,"",120000.0,0.0
25/02/2021,Faktur Pembelian,JL.2102.07294,CANDRA (BLESSING),Lunas,"",2560000.0,0.0
26/02/2021,Faktur Pembelian,11200,ONLINE,Lunas,"",925000.0,0.0
26/02/2021,Faktur Pembelian,11201,ONLINE,Lunas,"",1213000.0,0.0
26/02/2021,Faktur Pembelian,11202,TATIK (LEGENDA),Lunas,"",20250000.0,0.0
26/02/2021,Faktur Pembelian,11203,ONLINE,Lunas,"",221000.0,0.0
26/02/2021,Faktur Pembelian,11204,ONLINE,Lunas,"",720000.0,0.0
26/02/2021,Faktur Pembelian,11205,ONLINE,Lunas,"",442000.0,0.0
26/02/2021,Faktur Pembelian,11206,ONLINE,Lunas,"",33790000.0,0.0
26/02/2021,Faktur Pembelian,11207,ONLINE,Lunas,"",28100000.0,0.0
26/02/2021,Faktur Pembelian,11208,ONLINE,Lunas,"",2850000.0,0.0
26/02/2021,Faktur Pembelian,11209,ONLINE,Lunas,"",900000.000045,4.5e-05
26/02/2021,Faktur Pembelian,00573911_036,PRIYO (K GALAXY),Lunas,HD LAPTOP KURANG 1,5562500.0,0.0
26/02/2021,Faktur Pembelian,JL00111820,WULAN (DISCOUNT NOTEBOOK),Lunas,"",1140000.0,0.0
26/02/2021,Faktur Pembelian,000269,LILI (PLATINUM),Lunas,"",4320000.0,0.0
26/02/2021,Faktur Pembelian,JL5521020762,YULI (HP CENTRE),Lunas,"",8000000.0,0.0
27/02/2021,Faktur Pembelian,11210,ONLINE,Lunas,"",900000.0,0.0
27/02/2021,Faktur Pembelian,JL.2102.07900,CANDRA (BLESSING),Lunas,"",15951000.0,0.0
27/02/2021,Faktur Pembelian,11211,ONLINE,Lunas,"",120000.0,0.0
27/02/2021,Faktur Pembelian,11212,ONLINE,Lunas,"",60000.0,0.0
27/02/2021,Faktur Pembelian,NJL-EX1/270221/047,PT. INDO WARNA MULIA ( ALFA INK ),Lunas,"",588000.0,0.0
28/02/2021,Faktur Pembelian,11213,ONLINE,Lunas,"",727800.0,0.0
01/03/2021,Faktur Pembelian,11214,CANDRA (BLESSING),Lunas,"",10460000.0,0.0
01/03/2021,Faktur Pembelian,11215,ONLINE,Lunas,"",120000.0,0.0
01/03/2021,Faktur Pembelian,11216,ONLINE,Lunas,"",31475000.0,0.0
01/03/2021,Faktur Pembelian,11217,ONLINE,Lunas,"",5200000.0,0.0
01/03/2021,Faktur Pembelian,11218,ONLINE,Lunas,"",100000.0,0.0
01/03/2021,Faktur Pembelian,11219,ONLINE,Lunas,"",120000.0,0.0
01/03/2021,Faktur Pembelian,000272,LILI (PLATINUM),Lunas,"",600000.0,0.0
01/03/2021,Faktur Pembelian,JL0011199,WULAN (DISCOUNT NOTEBOOK),Lunas,"",315000.0,0.0
01/03/2021,Faktur Pembelian,000273,LILI (PLATINUM),Lunas,"",2654000.0,0.0
01/03/2021,Faktur Pembelian,11282,SARI INDAH PERMAI,Lunas,"",105940240.0,0.0
02/03/2021,Faktur Pembelian,11220,ONLINE,Lunas,"",3015000.0,0.0
02/03/2021,Faktur Pembelian,11221,WULAN (DISCOUNT NOTEBOOK),Lunas,"",365000.0,0.0
02/03/2021,Faktur Pembelian,JL.2103.00506,CANDRA (BLESSING),Lunas,"",12760000.0,0.0
02/03/2021,Faktur Pembelian,11222,ONLINE,Lunas,"",7150000.0,0.0
02/03/2021,Faktur Pembelian,11223,ONLINE,Lunas,"",27882000.0,0.0
02/03/2021,Faktur Pembelian,11224,ONLINE,Lunas,"",440000.0,0.0
02/03/2021,Faktur Pembelian,11225,ONLINE,Lunas,"",610000.0,0.0
02/03/2021,Faktur Pembelian,11226,ONLINE,Lunas,"",180000.0,0.0
02/03/2021,Faktur Pembelian,JL5521030046,YULI (HP CENTRE),Lunas,"",1093000.0,0.0
03/03/2021,Faktur Pembelian,11227,ONLINE,Lunas,"",3565000.0,0.0
03/03/2021,Faktur Pembelian,11228,ONLINE,Lunas,"",1092000.0,0.0
03/03/2021,Faktur Pembelian,11229,ONLINE,Lunas,"",550000.0,0.0
03/03/2021,Faktur Pembelian,11230,ONLINE,Lunas,"",200000.0,0.0
03/03/2021,Faktur Pembelian,11231,EKO HASAN,Lunas,"",413000.0,0.0
03/03/2021,Faktur Pembelian,11232,ONLINE,Lunas,"",520000.0,0.0
03/03/2021,Faktur Pembelian,11233,ONLINE,Lunas,"",1000000.0,0.0
03/03/2021,Faktur Pembelian,11247,PRIYO (K GALAXY),Lunas,"",9765000.0,0.0
03/03/2021,Faktur Pembelian,000282,LILI (PLATINUM),Lunas,"",619000.0,0.0
03/03/2021,Faktur Pembelian,Jl00112356,WULAN (DISCOUNT NOTEBOOK),Lunas,"",390000.0,0.0
03/03/2021,Faktur Pembelian,0320214138,AGUS (DORAN),Lunas,"",8190000.0,0.0
03/03/2021,Faktur Pembelian,JL5521030116,YULI (HP CENTRE),Lunas,"",25000000.0,0.0
03/03/2021,Faktur Pembelian,pjl-21-03-00043,PT. Surya Makmur Kreasindo (HJ),Lunas,"",33075000.000004,0.0
04/03/2021,Faktur Pembelian,11234,ONLINE,Lunas,"",1904000.0,0.0
04/03/2021,Faktur Pembelian,11235,ONLINE,Lunas,"",28000.0,0.0
04/03/2021,Faktur Pembelian,11236,DWI DSC PAK BAMBANG CANON,Lunas,"",21312000.0,0.0
05/03/2021,Faktur Pembelian,JL.2103.00864,CANDRA (BLESSING),Lunas,"",16095000.0,0.0
05/03/2021,Faktur Pembelian,11237,ONLINE,Lunas,"",26610000.0,0.0
05/03/2021,Faktur Pembelian,11238,ONLINE,Lunas,"",26610000.0,0.0
05/03/2021,Faktur Pembelian,jl.2103.01640,CANDRA (BLESSING),Lunas,"",26500000.0,0.0
06/03/2021,Faktur Pembelian,11239,ONLINE,Lunas,"",11140000.0,0.0
06/03/2021,Faktur Pembelian,jl.2103.02009,CANDRA (BLESSING),Lunas,"",7205000.0,0.0
07/03/2021,Faktur Pembelian,11241,LEON PT TUJUH ANUGRAH ABADI,Lunas,"",32400000.0,0.0
08/03/2021,Faktur Pembelian,11244,BETA COM,Lunas,"",20928000.0,0.0
08/03/2021,Faktur Pembelian,11245,DWI DSC PAK BAMBANG CANON,Lunas,"",21312000.0,0.0
08/03/2021,Faktur Pembelian,11246,ONLINE,Lunas,"",3800000.0,0.0
08/03/2021,Faktur Pembelian,JL.2103.02362,CANDRA (BLESSING),Lunas,"",5600000.0,0.0
08/03/2021,Faktur Pembelian,JL.2103.02459,CANDRA (BLESSING),Lunas,"",1932000.0,0.0
08/03/2021,Faktur Pembelian,JL.2103.02425,CANDRA (BLESSING),Lunas,"",990000.0,0.0
08/03/2021,Faktur Pembelian,JL00112771,WULAN (DISCOUNT NOTEBOOK),Lunas,"",1090000.0,0.0
08/03/2021,Faktur Pembelian,000293,LILI (PLATINUM),Lunas,"",1732000.0,0.0
08/03/2021,Faktur Pembelian,JL00112761,WULAN (DISCOUNT NOTEBOOK),Lunas,"",780000.0,0.0
08/03/2021,Faktur Pembelian,pjl-21-03-00091,PT. Surya Makmur Kreasindo (HJ),Lunas,"",5575000.0,0.0
08/03/2021,Faktur Pembelian,jl5521030265,YULI (HP CENTRE),Lunas,"",7000000.0,0.0
08/03/2021,Faktur Pembelian,jl8821030030,YULI (HP CENTRE),Lunas,"",63000000.0,0.0
08/03/2021,Faktur Pembelian,jl5521030247,YULI (HP CENTRE),Lunas,"",6518000.0,0.0
09/03/2021,Faktur Pembelian,11249,SARI INDAH PERMAI,Lunas,"",37430700.0,0.0
09/03/2021,Faktur Pembelian,11250,SARI INDAH PERMAI,Lunas,"",6260389.0,0.0
09/03/2021,Faktur Pembelian,11251,ONLINE,Lunas,"",62220000.0,0.0
09/03/2021,Faktur Pembelian,000297,LILI (PLATINUM),Lunas,"",206000.0,0.0
09/03/2021,Faktur Pembelian,JL.2103.03040,CANDRA (BLESSING),Lunas,"",13100000.0,0.0
09/03/2021,Faktur Pembelian,JL00112911,WULAN (DISCOUNT NOTEBOOK),Lunas,"",1260000.0,0.0
09/03/2021,Faktur Pembelian,JL00112922,WULAN (DISCOUNT NOTEBOOK),Lunas,"",980000.0,0.0
10/03/2021,Faktur Pembelian,11252,ONLINE,Lunas,"",29340000.0,0.0
10/03/2021,Faktur Pembelian,11253,ONLINE,Lunas,"",19500000.0,0.0
10/03/2021,Faktur Pembelian,JL.2102.02998,CANDRA (BLESSING),Lunas,"",5610000.0,0.0
10/03/2021,Faktur Pembelian,JL.2103.03315,CANDRA (BLESSING),Lunas,"",2421000.0,0.0
10/03/2021,Faktur Pembelian,JL.2103.02911,CANDRA (BLESSING),Lunas,"",5610000.0,0.0
10/03/2021,Faktur Pembelian,JL00113089,WULAN (DISCOUNT NOTEBOOK),Lunas,"",580000.0,0.0
10/03/2021,Faktur Pembelian,000302,LILI (PLATINUM),Lunas,"",734000.0,0.0
10/03/2021,Faktur Pembelian,000301,LILI (PLATINUM),Lunas,"",1760000.0,0.0
10/03/2021,Faktur Pembelian,03202115433,AGUS (DORAN),Lunas,"",16648000.0,0.0
10/03/2021,Faktur Pembelian,pjl-21-03-00127,PT. Surya Makmur Kreasindo (HJ),Lunas,"",15150000.000003,0.0
10/03/2021,Faktur Pembelian,00575214_036,PRIYO (K GALAXY),Lunas,"",11370000.0,0.0
11/03/2021,Faktur Pembelian,11254,ONLINE,Lunas,"",6900000.0,0.0
12/03/2021,Faktur Pembelian,11255,ONLINE,Lunas,"",11340000.0,0.0
12/03/2021,Faktur Pembelian,11256,ONLINE,Lunas,"",17100000.0,0.0
12/03/2021,Faktur Pembelian,11257,ONLINE,Lunas,"",11360000.0,0.0
12/03/2021,Faktur Pembelian,11258,ONLINE,Lunas,"",14500000.0,0.0
12/03/2021,Faktur Pembelian,JL.2103.03727,CANDRA (BLESSING),Lunas,"",1800000.0,0.0
12/03/2021,Faktur Pembelian,JL.2103.03680,CANDRA (BLESSING),Lunas,"",11906000.0,0.0
12/03/2021,Faktur Pembelian,JL.2103.03670,CANDRA (BLESSING),Lunas,"",17930000.0,0.0
12/03/2021,Faktur Pembelian,03202116955,AGUS (DORAN),Lunas,"",8350000.0,0.0
12/03/2021,Faktur Pembelian,pjl-21-03-00143,PT. Surya Makmur Kreasindo (HJ),Lunas,"",40999999.999992,0.0
13/03/2021,Faktur Pembelian,11259,ONLINE,Lunas,"",1109999.9997,0.0
13/03/2021,Faktur Pembelian,11260,DEDY (DATA LINK),Lunas,"",17200000.0,0.0
13/03/2021,Faktur Pembelian,11261,ONLINE,Lunas,"",13700000.0,0.0
13/03/2021,Faktur Pembelian,11262,ONLINE,Lunas,"",440000.0,0.0
13/03/2021,Faktur Pembelian,JL00113299,WULAN (DISCOUNT NOTEBOOK),Lunas,"",665000.0,0.0
13/03/2021,Faktur Pembelian,JL00113347,WULAN (DISCOUNT NOTEBOOK),Lunas,"",1750000.0,0.0
13/03/2021,Faktur Pembelian,JL00113346,WULAN (DISCOUNT NOTEBOOK),Lunas,"",1750000.0,0.0
13/03/2021,Faktur Pembelian,000304,LILI (PLATINUM),Lunas,"",324000.0,0.0
13/03/2021,Faktur Pembelian,03202118785,AGUS (DORAN),Lunas,"",9300000.0,0.0
14/03/2021,Faktur Pembelian,11263,ONLINE,Lunas,"",5270000.0,0.0
14/03/2021,Faktur Pembelian,11264,ONLINE,Lunas,"",16410000.0,0.0
14/03/2021,Faktur Pembelian,11265,ONLINE,Lunas,"",336000.0,0.0
14/03/2021,Faktur Pembelian,11266,ONLINE,Lunas,"",336000.0,0.0
14/03/2021,Faktur Pembelian,11267,ONLINE,Lunas,"",453000.0,0.0
14/03/2021,Faktur Pembelian,11268,ONLINE,Lunas,"",168000.0,0.0
14/03/2021,Faktur Pembelian,11269,ONLINE,Lunas,"",675000.0,0.0
14/03/2021,Faktur Pembelian,11270,ONLINE,Lunas,"",3657000.0,0.0
15/03/2021,Faktur Pembelian,11271,TATIK (LEGENDA),Lunas,"",3040000.0,0.0
15/03/2021,Faktur Pembelian,11272,LEON PT TUJUH ANUGRAH ABADI,Lunas,"",32400000.0,0.0
15/03/2021,Faktur Pembelian,11273,TATIK (LEGENDA),Lunas,"",20600000.0,0.0
15/03/2021,Faktur Pembelian,11274,ONLINE,Lunas,"",3060000.0,0.0
15/03/2021,Faktur Pembelian,11275,ONLINE,Lunas,"",680000.0,0.0
15/03/2021,Faktur Pembelian,11276,ONLINE,Lunas,"",3366000.0,0.0
15/03/2021,Faktur Pembelian,11277,ONLINE,Lunas,"",57000.0,0.0
15/03/2021,Faktur Pembelian,11278,ONLINE,Lunas,"",15810000.0,0.0
15/03/2021,Faktur Pembelian,11279,ONLINE,Lunas,"",17123250.0,0.0
15/03/2021,Faktur Pembelian,11280,ONLINE,Lunas,"",178500.0,0.0
15/03/2021,Faktur Pembelian,00575660_306,PRIYO (K GALAXY),Lunas,"",5040000.0,0.0
15/03/2021,Faktur Pembelian,jl00113478,WULAN (DISCOUNT NOTEBOOK),Lunas,"",120000.0,0.0
15/03/2021,Faktur Pembelian,jl00113469,WULAN (DISCOUNT NOTEBOOK),Lunas,"",1375000.0,0.0
15/03/2021,Faktur Pembelian,jl8821030043,YULI (HP CENTRE),Lunas,"",9700000.0,0.0
15/03/2021,Faktur Pembelian,2103095,ANDY (JMK),Lunas,"",2200000.0,0.0
15/03/2021,Faktur Pembelian,03202121565,AGUS (DORAN),Lunas,"",16500000.0,0.0
15/03/2021,Faktur Pembelian,000307,LILI (PLATINUM),Lunas,"",828000.0,0.0
16/03/2021,Faktur Pembelian,jl.2103.04028,CANDRA (BLESSING),Lunas,"",8055000.0,0.0
16/03/2021,Faktur Pembelian,jl.2103.04027,CANDRA (BLESSING),Lunas,"",29550000.0,0.0
16/03/2021,Faktur Pembelian,jl.2103.04031,CANDRA (BLESSING),Lunas,"",26542000.0,0.0
16/03/2021,Faktur Pembelian,000312,LILI (PLATINUM),Lunas,"",4298000.0,0.0
17/03/2021,Faktur Pembelian,11283,ONLINE,Lunas,"",14610000.0,0.0
18/03/2021,Faktur Pembelian,11285,ONLINE,Lunas,"",76300000.0,0.0
18/03/2021,Faktur Pembelian,11286,ONLINE,Lunas,"",847500.0,0.0
18/03/2021,Faktur Pembelian,11287,ONLINE,Lunas,"",9800000.0,0.0
18/03/2021,Faktur Pembelian,11288,EKO HASAN,Lunas,"",1003000.0,0.0
18/03/2021,Faktur Pembelian,jl.2103.05111,CANDRA (BLESSING),Lunas,"",9080000.0,0.0
18/03/2021,Faktur Pembelian,04660,WULAN (DISCOUNT NOTEBOOK),Lunas,"",495000.0,0.0
18/03/2021,Faktur Pembelian,04661,WULAN (DISCOUNT NOTEBOOK),Lunas,"",255000.0,0.0
19/03/2021,Faktur Pembelian,11289,ONLINE,Lunas,"",5200000.0,0.0
19/03/2021,Faktur Pembelian,11290,ONLINE,Lunas,"",375000.0,0.0
19/03/2021,Faktur Pembelian,11291,ONLINE,Lunas,"",160000.0,0.0
19/03/2021,Faktur Pembelian,000323,LILI (PLATINUM),Lunas,"",5677500.0,0.0
19/03/2021,Faktur Pembelian,00576308_036,PRIYO (K GALAXY),Lunas,"",7805000.0,0.0
19/03/2021,Faktur Pembelian,PJL-21-03-00252,PT. Surya Makmur Kreasindo (HJ),Lunas,"",7575000.000002,2.0e-06
20/03/2021,Faktur Pembelian,11292,ONLINE,Lunas,"",5500000.0,0.0
20/03/2021,Faktur Pembelian,11293,ONLINE,Lunas,"",2112000.0,0.0
20/03/2021,Faktur Pembelian,11294,ONLINE,Lunas,"",656000.0,0.0
20/03/2021,Faktur Pembelian,11311,IQ TRONIK,Lunas,"",37440000.0,0.0
21/03/2021,Faktur Pembelian,11295,ONLINE,Lunas,"",24480000.0,0.0
21/03/2021,Faktur Pembelian,11296,ONLINE,Lunas,"",35160000.0,0.0
21/03/2021,Faktur Pembelian,11297,ONLINE,Lunas,"",680000.0,0.0
22/03/2021,Faktur Pembelian,11298,ONLINE,Lunas,"",275000.0,0.0
22/03/2021,Faktur Pembelian,11299,ONLINE,Lunas,"",355000.0,0.0
22/03/2021,Faktur Pembelian,11300,ONLINE,Lunas,"",1000000.0,0.0
22/03/2021,Faktur Pembelian,11301,ONLINE,Lunas,"",550000.0,0.0
22/03/2021,Faktur Pembelian,11302,ONLINE,Lunas,"",900000.0,0.0
22/03/2021,Faktur Pembelian,11303,ONLINE,Lunas,"",141800.0,0.0
22/03/2021,Faktur Pembelian,11304,ONLINE,Lunas,"",35120000.0,0.0
22/03/2021,Faktur Pembelian,JL.2103.06092,CANDRA (BLESSING),Lunas,"",43891000.0,0.0
22/03/2021,Faktur Pembelian,11306,ONLINE,Lunas,"",282500.0,0.0
22/03/2021,Faktur Pembelian,11307,ONLINE,Lunas,"",865000.0,0.0
22/03/2021,Faktur Pembelian,11308,ONLINE,Lunas,"",287000.0,0.0
22/03/2021,Faktur Pembelian,11309,ONLINE,Lunas,"",120000.0,0.0
22/03/2021,Faktur Pembelian,11310,ONLINE,Lunas,"",500000.0,0.0
22/03/2021,Faktur Pembelian,000310,LILI (PLATINUM),Lunas,"",3075000.0,0.0
22/03/2021,Faktur Pembelian,11313,LEON PT TUJUH ANUGRAH ABADI,Lunas,"",8040000.0,0.0
22/03/2021,Faktur Pembelian,11314,ONLINE,Lunas,"",345000.0,0.0
22/03/2021,Faktur Pembelian,jl00114183,WULAN (DISCOUNT NOTEBOOK),Lunas,"",2340000.0,0.0
22/03/2021,Faktur Pembelian,jl.2103.06319,CANDRA (BLESSING),Lunas,"",7320000.0,0.0
22/03/2021,Faktur Pembelian,jl5521030668,YULI (HP CENTRE),Lunas,"",41664000.0,0.0
22/03/2021,Faktur Pembelian,PJL-21-03-00286,PT. Surya Makmur Kreasindo (HJ),Lunas,"",18780000.000001,1.0e-06
22/03/2021,Faktur Pembelian,000324,LILI (PLATINUM),Lunas,"",4095000.0,0.0
22/03/2021,Faktur Pembelian,2103151,ANDY (JMK),Lunas,"",9000000.0,0.0
23/03/2021,Faktur Pembelian,11315,ONLINE,Lunas,"",10700000.0,0.0
23/03/2021,Faktur Pembelian,11316,ONLINE,Lunas,"",3150000.0,0.0
23/03/2021,Faktur Pembelian,11317,DWI DSC PAK BAMBANG CANON,Lunas,"",28650000.0,0.0
23/03/2021,Faktur Pembelian,JL.2103.06579,CANDRA (BLESSING),Lunas,"",28700000.0,0.0
23/03/2021,Faktur Pembelian,11318,ONLINE,Lunas,"",26450000.0,0.0
23/03/2021,Faktur Pembelian,11319,ONLINE,Lunas,"",450000.0,0.0
23/03/2021,Faktur Pembelian,jl.2103.06742,CANDRA (BLESSING),Lunas,"",12435000.0,0.0
24/03/2021,Faktur Pembelian,03202135305,AGUS (DORAN),Lunas,"",10900000.0,0.0
24/03/2021,Faktur Pembelian,11321,ONLINE,Lunas,"",25500000.0,0.0
24/03/2021,Faktur Pembelian,11322,ONLINE,Lunas,"",220000.0,0.0
24/03/2021,Faktur Pembelian,JL.2103.06882,CANDRA (BLESSING),Lunas,"",20330000.0,0.0
24/03/2021,Faktur Pembelian,11323,ONLINE,Lunas,"",1340000.0,0.0
24/03/2021,Faktur Pembelian,000332,LILI (PLATINUM),Lunas,"",989000.0,0.0
24/03/2021,Faktur Pembelian,jl5521030786,YULI (HP CENTRE),Lunas,"",43250000.0,0.0
24/03/2021,Faktur Pembelian,jl5521030785,YULI (HP CENTRE),Lunas,"",14550000.0,0.0
24/03/2021,Faktur Pembelian,00576941_036,PRIYO (K GALAXY),Lunas,"",2925000.0,0.0
24/03/2021,Faktur Pembelian,2103159,ANDY (JMK),Lunas,"",2280000.0,0.0
25/03/2021,Faktur Pembelian,JL.2103.07158,CANDRA (BLESSING),Lunas,"",5467000.0,0.0
25/03/2021,Faktur Pembelian,11324,ONLINE,Lunas,"",120000.0,0.0
25/03/2021,Faktur Pembelian,11325,ONLINE,Lunas,"",148000.0,0.0
25/03/2021,Faktur Pembelian,JL.2103.07365,CANDRA (BLESSING),Lunas,"",71720000.0,0.0
25/03/2021,Faktur Pembelian,jl.2103.07335,CANDRA (BLESSING),Lunas,"",15550000.0,0.0
25/03/2021,Faktur Pembelian,jl00114459,WULAN (DISCOUNT NOTEBOOK),Lunas,"",425000.0,0.0
25/03/2021,Faktur Pembelian,JL5521030831,YULI (HP CENTRE),Lunas,"",17300000.0,0.0
26/03/2021,Faktur Pembelian,11326,BETA COM,Lunas,"",15850000.0,0.0
26/03/2021,Faktur Pembelian,11327,ONLINE,Lunas,"",639999.9999,0.0
26/03/2021,Faktur Pembelian,000336,LILI (PLATINUM),Lunas,"",637000.0,0.0
26/03/2021,Faktur Pembelian,03202138125,AGUS (DORAN),Lunas,"",975000.0,0.0
26/03/2021,Faktur Pembelian,jl.2103.07770,CANDRA (BLESSING),Lunas,"",9785000.0,0.0
26/03/2021,Faktur Pembelian,JL8821030066,YULI (HP CENTRE),Lunas,"",4325000.0,0.0
26/03/2021,Faktur Pembelian,JL5521030896,YULI (HP CENTRE),Lunas,"",4325000.0,0.0
27/03/2021,Faktur Pembelian,11328,ONLINE,Lunas,"",14775000.0,0.0
27/03/2021,Faktur Pembelian,jl.2103.07977,CANDRA (BLESSING),Lunas,"",21125000.0,0.0
27/03/2021,Faktur Pembelian,jl00114684,WULAN (DISCOUNT NOTEBOOK),Lunas,"",1280000.0,0.0
27/03/2021,Faktur Pembelian,000337,LILI (PLATINUM),Lunas,"",9450000.0,0.0
27/03/2021,Faktur Pembelian,PJL-21-03-00347,PT. Surya Makmur Kreasindo (HJ),Lunas,"",30300000.000006,0.0
27/03/2021,Faktur Pembelian,2103178,ANDY (JMK),Lunas,"",3000000.0,0.0
27/03/2021,Faktur Pembelian,NJL-EX1/270321/004,PT. INDO WARNA MULIA ( ALFA INK ),Lunas,"",2600000.0,0.0
28/03/2021,Faktur Pembelian,11329,ONLINE,Lunas,"",10600000.0,0.0
28/03/2021,Faktur Pembelian,11330,SARI INDAH PERMAI,Lunas,"",133159760.0,0.0
28/03/2021,Faktur Pembelian,11331,ONLINE,Lunas,"",262500.0,0.0
29/03/2021,Faktur Pembelian,11332,ONLINE,Lunas,"",25025000.0,0.0
29/03/2021,Faktur Pembelian,jl.2103.08420,CANDRA (BLESSING),Lunas,"",37375000.0,0.0
29/03/2021,Faktur Pembelian,11333,ONLINE,Lunas,"",610000.0,0.0
29/03/2021,Faktur Pembelian,11334,ONLINE,Lunas,"",5490000.0,0.0
29/03/2021,Faktur Pembelian,11335,ONLINE,Lunas,"",8010000.0,0.0
29/03/2021,Faktur Pembelian,11336,ONLINE,Lunas,"",7020000.0,0.0
29/03/2021,Faktur Pembelian,11338,ONLINE,Lunas,"",13320000.0,0.0
29/03/2021,Faktur Pembelian,11339,ONLINE,Lunas,"",3770000.0,0.0
29/03/2021,Faktur Pembelian,11340,ONLINE,Lunas,"",3068000.0,0.0
29/03/2021,Faktur Pembelian,11341,ONLINE,Lunas,"",7826000.0,0.0
29/03/2021,Faktur Pembelian,11342,ONLINE,Lunas,"",1976000.0,0.0
29/03/2021,Faktur Pembelian,11343,ONLINE,Lunas,"",50050000.0,0.0
29/03/2021,Faktur Pembelian,11344,ONLINE,Lunas,"",240000.0,0.0
29/03/2021,Faktur Pembelian,JL.2103.08471,CANDRA (BLESSING),Lunas,"",19800000.0,0.0
29/03/2021,Faktur Pembelian,JL00114758,WULAN (DISCOUNT NOTEBOOK),Lunas,"",770000.0,0.0
29/03/2021,Faktur Pembelian,2103182,ANDY (JMK),Lunas,"",11250000.0,0.0
30/03/2021,Faktur Pembelian,11345,ONLINE,Lunas,"",1100000.0,0.0
30/03/2021,Faktur Pembelian,11346,ONLINE,Lunas,"",335000.0,0.0
30/03/2021,Faktur Pembelian,11347,ONLINE,Lunas,"",130000.0,0.0
30/03/2021,Faktur Pembelian,11348,ONLINE,Lunas,"",2913000.0,0.0
30/03/2021,Faktur Pembelian,11349,ONLINE,Lunas,"",110000.0,0.0
30/03/2021,Faktur Pembelian,11350,ONLINE,Lunas,"",120000.0,0.0
30/03/2021,Faktur Pembelian,11351,ONLINE,Lunas,"",120000.0,0.0
30/03/2021,Faktur Pembelian,11352,ONLINE,Lunas,"",1296000.0,0.0
30/03/2021,Faktur Pembelian,jl5521031029,YULI (HP CENTRE),Lunas,"",10000000.0,0.0
30/03/2021,Faktur Pembelian,03202145508,AGUS (DORAN),Lunas,"",4350000.0,0.0
30/03/2021,Faktur Pembelian,JL00114952,WULAN (DISCOUNT NOTEBOOK),Lunas,4736 DI CORET,175000.0,0.0
30/03/2021,Faktur Pembelian,JL00114955,WULAN (DISCOUNT NOTEBOOK),Lunas,"",300000.0,0.0
30/03/2021,Faktur Pembelian,JL00114879,WULAN (DISCOUNT NOTEBOOK),Lunas,"",350000.0,0.0
30/03/2021,Faktur Pembelian,PJL-21-03-2021,PT. Surya Makmur Kreasindo (HJ),Lunas,"",15545000.000002,0.0
31/03/2021,Faktur Pembelian,11353,ONLINE,Lunas,"",120000.0,0.0
31/03/2021,Faktur Pembelian,11354,ONLINE,Lunas,"",80000.0,0.0
31/03/2021,Faktur Pembelian,11355,ONLINE,Lunas,"",375000.0,0.0
31/03/2021,Faktur Pembelian,11356,ATC,Lunas,"",25000000.0,0.0
31/03/2021,Faktur Pembelian,JL8821030061,YULI (HP CENTRE),Lunas,"",74250000.0,0.0
31/03/2021,Faktur Pembelian,JL.2103.09083,CANDRA (BLESSING),Lunas,"
",51355000.0,0.0
31/03/2021,Faktur Pembelian,11358,ONLINE,Lunas,"",59571000.0,0.0
31/03/2021,Faktur Pembelian,JL.2103.09212,CANDRA (BLESSING),Lunas,"",18700000.0,0.0
31/03/2021,Faktur Pembelian,jl00114989,WULAN (DISCOUNT NOTEBOOK),Lunas,"",775000.0,0.0
31/03/2021,Faktur Pembelian,jl00115011,WULAN (DISCOUNT NOTEBOOK),Lunas,"",425000.0,0.0
31/03/2021,Faktur Pembelian,000341,LILI (PLATINUM),Lunas,"",1098000.0,0.0
31/03/2021,Faktur Pembelian,JL.2103.09228,CANDRA (BLESSING),Lunas,"",4700000.0,0.0
01/04/2021,Faktur Pembelian,11360,TATIK (LEGENDA),Lunas,"",10450000.0,0.0
01/04/2021,Faktur Pembelian,11361,TATIK (LEGENDA),Lunas,"",18250000.0,0.0
01/04/2021,Faktur Pembelian,11362,LEON PT TUJUH ANUGRAH ABADI,Lunas,"",39900000.0,0.0
01/04/2021,Faktur Pembelian,11363,ONLINE,Lunas,"",23100000.0,0.0
01/04/2021,Faktur Pembelian,11364,ONLINE,Lunas,"",38000.0,0.0
01/04/2021,Faktur Pembelian,11365,TATIK (LEGENDA),Lunas,"",2450000.0,0.0
01/04/2021,Faktur Pembelian,11366,ONLINE,Lunas,"",220000.0,0.0
01/04/2021,Faktur Pembelian,JL00115128,WULAN (DISCOUNT NOTEBOOK),Lunas,"",325000.0,0.0
01/04/2021,Faktur Pembelian,JL00115126,WULAN (DISCOUNT NOTEBOOK),Lunas,"",750000.0,0.0
01/04/2021,Faktur Pembelian,JL.2104.00019,CANDRA (BLESSING),Lunas,"",4625000.0,0.0
01/04/2021,Faktur Pembelian,000344,LILI (PLATINUM),Lunas,"",12450000.0,0.0
01/04/2021,Faktur Pembelian,JL00115181,WULAN (DISCOUNT NOTEBOOK),Lunas,"",640000.0,0.0
02/04/2021,Faktur Pembelian,11367,ONLINE,Lunas,"",960000.0,0.0
02/04/2021,Faktur Pembelian,11368,ONLINE,Lunas,"",35050000.0,0.0
02/04/2021,Faktur Pembelian,000347,LILI (PLATINUM),Lunas,"",1198000.0,0.0
03/04/2021,Faktur Pembelian,11369,ONLINE,Lunas,"",4520000.0,0.0
03/04/2021,Faktur Pembelian,jl.2104.00607,CANDRA (BLESSING),Lunas,"",7460000.0,0.0
03/04/2021,Faktur Pembelian,11370,ONLINE,Lunas,"",760000.0,0.0
03/04/2021,Faktur Pembelian,11371,ONLINE,Lunas,"",2356000.0,0.0
03/04/2021,Faktur Pembelian,00577775_036,PRIYO (K GALAXY),Lunas,"",15700000.0,0.0
03/04/2021,Faktur Pembelian,00577776_036,PRIYO (K GALAXY),Lunas,"",1305000.0,0.0
04/04/2021,Faktur Pembelian,11372,ONLINE,Lunas,"",12900000.0,0.0
04/04/2021,Faktur Pembelian,11373,ONLINE,Lunas,"",14340000.0,0.0
04/04/2021,Faktur Pembelian,11374,ONLINE,Lunas,"",20080000.0,0.0
04/04/2021,Faktur Pembelian,11375,ONLINE,Lunas,"",220000.0,0.0
05/04/2021,Faktur Pembelian,11376,ONLINE,Lunas,"",240000.0,0.0
05/04/2021,Faktur Pembelian,11377,ONLINE,Lunas,"",425000.0,0.0
05/04/2021,Faktur Pembelian,JL.2104.00782,CANDRA (BLESSING),Lunas,"",9975000.0,0.0
05/04/2021,Faktur Pembelian,11378,MARIA CHRISTINA,Lunas,"",5805000.0,0.0
05/04/2021,Faktur Pembelian,JL.2104.01069,CANDRA (BLESSING),Lunas,"",12980000.0,0.0
05/04/2021,Faktur Pembelian,11380,ONLINE,Lunas,"",23350000.0,0.0
05/04/2021,Faktur Pembelian,11382,ANDRIANY MUSTIKA SARI (cencen),Lunas,"",25002000.0,0.0
05/04/2021,Faktur Pembelian,2104022,ANDY (JMK),Lunas,"",900000.0,0.0
05/04/2021,Faktur Pembelian,00578020_036,PRIYO (K GALAXY),Lunas,"",2100000.0,0.0
05/04/2021,Faktur Pembelian,2104021,ANDY (JMK),Lunas,"",2700000.0,0.0
06/04/2021,Faktur Pembelian,11384,ONLINE,Lunas,"",120000.0,0.0
06/04/2021,Faktur Pembelian,11385,ONLINE,Lunas,"",24975000.0,0.0
06/04/2021,Faktur Pembelian,11386,ONLINE,Lunas,"",210000.0,0.0
06/04/2021,Faktur Pembelian,000353,LILI (PLATINUM),Lunas,"",6470000.0,0.0
06/04/2021,Faktur Pembelian,2104029,ANDY (JMK),Lunas,"",11250000.0,0.0
07/04/2021,Faktur Pembelian,11387,ONLINE,Lunas,"",148000.0,0.0
07/04/2021,Faktur Pembelian,11388,ONLINE,Lunas,"",60000.0,0.0
07/04/2021,Faktur Pembelian,11389,ONLINE,Lunas,"",10050000.0,0.0
07/04/2021,Faktur Pembelian,11390,ONLINE,Lunas,"",24100000.0,0.0
07/04/2021,Faktur Pembelian,11391,ONLINE,Lunas,"",275000.0,0.0
07/04/2021,Faktur Pembelian,11392,ONLINE,Lunas,"",300000.0,0.0
07/04/2021,Faktur Pembelian,NJL-EX1/070421/002,PT. INDO WARNA MULIA ( ALFA INK ),Lunas,"",2250000.0,0.0
08/04/2021,Faktur Pembelian,11393,ONLINE,Lunas,"",1440000.0,0.0
08/04/2021,Faktur Pembelian,11394,ONLINE,Lunas,"",43550000.0,0.0
08/04/2021,Faktur Pembelian,000345,LILI (PLATINUM),Lunas,"",3712500.0,0.0
08/04/2021,Faktur Pembelian,NJL-EX1/260221/013,PT. INDO WARNA MULIA ( ALFA INK ),Lunas,"",20800000.0,0.0
08/04/2021,Faktur Pembelian,NJL-EX1/210121/002,PT. INDO WARNA MULIA ( ALFA INK ),Lunas,"",27951000.0,0.0
08/04/2021,Faktur Pembelian,11395,ONLINE,Lunas,"",630000.0,0.0
08/04/2021,Faktur Pembelian,11396,ONLINE,Lunas,"",1125000.0,0.0
08/04/2021,Faktur Pembelian,000358,LILI (PLATINUM),Lunas,"",1194000.0,0.0
08/04/2021,Faktur Pembelian,00578282_036,PRIYO (K GALAXY),Lunas,potong harga mb,31017500.0,0.0
08/04/2021,Faktur Pembelian,00578302_036,PRIYO (K GALAXY),Lunas,"",11452500.0,0.0
09/04/2021,Faktur Pembelian,JL.2104.02096,CANDRA (BLESSING),Lunas,"",27830000.0,0.0
09/04/2021,Faktur Pembelian,11397,ONLINE,Lunas,"",442000.0,0.0
09/04/2021,Faktur Pembelian,11398,JUL PANASONIC ALKALINE,Lunas,"",619999.999968,0.0
09/04/2021,Faktur Pembelian,11399,ONLINE,Lunas,"",4590000.0,0.0
09/04/2021,Faktur Pembelian,11400,ONLINE,Lunas,"",170000.0,0.0
09/04/2021,Faktur Pembelian,11401,ONLINE,Lunas,"",90000.0,0.0
09/04/2021,Faktur Pembelian,11402,ONLINE,Lunas,"",3550000.0,0.0
09/04/2021,Faktur Pembelian,JL.2104.02409,CANDRA (BLESSING),Lunas,"",23375000.0,0.0
09/04/2021,Faktur Pembelian,JL.2104.02411,CANDRA (BLESSING),Lunas,"",23375000.0,0.0
09/04/2021,Faktur Pembelian,JL.2104.02365,CANDRA (BLESSING),Lunas,"",47822000.0,0.0
09/04/2021,Faktur Pembelian,000361,LILI (PLATINUM),Lunas,"",1759000.0,0.0
09/04/2021,Faktur Pembelian,JL00115833,WULAN (DISCOUNT NOTEBOOK),Lunas,1 RETAK,4725000.0,0.0
09/04/2021,Faktur Pembelian,000359,LILI (PLATINUM),Lunas,"",4050000.0,0.0
09/04/2021,Faktur Pembelian,JL5521040224,YULI (HP CENTRE),Lunas,"",7000000.0,0.0
10/04/2021,Faktur Pembelian,11404,ONLINE,Lunas,"",2250000.0,0.0
10/04/2021,Faktur Pembelian,JL.2104.02715,CANDRA (BLESSING),Lunas,"",5900000.0,0.0
10/04/2021,Faktur Pembelian,11405,HARAPAN BARU,Lunas,"",210000.0,0.0
10/04/2021,Faktur Pembelian,JL5521040267,YULI (HP CENTRE),Lunas,"",3500000.0,0.0
11/04/2021,Faktur Pembelian,11406,ONLINE,Lunas,"",450000.0,0.0
11/04/2021,Faktur Pembelian,11407,ONLINE,Lunas,"",18800000.0,0.0
12/04/2021,Faktur Pembelian,11409,ONLINE,Lunas,"",295000.0,0.0
12/04/2021,Faktur Pembelian,JL.2104.02878,CANDRA (BLESSING),Lunas,"",28160000.0,0.0
12/04/2021,Faktur Pembelian,11410,ONLINE,Lunas,"",325000.0,0.0
12/04/2021,Faktur Pembelian,11411,ONLINE,Lunas,"",1740000.0,0.0
12/04/2021,Faktur Pembelian,11412,ONLINE,Lunas,"",1279999.9998,0.0
12/04/2021,Faktur Pembelian,11413,ONLINE,Lunas,"",192500.0,0.0
12/04/2021,Faktur Pembelian,JL.2104.03110,CANDRA (BLESSING),Lunas,"",21355000.0,0.0
12/04/2021,Faktur Pembelian,JL.2104.01878,CANDRA (BLESSING),Lunas,"",3735000.0,0.0
12/04/2021,Faktur Pembelian,2104066,ANDY (JMK),Lunas,"",10750000.0,0.0
12/04/2021,Faktur Pembelian,JL00116023,WULAN (DISCOUNT NOTEBOOK),Lunas,"",760000.0,0.0
12/04/2021,Faktur Pembelian,04818,WULAN (DISCOUNT NOTEBOOK),Lunas,"",210000.0,0.0
12/04/2021,Faktur Pembelian,00578614_036,PRIYO (K GALAXY),Lunas,"",14800000.0,0.0
12/04/2021,Faktur Pembelian,04202126627,AGUS (DORAN),Lunas,"",21012800.0,0.0
12/04/2021,Faktur Pembelian,00578593_036,PRIYO (K GALAXY),Lunas,"",1950000.0,0.0
12/04/2021,Faktur Pembelian,00578605_036,PRIYO (K GALAXY),Lunas,"",2425000.0,0.0
12/04/2021,Faktur Pembelian,000362,LILI (PLATINUM),Lunas,"",4080000.0,0.0
13/04/2021,Faktur Pembelian,11414,ONLINE,Lunas,"",72950.0,0.0
13/04/2021,Faktur Pembelian,11415,ONLINE,Lunas,"",70000.0,0.0
13/04/2021,Faktur Pembelian,11416,SARI INDAH PERMAI,Lunas,"",13747128.0,0.0
13/04/2021,Faktur Pembelian,11417,ONLINE,Lunas,"",20833.0,0.0
13/04/2021,Faktur Pembelian,11419,VINCENT ( CAMERA CENTRE ),Lunas,"",39940000.0,0.0
13/04/2021,Faktur Pembelian,11420,ONLINE,Lunas,"",6500.0,0.0
13/04/2021,Faktur Pembelian,jl00116134,WULAN (DISCOUNT NOTEBOOK),Lunas,"",115000.0,0.0
13/04/2021,Faktur Pembelian,04202129720,AGUS (DORAN),Lunas,"",4325000.0,0.0
13/04/2021,Faktur Pembelian,11434,ELMI,Lunas,"",9150000.0,0.0
13/04/2021,Faktur Pembelian,04202129728,AGUS (DORAN),Lunas,"",21625000.0,0.0
13/04/2021,Faktur Pembelian,PJL-21-04-00135,PT. Surya Makmur Kreasindo (HJ),Lunas,"",50275000.000008,0.0
13/04/2021,Faktur Pembelian,000367,LILI (PLATINUM),Lunas,"",3750000.0,0.0
14/04/2021,Faktur Pembelian,11421,ONLINE,Lunas,"",14264000.0,0.0
14/04/2021,Faktur Pembelian,11422,WAWAN CCTV STP,Lunas,"",200000.0,0.0
14/04/2021,Faktur Pembelian,11423,TERMINAL GAME,Lunas,"",750000.0,0.0
14/04/2021,Faktur Pembelian,000369,LILI (PLATINUM),Lunas,"",719000.0,0.0
15/04/2021,Faktur Pembelian,11425,ONLINE,Lunas,"",410000.0,0.0
15/04/2021,Faktur Pembelian,11426,ONLINE,Lunas,"",1050000.0,0.0
15/04/2021,Faktur Pembelian,11427,TE2 COMPUTER SURABAYA,Lunas,"",1319000.0,0.0
15/04/2021,Faktur Pembelian,11432,PRIYO (K GALAXY),Lunas,REFISI NO NOTA,1650000.0,0.0
15/04/2021,Faktur Pembelian,04202133903,AGUS (DORAN),Lunas,"",18020000.0,0.0
15/04/2021,Faktur Pembelian,000372,LILI (PLATINUM),Lunas,"",1851000.0,0.0
15/04/2021,Faktur Pembelian,A001-ANTO,ATC,Lunas,"",35720000.0,0.0
15/04/2021,Faktur Pembelian,PJL-21-04-00162,PT. Surya Makmur Kreasindo (HJ),Lunas,"",44900000.000009,0.0
15/04/2021,Faktur Pembelian,JL5521040403,YULI (HP CENTRE),Lunas,"",9700000.0,0.0
16/04/2021,Faktur Pembelian,11428,ONLINE,Lunas,"",190000.0,0.0
16/04/2021,Faktur Pembelian,ACJ01/01/FP/2104/AF00002,PT. ANGKASA CERAH JAYA,Lunas,"",33099999.999999,0.0
16/04/2021,Faktur Pembelian,JL.2104.03221,CANDRA (BLESSING),Lunas,"",19600000.0,0.0
16/04/2021,Faktur Pembelian,11429,ONLINE,Lunas,"",2100000.0,0.0
16/04/2021,Faktur Pembelian,JL00116381,WULAN (DISCOUNT NOTEBOOK),Lunas,"",265000.0,0.0
16/04/2021,Faktur Pembelian,000374,LILI (PLATINUM),Lunas,"",1408000.0,0.0
16/04/2021,Faktur Pembelian,JL.2104.03327,CANDRA (BLESSING),Lunas,"",24500000.0,0.0
17/04/2021,Faktur Pembelian,11430,ONLINE,Lunas,"",120000.0,0.0
17/04/2021,Faktur Pembelian,11431,ONLINE,Lunas,"",154000.0,0.0
17/04/2021,Faktur Pembelian,jl.2104.03725,CANDRA (BLESSING),Lunas,"",25900000.0,0.0
17/04/2021,Faktur Pembelian,04840,WULAN (DISCOUNT NOTEBOOK),Lunas,"",550000.0,0.0
17/04/2021,Faktur Pembelian,JL.2104.03723,CANDRA (BLESSING),Lunas,"",5850000.0,0.0
17/04/2021,Faktur Pembelian,000377,LILI (PLATINUM),Lunas,"",8300000.0,0.0
18/04/2021,Faktur Pembelian,11433,VINCENT ( CAMERA CENTRE ),Lunas,"",4800000.0,0.0
19/04/2021,Faktur Pembelian,JL.2104.03984,CANDRA (BLESSING),Lunas,"",64579000.0,0.0
19/04/2021,Faktur Pembelian,11435,ONLINE,Lunas,"",1185000.00011,0.00011
19/04/2021,Faktur Pembelian,11436,ONLINE,Lunas,"",120000.0,0.0
19/04/2021,Faktur Pembelian,11437,ONLINE,Lunas,"",48680000.0,0.0
19/04/2021,Faktur Pembelian,JL00116608,WULAN (DISCOUNT NOTEBOOK),Lunas,"",300000.0,0.0
19/04/2021,Faktur Pembelian,PJL-21-04-00235,PT. Surya Makmur Kreasindo (HJ),Lunas,"",55000000.000011,0.0
20/04/2021,Faktur Pembelian,11438,ONLINE,Lunas,"",440000.0,0.0
20/04/2021,Faktur Pembelian,11439,ONLINE,Lunas,"",120000.0,0.0
20/04/2021,Faktur Pembelian,11440,ONLINE,Lunas,"",550000.0,0.0
20/04/2021,Faktur Pembelian,jl.2104.03780,CANDRA (BLESSING),Lunas,"",37620000.0,0.0
20/04/2021,Faktur Pembelian,JL00116687,WULAN (DISCOUNT NOTEBOOK),Lunas,"",330000.0,0.0
20/04/2021,Faktur Pembelian,JL00116720,WULAN (DISCOUNT NOTEBOOK),Lunas,"",310000.0,0.0
20/04/2021,Faktur Pembelian,00579441_036,PRIYO (K GALAXY),Lunas,"",9700000.0,0.0
20/04/2021,Faktur Pembelian,00579370_036,PRIYO (K GALAXY),Lunas,"",8512000.0,0.0
21/04/2021,Faktur Pembelian,11441,ONLINE,Lunas,"",300000.0,0.0
21/04/2021,Faktur Pembelian,11442,ONLINE,Lunas,"",120000.0,0.0
21/04/2021,Faktur Pembelian,11443,ONLINE,Lunas,"",420000.0,0.0
21/04/2021,Faktur Pembelian,11444,ONLINE,Lunas,"",1120000.0,0.0
21/04/2021,Faktur Pembelian,2104DPS221/T0003,PT GALVA TECHNOLOGIES,Lunas,ONGKIR 105.000,11183996.000001,0.0
21/04/2021,Faktur Pembelian,000380,LILI (PLATINUM),Lunas,"",3091000.0,0.0
21/04/2021,Faktur Pembelian,JL00116753,WULAN (DISCOUNT NOTEBOOK),Lunas,"",1125000.0,0.0
21/04/2021,Faktur Pembelian,JL00116763,WULAN (DISCOUNT NOTEBOOK),Lunas,"",420000.0,0.0
21/04/2021,Faktur Pembelian,000381,LILI (PLATINUM),Lunas,"",3720000.0,0.0
22/04/2021,Faktur Pembelian,11445,ONLINE,Lunas,"",560000.0,0.0
22/04/2021,Faktur Pembelian,JL.2104.05032,CANDRA (BLESSING),Lunas,"",13835000.0,0.0
22/04/2021,Faktur Pembelian,JL.2104.05033,CANDRA (BLESSING),Lunas,"",16445000.000001,0.0
22/04/2021,Faktur Pembelian,11446,ONLINE,Lunas,"",148000.0,0.0
22/04/2021,Faktur Pembelian,11447,ONLINE,Lunas,"",242600.0,0.0
22/04/2021,Faktur Pembelian,11448,ANDRIANY MUSTIKA SARI (cencen),Lunas,"",2520000.0,0.0
22/04/2021,Faktur Pembelian,11449,ONLINE,Lunas,"",105000.0,0.0
22/04/2021,Faktur Pembelian,11450,ABSOLUTE BROTHER,Lunas,"",5300000.0,0.0
23/04/2021,Faktur Pembelian,11451,ONLINE,Lunas,"",4520000.0,0.0
23/04/2021,Faktur Pembelian,11452,TATIK (LEGENDA),Lunas,"",4500000.0,0.0
23/04/2021,Faktur Pembelian,11453,ONLINE,Lunas,"",1200000.0,0.0
23/04/2021,Faktur Pembelian,JL00116899,WULAN (DISCOUNT NOTEBOOK),Lunas,"",607000.0,0.0
24/04/2021,Faktur Pembelian,11454,ONLINE,Lunas,"",348000.0,0.0
24/04/2021,Faktur Pembelian,11455,ONLINE,Lunas,"",4140000.0,0.0
24/04/2021,Faktur Pembelian,00579800_036,PRIYO (K GALAXY),Lunas,"",2260000.0,0.0
24/04/2021,Faktur Pembelian,2104143,ANDY (JMK),Lunas,"",6480000.0,0.0
25/04/2021,Faktur Pembelian,11457,ONLINE,Lunas,"",1300000.0,0.0
25/04/2021,Faktur Pembelian,11458,PERDANA SURABAYA,Lunas,"",18100000.0,0.0
25/04/2021,Faktur Pembelian,11459,ONLINE,Lunas,"",639999.9999,0.0
26/04/2021,Faktur Pembelian,JL.2104.05813,CANDRA (BLESSING),Lunas,"",49040000.0,0.0
26/04/2021,Faktur Pembelian,JL.2104.05816,CANDRA (BLESSING),Lunas,"",66585000.0,0.0
26/04/2021,Faktur Pembelian,JL.2104.05819,CANDRA (BLESSING),Lunas,"",16650000.0,0.0
26/04/2021,Faktur Pembelian,11460,ATC,Lunas,"",21750000.0,0.0
26/04/2021,Faktur Pembelian,11461,ONLINE,Lunas,"",174000.0,0.0
26/04/2021,Faktur Pembelian,11462,ONLINE,Lunas,"",1344000.0,0.0
26/04/2021,Faktur Pembelian,11478,SARI INDAH PERMAI,Lunas,"",25638191.0,0.0
26/04/2021,Faktur Pembelian,000391,LILI (PLATINUM),Lunas,"",1472000.0,0.0
26/04/2021,Faktur Pembelian,JL5521040851,YULI (HP CENTRE),Lunas,"",5820000.0,0.0
26/04/2021,Faktur Pembelian,00579898_036,PRIYO (K GALAXY),Lunas,"",2940000.0,0.0
27/04/2021,Faktur Pembelian,11463,LEON PT TUJUH ANUGRAH ABADI,Lunas,"",43872000.0,0.0
27/04/2021,Faktur Pembelian,11464,ONLINE,Lunas,"",37496000.0,0.0
27/04/2021,Faktur Pembelian,11465,TATIK (LEGENDA),Lunas,"",1824000.0,0.0
27/04/2021,Faktur Pembelian,11466,ONLINE,Lunas,"",286000.0,0.0
27/04/2021,Faktur Pembelian,11467,ONLINE,Lunas,"",10000.0,0.0
27/04/2021,Faktur Pembelian,11468,ONLINE,Lunas,"",125000.0,0.0
27/04/2021,Faktur Pembelian,11469,ONLINE,Lunas,"",8980000.0,0.0
27/04/2021,Faktur Pembelian,11470,ONLINE,Lunas,"",676000.0,0.0
27/04/2021,Faktur Pembelian,ACJ01/01/FP/2104/BH00010,PT. ANGKASA CERAH JAYA,Lunas,"",8350000.0,0.0
27/04/2021,Faktur Pembelian,JL.2104.06304,CANDRA (BLESSING),Lunas,"",6680000.0,0.0
27/04/2021,Faktur Pembelian,000392,LILI (PLATINUM),Lunas,"",1408000.0,0.0
27/04/2021,Faktur Pembelian,000393,LILI (PLATINUM),Lunas,"",2945000.0,0.0
27/04/2021,Faktur Pembelian,04202162407,AGUS (DORAN),Lunas,"",7250000.0,0.0
28/04/2021,Faktur Pembelian,11472,ONLINE,Lunas,"",1650000.0,0.0
28/04/2021,Faktur Pembelian,11473,LEON PT TUJUH ANUGRAH ABADI,Lunas,"",7980000.0,0.0
28/04/2021,Faktur Pembelian,11474,ONLINE,Lunas,"",19530000.0,0.0
28/04/2021,Faktur Pembelian,11475,YULI (HP CENTRE),Lunas,"",57000000.0,0.0
28/04/2021,Faktur Pembelian,11476,ONLINE,Lunas,"",500000.0,0.0
28/04/2021,Faktur Pembelian,11477,ONLINE,Lunas,"",156000.0,0.0
28/04/2021,Faktur Pembelian,JL.2104.06627,CANDRA (BLESSING),Lunas,"",46650000.0,0.0
28/04/2021,Faktur Pembelian,JL00117276,WULAN (DISCOUNT NOTEBOOK),Lunas,"",330000.0,0.0
29/04/2021,Faktur Pembelian,11479,UCUP,Lunas,"",5000000.0,0.0
29/04/2021,Faktur Pembelian,11480,ONLINE,Lunas,"",2504000.0,0.0
29/04/2021,Faktur Pembelian,11481,ONLINE,Lunas,"",120000.0,0.0
29/04/2021,Faktur Pembelian,2103407,YOGA (WAHANA),Lunas,"",23750000.0,0.0
29/04/2021,Faktur Pembelian,NJL-EX1/290421/010,PT. INDO WARNA MULIA ( ALFA INK ),Lunas,"",10080000.0,0.0
29/04/2021,Faktur Pembelian,00580258_036,PRIYO (K GALAXY),Lunas,"",1750000.0,0.0
30/04/2021,Faktur Pembelian,11482,SARI INDAH PERMAI,Lunas,"",10543916.0,0.0
30/04/2021,Faktur Pembelian,11483,ATC,Lunas,"",49000000.0,0.0
30/04/2021,Faktur Pembelian,11484,ONLINE,Lunas,"",22450000.0,0.0
30/04/2021,Faktur Pembelian,11485,ONLINE,Lunas,"",120000.0,0.0
30/04/2021,Faktur Pembelian,JL.2104.07502,CANDRA (BLESSING),Lunas,"",46000000.0,0.0
30/04/2021,Faktur Pembelian,JL5521040962,YULI (HP CENTRE),Lunas,"",10500000.0,0.0
30/04/2021,Faktur Pembelian,jl00117461,WULAN (DISCOUNT NOTEBOOK),Lunas,"",210000.0,0.0
30/04/2021,Faktur Pembelian,PJL-21-04-00364,PT. Surya Makmur Kreasindo (HJ),Lunas,"",11730000.000002,0.0
01/05/2021,Faktur Pembelian,JL.2105.00053,CANDRA (BLESSING),Lunas,"",12394000.0,0.0
01/05/2021,Faktur Pembelian,jl.2105.00264,CANDRA (BLESSING),Lunas,"",15035000.0,0.0
01/05/2021,Faktur Pembelian,11487,ONLINE,Lunas,"",220000.0,0.0
01/05/2021,Faktur Pembelian,11488,ONLINE,Lunas,"",2695000.0,0.0
03/05/2021,Faktur Pembelian,11489,ONLINE,Lunas,"",1185000.00011,0.00011
03/05/2021,Faktur Pembelian,JL.2105.000341,CANDRA (BLESSING),Lunas,"",30470000.0,0.0
03/05/2021,Faktur Pembelian,JL.2105.00382,CANDRA (BLESSING),Lunas,"",9100000.0,0.0
03/05/2021,Faktur Pembelian,11490,LEON PT TUJUH ANUGRAH ABADI,Lunas,"",7980000.0,0.0
03/05/2021,Faktur Pembelian,11491,ONLINE,Lunas,"",4136000.0,0.0
03/05/2021,Faktur Pembelian,11492,BETA COM,Lunas,"",8950000.0,0.0
03/05/2021,Faktur Pembelian,JL.2105.00631,CANDRA (BLESSING),Lunas,"",53220000.0,0.0
03/05/2021,Faktur Pembelian,11493,ATC,Lunas,"",26790000.0,0.0
03/05/2021,Faktur Pembelian,11494,HARAPAN BARU,Lunas,"",7400000.0,0.0
03/05/2021,Faktur Pembelian,00580431_036,PRIYO (K GALAXY),Lunas,"",1230000.0,0.0
03/05/2021,Faktur Pembelian,jl.2105.00419,CANDRA (BLESSING),Lunas,"",5630000.0,0.0
03/05/2021,Faktur Pembelian,JL00117535,WULAN (DISCOUNT NOTEBOOK),Lunas,"",510000.0,0.0
03/05/2021,Faktur Pembelian,PJL-21-05-00004,PT. Surya Makmur Kreasindo (HJ),Lunas,"",81024999.999998,0.0
04/05/2021,Faktur Pembelian,JL.2105.01049,CANDRA (BLESSING),Lunas,"",9845000.0,0.0
04/05/2021,Faktur Pembelian,11495,ONLINE,Lunas,"",630000.0,0.0
04/05/2021,Faktur Pembelian,jl00117620,WULAN (DISCOUNT NOTEBOOK),Lunas,"",2826000.0,0.0
04/05/2021,Faktur Pembelian,JL5521050074,YULI (HP CENTRE),Lunas,"",7000000.0,0.0
04/05/2021,Faktur Pembelian,000401,LILI (PLATINUM),Lunas,"",1064000.0,0.0
05/05/2021,Faktur Pembelian,JL.2105.01254,CANDRA (BLESSING),Lunas,"",27900000.0,0.0
05/05/2021,Faktur Pembelian,JL.2105.01246,CANDRA (BLESSING),Lunas,"",42586000.0,0.0
05/05/2021,Faktur Pembelian,11496,ONLINE,Lunas,"",160000.0,0.0
05/05/2021,Faktur Pembelian,njl-ex1/050521/003,PT. INDO WARNA MULIA ( ALFA INK ),Lunas,"",2250000.0,0.0
05/05/2021,Faktur Pembelian,jl00117695,WULAN (DISCOUNT NOTEBOOK),Lunas,"",525000.0,0.0
05/05/2021,Faktur Pembelian,jl00117738,WULAN (DISCOUNT NOTEBOOK),Lunas,"",329000.0,0.0
05/05/2021,Faktur Pembelian,JL00117690,WULAN (DISCOUNT NOTEBOOK),Lunas,"",280000.0,0.0
05/05/2021,Faktur Pembelian,PJL-21-05-00037,PT. Surya Makmur Kreasindo (HJ),Lunas,"",14749999.999999,0.0
05/05/2021,Faktur Pembelian,000404,LILI (PLATINUM),Lunas,"",2444000.0,0.0
06/05/2021,Faktur Pembelian,11497,ONLINE,Lunas,"",1120000.0,0.0
06/05/2021,Faktur Pembelian,11498,ONLINE,Lunas,"",94350.0,0.0
06/05/2021,Faktur Pembelian,11499,ONLINE,Lunas,"",480000.0,0.0
06/05/2021,Faktur Pembelian,JL.2105.01729,CANDRA (BLESSING),Lunas,"",35816250.0,0.0
06/05/2021,Faktur Pembelian,PJL-21-05-00046,PT. Surya Makmur Kreasindo (HJ),Lunas,"",30374999.999999,0.0
07/05/2021,Faktur Pembelian,11500,ONLINE,Lunas,"",1260000.0,0.0
07/05/2021,Faktur Pembelian,11501,ONLINE,Lunas,"",60000.0,0.0
07/05/2021,Faktur Pembelian,11502,ONLINE,Lunas,"",437700.0,0.0
07/05/2021,Faktur Pembelian,11503,ONLINE,Lunas,"",500000.0,0.0
07/05/2021,Faktur Pembelian,JL.2105.02117,CANDRA (BLESSING),Lunas,"",29620000.0,0.0
07/05/2021,Faktur Pembelian,JL.2105.02246,CANDRA (BLESSING),Lunas,"",13500000.0,0.0
07/05/2021,Faktur Pembelian,000405,LILI (PLATINUM),Lunas,"",654000.0,0.0
07/05/2021,Faktur Pembelian,2105025,ANDY (JMK),Lunas,"",2050000.0,0.0
08/05/2021,Faktur Pembelian,JL.2105.02552,CANDRA (BLESSING),Lunas,"",16125000.0,0.0
08/05/2021,Faktur Pembelian,jl00117948,WULAN (DISCOUNT NOTEBOOK),Lunas,"",407000.0,0.0
09/05/2021,Faktur Pembelian,11504,ONLINE,Lunas,"",560000.0,0.0
09/05/2021,Faktur Pembelian,11505,ONLINE,Lunas,"",130000.0,0.0
09/05/2021,Faktur Pembelian,11506,ONLINE,Lunas,"",1372000.0,0.0
09/05/2021,Faktur Pembelian,11507,ONLINE,Lunas,"",290000.0,0.0
09/05/2021,Faktur Pembelian,11508,ONLINE,Lunas,"",1924000.0,0.0
10/05/2021,Faktur Pembelian,11509,ONLINE,Lunas,"",66000.0,0.0
10/05/2021,Faktur Pembelian,JL.2105.03070,CANDRA (BLESSING),Lunas,"",48828000.0,0.0
10/05/2021,Faktur Pembelian,11510,ONLINE,Lunas,"",1436000.0,0.0
10/05/2021,Faktur Pembelian,11511,ONLINE,Lunas,"",550000.0,0.0
10/05/2021,Faktur Pembelian,11512,ONLINE,Lunas,"",1279999.9998,0.0
10/05/2021,Faktur Pembelian,11516,TATIK (LEGENDA),Lunas,"",625000.0,0.0
11/05/2021,Faktur Pembelian,11513,ONLINE,Lunas,"",8960000.0,0.0
11/05/2021,Faktur Pembelian,11514,ONLINE,Lunas,"",16615000.0,0.0
11/05/2021,Faktur Pembelian,11515,ONLINE,Lunas,"",550000.0,0.0
11/05/2021,Faktur Pembelian,NJL-EX1/110521/005,PT. INDO WARNA MULIA ( ALFA INK ),Lunas,"",7950000.0,0.0
16/05/2021,Faktur Pembelian,11517,ONLINE,Lunas,"",22400000.0,0.0
16/05/2021,Faktur Pembelian,11518,ONLINE,Lunas,"",3558000.0,0.0
16/05/2021,Faktur Pembelian,11519,ONLINE,Lunas,"",144000.0,0.0
16/05/2021,Faktur Pembelian,11520,ONLINE,Lunas,"",13800000.0,0.0
16/05/2021,Faktur Pembelian,11521,ONLINE,Lunas,"",872000.0,0.0
17/05/2021,Faktur Pembelian,11522,ONLINE,Lunas,"",120000.0,0.0
17/05/2021,Faktur Pembelian,11523,ONLINE,Lunas,"",300000.0,0.0
17/05/2021,Faktur Pembelian,JL.2105.04219,CANDRA (BLESSING),Lunas,"",38078000.0,0.0
17/05/2021,Faktur Pembelian,11524,ONLINE,Lunas,"",4700000.0,0.0
17/05/2021,Faktur Pembelian,11525,ONLINE,Lunas,"",120000.0,0.0
17/05/2021,Faktur Pembelian,JL.2105.04449,CANDRA (BLESSING),Lunas,"",22535000.0,0.0
17/05/2021,Faktur Pembelian,11526,ONLINE,Lunas,"",165000.0,0.0
17/05/2021,Faktur Pembelian,11527,ONLINE,Lunas,"",4248000.0,0.0
17/05/2021,Faktur Pembelian,11528,ONLINE,Lunas,"",1120000.0,0.0
17/05/2021,Faktur Pembelian,JL.2105.04527,CANDRA (BLESSING),Lunas,"",14250000.0,0.0
17/05/2021,Faktur Pembelian,JL.2105.04577,CANDRA (BLESSING),Lunas,"",12015000.0,0.0
17/05/2021,Faktur Pembelian,11529,ONLINE,Lunas,"",385000.0,0.0
17/05/2021,Faktur Pembelian,11530,ONLINE,Lunas,"",104000.0,0.0
17/05/2021,Faktur Pembelian,JL00118072,WULAN (DISCOUNT NOTEBOOK),Lunas,"",332000.0,0.0
17/05/2021,Faktur Pembelian,00581216_036,PRIYO (K GALAXY),Lunas,"",20080000.0,0.0
17/05/2021,Faktur Pembelian,000411,LILI (PLATINUM),Lunas,"",2540000.0,0.0
18/05/2021,Faktur Pembelian,11531,ONLINE,Lunas,"",560000.0,0.0
18/05/2021,Faktur Pembelian,JL.2105.04707,CANDRA (BLESSING),Lunas,"",9345000.0,0.0
18/05/2021,Faktur Pembelian,JL.2105.04739,CANDRA (BLESSING),Lunas,"",5100000.000002,0.0
18/05/2021,Faktur Pembelian,11532,ONLINE,Lunas,"",200000.0,0.0
18/05/2021,Faktur Pembelian,00581369_036,PRIYO (K GALAXY),Lunas,"",18150000.0,0.0
18/05/2021,Faktur Pembelian,11534,ONLINE,Lunas,"",120000.0,0.0
18/05/2021,Faktur Pembelian,11535,ONLINE,Lunas,"",148000.0,0.0
18/05/2021,Faktur Pembelian,11536,ONLINE,Lunas,"",450000.0,0.0
18/05/2021,Faktur Pembelian,11537,ONLINE,Lunas,"",60000.0,0.0
18/05/2021,Faktur Pembelian,11538,TATIK (LEGENDA),Lunas,"",3570000.0,0.0
18/05/2021,Faktur Pembelian,11539,TATIK (LEGENDA),Lunas,"
@ 16 via jne
@ 34 via mutiara",2581000.0,0.0
18/05/2021,Faktur Pembelian,11540,ONLINE,Lunas,"",110000.0,0.0
18/05/2021,Faktur Pembelian,00581434_036,PRIYO (K GALAXY),Lunas,"",5302500.0,0.0
18/05/2021,Faktur Pembelian,jl00118212,WULAN (DISCOUNT NOTEBOOK),Lunas,"",350000.0,0.0
18/05/2021,Faktur Pembelian,JL5521050346,YULI (HP CENTRE),Lunas,"",33450000.0,0.0
18/05/2021,Faktur Pembelian,00581360_036,PRIYO (K GALAXY),Lunas,"",22400000.0,0.0
19/05/2021,Faktur Pembelian,11541,ONLINE,Lunas,"",520000.0,0.0
19/05/2021,Faktur Pembelian,11542,ONLINE,Lunas,"",2485000.0,0.0
19/05/2021,Faktur Pembelian,11543,TATIK (LEGENDA),Lunas,"",10700000.0,0.0
19/05/2021,Faktur Pembelian,11544,LEON PT TUJUH ANUGRAH ABADI,Lunas,"",24030000.0,0.0
19/05/2021,Faktur Pembelian,11545,ONLINE,Lunas,"",120000.0,0.0
19/05/2021,Faktur Pembelian,JL.2105.05365,CANDRA (BLESSING),Lunas,"",14560000.0,0.0
19/05/2021,Faktur Pembelian,11546,ONLINE,Lunas,"",60000.0,0.0
19/05/2021,Faktur Pembelian,ACJ01/01/FP/2105/AI00012,PT. ANGKASA CERAH JAYA,Lunas,"",25625000.000001,0.0
19/05/2021,Faktur Pembelian,ACJ01/01/FP/2105/AI00019,PT. ANGKASA CERAH JAYA,Lunas,"",33500000.0,0.0
19/05/2021,Faktur Pembelian,11547,ONLINE,Lunas,"",115000.0,0.0
19/05/2021,Faktur Pembelian,05202142270,AGUS (DORAN),Lunas,"",9943000.0,0.0
19/05/2021,Faktur Pembelian,00581487_036,PRIYO (K GALAXY),Lunas,"",1590000.0,0.0
19/05/2021,Faktur Pembelian,JL5521050386,YULI (HP CENTRE),Lunas,"",10200000.0,0.0
19/05/2021,Faktur Pembelian,2105045,ANDY (JMK),Lunas,"",4500000.0,0.0
19/05/2021,Faktur Pembelian,JL5521050375,YULI (HP CENTRE),Lunas,"",2840000.0,0.0
19/05/2021,Faktur Pembelian,JL8821050005,YULI (HP CENTRE),Lunas,"",4260000.0,0.0
20/05/2021,Faktur Pembelian,11548,TK WIJAYA,Lunas,"",4521000.0,0.0
20/05/2021,Faktur Pembelian,11549,ONLINE,Lunas,"",2109500.0,0.0
20/05/2021,Faktur Pembelian,11550,ONLINE,Lunas,"",6950000.0,0.0
20/05/2021,Faktur Pembelian,JL.2105.05641,CANDRA (BLESSING),Lunas,"",32450000.0,0.0
20/05/2021,Faktur Pembelian,11551,LEON PT TUJUH ANUGRAH ABADI,Lunas,"",19680000.0,0.0
20/05/2021,Faktur Pembelian,11553,ONLINE,Lunas,"",46000.0,0.0
20/05/2021,Faktur Pembelian,11554,ONLINE,Lunas,"",300000.0,0.0
20/05/2021,Faktur Pembelian,11555,ONLINE,Lunas,"",74000.0,0.0
20/05/2021,Faktur Pembelian,11556,ONLINE,Lunas,"",135000.0,0.0
20/05/2021,Faktur Pembelian,11557,ONLINE,Lunas,"",750000.0,0.0
20/05/2021,Faktur Pembelian,11558,ONLINE,Lunas,"",639999.9999,0.0
20/05/2021,Faktur Pembelian,2105DPS222/T0011,PT GALVA TECHNOLOGIES,Lunas,"ONGKIR 420.0000

",106031249.99999,0.0
20/05/2021,Faktur Pembelian,00581580_036,PRIYO (K GALAXY),Lunas,"",12550000.0,0.0
20/05/2021,Faktur Pembelian,JL00118341,WULAN (DISCOUNT NOTEBOOK),Lunas,"",500000.0,0.0
20/05/2021,Faktur Pembelian,00581657_036,PRIYO (K GALAXY),Lunas,"",10775000.0,0.0
21/05/2021,Faktur Pembelian,11559,ONLINE,Lunas,"",170000.0,0.0
21/05/2021,Faktur Pembelian,11560,LEGALA,Lunas,"",4167000.0,0.0
21/05/2021,Faktur Pembelian,11561,ONLINE,Lunas,"",1120000.0,0.0
21/05/2021,Faktur Pembelian,11562,ONLINE,Lunas,"",20850000.0,0.0
21/05/2021,Faktur Pembelian,11563,ONLINE,Lunas,"",4950000.0,0.0
21/05/2021,Faktur Pembelian,11564,ABSOLUTE BROTHER,Lunas,"",2850000.0,0.0
21/05/2021,Faktur Pembelian,11565,ONLINE,Lunas,"",3960000.0,0.0
21/05/2021,Faktur Pembelian,11566,ANDREAN CELL,Lunas,"",11000000.0,0.0
21/05/2021,Faktur Pembelian,ACJ01/01/FP/2105/BA00011,PT. ANGKASA CERAH JAYA,Lunas,"",51499999.999998,0.0
21/05/2021,Faktur Pembelian,11567,ONLINE,Lunas,"",46000.0,0.0
21/05/2021,Faktur Pembelian,JL.2105.06057,CANDRA (BLESSING),Lunas,"",18136000.0,0.0
21/05/2021,Faktur Pembelian,000416,LILI (PLATINUM),Lunas,"",4550000.0,0.0
21/05/2021,Faktur Pembelian,JL00118444,WULAN (DISCOUNT NOTEBOOK),Lunas,"",400000.0,0.0
21/05/2021,Faktur Pembelian,00581749_036,PRIYO (K GALAXY),Lunas,"",2100000.0,0.0
22/05/2021,Faktur Pembelian,JL.2105.06322,CANDRA (BLESSING),Lunas,"",41510000.0,0.0
22/05/2021,Faktur Pembelian,11568,DARMA DJ COMP,Lunas,"",23550000.0,0.0
22/05/2021,Faktur Pembelian,11569,TE2 COMPUTER SURABAYA,Lunas,"",827000.0,0.0
22/05/2021,Faktur Pembelian,11570,TATIK (LEGENDA),Lunas,"",1830000.0,0.0
22/05/2021,Faktur Pembelian,11571,ONLINE,Lunas,"",148000.0,0.0
22/05/2021,Faktur Pembelian,JL00118489,WULAN (DISCOUNT NOTEBOOK),Lunas,"",3063000.0,0.0
22/05/2021,Faktur Pembelian,JL00118504,WULAN (DISCOUNT NOTEBOOK),Lunas,"LCD 11,6 KIRI KANAN CACAT 1",4960000.0,0.0
22/05/2021,Faktur Pembelian,000422,LILI (PLATINUM),Lunas,"",1044000.0,0.0
22/05/2021,Faktur Pembelian,PJL-21-5-00160,PT. Surya Makmur Kreasindo (HJ),Lunas,"",47874999.999998,0.0
22/05/2021,Faktur Pembelian,2105064,ANDY (JMK),Lunas,"",8325000.0,0.0
22/05/2021,Faktur Pembelian,jl5521050554,YULI (HP CENTRE),Lunas,"",837500.0,0.0
22/05/2021,Faktur Pembelian,000421,LILI (PLATINUM),Lunas,"",10010000.0,0.0
23/05/2021,Faktur Pembelian,11572,DARMA DJ COMP,Lunas,"",9100000.0,0.0
23/05/2021,Faktur Pembelian,11573,ONLINE,Lunas,"",70000.0,0.0
23/05/2021,Faktur Pembelian,11574,ONLINE,Lunas,"",230000.0,0.0
23/05/2021,Faktur Pembelian,11575,UCUP,Lunas,"",9500000.0,0.0
24/05/2021,Faktur Pembelian,11576,ONLINE,Lunas,"",24800000.0,0.0
24/05/2021,Faktur Pembelian,11577,ONLINE,Lunas,"",20850000.0,0.0
24/05/2021,Faktur Pembelian,jl5521050577,YULI (HP CENTRE),Lunas,"",16875000.0,0.0
24/05/2021,Faktur Pembelian,JL/21/05/00000151,CV. NOAH SEJAHTERA ABADI,Lunas,"",30140000.0,0.0
25/05/2021,Faktur Pembelian,11578,ONLINE,Lunas,"",320000.0,0.0
25/05/2021,Faktur Pembelian,11579,ONLINE,Lunas,"",160000.0,0.0
25/05/2021,Faktur Pembelian,11580,ONLINE,Lunas,"",340000.0,0.0
25/05/2021,Faktur Pembelian,11581,ONLINE,Lunas,"",296000.0,0.0
25/05/2021,Faktur Pembelian,11582,ONLINE,Lunas,"",335000.0,0.0
25/05/2021,Faktur Pembelian,2105065,ANDY (JMK),Lunas,"",153000.0,0.0
25/05/2021,Faktur Pembelian,JL.2105.07135,CANDRA (BLESSING),Lunas,"",16515000.0,0.0
25/05/2021,Faktur Pembelian,JL.2105.07136,CANDRA (BLESSING),Lunas,"",10275000.0,0.0
25/05/2021,Faktur Pembelian,PJL-21-05-00196,PT. Surya Makmur Kreasindo (HJ),Lunas,"",10150000.0,0.0
25/05/2021,Faktur Pembelian,11585,LEON PT TUJUH ANUGRAH ABADI,Lunas,"",19680000.0,0.0
25/05/2021,Faktur Pembelian,00582085_036,PRIYO (K GALAXY),Lunas,"",2525000.0,0.0
25/05/2021,Faktur Pembelian,000425,LILI (PLATINUM),Lunas,"",4180000.0,0.0
26/05/2021,Faktur Pembelian,11586,ONLINE,Lunas,"",390000.0,0.0
26/05/2021,Faktur Pembelian,11587,ONLINE,Lunas,"",120000.0,0.0
26/05/2021,Faktur Pembelian,11588,ONLINE,Lunas,"",9160000.0,0.0
26/05/2021,Faktur Pembelian,11589,DARMA DJ COMP,Lunas,"",14940000.0,0.0
26/05/2021,Faktur Pembelian,11590,DARMA DJ COMP,Lunas,"",14700000.0,0.0
26/05/2021,Faktur Pembelian,11591,ONLINE,Lunas,"",3870000.0,0.0
26/05/2021,Faktur Pembelian,11592,ONLINE,Lunas,"",1150000.0,0.0
27/05/2021,Faktur Pembelian,JL.2105.07532,CANDRA (BLESSING),Lunas,"",28932500.0,0.0
27/05/2021,Faktur Pembelian,JL.2105.07529,CANDRA (BLESSING),Lunas,"",39710000.0,0.0
27/05/2021,Faktur Pembelian,11593,DWI DSC PAK BAMBANG CANON,Lunas,"",17600000.0,0.0
27/05/2021,Faktur Pembelian,jl5521050708,YULI (HP CENTRE),Lunas,"",18900000.0,0.0
27/05/2021,Faktur Pembelian,11595,TATIK (LEGENDA),Lunas,"",10700000.0,0.0
27/05/2021,Faktur Pembelian,11596,ONLINE,Lunas,"",105000.0,0.0
27/05/2021,Faktur Pembelian,11597,ATC,Lunas,"",91200000.0,0.0
27/05/2021,Faktur Pembelian,11598,ONLINE,Lunas,"",120000.0,0.0
27/05/2021,Faktur Pembelian,11599,ONLINE,Lunas,"",296000.0,0.0
27/05/2021,Faktur Pembelian,11600,ONLINE,Lunas,"",44000.0,0.0
27/05/2021,Faktur Pembelian,11601,ONLINE,Lunas,"",313000.0,0.0
27/05/2021,Faktur Pembelian,11602,ONLINE,Lunas,"",4725000.0,0.0
27/05/2021,Faktur Pembelian,JL.2105.07785,CANDRA (BLESSING),Lunas,"",885000.0,0.0
27/05/2021,Faktur Pembelian,JL00118786,WULAN (DISCOUNT NOTEBOOK),Lunas,"",831000.0,0.0
27/05/2021,Faktur Pembelian,JL00118739,WULAN (DISCOUNT NOTEBOOK),Lunas,"",1025000.0,0.0
27/05/2021,Faktur Pembelian,JL00118801,WULAN (DISCOUNT NOTEBOOK),Lunas,"",400000.0,0.0
27/05/2021,Faktur Pembelian,11627,ELMI,Lunas,"",23625000.0,0.0
27/05/2021,Faktur Pembelian,00582189_036,PRIYO (K GALAXY),Lunas,"",10740000.0,0.0
27/05/2021,Faktur Pembelian,PJL-21-05-00209,PT. Surya Makmur Kreasindo (HJ),Lunas,"",47874999.999998,0.0
28/05/2021,Faktur Pembelian,11603,ONLINE,Lunas,"",14145000.0,0.0
28/05/2021,Faktur Pembelian,11604,VINCENT ( CAMERA CENTRE ),Lunas,"",10085000.0,0.0
28/05/2021,Faktur Pembelian,00582363_036,PRIYO (K GALAXY),Lunas,"
",23200000.0,0.0
28/05/2021,Faktur Pembelian,JL5521050800,YULI (HP CENTRE),Lunas,"",939000.0,0.0
28/05/2021,Faktur Pembelian,JL.2105.08089,CANDRA (BLESSING),Lunas,"",9645000.0,0.0
28/05/2021,Faktur Pembelian,00582347_036,PRIYO (K GALAXY),Lunas,"",1950000.0,0.0
28/05/2021,Faktur Pembelian,JL5521050801,YULI (HP CENTRE),Lunas,"",313000.0,0.0
29/05/2021,Faktur Pembelian,11608,DEDY (DATA LINK),Lunas,"",4750000.0,0.0
29/05/2021,Faktur Pembelian,11609,ONLINE,Lunas,"",690000.0,0.0
29/05/2021,Faktur Pembelian,11610,ATM SURABAYA,Lunas,"",8460000.0,0.0
29/05/2021,Faktur Pembelian,JL.2105.08434,CANDRA (BLESSING),Lunas,"",19587000.0,0.0
29/05/2021,Faktur Pembelian,JL.2105.08435,CANDRA (BLESSING),Lunas,"",25960000.0,0.0
29/05/2021,Faktur Pembelian,11611,DARMA DJ COMP,Lunas,"",9300000.0,0.0
29/05/2021,Faktur Pembelian,11612,ONLINE,Lunas,"",4550000.0,0.0
29/05/2021,Faktur Pembelian,11614,ONLINE,Lunas,"",18200000.0,0.0
29/05/2021,Faktur Pembelian,11615,ONLINE,Lunas,"",110000.0,0.0
29/05/2021,Faktur Pembelian,11616,ONLINE,Lunas,"",639999.9999,0.0
29/05/2021,Faktur Pembelian,11617,ONLINE,Lunas,"",0.0,0.0
29/05/2021,Faktur Pembelian,05202172952,AGUS (DORAN),Lunas,"",5060000.0,0.0
29/05/2021,Faktur Pembelian,000431,LILI (PLATINUM),Lunas,"",833000.0,833000.0
29/05/2021,Faktur Pembelian,00583116_044,PRIYO (K GALAXY),Lunas,"",1750000.0,0.0
31/05/2021,Faktur Pembelian,11618,TATIK (LEGENDA),Lunas,"",10700000.0,0.0
31/05/2021,Faktur Pembelian,11619,DWI DSC PAK BAMBANG CANON,Lunas,"",17650000.0,0.0
31/05/2021,Faktur Pembelian,11620,ONLINE,Lunas,"",2360000.0,0.0
31/05/2021,Faktur Pembelian,11621,ONLINE,Lunas,"",2900000.0,0.0
31/05/2021,Faktur Pembelian,11622,ONLINE,Lunas,"",890000.0,0.0
31/05/2021,Faktur Pembelian,11623,SENTRAL KOMPUTER GAMING CENTRE ONLINE,Lunas,"",23750000.0,0.0
31/05/2021,Faktur Pembelian,11624,ONLINE,Lunas,"",112500.0,0.0
31/05/2021,Faktur Pembelian,11625,ONLINE,Lunas,"",660000.0,0.0
31/05/2021,Faktur Pembelian,11626,ANDREAN CELL,Lunas,"",18700000.0,0.0
31/05/2021,Faktur Pembelian,JL.2105.08910,CANDRA (BLESSING),Lunas,"",13000000.0,0.0
31/05/2021,Faktur Pembelian,JL.2105.08980,CANDRA (BLESSING),Lunas,"",1310000.0,0.0
01/06/2021,Faktur Pembelian,11628,ONLINE,Lunas,"",1320000.0,0.0
01/06/2021,Faktur Pembelian,11629,ONLINE,Lunas,"",120000.0,0.0
01/06/2021,Faktur Pembelian,11630,ONLINE,Lunas,"",120000.0,0.0
01/06/2021,Faktur Pembelian,11631,ONLINE,Lunas,"",990000.0,0.0
01/06/2021,Faktur Pembelian,11632,ONLINE,Lunas,"",12400000.0,0.0
01/06/2021,Faktur Pembelian,11633,ONLINE,Lunas,"",6660000.0,0.0
01/06/2021,Faktur Pembelian,11634,ONLINE,Lunas,"",162000.0,0.0
01/06/2021,Faktur Pembelian,11635,ONLINE,Lunas,"",120000.0,0.0
01/06/2021,Faktur Pembelian,000432,LILI (PLATINUM),Lunas,"",2266000.0,2266000.0
02/06/2021,Faktur Pembelian,11636,ONLINE,Lunas,"",51000.0,0.0
02/06/2021,Faktur Pembelian,11637,LEON PT TUJUH ANUGRAH ABADI,Lunas,"",84726000.0,0.0
02/06/2021,Faktur Pembelian,11638,ONLINE,Lunas,"",9500000.0,0.0
02/06/2021,Faktur Pembelian,jl.2106.00100,CANDRA (BLESSING),Lunas,"",65525000.0,0.0
02/06/2021,Faktur Pembelian,JL.2106.00317,CANDRA (BLESSING),Lunas,"",45160000.0,0.0
02/06/2021,Faktur Pembelian,JL.2106.00332,CANDRA (BLESSING),Lunas,"",2760000.0,0.0
02/06/2021,Faktur Pembelian,11639,ONLINE,Lunas,"",14250000.0,0.0
02/06/2021,Faktur Pembelian,JL.2106.00487,CANDRA (BLESSING),Lunas,"",5350000.0,0.0
02/06/2021,Faktur Pembelian,11640,ONLINE,Lunas,"",35000.0,0.0
02/06/2021,Faktur Pembelian,11641,HARAPAN BARU,Lunas,"",2150000.0,0.0
02/06/2021,Faktur Pembelian,11642,ONLINE,Lunas,"",2450000.0,0.0
02/06/2021,Faktur Pembelian,11643,ONLINE,Lunas,"",200000.0,0.0
02/06/2021,Faktur Pembelian,11644,ELMI,Lunas,"",8800000.0,0.0
02/06/2021,Faktur Pembelian,0620210705,AGUS (DORAN),Lunas,"",14430000.0,14430000.0
02/06/2021,Faktur Pembelian,JL00119120,WULAN (DISCOUNT NOTEBOOK),Lunas,"",500000.0,500000.0
02/06/2021,Faktur Pembelian,000435,LILI (PLATINUM),Lunas,"",473000.0,473000.0
02/06/2021,Faktur Pembelian,J/00003290,CV SAHABAT KITA (EPRINT),Lunas,"",30232000.0,30232000.0
03/06/2021,Faktur Pembelian,11645,ONLINE,Lunas,"",22000.0,0.0
03/06/2021,Faktur Pembelian,11647,TIMBUL SUBUR PLASTIK,Lunas,"",1590000.0,0.0
03/06/2021,Faktur Pembelian,11648,ONLINE,Lunas,"",0.0,0.0
03/06/2021,Faktur Pembelian,11649,ONLINE,Lunas,"",23600000.0,0.0
03/06/2021,Faktur Pembelian,11650,ONLINE,Lunas,"",560000.0,0.0
03/06/2021,Faktur Pembelian,JA/21/06/0006,ELMI,Lunas,"",23625000.0,0.0
03/06/2021,Faktur Pembelian,000441,LILI (PLATINUM),Lunas,"",7002000.0,7002000.0
03/06/2021,Faktur Pembelian,00563617_044,PRIYO (K GALAXY),Lunas,"",8850000.0,0.0
03/06/2021,Faktur Pembelian,000437,LILI (PLATINUM),Lunas,"",11648000.0,11648000.0
04/06/2021,Faktur Pembelian,11651,ONLINE,Lunas,"",255000.0,0.0
04/06/2021,Faktur Pembelian,11652,ONLINE,Lunas,"",1725000.0,0.0
04/06/2021,Faktur Pembelian,JL.2106.01177,CANDRA (BLESSING),Lunas,"",28667000.0,0.0
04/06/2021,Faktur Pembelian,11653,ONLINE,Lunas,"",880000.0,0.0
04/06/2021,Faktur Pembelian,JL.2106.01303,CANDRA (BLESSING),Lunas,"",4760000.0,0.0
04/06/2021,Faktur Pembelian,JL5521060260,YULI (HP CENTRE),Lunas,"",25200000.0,0.0
04/06/2021,Faktur Pembelian,11655,ONLINE,Lunas,"",1125000.0,0.0
04/06/2021,Faktur Pembelian,00582717_036,PRIYO (K GALAXY),Lunas,"",4255000.0,0.0
04/06/2021,Faktur Pembelian,11657,EDO VGEN,Lunas,"",9495000.0,0.0
04/06/2021,Faktur Pembelian,11658,ONLINE,Lunas,"",120000.0,0.0
04/06/2021,Faktur Pembelian,JL00119290,WULAN (DISCOUNT NOTEBOOK),Lunas,"",575000.0,575000.0
04/06/2021,Faktur Pembelian,JK/21/0036,ELMI,Lunas,"",8900000.0,0.0
04/06/2021,Faktur Pembelian,JL.2106.01341,CANDRA (BLESSING),Lunas,"",375000.0,0.0
04/06/2021,Faktur Pembelian,JL.2106.01364,CANDRA (BLESSING),Lunas,"",15815000.0,0.0
04/06/2021,Faktur Pembelian,0620218128,AGUS (DORAN),Lunas,"",44880000.0,44880000.0
04/06/2021,Faktur Pembelian,PJL-21-06-00055,PT. Surya Makmur Kreasindo (HJ),Lunas,"",3750000.0,0.0
05/06/2021,Faktur Pembelian,11659,ONLINE,Lunas,"",120000.0,0.0
05/06/2021,Faktur Pembelian,11660,ONLINE,Lunas,"",1345000.0,0.0
05/06/2021,Faktur Pembelian,11661,DARMA DJ COMP,Lunas,"",14925000.0,0.0
05/06/2021,Faktur Pembelian,11662,ONLINE,Lunas,"",2925000.0,0.0
05/06/2021,Faktur Pembelian,11663,ONLINE,Lunas,"",120000.0,0.0
05/06/2021,Faktur Pembelian,11664,DARMA DJ COMP,Lunas,"",28715000.0,0.0
05/06/2021,Faktur Pembelian,11665,TK WIJAYA,Lunas,"",37952500.0,0.0
05/06/2021,Faktur Pembelian,JL00119387,WULAN (DISCOUNT NOTEBOOK),Lunas,"",629000.0,629000.0
05/06/2021,Faktur Pembelian,JL.2106.01751,CANDRA (BLESSING),Lunas,"",3300000.0,0.0
05/06/2021,Faktur Pembelian,JL.2106.01661,CANDRA (BLESSING),Lunas,"",12650000.0,0.0
05/06/2021,Faktur Pembelian,JL.2106.01635,CANDRA (BLESSING),Lunas,"",33215000.0,0.0
05/06/2021,Faktur Pembelian,JL.2106.01738,CANDRA (BLESSING),Lunas,"",3725000.0,0.0
05/06/2021,Faktur Pembelian,000445,LILI (PLATINUM),Lunas,"",684000.0,684000.0
06/06/2021,Faktur Pembelian,11666,ONLINE,Lunas,"",810000.0,0.0
06/06/2021,Faktur Pembelian,11667,ONLINE,Lunas,"",1500000.0,0.0
06/06/2021,Faktur Pembelian,11668,EDO VGEN,Lunas,"",8600000.0,0.0
06/06/2021,Faktur Pembelian,11669,ONLINE,Lunas,"",120000.0,0.0
06/06/2021,Faktur Pembelian,000446,LILI (PLATINUM),Lunas,"",2047000.0,2047000.0
07/06/2021,Faktur Pembelian,11670,LEON PT TUJUH ANUGRAH ABADI,Lunas,"",20064000.0,0.0
07/06/2021,Faktur Pembelian,11671,ONLINE,Lunas,"",3300000.0,0.0
07/06/2021,Faktur Pembelian,11672,ONLINE,Lunas,"",4510000.0,0.0
07/06/2021,Faktur Pembelian,11673,ONLINE,Lunas,"",5030000.0,0.0
07/06/2021,Faktur Pembelian,11674,ONLINE,Lunas,"",1100000.0,0.0
07/06/2021,Faktur Pembelian,11675,ONLINE,Lunas,"",700000.0,0.0
07/06/2021,Faktur Pembelian,11676,ONLINE,Lunas,"",78000.0,0.0
07/06/2021,Faktur Pembelian,11677,TATIK (LEGENDA),Lunas,"",11000000.0,0.0
07/06/2021,Faktur Pembelian,JL.2106.02122,CANDRA (BLESSING),Lunas,"",7650000.0,0.0
07/06/2021,Faktur Pembelian,JL.2106.02023,CANDRA (BLESSING),Lunas,"",28719000.0,0.0
07/06/2021,Faktur Pembelian,11678,ONLINE,Lunas,"",875000.0,0.0
07/06/2021,Faktur Pembelian,JL00119422,WULAN (DISCOUNT NOTEBOOK),Lunas,"",979000.0,979000.0
07/06/2021,Faktur Pembelian,JL00119492,WULAN (DISCOUNT NOTEBOOK),Lunas,"",564000.0,564000.0
07/06/2021,Faktur Pembelian,JL00119403,WULAN (DISCOUNT NOTEBOOK),Lunas,"",600000.0,600000.0
07/06/2021,Faktur Pembelian,00583034_036,PRIYO (K GALAXY),Lunas,"",30875000.0,0.0
08/06/2021,Faktur Pembelian,11679,ONLINE,Lunas,"",140000.0,0.0
08/06/2021,Faktur Pembelian,11680,ONLINE,Lunas,"",14540000.0,0.0
08/06/2021,Faktur Pembelian,11681,ONLINE,Lunas,"",20000.0,0.0
08/06/2021,Faktur Pembelian,11682,ONLINE,Lunas,"",120000.0,0.0
08/06/2021,Faktur Pembelian,11683,ONLINE,Lunas,"",320000.0,0.0
08/06/2021,Faktur Pembelian,11684,ONLINE,Lunas,"",970400.0,0.0
08/06/2021,Faktur Pembelian,11685,ONLINE,Lunas,"",727800.0,0.0
08/06/2021,Faktur Pembelian,11686,ONLINE,Lunas,"",120000.0,0.0
08/06/2021,Faktur Pembelian,JL00119555,WULAN (DISCOUNT NOTEBOOK),Lunas,"",510000.0,510000.0
08/06/2021,Faktur Pembelian,JL00119525,WULAN (DISCOUNT NOTEBOOK),Lunas,"",2356000.0,2356000.0
08/06/2021,Faktur Pembelian,J/00003312,CV SAHABAT KITA (EPRINT),Lunas,"",8900000.0,8900000.0
09/06/2021,Faktur Pembelian,11687,TATIK (LEGENDA),Lunas,"",3625000.0,0.0
09/06/2021,Faktur Pembelian,11688,DWI DSC PAK BAMBANG CANON,Lunas,"",17650000.0,0.0
09/06/2021,Faktur Pembelian,11689,DWI DSC PAK BAMBANG CANON,Lunas,"",17650000.0,0.0
09/06/2021,Faktur Pembelian,JL.2106.02784,CANDRA (BLESSING),Lunas,"",12910000.0,0.0
09/06/2021,Faktur Pembelian,11690,JUL PANASONIC ALKALINE,Lunas,"",924000.0,0.0
09/06/2021,Faktur Pembelian,JL00119652,WULAN (DISCOUNT NOTEBOOK),Lunas,"",743500.0,743500.0
09/06/2021,Faktur Pembelian,00583502_036,PRIYO (K GALAXY),Lunas,"",2845000.0,2845000.0
09/06/2021,Faktur Pembelian,PJL-21-06-00147,PT. Surya Makmur Kreasindo (HJ),Lunas,"",27749999.999997,0.0
09/06/2021,Faktur Pembelian,06202124018,AGUS (DORAN),Lunas,"",8760000.0,8760000.0
10/06/2021,Faktur Pembelian,11691,ONLINE,Lunas,"",4635000.0,0.0
10/06/2021,Faktur Pembelian,11692,OLEAN,Lunas,"",8250000.0,0.0
10/06/2021,Faktur Pembelian,11693,GLOBAL MART BIMA,Lunas,"",937500.0,0.0
10/06/2021,Faktur Pembelian,11694,ONLINE,Lunas,"",31150000.0,0.0
10/06/2021,Faktur Pembelian,11695,ONLINE,Lunas,"",400000.0,0.0
10/06/2021,Faktur Pembelian,JL.2106.03216,CANDRA (BLESSING),Lunas,"",43433000.0,0.0
10/06/2021,Faktur Pembelian,JL.2106.03089,CANDRA (BLESSING),Lunas,"",35645000.0,0.0
10/06/2021,Faktur Pembelian,JL.2106.03285,CANDRA (BLESSING),Lunas,"",20425000.0,0.0
10/06/2021,Faktur Pembelian,11696,EDO VGEN,Lunas,"",5080000.0,0.0
10/06/2021,Faktur Pembelian,11697,EDO VGEN,Lunas,"",235000.0,0.0
10/06/2021,Faktur Pembelian,11698,ONLINE,Lunas,"",340000.0,0.0
10/06/2021,Faktur Pembelian,11699,SARI INDAH PERMAI,Lunas,"",21227663.0,0.0
10/06/2021,Faktur Pembelian,11700,SARI INDAH PERMAI,Lunas,"",3329360.0004,0.0
10/06/2021,Faktur Pembelian,11701,SARI INDAH PERMAI,Lunas,"",27219827.0,0.0
10/06/2021,Faktur Pembelian,11702,ONLINE,Lunas,"",148000.0,0.0
10/06/2021,Faktur Pembelian,11703,ONLINE,Lunas,"",639999.9999,0.0
10/06/2021,Faktur Pembelian,11725,PRIYO (K GALAXY),Lunas,refisi no nota,1515000.0,1515000.0
10/06/2021,Faktur Pembelian,JL00119775,WULAN (DISCOUNT NOTEBOOK),Lunas,"",1319000.0,1319000.0
10/06/2021,Faktur Pembelian,11786,ANDRIANY MUSTIKA SARI (cencen),Lunas,"",3030000.0,3030000.0
10/06/2021,Faktur Pembelian,000452,LILI (PLATINUM),Lunas,"",4560000.0,4560000.0
11/06/2021,Faktur Pembelian,11704,ONLINE,Lunas,"",212100.0,0.0
11/06/2021,Faktur Pembelian,11705,ONLINE,Lunas,"",200000.0,0.0
11/06/2021,Faktur Pembelian,11706,DARMA DJ COMP,Lunas,"",35830000.0,0.0
11/06/2021,Faktur Pembelian,11707,ONLINE,Lunas,"",285000.0,0.0
11/06/2021,Faktur Pembelian,JL.2106.03626,CANDRA (BLESSING),Lunas,"",8140000.0,0.0
11/06/2021,Faktur Pembelian,JL.2106.03668,CANDRA (BLESSING),Lunas,"",330000.0,0.0
11/06/2021,Faktur Pembelian,00583773_036,PRIYO (K GALAXY),Lunas,"",89570000.0,89570000.0
11/06/2021,Faktur Pembelian,11709,ATC,Lunas,"",19350000.0,0.0
11/06/2021,Faktur Pembelian,11710,ONLINE,Lunas,"",335000.0,0.0
11/06/2021,Faktur Pembelian,11711,ONLINE,Lunas,"",4530000.0,0.0
11/06/2021,Faktur Pembelian,11712,TATIK (LEGENDA),Lunas,"",12000000.0,0.0
11/06/2021,Faktur Pembelian,11714,TATIK (LEGENDA),Lunas,"",2187000.0,0.0
11/06/2021,Faktur Pembelian,11715,ATC,Lunas,"",8460000.0,0.0
11/06/2021,Faktur Pembelian,11785,LEGALA,Lunas,"",1140000.0,0.0
12/06/2021,Faktur Pembelian,11716,ONLINE,Lunas,"",4260000.0,0.0
12/06/2021,Faktur Pembelian,11717,ONLINE,Lunas,"",6600000.0,0.0
12/06/2021,Faktur Pembelian,11718,ONLINE,Lunas,"",23350000.0,0.0
12/06/2021,Faktur Pembelian,11719,TATIK (LEGENDA),Lunas,"",125000.0,0.0
12/06/2021,Faktur Pembelian,11720,TATIK (LEGENDA),Lunas,"",1080000.0,0.0
12/06/2021,Faktur Pembelian,11721,ONLINE,Lunas,"",43000.0,0.0
12/06/2021,Faktur Pembelian,11722,ONLINE,Lunas,"",7548750.0,0.0
12/06/2021,Faktur Pembelian,11723,ONLINE,Lunas,"",120000.0,0.0
12/06/2021,Faktur Pembelian,11724,ONLINE,Lunas,"",0.0,0.0
12/06/2021,Faktur Pembelian,JL.2106.03985,CANDRA (BLESSING),Lunas,"",14360000.0,0.0
12/06/2021,Faktur Pembelian,06202131718,AGUS (DORAN),Lunas,"",6000000.0,6000000.0
12/06/2021,Faktur Pembelian,JL5521060497,YULI (HP CENTRE),Lunas,"",6120000.0,0.0
13/06/2021,Faktur Pembelian,11726,SARI INDAH PERMAI,Lunas,"",26312497.5,0.0
13/06/2021,Faktur Pembelian,11727,ONLINE,Lunas,"",19800000.0,0.0
13/06/2021,Faktur Pembelian,11728,ONLINE,Lunas,"",975000.0,0.0
13/06/2021,Faktur Pembelian,11729,ONLINE,Lunas,"",1179999.999995,0.0
14/06/2021,Faktur Pembelian,11730,ONLINE,Lunas,"",105000.0,0.0
14/06/2021,Faktur Pembelian,11731,ONLINE,Lunas,"",212000.0,0.0
14/06/2021,Faktur Pembelian,11732,ONLINE,Lunas,"",6600000.0,0.0
14/06/2021,Faktur Pembelian,11733,ONLINE,Lunas,"",9520000.0,0.0
14/06/2021,Faktur Pembelian,11734,ONLINE,Lunas,"",6300000.0,0.0
14/06/2021,Faktur Pembelian,11735,ONLINE,Lunas,"",20070000.0,0.0
14/06/2021,Faktur Pembelian,11736,ONLINE,Lunas,"",6800000.0,0.0
14/06/2021,Faktur Pembelian,11738,ONLINE,Lunas,"",38080000.0,0.0
14/06/2021,Faktur Pembelian,JL.2106.04518,CANDRA (BLESSING),Lunas,"",13325000.0,0.0
14/06/2021,Faktur Pembelian,JL.2106.04401,CANDRA (BLESSING),Lunas,"",43600000.0,0.0
14/06/2021,Faktur Pembelian,JL.2106.04395,CANDRA (BLESSING),Lunas,"",6310000.0,0.0
14/06/2021,Faktur Pembelian,11741,TATIK (LEGENDA),Lunas,"",1367000.0,0.0
14/06/2021,Faktur Pembelian,11742,ONLINE,Lunas,"",750000.0,0.0
14/06/2021,Faktur Pembelian,11743,ONLINE,Lunas,"",480000.0,0.0
14/06/2021,Faktur Pembelian,JL00119991,WULAN (DISCOUNT NOTEBOOK),Lunas,"",1009000.0,1009000.0
14/06/2021,Faktur Pembelian,JL5521060547,YULI (HP CENTRE),Lunas,"",44200000.0,0.0
14/06/2021,Faktur Pembelian,JL5521060539,YULI (HP CENTRE),Lunas,"",42000000.0,0.0
14/06/2021,Faktur Pembelian,PJL-21-06-00230,PT. Surya Makmur Kreasindo (HJ),Lunas,"",18250000.000001,18250000.000001
14/06/2021,Faktur Pembelian,00584015_036,PRIYO (K GALAXY),Lunas,"",30650000.0,30650000.0
14/06/2021,Faktur Pembelian,2106075,ANDY (JMK),Lunas,"",11175000.0,11175000.0
15/06/2021,Faktur Pembelian,11744,ONLINE,Lunas,"",610000.0,0.0
15/06/2021,Faktur Pembelian,11745,ONLINE,Lunas,"",13000000.0,0.0
15/06/2021,Faktur Pembelian,11746,ABSOLUTE BROTHER,Lunas,"",5700000.0,0.0
15/06/2021,Faktur Pembelian,11747,ONLINE,Lunas,"",6600000.0,0.0
15/06/2021,Faktur Pembelian,11748,DARMA DJ COMP,Lunas,"",6200000.0,0.0
15/06/2021,Faktur Pembelian,11749,ONLINE,Lunas,"",4500000.0,0.0
15/06/2021,Faktur Pembelian,000459,LILI (PLATINUM),Lunas,"",5269000.0,5269000.0
15/06/2021,Faktur Pembelian,JL00120103,WULAN (DISCOUNT NOTEBOOK),Lunas,"",419000.0,419000.0
15/06/2021,Faktur Pembelian,06202136791,AGUS (DORAN),Lunas,"",5400000.0,5400000.0
15/06/2021,Faktur Pembelian,000454,LILI (PLATINUM),Lunas,"",4095000.0,4095000.0
15/06/2021,Faktur Pembelian,11794,CV. NOAH SEJAHTERA ABADI,Lunas,"",23790000.0,0.0
16/06/2021,Faktur Pembelian,jl.2106.05046,CANDRA (BLESSING),Lunas,"",14585000.0,0.0
16/06/2021,Faktur Pembelian,JL.2106.05131,CANDRA (BLESSING),Lunas,"",1635000.0,0.0
16/06/2021,Faktur Pembelian,11751,ONLINE,Lunas,"",9200000.0,0.0
16/06/2021,Faktur Pembelian,11752,IQ TRONIK,Lunas,"",21650000.0,0.0
16/06/2021,Faktur Pembelian,JL8821860022,YULI (HP CENTRE),Lunas,"",60480000.0,60480000.0
16/06/2021,Faktur Pembelian,11754,ONLINE,Lunas,"",690000.0,0.0
16/06/2021,Faktur Pembelian,11755,ONLINE,Lunas,"",28350000.0,0.0
16/06/2021,Faktur Pembelian,11756,ONLINE,Lunas,"",13800000.0,0.0
16/06/2021,Faktur Pembelian,JL.2106.05229,CANDRA (BLESSING),Lunas,"",8660000.0,0.0
16/06/2021,Faktur Pembelian,11769,WULAN (DISCOUNT NOTEBOOK),Lunas,"",1015000.0,1015000.0
16/06/2021,Faktur Pembelian,00584327_036,PRIYO (K GALAXY),Lunas,"",8630000.0,8630000.0
16/06/2021,Faktur Pembelian,2106085,ANDY (JMK),Lunas,"",11250000.0,11250000.0
17/06/2021,Faktur Pembelian,11757,ONLINE,Lunas,"",105000.0,0.0
17/06/2021,Faktur Pembelian,JL.2106.05335,CANDRA (BLESSING),Lunas,"",34655000.0,34655000.0
17/06/2021,Faktur Pembelian,JL.2106.05513,CANDRA (BLESSING),Lunas,"",8025000.0,8025000.0
17/06/2021,Faktur Pembelian,11758,ONLINE,Lunas,"",282500.0,0.0
17/06/2021,Faktur Pembelian,11759,ONLINE,Lunas,"",3500000.0,0.0
17/06/2021,Faktur Pembelian,11766,EDO VGEN,Lunas,"",5080000.0,5080000.0
17/06/2021,Faktur Pembelian,11767,EDO VGEN,Lunas,"",8350000.0,8350000.0
17/06/2021,Faktur Pembelian,JL5521060750,YULI (HP CENTRE),Lunas,"",55000000.0,0.0
17/06/2021,Faktur Pembelian,JL5521060739,YULI (HP CENTRE),Lunas,"",17700000.0,0.0
17/06/2021,Faktur Pembelian,JL5521060744,YULI (HP CENTRE),Lunas,"",17700000.0,0.0
17/06/2021,Faktur Pembelian,JL5521060696,YULI (HP CENTRE),Lunas,"",11500000.0,11500000.0
17/06/2021,Faktur Pembelian,NJL-EX1/170621/001,PT. INDO WARNA MULIA ( ALFA INK ),Lunas,"",1595050.0,1595050.0
18/06/2021,Faktur Pembelian,11760,ONLINE,Lunas,"",840000.0,0.0
18/06/2021,Faktur Pembelian,11761,ONLINE,Lunas,"",38140000.0,0.0
18/06/2021,Faktur Pembelian,11762,ONLINE,Lunas,"",848400.0,0.0
18/06/2021,Faktur Pembelian,JL.2106.055717,CANDRA (BLESSING),Lunas,"",17560000.0,17560000.0
18/06/2021,Faktur Pembelian,11763,DARMA DJ COMP,Lunas,"",15300000.0,0.0
18/06/2021,Faktur Pembelian,JL.2106.05954,CANDRA (BLESSING),Lunas,"",18030000.0,18030000.0
18/06/2021,Faktur Pembelian,JL.2106.05930,CANDRA (BLESSING),Lunas,"",47700000.0,47700000.0
18/06/2021,Faktur Pembelian,PJL-21-06-00333,PT. Surya Makmur Kreasindo (HJ),Lunas,"",5575000.0,5575000.0
18/06/2021,Faktur Pembelian,2106102,ANDY (JMK),Lunas,"",3240000.0,3240000.0
18/06/2021,Faktur Pembelian,000464,LILI (PLATINUM),Lunas,"",4400000.0,4400000.0
19/06/2021,Faktur Pembelian,11765,ONLINE,Lunas,"",230000.0,0.0
19/06/2021,Faktur Pembelian,00583501_036,PRIYO (K GALAXY),Lunas,"",14900000.0,14900000.0
19/06/2021,Faktur Pembelian,11768,ONLINE,Lunas,"",35655000.0,0.0
19/06/2021,Faktur Pembelian,11770,ONLINE,Lunas,"",320000.0,0.0
19/06/2021,Faktur Pembelian,11771,ONLINE,Lunas,"",23875000.0,0.0
19/06/2021,Faktur Pembelian,11772,ONLINE,Lunas,"",560000.0,0.0
19/06/2021,Faktur Pembelian,11773,ONLINE,Lunas,"",648000.0,0.0
19/06/2021,Faktur Pembelian,JL00120524,WULAN (DISCOUNT NOTEBOOK),Lunas,"",299000.0,299000.0
20/06/2021,Faktur Pembelian,11774,ONLINE,Lunas,"",900000.0,0.0
20/06/2021,Faktur Pembelian,11775,ONLINE,Lunas,"",210000.0,0.0
20/06/2021,Faktur Pembelian,11776,ONLINE,Lunas,"",1125000.0,0.0
20/06/2021,Faktur Pembelian,11777,ONLINE,Lunas,"",30316000.0,0.0
20/06/2021,Faktur Pembelian,11778,ONLINE,Lunas,"",600000.0,0.0
20/06/2021,Faktur Pembelian,11779,ONLINE,Lunas,"",13770000.0,0.0
20/06/2021,Faktur Pembelian,11780,ONLINE,Lunas,"",5150000.0,0.0
21/06/2021,Faktur Pembelian,11781,ONLINE,Lunas,"",300000.0,0.0
21/06/2021,Faktur Pembelian,11782,ONLINE,Lunas,"",5525000.0,0.0
21/06/2021,Faktur Pembelian,11783,ONLINE,Lunas,"",30250000.0,0.0
21/06/2021,Faktur Pembelian,11784,LILI (PLATINUM),Lunas,"",3260000.0,3260000.0
21/06/2021,Faktur Pembelian,11787,ANDRIANY MUSTIKA SARI (cencen),Lunas,"",9030000.0,9030000.0
21/06/2021,Faktur Pembelian,11788,TK WIJAYA,Lunas,"",7650000.0,0.0
21/06/2021,Faktur Pembelian,11789,TK WIJAYA,Lunas,"",1275000.0,0.0
21/06/2021,Faktur Pembelian,11790,TATIK (LEGENDA),Lunas,"",10000000.0,0.0
21/06/2021,Faktur Pembelian,11791,TATIK (LEGENDA),Lunas,"",1190000.0,0.0
21/06/2021,Faktur Pembelian,11792,ONLINE,Lunas,"",130000.0,0.0
21/06/2021,Faktur Pembelian,11793,ONLINE,Lunas,"",2150000.0,0.0
21/06/2021,Faktur Pembelian,JL5521060918,YULI (HP CENTRE),Lunas,"",6780000.0,6780000.0
21/06/2021,Faktur Pembelian,2106110,ANDY (JMK),Lunas,"",7500000.0,7500000.0
22/06/2021,Faktur Pembelian,11795,ONLINE,Lunas,"",3750000.0,0.0
22/06/2021,Faktur Pembelian,11796,ONLINE,Lunas,"",24690000.0,0.0
22/06/2021,Faktur Pembelian,11797,ONLINE,Lunas,"",120000.0,0.0
22/06/2021,Faktur Pembelian,00584860_036,PRIYO (K GALAXY),Lunas,"",4325000.0,4325000.0
22/06/2021,Faktur Pembelian,JL.2106.06861,CANDRA (BLESSING),Lunas,"",15205000.0,15205000.0
22/06/2021,Faktur Pembelian,11799,ONLINE,Lunas,"",300000.0,0.0
22/06/2021,Faktur Pembelian,JL.2106.07051A,CANDRA (BLESSING),Lunas,"KIDDY LAND

",61750000.0,0.0
22/06/2021,Faktur Pembelian,JL.2106.07054,CANDRA (BLESSING),Lunas,"HOME KITCHEN

",47500000.0,0.0
22/06/2021,Faktur Pembelian,JL.2106.07096,CANDRA (BLESSING),Lunas,"ARIEF RAHMAN
",300000.0,0.0
22/06/2021,Faktur Pembelian,11800,ONLINE,Lunas,"",148000.0,0.0
22/06/2021,Faktur Pembelian,11801,ONLINE,Lunas,"",300000.0,0.0
22/06/2021,Faktur Pembelian,JL00120666,WULAN (DISCOUNT NOTEBOOK),Lunas,"",465500.0,465500.0
22/06/2021,Faktur Pembelian,000471,LILI (PLATINUM),Lunas,"",5500000.0,5500000.0
22/06/2021,Faktur Pembelian,000470,LILI (PLATINUM),Lunas,"",14375000.0,14375000.0
22/06/2021,Faktur Pembelian,000467,LILI (PLATINUM),Lunas,"",1548000.0,1548000.0
22/06/2021,Faktur Pembelian,00584851_036,PRIYO (K GALAXY),Lunas,"",3380000.0,3380000.0
23/06/2021,Faktur Pembelian,11802,BETA COM,Lunas,"",18600000.0,0.0
23/06/2021,Faktur Pembelian,11803,ONLINE,Lunas,"",24525000.0,0.0
23/06/2021,Faktur Pembelian,JL.2106.07472,CANDRA (BLESSING),Lunas,"",16085000.0,16085000.0
23/06/2021,Faktur Pembelian,11804,ONLINE,Lunas,"",148000.0,0.0
23/06/2021,Faktur Pembelian,11805,ONLINE,Lunas,"",480000.0,0.0
23/06/2021,Faktur Pembelian,NJL-EX1/230621/012,PT. INDO WARNA MULIA ( ALFA INK ),Lunas,"",2250000.0,2250000.0
23/06/2021,Faktur Pembelian,11851,CV. NOAH SEJAHTERA ABADI,Lunas,"",23940000.0,23940000.0
23/06/2021,Faktur Pembelian,00585001_036,PRIYO (K GALAXY),Lunas,"",2130000.0,2130000.0
23/06/2021,Faktur Pembelian,NJL-EX1/230621/010,PT. INDO WARNA MULIA ( ALFA INK ),Lunas,"",2972500.0,2972500.0
24/06/2021,Faktur Pembelian,11806,ONLINE,Lunas,"",240000.0,0.0
24/06/2021,Faktur Pembelian,11807,ONLINE,Lunas,"",39500000.0,0.0
24/06/2021,Faktur Pembelian,11808,ONLINE,Lunas,"",9800000.0,0.0
24/06/2021,Faktur Pembelian,11809,ATC,Lunas,"",73500000.0,0.0
24/06/2021,Faktur Pembelian,11810,ONLINE,Lunas,"",10100000.0,0.0
24/06/2021,Faktur Pembelian,11811,ONLINE,Lunas,"",213000.0,0.0
24/06/2021,Faktur Pembelian,11812,ONLINE,Lunas,"",510000.0,0.0
24/06/2021,Faktur Pembelian,11813,DARMA DJ COMP,Lunas,"",23000000.0,0.0
24/06/2021,Faktur Pembelian,11814,ONLINE,Lunas,"",639999.9999,0.0
24/06/2021,Faktur Pembelian,11839,CV. NOAH SEJAHTERA ABADI,Lunas,"",7980000.0,7980000.0
25/06/2021,Faktur Pembelian,11815,ONLINE,Lunas,"",200000.0,0.0
25/06/2021,Faktur Pembelian,11816,ONLINE,Lunas,"",105000.0,0.0
25/06/2021,Faktur Pembelian,11817,ONLINE,Lunas,"",69080000.0,0.0
25/06/2021,Faktur Pembelian,11818,ONLINE,Lunas,"",62499.0,0.0
25/06/2021,Faktur Pembelian,JL5521061113,YULI (HP CENTRE),Lunas,"

",25000000.0,25000000.0
25/06/2021,Faktur Pembelian,JL.2106.08129,CANDRA (BLESSING),Lunas,"",12370000.0,12370000.0
25/06/2021,Faktur Pembelian,11820,IQ TRONIK,Lunas,"",16140000.0,0.0
25/06/2021,Faktur Pembelian,11821,ONLINE,Lunas,"",639999.9999,0.0
25/06/2021,Faktur Pembelian,11822,ONLINE,Lunas,"",120000.0,0.0
25/06/2021,Faktur Pembelian,11823,ONLINE,Lunas,"",4915000.0,0.0
25/06/2021,Faktur Pembelian,000476,LILI (PLATINUM),Lunas,"",560000.0,560000.0
25/06/2021,Faktur Pembelian,NJL-EX1/250621/001,PT. INDO WARNA MULIA ( ALFA INK ),Lunas,"",7788750.0,7788750.0
26/06/2021,Faktur Pembelian,JL.2106.06010,CANDRA (BLESSING),Lunas,"",93500000.0,93500000.0
26/06/2021,Faktur Pembelian,JL.2106.08254,CANDRA (BLESSING),Lunas,"",94680000.0,94680000.0
26/06/2021,Faktur Pembelian,11824,ONLINE,Lunas,"",38840000.0,0.0
26/06/2021,Faktur Pembelian,JL.2106.08274,CANDRA (BLESSING),Lunas,"",5500000.0,5500000.0
26/06/2021,Faktur Pembelian,11825,ONLINE,Lunas,"",690000.0,0.0
26/06/2021,Faktur Pembelian,11826,ONLINE,Lunas,"",2810000.0,0.0
26/06/2021,Faktur Pembelian,11827,ONLINE,Lunas,"",80000.0,0.0
26/06/2021,Faktur Pembelian,11828,ONLINE,Lunas,"",14500000.0,0.0
26/06/2021,Faktur Pembelian,11829,ONLINE,Lunas,"",128000.0,0.0
26/06/2021,Faktur Pembelian,JL5521061213,YULI (HP CENTRE),Lunas,"",17500000.0,17500000.0
26/06/2021,Faktur Pembelian,JL5521061216,YULI (HP CENTRE),Lunas,"",3500000.0,3500000.0
27/06/2021,Faktur Pembelian,11830,ONLINE,Lunas,"",4780000.0,0.0
27/06/2021,Faktur Pembelian,11831,HARAPAN BARU,Lunas,"",1730000.0,0.0
27/06/2021,Faktur Pembelian,11832,DARMA DJ COMP,Lunas,"",15540000.0,0.0
27/06/2021,Faktur Pembelian,11834,ONLINE,Lunas,"",120000.0,0.0
27/06/2021,Faktur Pembelian,11843,EDO VGEN,Lunas,"",7620000.0,7620000.0
28/06/2021,Faktur Pembelian,11835,ONLINE,Lunas,"",390000.0,0.0
28/06/2021,Faktur Pembelian,11836,BETA COM,Lunas,"",9500000.0,0.0
28/06/2021,Faktur Pembelian,11837,BETA COM,Lunas,"",24288000.0,0.0
28/06/2021,Faktur Pembelian,11838,ONLINE,Lunas,"",305000.0,0.0
28/06/2021,Faktur Pembelian,JL.2106.08673,CANDRA (BLESSING),Lunas,"",5450000.0,5450000.0
28/06/2021,Faktur Pembelian,JL.2106.08859,CANDRA (BLESSING),Lunas,"",282000.0,282000.0
28/06/2021,Faktur Pembelian,JL.2106.08705,CANDRA (BLESSING),Lunas,"",5142000.0,5142000.0
28/06/2021,Faktur Pembelian,JL00121182,WULAN (DISCOUNT NOTEBOOK),Lunas,"",300000.0,300000.0
28/06/2021,Faktur Pembelian,JL00121190,WULAN (DISCOUNT NOTEBOOK),Lunas,"",458500.0,458500.0
29/06/2021,Faktur Pembelian,11840,ONLINE,Lunas,"",14200000.0,0.0
29/06/2021,Faktur Pembelian,11841,ONLINE,Lunas,"",9200000.0,0.0
29/06/2021,Faktur Pembelian,11842,ONLINE,Lunas,"",148000.0,0.0
29/06/2021,Faktur Pembelian,11844,ONLINE,Lunas,"",800000.0,0.0
29/06/2021,Faktur Pembelian,11845,ONLINE,Lunas,"",300000.0,0.0
29/06/2021,Faktur Pembelian,JL.2106.09012,CANDRA (BLESSING),Lunas,"",49080000.000002,49080000.000002
29/06/2021,Faktur Pembelian,11854,EDO VGEN,Lunas,"",2580000.0,2580000.0
30/06/2021,Faktur Pembelian,11846,ONLINE,Lunas,"",460000.0,0.0
30/06/2021,Faktur Pembelian,JL.2106.09383,CANDRA (BLESSING),Lunas,"",41029999.999998,41029999.999998
30/06/2021,Faktur Pembelian,11847,ONLINE,Lunas,"",38500.0,0.0
30/06/2021,Faktur Pembelian,JL.2106.09385,CANDRA (BLESSING),Lunas,"",1510000.0,1510000.0
30/06/2021,Faktur Pembelian,11848,SPACE TECH,Lunas,"",14200000.0,0.0
30/06/2021,Faktur Pembelian,11849,ONLINE,Lunas,"",5100000.0,0.0
30/06/2021,Faktur Pembelian,2106157,ANDY (JMK),Lunas,"",500000.0,500000.0
30/06/2021,Faktur Pembelian,JL00121327,WULAN (DISCOUNT NOTEBOOK),Lunas,"",479000.0,479000.0
30/06/2021,Faktur Pembelian,NJL-EX1/300621/010,PT. INDO WARNA MULIA ( ALFA INK ),Lunas,"",31730000.0,31730000.0
