Tanggal,Tipe Transaksi,Nomor Transaksi,Nama Panggilan,Status Hari Ini,Memo,Total,Sisa Tagihan
01/07/2025,Faktur Pembelian,16657,PT. PRIMALAYAN CITRA MANDIRI,Lunas,"",1378620.0,0.0
01/07/2025,Faktur Pembelian,JL.2507.00121,CANDRA (BLESSING),Lunas,MASUK,2820000.0,0.0
01/07/2025,Faktur Pembelian,JL.2507.00122,CANDRA (BLESSING),Lunas,MASUK,15960000.0,0.0
01/07/2025,Faktur Pembelian,JL.2507.00151,CANDRA (BLESSING),Lunas,MASUK,23980000.0,0.0
01/07/2025,Faktur Pembelian,JL.2507.00154,CANDRA (BLESSING),Lunas,MASUK,400000.0,0.0
01/07/2025,Faktur Pembelian,16658,HARAPAN BARU,Lunas,BELUM BAYAR,2200000.0,0.0
01/07/2025,Faktur Pembelian,JL.2507.00356,CANDRA (BLESSING),Lunas,"",470000.0,0.0
01/07/2025,Faktur Pembelian,JL.2507.00394,CANDRA (BLESSING),Lunas,MASUK,29525000.0,0.0
01/07/2025,Faktur Pembelian,JKT - JKT01A - PC25070068,AGRES IT,Lunas,"",26250000.0,0.0
01/07/2025,Faktur Pembelian,FK 1219,BETA COM,Lunas,"",5505000.0,0.0
01/07/2025,Faktur Pembelian,16698,AGUS (DORAN),Lunas,"",4731900.0,0.0
01/07/2025,Faktur Pembelian,16699,AGUS (DORAN),Lunas,"",1915000.0,0.0
02/07/2025,Faktur Pembelian,JL.2507.00504,CANDRA (BLESSING),Lunas,MASUK,5295000.0,0.0
02/07/2025,Faktur Pembelian,JL.2507.00810,CANDRA (BLESSING),Lunas,MASUK ,34970000.0,0.0
02/07/2025,Faktur Pembelian,16659,EDISON ATK,Lunas,"",5200000.0,0.0
02/07/2025,Faktur Pembelian,JL.2507.00639,CANDRA (BLESSING),Lunas,MASUK ,9774000.0,0.0
02/07/2025,Faktur Pembelian,ACJ01/01/FP/2507/XB00004,PT. ANGKASA CERAH JAYA,Lunas,KO ANTONI,7275000.0,0.0
02/07/2025,Faktur Pembelian,00692297_036,PRIYO (K GALAXY),Lunas,"",435000.0,0.0
02/07/2025,Faktur Pembelian,JL0000001366,IP COM TOKO,Lunas,"",10709000.0,0.0
03/07/2025,Faktur Pembelian,16660,WULAN (DISCOUNT NOTEBOOK),Lunas,"",705000.0,0.0
03/07/2025,Faktur Pembelian,16662,IQ TRONIK,Lunas,"",10400000.0,0.0
03/07/2025,Faktur Pembelian,JL.2507.00961,CANDRA (BLESSING),Lunas,MASUK,20740000.0,0.0
03/07/2025,Faktur Pembelian,JL.2507.01167,CANDRA (BLESSING),Lunas,MASUK,32050000.0,0.0
03/07/2025,Faktur Pembelian,JL.2507.01196,CANDRA (BLESSING),Lunas,"MASUK

BAYAR",470000.0,0.0
03/07/2025,Faktur Pembelian,JL.2507.01214,CANDRA (BLESSING),Lunas,MASUK,14570000.0,0.0
03/07/2025,Faktur Pembelian,JL5525070121,YULI (HP CENTRE),Lunas,"MASUK
",26700000.0,0.0
03/07/2025,Faktur Pembelian,ACJ01/01/FP/2507/XC00031,PT. ANGKASA CERAH JAYA,Lunas,MASUK,18550000.0,0.0
03/07/2025,Faktur Pembelian,ACJ01/01/FP/2507/XC00025,PT. ANGKASA CERAH JAYA,Lunas,MASUK,17100000.0,0.0
03/07/2025,Faktur Pembelian,JL.2507.01055,CANDRA (BLESSING),Lunas,"MASUK

BAYAR",1035000.0,0.0
03/07/2025,Faktur Pembelian,250700058,CV. BALI IT SOLUSI (ENY),Lunas,"",9920000.0,0.0
03/07/2025,Faktur Pembelian,ONLINE SBY / INV/2025/130755,WULAN (DISCOUNT NOTEBOOK),Lunas,"",1312000.0,0.0
03/07/2025,Faktur Pembelian,PJL-25-07-00055,PT. Surya Makmur Kreasindo (HJ),Lunas,"",7610000.0,0.0
03/07/2025,Faktur Pembelian,07202511164,AGUS (DORAN),Lunas,"",8731200.0,0.0
03/07/2025,Faktur Pembelian,07202511174,AGUS (DORAN),Lunas,"",5000000.00001,0.0
04/07/2025,Faktur Pembelian,16665,AGUS (DORAN),Lunas,BAYAR,25452000.0,0.0
04/07/2025,Faktur Pembelian,JL.2507.01548,CANDRA (BLESSING),Lunas,"MASUK

BAYAR",6925000.0,0.0
04/07/2025,Faktur Pembelian,JL.2507.01517,CANDRA (BLESSING),Lunas,MASUK,8295000.0,0.0
04/07/2025,Faktur Pembelian,JL.2507.01566,CANDRA (BLESSING),Lunas,MASUK,2859000.0,0.0
04/07/2025,Faktur Pembelian,16724,ENDRA TELKOMSEL,Lunas,"",4000000.0,0.0
05/07/2025,Faktur Pembelian,16666,LEGALA,Lunas,"",1500000.0,0.0
05/07/2025,Faktur Pembelian,JL.2507.01750,CANDRA (BLESSING),Lunas,MASUK,4525000.0,0.0
05/07/2025,Faktur Pembelian,JL.2507.01753,CANDRA (BLESSING),Lunas,"MASUK

BAYAR",11100000.0,0.0
05/07/2025,Faktur Pembelian,JL.2507.01757,CANDRA (BLESSING),Lunas,"MASUK

BAYAR",13370000.0,0.0
05/07/2025,Faktur Pembelian,PJL-25-07-00104,PT. Surya Makmur Kreasindo (HJ),Lunas,"",7325000.0,0.0
05/07/2025,Faktur Pembelian,ONLINE SBY / INV/2025/132608,WULAN (DISCOUNT NOTEBOOK),Lunas,"",1982000.0,0.0
05/07/2025,Faktur Pembelian,ONLINE SBY / INV/2025/132681,WULAN (DISCOUNT NOTEBOOK),Lunas,"",560000.0,0.0
05/07/2025,Faktur Pembelian,JL5525070195,YULI (HP CENTRE),Lunas,"",2450000.0,0.0
05/07/2025,Faktur Pembelian,JL202500003220,EDISON ATK,Lunas,"",7040000.0,0.0
06/07/2025,Faktur Pembelian,16668,HARAPAN BARU,Lunas,"",1800000.0,0.0
06/07/2025,Faktur Pembelian,16670,PT TERA DATA INDONUSA,Lunas,"",440000.0,0.0
06/07/2025,Faktur Pembelian,16671,ONLINE,Lunas,"",1200000.0,0.0
06/07/2025,Faktur Pembelian,16672,FIKTIF BELI,Lunas,"",59500.0,0.0
06/07/2025,Faktur Pembelian,16673,FIKTIF BELI,Lunas,"",255000.0,0.0
06/07/2025,Faktur Pembelian,16674,ONLINE,Lunas,"",2100000.0,0.0
06/07/2025,Faktur Pembelian,16675,ONLINE,Lunas,"",115000.0,0.0
06/07/2025,Faktur Pembelian,16676,FIKTIF BELI,Lunas,"",95000.0,0.0
06/07/2025,Faktur Pembelian,16678,FIKTIF BELI,Lunas,"",15000.0,0.0
06/07/2025,Faktur Pembelian,16679,FIKTIF BELI,Lunas,"",516000.0,0.0
06/07/2025,Faktur Pembelian,16680,FIKTIF BELI,Lunas,"",172000.0,0.0
06/07/2025,Faktur Pembelian,16681,FIKTIF BELI,Lunas,"",57000.0,0.0
06/07/2025,Faktur Pembelian,16682,FIKTIF BELI,Lunas,"",825000.0,0.0
06/07/2025,Faktur Pembelian,16683,FIKTIF BELI,Lunas,"",325000.0,0.0
06/07/2025,Faktur Pembelian,16684,FIKTIF BELI,Lunas,"",56000.0,0.0
06/07/2025,Faktur Pembelian,16685,FIKTIF BELI,Lunas,"",200000.0,0.0
06/07/2025,Faktur Pembelian,16686,FIKTIF BELI,Lunas,"",250000.0,0.0
06/07/2025,Faktur Pembelian,16687,FIKTIF BELI,Lunas,"",450000.0,0.0
07/07/2025,Faktur Pembelian,16688,FIKTIF BELI,Lunas,"",5140000.0,0.0
07/07/2025,Faktur Pembelian,16689,KETUT DUARAYASA SUPLAYER,Lunas,"",725000.0,0.0
07/07/2025,Faktur Pembelian,16691,FIKTIF BELI,Lunas,"",55000.0,0.0
07/07/2025,Faktur Pembelian,PJL-25-07-00132,PT. Surya Makmur Kreasindo (HJ),Lunas,"",19950000.0,0.0
07/07/2025,Faktur Pembelian,JL.2507.02155,CANDRA (BLESSING),Lunas,MASUK,6095000.0,0.0
07/07/2025,Faktur Pembelian,JL.2507.02003,CANDRA (BLESSING),Lunas,MASUK,385000.0,0.0
07/07/2025,Faktur Pembelian,JN-N/SBY//080725/002,PT. INDO WARNA MULIA ( ALFA INK ),Lunas,"",6231000.0,0.0
07/07/2025,Faktur Pembelian,002166,LILI (PLATINUM),Lunas,"",14310000.0,0.0
08/07/2025,Faktur Pembelian,JL.2507.02631,CANDRA (BLESSING),Lunas,MASUK ,3055000.0,0.0
08/07/2025,Faktur Pembelian,JL.2507.02735,CANDRA (BLESSING),Lunas,MASUK ,7130000.0,0.0
08/07/2025,Faktur Pembelian,JL.2507.02601,CANDRA (BLESSING),Lunas,MASUK,3158000.0,0.0
08/07/2025,Faktur Pembelian,JL.2507.02602,CANDRA (BLESSING),Lunas,MASUK,4525000.0,0.0
08/07/2025,Faktur Pembelian,JL.2507.02849,CANDRA (BLESSING),Lunas,MASUK,9640000.0,0.0
08/07/2025,Faktur Pembelian,JL.2507.02850,CANDRA (BLESSING),Lunas,MASUK,8255000.0,0.0
08/07/2025,Faktur Pembelian,JL.2507.02852,CANDRA (BLESSING),Lunas,MASUK,6925000.0,0.0
08/07/2025,Faktur Pembelian,JL.2507.02945,CANDRA (BLESSING),Lunas,MASUK,495000.0,0.0
08/07/2025,Faktur Pembelian,FK 1300,BETA COM,Lunas,"",3420000.0,0.0
08/07/2025,Faktur Pembelian,ONLIE SBY /INV/2025/134558,WULAN (DISCOUNT NOTEBOOK),Lunas,"",837000.0,0.0
08/07/2025,Faktur Pembelian,00692783_036,PRIYO (K GALAXY),Lunas,"",1080000.0,0.0
09/07/2025,Faktur Pembelian,16695,FIKTIF BELI,Lunas,"",530000.0,0.0
09/07/2025,Faktur Pembelian,16696,ONLINE,Lunas,"",490000.0,0.0
09/07/2025,Faktur Pembelian,JL.2507.03235,CANDRA (BLESSING),Lunas,MASUK,400000.0,0.0
09/07/2025,Faktur Pembelian,ONLINE SBY / INV/2025/135232,WULAN (DISCOUNT NOTEBOOK),Lunas,"",433000.0,0.0
09/07/2025,Faktur Pembelian,JKT-JKT01A-PC25072023,AGRES IT,Lunas,"",131250000.0,0.0
09/07/2025,Faktur Pembelian,JKT-JKT01A-NC25070281,AGRES IT,Lunas,"",61600000.0,0.0
09/07/2025,Faktur Pembelian,JKT-JKT01A-PC25071825,AGRES IT,Lunas,"",162775000.0,0.0
10/07/2025,Faktur Pembelian,JL.2507.03246,CANDRA (BLESSING),Lunas,MASUK ,14010000.0,0.0
10/07/2025,Faktur Pembelian,16700,TE2 COMPUTER SURABAYA,Lunas,"",2900000.0,0.0
10/07/2025,Faktur Pembelian,16701,ANDY (JMK),Lunas,"",4530000.0,0.0
10/07/2025,Faktur Pembelian,JL.2507.03525,CANDRA (BLESSING),Lunas,"MASUK

BAYAR",5556000.0,0.0
10/07/2025,Faktur Pembelian,JL.2507.03729,CANDRA (BLESSING),Lunas,MASUK,18500000.0,0.0
10/07/2025,Faktur Pembelian,JL.2507.03819,CANDRA (BLESSING),Lunas,MASUK,23100000.0,0.0
10/07/2025,Faktur Pembelian,JL.2507.03820,CANDRA (BLESSING),Lunas,"MASUK

BAYAR",478000.0,0.0
10/07/2025,Faktur Pembelian,16703,FIKTIF BELI,Lunas,"",156000.0,0.0
10/07/2025,Faktur Pembelian,07202555062,AGUS (DORAN),Lunas,"",24000000.0,0.0
10/07/2025,Faktur Pembelian,JL5525070428,YULI (HP CENTRE),Lunas,"",1600000.0,0.0
11/07/2025,Faktur Pembelian,JL.2507.04040,CANDRA (BLESSING),Lunas,MASUK ,980000.0,0.0
11/07/2025,Faktur Pembelian,PJL-25-07-00221,PT. Surya Makmur Kreasindo (HJ),Lunas,"",24375000.0,0.0
11/07/2025,Faktur Pembelian,JL.2507.04105,CANDRA (BLESSING),Lunas,MASUK ,23125000.0,0.0
11/07/2025,Faktur Pembelian,JL.2507.04169,CANDRA (BLESSING),Lunas,MASUK ,2520000.0,0.0
11/07/2025,Faktur Pembelian,16705,FIKTIF BELI,Lunas,"",265000.0,0.0
11/07/2025,Faktur Pembelian,JL.2507.04155,CANDRA (BLESSING),Lunas,MASUK ,10590000.0,0.0
11/07/2025,Faktur Pembelian,JL.2507.04042,CANDRA (BLESSING),Lunas,MASUK,7845000.0,0.0
11/07/2025,Faktur Pembelian,002169,LILI (PLATINUM),Lunas,BAYAR,660000.0,0.0
11/07/2025,Faktur Pembelian,00693014_036,PRIYO (K GALAXY),Lunas,"",585000.0,0.0
11/07/2025,Faktur Pembelian,6550,GUDANG AKSESORIES SURABAYA (KURNIAWAN),Lunas,"",3600000.0,0.0
11/07/2025,Faktur Pembelian,00693017_036,PRIYO (K GALAXY),Lunas,"",1850000.0,0.0
11/07/2025,Faktur Pembelian,SBY-2507-0059,GUDANG AKSESORIES SURABAYA (KURNIAWAN),Lunas,"",432500.0,0.0
12/07/2025,Faktur Pembelian,JL5525070513,YULI (HP CENTRE),Lunas,MASUK,46000000.0,0.0
12/07/2025,Faktur Pembelian,JL.2507.04480,CANDRA (BLESSING),Lunas,MASUK,7835000.0,0.0
12/07/2025,Faktur Pembelian,JL.2507.04477,CANDRA (BLESSING),Lunas,MASUK,1095000.0,0.0
12/07/2025,Faktur Pembelian,JKT-JKT01A-NC25070403,AGRES IT,Lunas,"",18400000.0,0.0
12/07/2025,Faktur Pembelian,JKT-JKT01A-PC25072649,AGRES IT,Lunas,"",13875000.0,0.0
13/07/2025,Faktur Pembelian,002170,LILI (PLATINUM),Lunas,BAYAR,845000.0,0.0
14/07/2025,Faktur Pembelian,JL.2507.04895,CANDRA (BLESSING),Lunas,BELUM ,3742000.0,0.0
14/07/2025,Faktur Pembelian,JL.2507.04872,CANDRA (BLESSING),Lunas,BELUM ,8255000.0,0.0
14/07/2025,Faktur Pembelian,JL.2507.05118,CANDRA (BLESSING),Lunas,BELUM ,11270000.0,0.0
14/07/2025,Faktur Pembelian,JL.2507.05124,CANDRA (BLESSING),Lunas,BELUM ,695000.0,0.0
14/07/2025,Faktur Pembelian,JL.2507.05152,CANDRA (BLESSING),Lunas,BELUM ,10890000.0,0.0
14/07/2025,Faktur Pembelian,PJL-25-07-00268,PT. Surya Makmur Kreasindo (HJ),Lunas,"",29925000.0,0.0
14/07/2025,Faktur Pembelian,25030433,DWI DUTA SARANA COMPUTER SURABAYA,Lunas,"",2950000.0,0.0
14/07/2025,Faktur Pembelian,07202573844,AGUS (DORAN),Lunas,"",3750000.0,0.0
14/07/2025,Faktur Pembelian,JKT-JKT01A-PC25072956,AGRES IT,Lunas,"",47400000.0,0.0
14/07/2025,Faktur Pembelian,PJL-25-07-00270,PT. Surya Makmur Kreasindo (HJ),Lunas,"",7200000.0,0.0
14/07/2025,Faktur Pembelian,JL5525070595,YULI (HP CENTRE),Lunas,"",3696000.0,0.0
14/07/2025,Faktur Pembelian,FK 1369,BETA COM,Lunas,"",14625000.0,0.0
14/07/2025,Faktur Pembelian,JKT-JKT01A-NC25070449,AGRES IT,Lunas,"",39400000.0,0.0
14/07/2025,Faktur Pembelian,JKT-JKT01A-PC25072988,AGRES IT,Lunas,BAYAR 11 8 25,29000000.0,0.0
14/07/2025,Faktur Pembelian,FK 1371,BETA COM,Lunas,"",45984000.0,0.0
15/07/2025,Faktur Pembelian,002168,LILI (PLATINUM),Lunas,BAYAR,200000.0,0.0
15/07/2025,Faktur Pembelian,JL.2507.05550,CANDRA (BLESSING),Lunas,MASUK,12020000.0,0.0
15/07/2025,Faktur Pembelian,JL.2507.05552,CANDRA (BLESSING),Lunas,"MASUK

BAYAR
",5295000.0,0.0
15/07/2025,Faktur Pembelian,16711,ONLINE,Lunas,"",148000.0,0.0
15/07/2025,Faktur Pembelian,16712,ONLINE,Lunas,"",288000.0,0.0
15/07/2025,Faktur Pembelian,16713,ONLINE,Lunas,"",377000.0,0.0
15/07/2025,Faktur Pembelian,JL.2507.05694,CANDRA (BLESSING),Lunas,"MASUK

BAYAR",23125000.0,0.0
15/07/2025,Faktur Pembelian,16715,AGRES IT,Lunas,"",0.0,0.0
15/07/2025,Faktur Pembelian,16716,FIKTIF BELI,Lunas,"",372000.0,0.0
15/07/2025,Faktur Pembelian,JA/25/07/0075,ELMI COM,Lunas,"",5050000.0,0.0
15/07/2025,Faktur Pembelian,JA/25/07/0038,ELMI COM,Lunas,"",800000.0,0.0
15/07/2025,Faktur Pembelian,JK/25/07/0074,ELMI COM,Lunas,"",9750000.0,0.0
15/07/2025,Faktur Pembelian,07202583077,AGUS (DORAN),Lunas,"",13665000.0,0.0
15/07/2025,Faktur Pembelian,25030657,DWI DUTA SARANA COMPUTER SURABAYA,Lunas,"",7160000.0,0.0
15/07/2025,Faktur Pembelian,ONLINE SBY / INV /2025 / 139749,WULAN (DISCOUNT NOTEBOOK),Lunas,"",130000.0,0.0
15/07/2025,Faktur Pembelian,002173,LILI (PLATINUM),Lunas,BAYAR,3950000.0,0.0
16/07/2025,Faktur Pembelian,JL5525070741,YULI (HP CENTRE),Lunas,BAYAR,27900000.0,0.0
16/07/2025,Faktur Pembelian,JL.2507.06101,CANDRA (BLESSING),Lunas,"MASUK 

BAYAR",11100000.0,0.0
16/07/2025,Faktur Pembelian,JL.2507.06103,CANDRA (BLESSING),Lunas,"MASUK 

BAYAR",5575000.0,0.0
16/07/2025,Faktur Pembelian,16721,ONLINE,Lunas,"",150000.0,0.0
16/07/2025,Faktur Pembelian,0000786/07/25,TATIK (LEGENDA),Lunas,"MASUK
VIA BIMA PERMAI ",1475000.0,0.0
16/07/2025,Faktur Pembelian,JL.2507.06164,CANDRA (BLESSING),Lunas,"MASUK 

BAYAR",2365000.0,0.0
16/07/2025,Faktur Pembelian,ACJ01/01/FP/2507/AF00028,PT. ANGKASA CERAH JAYA,Lunas,MASUK ,24150000.0,0.0
16/07/2025,Faktur Pembelian,ACJ01/01/FP/2507/AF00030,PT. ANGKASA CERAH JAYA,Lunas,MASUK ,17100000.0,0.0
16/07/2025,Faktur Pembelian,16725,ONLINE,Lunas,"",230000.0,0.0
16/07/2025,Faktur Pembelian,JL.2507.05945,CANDRA (BLESSING),Lunas,"MASUK

BAYAR",5295000.0,0.0
16/07/2025,Faktur Pembelian,JL.2507.06256,CANDRA (BLESSING),Lunas,MASUK,19880000.0,0.0
16/07/2025,Faktur Pembelian,JL.2507.06282,CANDRA (BLESSING),Lunas,MASUK,10890000.0,0.0
16/07/2025,Faktur Pembelian,00693513_036,PRIYO (K GALAXY),Lunas,"",2385000.0,0.0
16/07/2025,Faktur Pembelian,FK 1402,BETA COM,Lunas,MASUK,19940000.0,0.0
16/07/2025,Faktur Pembelian,002174,LILI (PLATINUM),Lunas,BAYAR,390000.0,0.0
16/07/2025,Faktur Pembelian,JL5525070734,YULI (HP CENTRE),Lunas,"",53000000.0,0.0
16/07/2025,Faktur Pembelian,00693448_036,PRIYO (K GALAXY),Lunas,"",2920000.0,0.0
17/07/2025,Faktur Pembelian,16726,FIKTIF BELI,Lunas,"",124000.0,0.0
17/07/2025,Faktur Pembelian,16727,FIKTIF BELI,Lunas,"",124000.0,0.0
17/07/2025,Faktur Pembelian,JL.2507.06755,CANDRA (BLESSING),Lunas,MASUK ,580000.0,0.0
17/07/2025,Faktur Pembelian,JL.2507.06771,CANDRA (BLESSING),Lunas,MASUK ,4420000.0,0.0
17/07/2025,Faktur Pembelian,JL.2507.06383,CANDRA (BLESSING),Lunas,"MASUK

BAYAR",38700000.0,0.0
17/07/2025,Faktur Pembelian,16731,FIKTIF BELI,Lunas,"",124000.0,0.0
17/07/2025,Faktur Pembelian,JL.2507.06654,CANDRA (BLESSING),Lunas,MASUK,10070000.0,0.0
17/07/2025,Faktur Pembelian,D/25/01067/NTB,PT SAMAMAJU PRIMA NTB,Lunas,"",3503931.0,0.0
17/07/2025,Faktur Pembelian,D/25/0165/NTB,PT SAMAMAJU PRIMA NTB,Lunas,"",32853644.0,0.0
17/07/2025,Faktur Pembelian,JL.2507.06701,CANDRA (BLESSING),Lunas,"MASUK

BENAR

BAYAR",26250000.0,0.0
17/07/2025,Faktur Pembelian,6569,GUDANG AKSESORIES SURABAYA (KURNIAWAN),Lunas,RUSAK 4 PCS POTONG NOTA,10220000.0,0.0
17/07/2025,Faktur Pembelian,JL5525070774,YULI (HP CENTRE),Lunas,"",3109000.0,0.0
17/07/2025,Faktur Pembelian,002175,LILI (PLATINUM),Lunas,"KURANG 1

BAYAR",7200000.0,0.0
17/07/2025,Faktur Pembelian,JL5525070753,YULI (HP CENTRE),Lunas,BAYAR ,22800000.0,0.0
17/07/2025,Faktur Pembelian,JL5525070754,YULI (HP CENTRE),Lunas,BAYAR,11250000.0,0.0
17/07/2025,Faktur Pembelian,JL5525070786,YULI (HP CENTRE),Lunas,"",1270000.0,0.0
18/07/2025,Faktur Pembelian,PJL-25-07-00401,PT. Surya Makmur Kreasindo (HJ),Lunas,"",17030000.0,0.0
18/07/2025,Faktur Pembelian,16732,PT. PRIMALAYAN CITRA MANDIRI,Lunas,"",2227770.0,0.0
18/07/2025,Faktur Pembelian,16733,FIKTIF BELI,Lunas,"",4700000.0,0.0
18/07/2025,Faktur Pembelian,JL.2507.06950,CANDRA (BLESSING),Lunas,MASUK ,5680000.0,0.0
18/07/2025,Faktur Pembelian,JL.2507.06856,CANDRA (BLESSING),Lunas,"MASUK 

BAYAR",28375000.0,0.0
18/07/2025,Faktur Pembelian,16734,IQ TRONIK,Lunas,"",12480000.0,0.0
18/07/2025,Faktur Pembelian,JL.2507.06846,CANDRA (BLESSING),Lunas,MASUK ,2125000.0,0.0
18/07/2025,Faktur Pembelian,16735,FIKTIF BELI,Lunas,"",124000.0,0.0
18/07/2025,Faktur Pembelian,16736,FIKTIF BELI,Lunas,"",128000.0,0.0
18/07/2025,Faktur Pembelian,JL.2507.07045,CANDRA (BLESSING),Lunas,MASUK ,460000.0,0.0
18/07/2025,Faktur Pembelian,JL.2507.06958,CANDRA (BLESSING),Lunas,MASUK,1800000.0,0.0
18/07/2025,Faktur Pembelian,JL.2507.06830,CANDRA (BLESSING),Lunas,MASUK,1392000.0,0.0
18/07/2025,Faktur Pembelian,JL.2507.06977,CANDRA (BLESSING),Lunas,MASUK,207000.0,0.0
18/07/2025,Faktur Pembelian,002177,LILI (PLATINUM),Lunas,BAYAR,7740000.0,0.0
18/07/2025,Faktur Pembelian,JN-N/SBY//160725/003,PT. INDO WARNA MULIA ( ALFA INK ),Lunas,BAYAR 27 8 2025,2500000.0,0.0
18/07/2025,Faktur Pembelian,16784,TIMBUL SUBUR PLASTIK,Lunas,"",8540000.0,0.0
18/07/2025,Faktur Pembelian,HK 001306,PIGURA KITA ( AMIN ),Lunas,"",9900000.0,0.0
18/07/2025,Faktur Pembelian,JKT-JKT01A-PC25074248,AGRES IT,Lunas,"",0.0,0.0
19/07/2025,Faktur Pembelian,16737,FIKTIF BELI,Lunas,"",700000.0,0.0
19/07/2025,Faktur Pembelian,JL.2507.07285,CANDRA (BLESSING),Lunas,MASUK ,628000.0,0.0
19/07/2025,Faktur Pembelian,072025103395,AGUS (DORAN),Lunas,"",3750000.0,0.0
19/07/2025,Faktur Pembelian,FK 1441,BETA COM,Lunas,"",10500000.0,0.0
20/07/2025,Faktur Pembelian,16740,FIKTIF BELI,Lunas,"",11730000.0,0.0
20/07/2025,Faktur Pembelian,16741,FIKTIF BELI,Lunas,"",1279999.9998,0.0
20/07/2025,Faktur Pembelian,16742,FIKTIF BELI,Lunas,"",7665000.0021,0.0
20/07/2025,Faktur Pembelian,16743,FIKTIF BELI,Lunas,"",11900000.0,0.0
20/07/2025,Faktur Pembelian,16745,FIKTIF BELI,Lunas,"",300000.0,0.0
21/07/2025,Faktur Pembelian,FK 1447,BETA COM,Lunas,MASUK,25980000.0,0.0
21/07/2025,Faktur Pembelian,PJL-25-07-00446,PT. Surya Makmur Kreasindo (HJ),Lunas,MASUK ,39900000.0,0.0
21/07/2025,Faktur Pembelian,16746,LEGALA,Lunas,"",3000000.0,0.0
21/07/2025,Faktur Pembelian,JL.2507.07610,CANDRA (BLESSING),Lunas,"MASUK 

BAYAR",16155000.0,0.0
21/07/2025,Faktur Pembelian,JL.2507.07607,CANDRA (BLESSING),Lunas,"MASUK 

BAYAR",7825000.0,0.0
21/07/2025,Faktur Pembelian,JL.2507.07568,CANDRA (BLESSING),Lunas,"MASUK 

BAYAR",18930000.0,0.0
21/07/2025,Faktur Pembelian,JL.2507.08059,CANDRA (BLESSING),Lunas,"MASUK

BAYAR",2800000.0,0.0
21/07/2025,Faktur Pembelian,JL.2507.07997,CANDRA (BLESSING),Lunas,"MASUK

BAYAR",16510000.0,0.0
21/07/2025,Faktur Pembelian,16747,FIKTIF BELI,Lunas,"",128000.0,0.0
21/07/2025,Faktur Pembelian,16748,ONLINE,Lunas,"",600000.0,0.0
21/07/2025,Faktur Pembelian,16749,IQ TRONIK,Lunas,"",10400000.0,0.0
21/07/2025,Faktur Pembelian,16751,ONLINE,Lunas,"",820000.0,0.0
21/07/2025,Faktur Pembelian,JL.2507.07564,CANDRA (BLESSING),Lunas,BAYAR,1845000.0,0.0
21/07/2025,Faktur Pembelian,JL.2507.07717,CANDRA (BLESSING),Lunas,MASUK ,11810000.0,0.0
21/07/2025,Faktur Pembelian,JL.2507.07720,CANDRA (BLESSING),Lunas,"MASUK 

BAYAR",17715000.0,0.0
21/07/2025,Faktur Pembelian,JL.2507.07721,CANDRA (BLESSING),Lunas,"MASUK 

WARNA LAMA

BAYAR",5990000.0,0.0
21/07/2025,Faktur Pembelian,JL.2507.07944,CANDRA (BLESSING),Lunas,"MASUK

BAYAR",42140000.0,0.0
21/07/2025,Faktur Pembelian,16752,ONLINE,Lunas,"",300000.0,0.0
21/07/2025,Faktur Pembelian,250700512,CV. BALI IT SOLUSI (ENY),Lunas,"",13365000.0,0.0
21/07/2025,Faktur Pembelian,ONLINE SBY / INV/2025/144078,WULAN (DISCOUNT NOTEBOOK),Lunas,"",625000.0,0.0
21/07/2025,Faktur Pembelian,PJL-25-07-00456,PT. Surya Makmur Kreasindo (HJ),Lunas,"",6865000.0,0.0
21/07/2025,Faktur Pembelian,JL202500003498,EDISON ATK,Lunas,"",2700000.0,0.0
21/07/2025,Faktur Pembelian,JL5525070933,YULI (HP CENTRE),Lunas,"",3223200.0,0.0
21/07/2025,Faktur Pembelian,JL5525070934,YULI (HP CENTRE),Lunas,"",22800000.0,0.0
21/07/2025,Faktur Pembelian,002179,LILI (PLATINUM),Lunas,BAYAR,1660000.0,0.0
21/07/2025,Faktur Pembelian,JKT-JKT01A-NC25070757,AGRES IT,Lunas,"",219600000.0,0.0
21/07/2025,Faktur Pembelian,JKT-JKT01A-PC25075113,AGRES IT,Lunas,"",9150000.0,0.0
22/07/2025,Faktur Pembelian,PJL-25-07-00488,PT. Surya Makmur Kreasindo (HJ),Lunas,"MASUK
",7200000.0,0.0
22/07/2025,Faktur Pembelian,16753,FIKTIF BELI,Lunas,"",100000.0,0.0
22/07/2025,Faktur Pembelian,16754,FIKTIF BELI,Lunas,"",385000.0,0.0
22/07/2025,Faktur Pembelian,JL.2507.08277,CANDRA (BLESSING),Lunas,MASUK ,8280000.0,0.0
22/07/2025,Faktur Pembelian,JL.2507.08279,CANDRA (BLESSING),Lunas,MASUK ,2570000.0,0.0
22/07/2025,Faktur Pembelian,16755,ONLINE,Lunas,"",870000.0,0.0
22/07/2025,Faktur Pembelian,JL.2507.08487,CANDRA (BLESSING),Lunas,MASUK ,4800000.0,0.0
22/07/2025,Faktur Pembelian,16758,ONLINE,Lunas,"",600000.0,0.0
22/07/2025,Faktur Pembelian,JL.2507.08371,CANDRA (BLESSING),Lunas,MASUK ,20300000.0,0.0
22/07/2025,Faktur Pembelian,JL.2507.08520,CANDRA (BLESSING),Lunas,"",7835000.0,0.0
22/07/2025,Faktur Pembelian,JL.2507.08235,CANDRA (BLESSING),Lunas,MASUK,40845000.0,0.0
22/07/2025,Faktur Pembelian,JL.2507.08410,CANDRA (BLESSING),Lunas,MASUK,1600000.0,0.0
22/07/2025,Faktur Pembelian,002181,LILI (PLATINUM),Lunas,BAYAR,750000.0,0.0
22/07/2025,Faktur Pembelian,16777,PT TERA DATA INDONUSA,Lunas,"",200000.0,0.0
22/07/2025,Faktur Pembelian,072025119915,AGUS (DORAN),Lunas,MASUK,4440000.0,0.0
22/07/2025,Faktur Pembelian,ONLINE SBY / INV/2025/144934,WULAN (DISCOUNT NOTEBOOK),Lunas,"",342000.0,0.0
22/07/2025,Faktur Pembelian,ONLINE SBY / INV/2025/144671,WULAN (DISCOUNT NOTEBOOK),Lunas,"",624000.0,0.0
22/07/2025,Faktur Pembelian,JN-N/SBY//220725/004,PT. INDO WARNA MULIA ( ALFA INK ),Lunas,"",1679000.0,0.0
22/07/2025,Faktur Pembelian,002180,LILI (PLATINUM),Lunas,BAYAR,1920000.0,0.0
22/07/2025,Faktur Pembelian,PJL-25-0-00489,PT. Surya Makmur Kreasindo (HJ),Lunas,"",5300000.0,0.0
22/07/2025,Faktur Pembelian,JL5525071030,YULI (HP CENTRE),Lunas,"",79500000.0,0.0
22/07/2025,Faktur Pembelian,JKT-JKT01A-NC25070833,AGRES IT,Lunas,"",21375000.0,0.0
22/07/2025,Faktur Pembelian,JKT-JKT0A-PC25075424,AGRES IT,Lunas,"",26450000.0,0.0
22/07/2025,Faktur Pembelian,JKT-JKT01A-PC25075649,AGRES IT,Lunas,"",27500000.0,0.0
23/07/2025,Faktur Pembelian,FK 1483,BETA COM,Lunas,MASUK,33875000.0,0.0
23/07/2025,Faktur Pembelian,16759,FIKTIF BELI,Lunas,"",490000.0,0.0
23/07/2025,Faktur Pembelian,16760,PT WAHANA DATARINDO SEMPURNA,Lunas,"",9880500.0,0.0
23/07/2025,Faktur Pembelian,16761,HARAPAN BARU,Lunas,"",1585000.0,0.0
23/07/2025,Faktur Pembelian,16762,FIKTIF BELI,Lunas,"",585000.0,0.0
23/07/2025,Faktur Pembelian,16763,FIKTIF BELI,Lunas,"",205000.0,0.0
23/07/2025,Faktur Pembelian,16764,DUAL RIZKY,Lunas,"",400000.0,0.0
23/07/2025,Faktur Pembelian,JL.2507.08556,CANDRA (BLESSING),Lunas,MASUK ,15880000.0,0.0
23/07/2025,Faktur Pembelian,JL.2507.08836,CANDRA (BLESSING),Lunas,MASUK ,10070000.0,0.0
23/07/2025,Faktur Pembelian,JL.2507.08838,CANDRA (BLESSING),Lunas,MASUK ,5295000.0,0.0
23/07/2025,Faktur Pembelian,JK/25/07/0119,ELMI COM,Lunas,"",13600000.0,0.0
23/07/2025,Faktur Pembelian,072025126199,AGUS (DORAN),Lunas,"",1499000.0,0.0
23/07/2025,Faktur Pembelian,16809,ANDRIANY MUSTIKA SARI (cencen),Lunas,"",17232000.0,0.0
24/07/2025,Faktur Pembelian,PJL-25-07-00536,PT. Surya Makmur Kreasindo (HJ),Lunas,"MASUK 



via bima permai",29925000.0,0.0
24/07/2025,Faktur Pembelian,JL.2507.09238,CANDRA (BLESSING),Lunas,"",46250000.0,0.0
24/07/2025,Faktur Pembelian,16767,FIKTIF BELI,Lunas,"",242000.0,0.0
24/07/2025,Faktur Pembelian,16768,ONLINE,Lunas,"",1080000.0,0.0
24/07/2025,Faktur Pembelian,ACJ01/01/FP/2507/BD00043,PT. ANGKASA CERAH JAYA,Lunas,"",26750000.0,0.0
24/07/2025,Faktur Pembelian,PJL-25-07-00563,PT. Surya Makmur Kreasindo (HJ),Lunas,MASUK ,10430000.0,0.0
24/07/2025,Faktur Pembelian,JL.2507.09105,CANDRA (BLESSING),Lunas,"",13275000.0,0.0
24/07/2025,Faktur Pembelian,PNLINE SBY / INV/2025/146546,WULAN (DISCOUNT NOTEBOOK),Lunas,"",334000.0,0.0
24/07/2025,Faktur Pembelian,16780,PIGURA KITA ( AMIN ),Lunas,"",2475000.0,0.0
24/07/2025,Faktur Pembelian,JKT-JKT01A-PC25076223,AGRES IT,Lunas,"",137250000.0,0.0
24/07/2025,Faktur Pembelian,002183,LILI (PLATINUM),Lunas,BAYAR,880000.0,0.0
25/07/2025,Faktur Pembelian,JL.2507.09521,CANDRA (BLESSING),Lunas,MASUK,14790000.0,0.0
25/07/2025,Faktur Pembelian,16770,PT. PRIMALAYAN CITRA MANDIRI,Lunas,"",1207680.0,0.0
25/07/2025,Faktur Pembelian,16771,EDISON ATK,Lunas,"",11160000.000288,0.0
25/07/2025,Faktur Pembelian,16772,ONLINE,Lunas,"",1110000.0,0.0
25/07/2025,Faktur Pembelian,16773,caturwarga computer,Lunas,"",16280000.0,0.0
25/07/2025,Faktur Pembelian,JL.2507.09639,CANDRA (BLESSING),Lunas,MASUK,15735000.0,0.0
25/07/2025,Faktur Pembelian,PJL-25-07-00572,PT. Surya Makmur Kreasindo (HJ),Lunas,MASUK ,14400000.0,0.0
25/07/2025,Faktur Pembelian,PJL-25-07-00562,PT. Surya Makmur Kreasindo (HJ),Lunas,MASUK ,12200000.0,0.0
25/07/2025,Faktur Pembelian,JL.2507.09571,CANDRA (BLESSING),Lunas,MASUK,32780000.0,0.0
25/07/2025,Faktur Pembelian,ONLINE SBY / INV/2025/147131,WULAN (DISCOUNT NOTEBOOK),Lunas,"",711999.999999,0.0
25/07/2025,Faktur Pembelian,JN-N/SBY//250725/005,PT. INDO WARNA MULIA ( ALFA INK ),Lunas,BAYAR 27 8 2025,35750000.0,0.0
25/07/2025,Faktur Pembelian,JL5525071164,YULI (HP CENTRE),Lunas,"DP 20JT 05 09 25

DP 20JT 09 09 25

dp 20jt 13 09 25 + 6.250.000",66250000.0,0.0
25/07/2025,Faktur Pembelian,JKT-JKT01A-NC25070947,AGRES IT,Lunas,"",110000000.0,0.0
25/07/2025,Faktur Pembelian,JKT-JKT01A-PC25076433,AGRES IT,Lunas,"",27800000.0,0.0
25/07/2025,Faktur Pembelian,002185,LILI (PLATINUM),Lunas,BAYAR,270000.0,0.0
26/07/2025,Faktur Pembelian,JL.2507.09954,CANDRA (BLESSING),Lunas,MASUK,23125000.0,0.0
26/07/2025,Faktur Pembelian,JL.2507.09553,CANDRA (BLESSING),Lunas,MASUK,9140000.0,0.0
26/07/2025,Faktur Pembelian,JL.2507.09822,CANDRA (BLESSING),Lunas,MASUK,2800000.0,0.0
26/07/2025,Faktur Pembelian,JL.2507.09921,CANDRA (BLESSING),Lunas,"MASUK


BAYAR",57000000.0,0.0
26/07/2025,Faktur Pembelian,PJL-25-07-00598,PT. Surya Makmur Kreasindo (HJ),Lunas,"MASUK
",6845000.0,0.0
26/07/2025,Faktur Pembelian,S025070451,CV.MITRA TEGUH DISTRIBUSI EPRINT MATARAM,Lunas,"",21842187.0,0.0
27/07/2025,Faktur Pembelian,16779,FIKTIF BELI,Lunas,"",160000.0,0.0
27/07/2025,Faktur Pembelian,16781,ONLINE,Lunas,"",2368100.0,0.0
27/07/2025,Faktur Pembelian,16782,EKO HASAN,Lunas,"",540000.0,0.0
27/07/2025,Faktur Pembelian,16783,ONLINE,Lunas,"",820000.0,0.0
28/07/2025,Faktur Pembelian,JL.2507.10113,CANDRA (BLESSING),Lunas,"MASUK
",10480000.0,0.0
28/07/2025,Faktur Pembelian,INV/2025/143861,WULAN (DISCOUNT NOTEBOOK),Lunas,"",345000.0,0.0
28/07/2025,Faktur Pembelian,JL.2507.10642,CANDRA (BLESSING),Lunas,MASUK ,4550000.0,0.0
28/07/2025,Faktur Pembelian,16785,ONLINE,Lunas,"",1100000.0,0.0
28/07/2025,Faktur Pembelian,JL.2507.10516,CANDRA (BLESSING),Lunas,MASUK ,756000.0,0.0
28/07/2025,Faktur Pembelian,JL.2507.10520,CANDRA (BLESSING),Lunas,MASUK ,46250000.0,0.0
28/07/2025,Faktur Pembelian,JL.2507.10624,CANDRA (BLESSING),Lunas,MASUK ,22250000.0,0.0
28/07/2025,Faktur Pembelian,072025152660,AGUS (DORAN),Lunas,Sudah bayar,2514000.0,0.0
28/07/2025,Faktur Pembelian,00694532_036,PRIYO (K GALAXY),Lunas,"",2378500.0,0.0
28/07/2025,Faktur Pembelian,JKT-JKT01A-PC25077692,AGRES IT,Lunas,REFISI KE CV TIGA NUSA,86749999.999997,0.0
29/07/2025,Faktur Pembelian,16786,HARAPAN BARU,Lunas,"",2150000.0,0.0
29/07/2025,Faktur Pembelian,16787,KETUT DUARAYASA SUPLAYER,Lunas,MASUK ,10855000.0,0.0
29/07/2025,Faktur Pembelian,16788,FIKTIF BELI,Lunas,"",160000.0,0.0
29/07/2025,Faktur Pembelian,16789,caturwarga computer,Lunas,belum masuk ,8140000.0,0.0
29/07/2025,Faktur Pembelian,JL.2507.10986,CANDRA (BLESSING),Lunas,MASUK ,1515000.0,0.0
29/07/2025,Faktur Pembelian,JL.2507.10989,CANDRA (BLESSING),Lunas,MASUK ,5295000.0,0.0
29/07/2025,Faktur Pembelian,JL.2507.11045,CANDRA (BLESSING),Lunas,"MASUK 

",5295000.0,0.0
29/07/2025,Faktur Pembelian,16791,FIKTIF BELI,Lunas,"",255000.0,0.0
29/07/2025,Faktur Pembelian,16792,FIKTIF BELI,Lunas,"",435000.0,0.0
29/07/2025,Faktur Pembelian,JL0000001575,IP COM TOKO,Lunas,"",1430000.0,0.0
29/07/2025,Faktur Pembelian,002187,LILI (PLATINUM),Lunas,BAYAR,12170000.0,0.0
29/07/2025,Faktur Pembelian,00694635_036,PRIYO (K GALAXY),Lunas,"",775000.0,0.0
29/07/2025,Faktur Pembelian,JL5525071370,YULI (HP CENTRE),Lunas,"",66250000.0,0.0
29/07/2025,Faktur Pembelian,JKT-JKT01A-PC25077790,AGRES IT,Lunas,REFISI KE CV TIGA NUSA ,111000000.0,0.0
30/07/2025,Faktur Pembelian,JL.2507.11155,CANDRA (BLESSING),Lunas,MASUK ,10680000.0,0.0
30/07/2025,Faktur Pembelian,JL.2507.11244,CANDRA (BLESSING),Lunas,MASUK ,13875000.0,0.0
30/07/2025,Faktur Pembelian,JL.2507.11332,CANDRA (BLESSING),Lunas,"MASUK 
BAYAR 29 8 2025",26370000.0,0.0
30/07/2025,Faktur Pembelian,JL.2507.11423,CANDRA (BLESSING),Lunas,MASUK ,10890000.0,0.0
30/07/2025,Faktur Pembelian,16794,ENDRA TELKOMSEL,Lunas,"",2400000.0,0.0
30/07/2025,Faktur Pembelian,16795,PRIYO (K GALAXY),Lunas,"",910000.0,0.0
30/07/2025,Faktur Pembelian,JL.2507.11234,CANDRA (BLESSING),Lunas,MASUK ,3150000.0,0.0
30/07/2025,Faktur Pembelian,JL.2507.11236,CANDRA (BLESSING),Lunas,MASUK ,10070000.0,0.0
30/07/2025,Faktur Pembelian,JL.2507.11253,CANDRA (BLESSING),Lunas,MASUK ,9605000.0,0.0
30/07/2025,Faktur Pembelian,JL.2507.11264,CANDRA (BLESSING),Lunas,MASUK ,7440000.0,0.0
30/07/2025,Faktur Pembelian,JL.2507.11404,CANDRA (BLESSING),Lunas,MASUK ,855000.0,0.0
30/07/2025,Faktur Pembelian,002188,LILI (PLATINUM),Lunas,BAYAR,240000.0,0.0
30/07/2025,Faktur Pembelian,INV/2025/150503,WULAN (DISCOUNT NOTEBOOK),Lunas,"",603000.0,0.0
30/07/2025,Faktur Pembelian,FK 1570,BETA COM,Lunas,"",27175000.0,0.0
30/07/2025,Faktur Pembelian,ONLINE SBY / INV/2025/150425,WULAN (DISCOUNT NOTEBOOK),Lunas,"",534000.0,0.0
30/07/2025,Faktur Pembelian,00694745_036,PRIYO (K GALAXY),Lunas,"",1600000.0,0.0
31/07/2025,Faktur Pembelian,16796,ONLINE,Lunas,"",200000.0,0.0
31/07/2025,Faktur Pembelian,16797,ONLINE,Lunas,"",1100000.0,0.0
31/07/2025,Faktur Pembelian,JL.2507.11745,CANDRA (BLESSING),Lunas,"MASUK 

BAYAR",8720000.0,0.0
31/07/2025,Faktur Pembelian,JL5525071447,YULI (HP CENTRE),Lunas,"",55125000.0,0.0
31/07/2025,Faktur Pembelian,16798,FIKTIF BELI,Lunas,"",215000.0,0.0
31/07/2025,Faktur Pembelian,16799,FIKTIF BELI,Lunas,"",645000.0,0.0
31/07/2025,Faktur Pembelian,16800,FIKTIF BELI,Lunas,"",160000.0,0.0
31/07/2025,Faktur Pembelian,16801,ONLINE,Lunas,"",600000.0,0.0
31/07/2025,Faktur Pembelian,JL.2507.11592,CANDRA (BLESSING),Lunas,"MASUK

BAYAR",9170000.0,0.0
31/07/2025,Faktur Pembelian,JL.2507.11955,CANDRA (BLESSING),Lunas,"MASUK
BAYAR 29 8 2025",5920000.0,0.0
31/07/2025,Faktur Pembelian,JL.2507.11956,CANDRA (BLESSING),Lunas,"MASUK

BAYAR",1790000.0,0.0
31/07/2025,Faktur Pembelian,JL.2507.11958,CANDRA (BLESSING),Lunas,"MASUK

BAYAR",16390000.0,0.0
31/07/2025,Faktur Pembelian,JL.2507.11961,CANDRA (BLESSING),Lunas,"MASUK

BAYAR",1005000.0,0.0
31/07/2025,Faktur Pembelian,JL5525071434,YULI (HP CENTRE),Lunas,"",1402500.0,0.0
31/07/2025,Faktur Pembelian,JL5525071439,YULI (HP CENTRE),Lunas,"",48500.0,0.0
31/07/2025,Faktur Pembelian,002189,LILI (PLATINUM),Lunas,BAYAR,2880000.0,0.0
31/07/2025,Faktur Pembelian,16824,ANDRIANY MUSTIKA SARI (cencen),Lunas,"",9400000.0,0.0
01/08/2025,Faktur Pembelian,16802,IQ TRONIK,Lunas,"",12480000.0,0.0
01/08/2025,Faktur Pembelian,JL.2508.00064,CANDRA (BLESSING),Lunas,MASUK,2370000.0,0.0
01/08/2025,Faktur Pembelian,JL.2508.00057,CANDRA (BLESSING),Lunas,MASUK,4425000.0,0.0
01/08/2025,Faktur Pembelian,JL.2508.00307,CANDRA (BLESSING),Lunas,MASUK,8475000.0,0.0
01/08/2025,Faktur Pembelian,JL.2508.00353,CANDRA (BLESSING),Lunas,MASUK,740000.0,0.0
01/08/2025,Faktur Pembelian,16803,TATIK (LEGENDA),Lunas,"",5050000.0,0.0
01/08/2025,Faktur Pembelian,JL.2508.00306,CANDRA (BLESSING),Lunas,MASUK,4475000.0,0.0
01/08/2025,Faktur Pembelian,JL.2508.00305,CANDRA (BLESSING),Lunas,MASUK,6320000.0,0.0
01/08/2025,Faktur Pembelian,JL.2508.00304,CANDRA (BLESSING),Lunas,MASUK,14133000.0,0.0
01/08/2025,Faktur Pembelian,JL.2508.00229,CANDRA (BLESSING),Lunas,MASUK,9340000.0,0.0
01/08/2025,Faktur Pembelian,16804,FIKTIF BELI,Lunas,"",5400000.0,0.0
01/08/2025,Faktur Pembelian,16805,FIKTIF BELI,Lunas,"",645000.0,0.0
01/08/2025,Faktur Pembelian,002186,LILI (PLATINUM),Lunas,BAYAR,19200000.0,0.0
01/08/2025,Faktur Pembelian,JL5525080007,YULI (HP CENTRE),Lunas,"",27900000.0,0.0
01/08/2025,Faktur Pembelian,FK 1598,BETA COM,Lunas,"",30012000.0,0.0
01/08/2025,Faktur Pembelian,JKT-JKT01A-PC25080167,AGRES IT,Lunas,TINTA EPSON,47400000.0,0.0
01/08/2025,Faktur Pembelian,JKT-JKT01A-PC25080347,AGRES IT,Lunas,"",52000000.0,0.0
01/08/2025,Faktur Pembelian,16843,GLOBAL FIBER OPTIC,Lunas,"

via bima permai",6975000.0,0.0
01/08/2025,Faktur Pembelian,16876,GLOBAL FIBER OPTIC,Lunas,"",6975000.0,0.0
02/08/2025,Faktur Pembelian,JL.2508.00507,CANDRA (BLESSING),Lunas,"MASUK

BAYAR",17715000.0,0.0
02/08/2025,Faktur Pembelian,JL.2508.00525,CANDRA (BLESSING),Lunas,"MASUK

BAYAR",3200000.0,0.0
02/08/2025,Faktur Pembelian,16806,KETUT DUARAYASA SUPLAYER,Lunas,MASUK ,11095000.0,0.0
02/08/2025,Faktur Pembelian,JL.2508.00702,CANDRA (BLESSING),Lunas,"MASUK

BAYAR",5390000.0,0.0
02/08/2025,Faktur Pembelian,16807,ONLINE,Lunas,"",600000.0,0.0
02/08/2025,Faktur Pembelian,PJL-25-08-00042,PT. Surya Makmur Kreasindo (HJ),Lunas,MASUK ,34350000.0,0.0
02/08/2025,Faktur Pembelian,0820256527,AGUS (DORAN),Lunas,"BAYAR

TF ",3290000.0,0.0
02/08/2025,Faktur Pembelian,0820252468,AGUS (DORAN),Lunas,BAYAR,5908000.0,0.0
02/08/2025,Faktur Pembelian,0820252475,AGUS (DORAN),Lunas,BAYAR,8130000.0,0.0
02/08/2025,Faktur Pembelian,0820255094,AGUS (DORAN),Lunas,BAYAR,5600000.0,0.0
02/08/2025,Faktur Pembelian,0820255098,AGUS (DORAN),Lunas,"",5140000.0,0.0
02/08/2025,Faktur Pembelian,0820252549,AGUS (DORAN),Lunas,BAYAR,19060000.0,0.0
03/08/2025,Faktur Pembelian,16810,RIO MATRIX TOKO,Lunas,"",600000.0,0.0
03/08/2025,Faktur Pembelian,16811,FIKTIF BELI,Lunas,"",11740000.0,0.0
04/08/2025,Faktur Pembelian,JL.2508.00980,CANDRA (BLESSING),Lunas,BAYAR,22140000.0,0.0
04/08/2025,Faktur Pembelian,16813,PT TERA DATA INDONUSA,Lunas,"",659999.999999,0.0
04/08/2025,Faktur Pembelian,ACJ01/01/FP/2508/XD00015,PT. ANGKASA CERAH JAYA,Lunas,MASUK ,28500000.0,0.0
04/08/2025,Faktur Pembelian,16814,PT TERA DATA INDONUSA,Lunas,"",475000.000002,2.0e-06
04/08/2025,Faktur Pembelian,JL.2508.00985,CANDRA (BLESSING),Lunas,"",3670000.0,0.0
04/08/2025,Faktur Pembelian,JL.2508.01041,CANDRA (BLESSING),Lunas,"",16390000.0,0.0
04/08/2025,Faktur Pembelian,JL.2508.01045,CANDRA (BLESSING),Lunas,"",3870000.0,0.0
04/08/2025,Faktur Pembelian,JL.2508.01052,CANDRA (BLESSING),Lunas,BAYAR,27235000.0,0.0
04/08/2025,Faktur Pembelian,JL2508.01079,CANDRA (BLESSING),Lunas,"",29000000.0,0.0
04/08/2025,Faktur Pembelian,JL.2508.01172,CANDRA (BLESSING),Lunas,"",5340000.0,0.0
04/08/2025,Faktur Pembelian,D/25/01189/NTB,PT SAMAMAJU PRIMA NTB,Lunas,"",11548721.0,0.0
04/08/2025,Faktur Pembelian,D/25/01190/NTB,PT SAMAMAJU PRIMA NTB,Lunas,"",6172847.0,0.0
04/08/2025,Faktur Pembelian,D/25/01188/NYB,PT SAMAMAJU PRIMA NTB,Lunas,"",31261124.0,0.0
04/08/2025,Faktur Pembelian,16815,OBOR MAS BELI,Lunas,"",181999.999992,0.0
04/08/2025,Faktur Pembelian,JL.2508.01271,CANDRA (BLESSING),Lunas,"",32500000.0,0.0
04/08/2025,Faktur Pembelian,00695078_036,PRIYO (K GALAXY),Lunas,"",1330000.0,0.0
04/08/2025,Faktur Pembelian,002191,LILI (PLATINUM),Lunas,BAYAR,3850000.0,0.0
04/08/2025,Faktur Pembelian,JL5525080142,YULI (HP CENTRE),Lunas,"RAHMAT
TIDAK PESAN, SALAH ORDER, BANTU JUAL",15134000.0,0.0
04/08/2025,Faktur Pembelian,INV/2025/153259,WULAN (DISCOUNT NOTEBOOK),Lunas,"",642000.0,0.0
04/08/2025,Faktur Pembelian,JKT-JKT01A-PC25080857,AGRES IT,Lunas,"",57000000.0,0.0
05/08/2025,Faktur Pembelian,JL.2508.01583,CANDRA (BLESSING),Lunas,"",11200000.0,0.0
05/08/2025,Faktur Pembelian,16816,ATM,Lunas,"",2500000.0,0.0
05/08/2025,Faktur Pembelian,16817,AIRAV,Lunas,"",195000.0,0.0
05/08/2025,Faktur Pembelian,16818,EDISON ATK,Lunas,"",11160000.000288,0.0
05/08/2025,Faktur Pembelian,16819,PERDANA SURABAYA,Lunas,BELUM MASUK,7090000.0,0.0
05/08/2025,Faktur Pembelian,16820,FIKTIF BELI,Lunas,"",287500.0,0.0
05/08/2025,Faktur Pembelian,16821,ATM SURABAYA,Lunas,"",12300000.0,0.0
05/08/2025,Faktur Pembelian,2586,IQ TRONIK,Lunas,MASUK ,12480000.0,0.0
05/08/2025,Faktur Pembelian,ACJ01/01/FP/2508/XE00042,PT. ANGKASA CERAH JAYA,Lunas,"MASUK 
BEDA NILAI",53750000.0,0.0
05/08/2025,Faktur Pembelian,JL.2508.01514,CANDRA (BLESSING),Lunas,"",9270000.0,0.0
05/08/2025,Faktur Pembelian,JL.2508.01535,CANDRA (BLESSING),Lunas,"",15740000.0,0.0
05/08/2025,Faktur Pembelian,JL.2508.01747,CANDRA (BLESSING),Lunas,"",9140000.0,0.0
05/08/2025,Faktur Pembelian,JL.2508.01895,CANDRA (BLESSING),Lunas,MASUK,3550000.0,0.0
05/08/2025,Faktur Pembelian,002193,LILI (PLATINUM),Lunas,BAYAR,7755000.0,0.0
05/08/2025,Faktur Pembelian,002194,LILI (PLATINUM),Lunas,BAYAR,1940000.0,0.0
05/08/2025,Faktur Pembelian,JL5525080191,YULI (HP CENTRE),Lunas,"",1270000.0,0.0
05/08/2025,Faktur Pembelian,JKT-JKT01A-PC25081038,AGRES IT,Lunas,"",38000000.0,0.0
05/08/2025,Faktur Pembelian,JN-N/SBY//050825/003,PT. INDO WARNA MULIA ( ALFA INK ),Lunas,parfum ,1680000.0,0.0
05/08/2025,Faktur Pembelian,00695253_036,PRIYO (K GALAXY),Lunas,"",9990000.0,0.0
06/08/2025,Faktur Pembelian,16822,FIKTIF BELI,Lunas,"",645000.0,0.0
06/08/2025,Faktur Pembelian,JL.2508.02233,CANDRA (BLESSING),Lunas,"MASUK

BAYAR",16390000.0,0.0
06/08/2025,Faktur Pembelian,JL.2508.02284,CANDRA (BLESSING),Lunas,"MASUK

BAYAR",1050000.0,0.0
06/08/2025,Faktur Pembelian,JL.2508.02336,CANDRA (BLESSING),Lunas,"SAMPAI

BAYAR",11090000.0,0.0
06/08/2025,Faktur Pembelian,PJL-25-08-00074,PT. Surya Makmur Kreasindo (HJ),Lunas,MASUK ,36775000.0,0.0
06/08/2025,Faktur Pembelian,JL.2508.02368,CANDRA (BLESSING),Lunas,"MASUK

BAYAR",5865000.0,0.0
06/08/2025,Faktur Pembelian,00695317_036,PRIYO (K GALAXY),Lunas,"",1722500.0,0.0
06/08/2025,Faktur Pembelian,2508024,ANDY (JMK),Lunas,"",35900000.0,0.0
06/08/2025,Faktur Pembelian,JKT-JKT01A-PC25081373,AGRES IT,Lunas,"",42750000.0,0.0
06/08/2025,Faktur Pembelian,00695295_036,PRIYO (K GALAXY),Lunas,"",5250000.0,0.0
06/08/2025,Faktur Pembelian,JL5525080262,YULI (HP CENTRE),Lunas,"",26100000.0,0.0
06/08/2025,Faktur Pembelian,JKT-JKT01A-PC25081616,AGRES IT,Lunas,MONITOR ,8650000.0,0.0
06/08/2025,Faktur Pembelian,16866,AGUS (DORAN),Lunas,"",5703300.0,0.0
06/08/2025,Faktur Pembelian,16867,AGUS (DORAN),Lunas,"",572000.0,0.0
06/08/2025,Faktur Pembelian,6622,GUDANG AKSESORIES SURABAYA (KURNIAWAN),Lunas,"",10109000.0,0.0
07/08/2025,Faktur Pembelian,16823,ONLINE,Lunas,"",78000.0,0.0
07/08/2025,Faktur Pembelian,JL.2508.02511,CANDRA (BLESSING),Lunas,"MASUK

BAYAR",11899000.0,0.0
07/08/2025,Faktur Pembelian,JL.2508.02737,CANDRA (BLESSING),Lunas,MASUK,1355000.0,0.0
07/08/2025,Faktur Pembelian,JL.2508.02807,CANDRA (BLESSING),Lunas,MASUK,11980000.0,0.0
07/08/2025,Faktur Pembelian,16834,KETUT DUARAYASA SUPLAYER,Lunas,"",16420000.0,0.0
08/08/2025,Faktur Pembelian,16825,ONLINE,Lunas,"",192000.0,0.0
08/08/2025,Faktur Pembelian,ONLINE SBY / INV/2025/155948,WULAN (DISCOUNT NOTEBOOK),Lunas,"",2047000.0,0.0
08/08/2025,Faktur Pembelian,JKT-JKT01A-PC25081970,AGRES IT,Lunas,Lunas tgl 8 09 25,39000000.000005,0.0
09/08/2025,Faktur Pembelian,16827,CAMELION INDONESIA,Lunas,"",615000.0,0.0
09/08/2025,Faktur Pembelian,08202547549,AGUS (DORAN),Lunas,"",6380000.0,0.0
09/08/2025,Faktur Pembelian,002198,LILI (PLATINUM),Lunas,BAYAR,430000.0,0.0
09/08/2025,Faktur Pembelian,2508042,ANDY (JMK),Lunas,"",1725000.0,0.0
09/08/2025,Faktur Pembelian,S5869-0825,BETA COM,Lunas,"",7480000.0,0.0
09/08/2025,Faktur Pembelian,JKT-JKT01A-PC25082529,AGRES IT,Lunas,"",55625000.0,0.0
09/08/2025,Faktur Pembelian,JKT-JKT01A-PC25082635,AGRES IT,Lunas,tgl 9 9 25 30jt + 25jt ,109000000.0,0.0
09/08/2025,Faktur Pembelian,JL0000001669,IP COM TOKO,Lunas,"",5800000.0,0.0
10/08/2025,Faktur Pembelian,16829,FAST PRINT,Lunas,BANDUNG,320000.0,0.0
10/08/2025,Faktur Pembelian,16830,PT WOOK GLOBAL TECHNOLOGY,Lunas,"",2671999.999992,0.0
11/08/2025,Faktur Pembelian,JL.2508.03825,CANDRA (BLESSING),Lunas,"MASUK

BAYAR
",14325000.0,0.0
11/08/2025,Faktur Pembelian,16831,ONLINE,Lunas,"",1150000.0,0.0
11/08/2025,Faktur Pembelian,16832,FIKTIF BELI,Lunas,"",75000.0,0.0
11/08/2025,Faktur Pembelian,JL.2508.03763,CANDRA (BLESSING),Lunas,"MASUK


BAYAR",16660000.0,0.0
11/08/2025,Faktur Pembelian,JL.2508.03762,CANDRA (BLESSING),Lunas,"MASUK


BAYAR",1585000.0,0.0
11/08/2025,Faktur Pembelian,JL.2508.04011,CANDRA (BLESSING),Lunas,"MASUK


BAYAR",492000.0,0.0
11/08/2025,Faktur Pembelian,JL.2508.04156,CANDRA (BLESSING),Lunas,"MASUK 

BAYAR",1525000.0,0.0
11/08/2025,Faktur Pembelian,16833,ONLINE,Lunas,"",1150000.0,0.0
11/08/2025,Faktur Pembelian,PJL-25-08-00162,PT. Surya Makmur Kreasindo (HJ),Lunas,MASUK ,19950000.0,0.0
11/08/2025,Faktur Pembelian,FK 1724,BETA COM,Lunas,"",46080000.0,0.0
11/08/2025,Faktur Pembelian,JL5525080529,YULI (HP CENTRE),Lunas,"",9894000.0,0.0
11/08/2025,Faktur Pembelian,16880,PT TERA DATA INDONUSA,Lunas,"",839999.999999,0.0
11/08/2025,Faktur Pembelian,JKT-JKT01A-NC25080351,AGRES IT,Lunas,"",124600000.0,0.0
11/08/2025,Faktur Pembelian,JKT-JKT01A-PC25082952,AGRES IT,Lunas,"",23700000.0,0.0
12/08/2025,Faktur Pembelian,16836,FIKTIF BELI,Lunas,"",128000.0,0.0
12/08/2025,Faktur Pembelian,JL.2508.04642,CANDRA (BLESSING),Lunas,MASUK ,2450000.0,0.0
12/08/2025,Faktur Pembelian,JL.2508.04644,CANDRA (BLESSING),Lunas,MASUK ,23200000.0,0.0
12/08/2025,Faktur Pembelian,16837,FIKTIF BELI,Lunas,"",128000.0,0.0
12/08/2025,Faktur Pembelian,16838,FIKTIF BELI,Lunas,"",128000.0,0.0
12/08/2025,Faktur Pembelian,08202562212,AGUS (DORAN),Lunas,BAYAR,17800000.0,0.0
12/08/2025,Faktur Pembelian,002199,LILI (PLATINUM),Lunas,BAYAR,860000.0,0.0
12/08/2025,Faktur Pembelian,JKT-JKT01A-PC25083469,AGRES IT,Lunas,"",18399999.999999,0.0
12/08/2025,Faktur Pembelian,FK 1754,BETA COM,Lunas,"",23325000.0,0.0
13/08/2025,Faktur Pembelian,16839,TIMBUL SUBUR PLASTIK,Lunas,"BELUM MASUK 

VIA MAHER",5295000.0,0.0
13/08/2025,Faktur Pembelian,16840,KETUT DUARAYASA SUPLAYER,Lunas,MASUK,10260000.0,0.0
13/08/2025,Faktur Pembelian,16841,KETUT DUARAYASA SUPLAYER,Lunas,MASUK,3825000.0,0.0
13/08/2025,Faktur Pembelian,16842,GLOBAL FIBER OPTIC,Lunas,"MASUK 

via MAHER",13700000.0,0.0
13/08/2025,Faktur Pembelian,JL.2508.04981,CANDRA (BLESSING),Lunas,MASUK ,985999.999998,0.0
13/08/2025,Faktur Pembelian,JL.2508.04983,CANDRA (BLESSING),Lunas,MASUK ,16480000.0,0.0
13/08/2025,Faktur Pembelian,16844,FIKTIF BELI,Lunas,"",128000.0,0.0
13/08/2025,Faktur Pembelian,JL.2508.05013,CANDRA (BLESSING),Lunas,MASUK ,2865000.0,0.0
13/08/2025,Faktur Pembelian,JL.2508.05014,CANDRA (BLESSING),Lunas,MASUK ,10680000.0,0.0
13/08/2025,Faktur Pembelian,PJL-25-08-00219,PT. Surya Makmur Kreasindo (HJ),Lunas,MASUK,11370000.0,0.0
13/08/2025,Faktur Pembelian,JK/25/08/0060,ELMI COM,Lunas,"",6800000.0,0.0
13/08/2025,Faktur Pembelian,16875,PT TERA DATA INDONUSA,Lunas,"",619999.999999,0.0
13/08/2025,Faktur Pembelian,JK/25/08/0062,ELMI COM,Lunas,MASUK,38700000.0,0.0
13/08/2025,Faktur Pembelian,JKT-JKT01A-PC25083724,AGRES IT,Lunas,"TER DP 4.450.000, DARI SALAH TF RAHMAT",52500000.0,0.0
13/08/2025,Faktur Pembelian,16907,TIMBUL SUBUR PLASTIK,Lunas,"",5295000.0,0.0
13/08/2025,Faktur Pembelian,JKT-JKT01A-PC25083737,AGRES IT,Lunas,TINTA ,23700000.0,0.0
14/08/2025,Faktur Pembelian,16845,FIKTIF BELI,Lunas,"",1919999.9997,0.0
14/08/2025,Faktur Pembelian,16846,FIKTIF BELI,Lunas,"",128000.0,0.0
14/08/2025,Faktur Pembelian,JL.2508.05279,CANDRA (BLESSING),Lunas,"MASUK

BAYAR",450000.0,0.0
14/08/2025,Faktur Pembelian,JL.2508.05275,CANDRA (BLESSING),Lunas,"MASUK

BAYAR",19550000.0,0.0
14/08/2025,Faktur Pembelian,16847,HARAPAN BARU,Lunas,"",675000.0,0.0
14/08/2025,Faktur Pembelian,16848,ANDY (JMK),Lunas,"",6225000.0,0.0
14/08/2025,Faktur Pembelian,16849,EKO HASAN,Lunas,"",491000.0,0.0
14/08/2025,Faktur Pembelian,JL.2508.05449,CANDRA (BLESSING),Lunas,"MASUK 

BAYAR",5065000.0,0.0
14/08/2025,Faktur Pembelian,PJL-25-08-00249,PT. Surya Makmur Kreasindo (HJ),Lunas,MASUK,25250000.0,0.0
14/08/2025,Faktur Pembelian,PJL-25-08-00244,PT. Surya Makmur Kreasindo (HJ),Lunas,MASUK,12600000.0,0.0
14/08/2025,Faktur Pembelian,16854,LUX AUDIO,Lunas,"",18480000.0,0.0
14/08/2025,Faktur Pembelian,16905,IQ TRONIK,Lunas,"",16640000.0,0.0
14/08/2025,Faktur Pembelian,JL202500004397,EDISON ATK,Lunas,"",4800000.0,0.0
15/08/2025,Faktur Pembelian,JL.2508.05766,CANDRA (BLESSING),Lunas,"MASUK 

BAYAR",46750000.0,0.0
15/08/2025,Faktur Pembelian,JL.2508.05779,CANDRA (BLESSING),Lunas,"MASUK 
BAYAR 29 8 2025",16660000.0,0.0
15/08/2025,Faktur Pembelian,16855,INDO DIGITAL NUSANTARA,Lunas,"",410000.0,0.0
15/08/2025,Faktur Pembelian,JL.2508.05796,CANDRA (BLESSING),Lunas,"MASUK 
BAYAR 29 8 2025",2800000.0,0.0
15/08/2025,Faktur Pembelian,JL.2508.05882,CANDRA (BLESSING),Lunas,"MASUK
BAYAR 29 8 2025",242000.0,0.0
15/08/2025,Faktur Pembelian,JL.2508.05907,CANDRA (BLESSING),Lunas,"MASUK 
BAYAR 29 8 2025",4505000.0,0.0
15/08/2025,Faktur Pembelian,16857,HARAPAN BARU,Lunas,"",1585000.0,0.0
15/08/2025,Faktur Pembelian,16858,FIKTIF BELI,Lunas,"",160000.0,0.0
15/08/2025,Faktur Pembelian,16859,FIKTIF BELI,Lunas,"",160000.0,0.0
15/08/2025,Faktur Pembelian,16860,AGUS (DORAN),Lunas,BAYAR,6380000.0,0.0
15/08/2025,Faktur Pembelian,002200,LILI (PLATINUM),Lunas,BAYAR,12610000.0,0.0
15/08/2025,Faktur Pembelian,002201,LILI (PLATINUM),Lunas,BAYAR,10175000.0,0.0
15/08/2025,Faktur Pembelian,PJL-25-08-00266,PT. Surya Makmur Kreasindo (HJ),Lunas,masuk,19950000.0,0.0
15/08/2025,Faktur Pembelian,2508067,ANDY (JMK),Lunas,"",4675000.0,0.0
15/08/2025,Faktur Pembelian,16897,KETUT DUARAYASA SUPLAYER,Lunas,"",10260000.0,0.0
15/08/2025,Faktur Pembelian,FK 1798,BETA COM,Lunas,"",16800000.0,0.0
15/08/2025,Faktur Pembelian,00696017_036,PRIYO (K GALAXY),Lunas,"",1800000.0,0.0
15/08/2025,Faktur Pembelian,JL202500003942,EDISON ATK,Lunas,"",24380600.0,0.0
16/08/2025,Faktur Pembelian,JL.2508.06134,CANDRA (BLESSING),Lunas,"MASUK 
BAYAR 29 8 2025",4494000.0,0.0
16/08/2025,Faktur Pembelian,JL.2508.06176,CANDRA (BLESSING),Lunas,"MASUK 
BAYAR 29 8 2025",390000.0,0.0
16/08/2025,Faktur Pembelian,16861,CAMELION INDONESIA,Lunas,"",500000.0,0.0
16/08/2025,Faktur Pembelian,16862,V KING SHOP,Lunas,"",696000.0,0.0
16/08/2025,Faktur Pembelian,16863,HARAPAN BARU,Lunas,"",985000.0,0.0
16/08/2025,Faktur Pembelian,S250816033,DYNAMICS MATARAM,Lunas,"MASUK, LUNAS BY RAHMAT",7750000.0,0.0
16/08/2025,Faktur Pembelian,16865,ONLINE,Lunas,"",1110000.0,0.0
16/08/2025,Faktur Pembelian,16868,FIKTIF BELI,Lunas,"",128000.0,0.0
16/08/2025,Faktur Pembelian,002202,LILI (PLATINUM),Lunas,BAYAR,760000.0,0.0
16/08/2025,Faktur Pembelian,JL0000001476,IP COM TOKO,Lunas,"",3250000.0,0.0
16/08/2025,Faktur Pembelian,JKT-JKT01A-PC25084974,AGRES IT,Lunas,"",105000000.0,0.0
16/08/2025,Faktur Pembelian,JL202500003968,EDISON ATK,Lunas,"",4000000.0,0.0
17/08/2025,Faktur Pembelian,16869,FIKTIF BELI,Lunas,"",5800000.0,0.0
17/08/2025,Faktur Pembelian,16870,FIKTIF BELI,Lunas,"",65000.0,0.0
17/08/2025,Faktur Pembelian,16871,IQ TRONIK,Lunas,"",15600000.0,0.0
17/08/2025,Faktur Pembelian,16872,IQ TRONIK,Lunas,"",15600000.0,0.0
17/08/2025,Faktur Pembelian,16873,PT SUMBER BAHAGIA DIGITAL,Lunas,"",32672000.0,0.0
18/08/2025,Faktur Pembelian,JL.2508.06375,CANDRA (BLESSING),Lunas,"MASUK 

BAYAR",3785000.0,0.0
18/08/2025,Faktur Pembelian,16877,SWATRON PRINTER,Lunas,"",580000.0,0.0
18/08/2025,Faktur Pembelian,ONLINE SBY /INV/2025/161375,WULAN (DISCOUNT NOTEBOOK),Lunas,"",391000.0,0.0
18/08/2025,Faktur Pembelian,JL.2508.06641,CANDRA (BLESSING),Lunas,"",60050000.0,0.0
18/08/2025,Faktur Pembelian,JL.2508.06544,CANDRA (BLESSING),Lunas,"",9890000.0,0.0
18/08/2025,Faktur Pembelian,002203,LILI (PLATINUM),Lunas,BAYAR,625000.0,0.0
19/08/2025,Faktur Pembelian,16878,ABC JAYA,Lunas,"",4425299.999993,0.0
19/08/2025,Faktur Pembelian,16879,DSC,Lunas,"",0.0,0.0
19/08/2025,Faktur Pembelian,S250818002,DYNAMICS MATARAM,Lunas,"",64200000.000002,0.0
19/08/2025,Faktur Pembelian,PJL-25-08-00305,PT. Surya Makmur Kreasindo (HJ),Lunas,MASUK,19950000.0,0.0
19/08/2025,Faktur Pembelian,PJL-25-08-00309,PT. Surya Makmur Kreasindo (HJ),Lunas,MASUK,14400000.0,0.0
19/08/2025,Faktur Pembelian,16893,LILI (PLATINUM),Lunas,BAYAR,540000.0,0.0
19/08/2025,Faktur Pembelian,FK1 1820,BETA COM,Lunas,"",14520000.0,0.0
20/08/2025,Faktur Pembelian,JL.2508.07366,CANDRA (BLESSING),Lunas,"MASUK

BAYAR",1365000.0,0.0
20/08/2025,Faktur Pembelian,16887,PERDANA SURABAYA,Lunas,"",6995000.0,0.0
20/08/2025,Faktur Pembelian,00696324_036,PRIYO (K GALAXY),Lunas,BAYAR,270000.0,0.0
20/08/2025,Faktur Pembelian,082025111062,AGUS (DORAN),Lunas,"",7940000.0,0.0
20/08/2025,Faktur Pembelian,FK 21840,BETA COM,Lunas,"",27135000.0,0.0
20/08/2025,Faktur Pembelian,HK 001268,PIGURA KITA ( AMIN ),Lunas,"",2475000.0,0.0
21/08/2025,Faktur Pembelian,JL.2508.07959,CANDRA (BLESSING),Lunas,"MASUK

BAYAR",11680000.0,0.0
21/08/2025,Faktur Pembelian,JL.2508.07606,CANDRA (BLESSING),Lunas,"MASUK

BAYAR",3450000.0,0.0
21/08/2025,Faktur Pembelian,JL.2508.07613,CANDRA (BLESSING),Lunas,"MASUK

BAYAR",2370000.0,0.0
21/08/2025,Faktur Pembelian,S250821028,DYNAMICS MATARAM,Lunas,"",9440000.0,0.0
21/08/2025,Faktur Pembelian,16882,KETUT DUARAYASA SUPLAYER,Lunas,MASUK ,9930000.0,0.0
22/08/2025,Faktur Pembelian,16883,PT. PRIMALAYAN CITRA MANDIRI,Lunas,"",660450.0,0.0
22/08/2025,Faktur Pembelian,16884,PT. PRIMALAYAN CITRA MANDIRI,Lunas,"",651015.0,0.0
22/08/2025,Faktur Pembelian,16885,BGB CAMERA ACC,Lunas,"",220000.0,0.0
22/08/2025,Faktur Pembelian,16886,TERANG JAYA STORE TRS,Lunas,"",1163800.0,0.0
22/08/2025,Faktur Pembelian,16888,PT SUMBER BAHAGIA DIGITAL,Lunas,"",26415000.0,0.0
22/08/2025,Faktur Pembelian,JL.2508.08485,CANDRA (BLESSING),Lunas,MASUK ,9890000.0,0.0
22/08/2025,Faktur Pembelian,S250822009,DYNAMICS MATARAM,Lunas,"",7750000.0,0.0
22/08/2025,Faktur Pembelian,JL.2508.08424,CANDRA (BLESSING),Lunas,"MASUK

BAYAR",3540000.0,0.0
22/08/2025,Faktur Pembelian,PJL-25-08-00392,PT. Surya Makmur Kreasindo (HJ),Lunas,MASUK ,24375000.0,0.0
22/08/2025,Faktur Pembelian,16906,PT. PRIMALAYAN CITRA MANDIRI,Lunas,"",868020.0,0.0
22/08/2025,Faktur Pembelian,FK 1872,BETA COM,Lunas,"",9680000.0,0.0
22/08/2025,Faktur Pembelian,JL5525080986,YULI (HP CENTRE),Lunas,"",1265600.0,0.0
22/08/2025,Faktur Pembelian,16928,PIGURA KITA ( AMIN ),Lunas,"",1237500.0,0.0
23/08/2025,Faktur Pembelian,16889,GREY COM,Lunas,"",1660000.0,0.0
23/08/2025,Faktur Pembelian,16890,FIKTIF BELI,Lunas,"",1279999.9998,0.0
23/08/2025,Faktur Pembelian,JL.2508.08671,CANDRA (BLESSING),Lunas,"MASUK 

BAYAR",8700000.0,0.0
23/08/2025,Faktur Pembelian,16891,DUAL RIZKY,Lunas,"",340000.0,0.0
23/08/2025,Faktur Pembelian,16892,ZEEGER ADVENTURE STORE,Lunas,"",220000.0,0.0
23/08/2025,Faktur Pembelian,JL.2508.08584,CANDRA (BLESSING),Lunas,MASUK,16715000.0,0.0
23/08/2025,Faktur Pembelian,JL.2508.08647,CANDRA (BLESSING),Lunas,MASUK,9890000.0,0.0
23/08/2025,Faktur Pembelian,JL.2508.08785,CANDRA (BLESSING),Lunas,"MASUK

BAYAR",2500000.0,0.0
23/08/2025,Faktur Pembelian,002182,LILI (PLATINUM),Lunas,BAYAR,1015000.0,0.0
23/08/2025,Faktur Pembelian,ONLINE SBY / INV/2025/164597,WULAN (DISCOUNT NOTEBOOK),Lunas,"",316000.0,0.0
23/08/2025,Faktur Pembelian,082025121608,AGUS (DORAN),Lunas,"",23880000.0,0.0
24/08/2025,Faktur Pembelian,16894,CATRIDGE ID,Lunas,"",500000.0,0.0
24/08/2025,Faktur Pembelian,16896,TERANG JAYA STORE TRS,Lunas,"",1100000.0,0.0
25/08/2025,Faktur Pembelian,16898,HARAPAN BARU,Lunas,"",1300000.0,0.0
25/08/2025,Faktur Pembelian,16899,HARAPAN BARU,Lunas,"",1585000.0,0.0
25/08/2025,Faktur Pembelian,PJL-25-08-00408,PT. Surya Makmur Kreasindo (HJ),Lunas,"MASUK

BSA",9650000.0,0.0
25/08/2025,Faktur Pembelian,PJL-25-08-00418,PT. Surya Makmur Kreasindo (HJ),Lunas,"MASUK

BSA",19500000.0,0.0
25/08/2025,Faktur Pembelian,JL.2508.08977,CANDRA (BLESSING),Lunas,"MASUK

BAYAR",8625000.0,0.0
25/08/2025,Faktur Pembelian,JL.2508.08975,CANDRA (BLESSING),Lunas,"MASUK
bayar 23 9 25",1780000.0,0.0
25/08/2025,Faktur Pembelian,JL.2508.09081,CANDRA (BLESSING),Lunas,"MASUK

BAYAR",545000.0,0.0
25/08/2025,Faktur Pembelian,16902,TIMBANGAN DIGITAL JAKARTA,Lunas,"",1011500.0,0.0
25/08/2025,Faktur Pembelian,16903,HARAPAN BARU,Lunas,"BELUM BAYAR
BARANG BLUM SAMPAI
BELUM REVISI NOTA",4125000.0,0.0
25/08/2025,Faktur Pembelian,16904,ONLINE,Lunas,"",4290200.0,0.0
25/08/2025,Faktur Pembelian,16912,KETUT DUARAYASA SUPLAYER,Lunas,MASUK,7675000.0,0.0
25/08/2025,Faktur Pembelian,16915,PT TERA DATA INDONUSA,Lunas,"",440000.0,0.0
25/08/2025,Faktur Pembelian,002207,LILI (PLATINUM),Lunas,BAYAR,260000.0,0.0
25/08/2025,Faktur Pembelian,002206,LILI (PLATINUM),Lunas,BAYAR,2880000.0,0.0
25/08/2025,Faktur Pembelian,JL202500004706,EDISON ATK,Lunas,"",3240000.0,0.0
26/08/2025,Faktur Pembelian,JL.2508.09435,CANDRA (BLESSING),Lunas,MASUK ,3685000.0,0.0
26/08/2025,Faktur Pembelian,JL.2508.09430,CANDRA (BLESSING),Lunas,MASUK ,20670000.0,0.0
26/08/2025,Faktur Pembelian,JL.2508.09757,CANDRA (BLESSING),Lunas,MASUK ,8980000.0,0.0
26/08/2025,Faktur Pembelian,JL.2508.09702,CANDRA (BLESSING),Lunas,"MASUK 

BAYAR",9350000.0,0.0
26/08/2025,Faktur Pembelian,16908,FIKTIF BELI,Lunas,"",1459000.0,0.0
26/08/2025,Faktur Pembelian,16909,FIKTIF BELI,Lunas,"",128000.0,0.0
26/08/2025,Faktur Pembelian,PJL-25-08-00437,PT. Surya Makmur Kreasindo (HJ),Lunas,"MASUK 

MAHER",19950000.0,0.0
26/08/2025,Faktur Pembelian,PJL-25-08-00442,PT. Surya Makmur Kreasindo (HJ),Lunas,"MASUK 

MAHER",7200000.0,0.0
26/08/2025,Faktur Pembelian,002208,LILI (PLATINUM),Lunas,BAYAR,12800000.0,0.0
26/08/2025,Faktur Pembelian,JKT-JKT01A-NC25081213,AGRES IT,Lunas,"ARIES BIMA	24-06-2025	CD-AGS80-PS25060308	-750,000	SUPPORT AGRES PARTNER CHALLENGE MEI 2025
ARIES BIMA	05-08-2025	CD-AGS80-PS25080052	-300,000	SUPPORT GATHERING JATIM PARTNER",124700000.0,0.0
26/08/2025,Faktur Pembelian,FK 1905,BETA COM,Lunas,"",7470000.0,0.0
27/08/2025,Faktur Pembelian,16910,ENDRA TELKOMSEL,Lunas,"",800000.0,0.0
27/08/2025,Faktur Pembelian,16911,caturwarga computer,Lunas,"",2950000.0,0.0
27/08/2025,Faktur Pembelian,JL.2508.10261,CANDRA (BLESSING),Lunas,"MASUK

BAYAR",630000.0,0.0
27/08/2025,Faktur Pembelian,JL.2508.10312,CANDRA (BLESSING),Lunas,"MASUK

BAYAR",16690000.0,0.0
27/08/2025,Faktur Pembelian,JL.2508.10347,CANDRA (BLESSING),Lunas,"MASUK

BAYAR",9170000.0,0.0
27/08/2025,Faktur Pembelian,16914,caturwarga computer,Lunas,"",2950000.0,0.0
27/08/2025,Faktur Pembelian,JL.2508.09956,CANDRA (BLESSING),Lunas,"MASUK

BAYAR",5750000.0,0.0
27/08/2025,Faktur Pembelian,PJL-25-08-00474,PT. Surya Makmur Kreasindo (HJ),Lunas,"MASUK 

MAHER",14400000.0,0.0
27/08/2025,Faktur Pembelian,ONLINE SBY / INV/2025/167490,WULAN (DISCOUNT NOTEBOOK),Lunas,"",273000.0,0.0
27/08/2025,Faktur Pembelian,002211,LILI (PLATINUM),Lunas,BAYAR,780000.0,0.0
27/08/2025,Faktur Pembelian,002212,LILI (PLATINUM),Lunas,BAYAR,2970000.0,0.0
27/08/2025,Faktur Pembelian,JKT-JKT01A-PC25087844,AGRES IT,Lunas,"",4500000.0,0.0
27/08/2025,Faktur Pembelian,JKT-JKT01A-PC25087691,AGRES IT,Lunas,"",111800000.0,0.0
28/08/2025,Faktur Pembelian,JL.2508.10445,CANDRA (BLESSING),Lunas,MASUK,6100000.000001,0.0
28/08/2025,Faktur Pembelian,JL.2508.10452,CANDRA (BLESSING),Lunas,MASUK,3050000.0,0.0
28/08/2025,Faktur Pembelian,JL.2508.10522,CANDRA (BLESSING),Lunas,"MASUK

BAYAR",46750000.0,0.0
28/08/2025,Faktur Pembelian,JL.2508.10499,CANDRA (BLESSING),Lunas,"",16335000.0,0.0
28/08/2025,Faktur Pembelian,ONLINE SBY / INV/2025/168098,WULAN (DISCOUNT NOTEBOOK),Lunas,"",314000.0,0.0
28/08/2025,Faktur Pembelian,002213,LILI (PLATINUM),Lunas,BAYAR,1685000.0,0.0
29/08/2025,Faktur Pembelian,JL.2508.11065,CANDRA (BLESSING),Lunas,MASUK,852000.0,0.0
29/08/2025,Faktur Pembelian,JL.2508.11175,CANDRA (BLESSING),Lunas,MASUK,7325000.0,0.0
29/08/2025,Faktur Pembelian,16925,OLEAN,Lunas,GAK NEMU NOTA ,2109000.0,0.0
29/08/2025,Faktur Pembelian,082025156926,AGUS (DORAN),Lunas,"",7089000.0,0.0
30/08/2025,Faktur Pembelian,JL.2508.11393,CANDRA (BLESSING),Lunas,MASUK,6670000.0,0.0
30/08/2025,Faktur Pembelian,JL.2508.11358,CANDRA (BLESSING),Lunas,MASUK,4585000.0,0.0
30/08/2025,Faktur Pembelian,JL.2508.11423,CANDRA (BLESSING),Lunas,"MASUK

BAYAR",2820000.0,0.0
30/08/2025,Faktur Pembelian,JL.2508.11473,CANDRA (BLESSING),Lunas,"MASUK

BAYAR",4585000.0,0.0
30/08/2025,Faktur Pembelian,JL.2508.11512,CANDRA (BLESSING),Lunas,"MASUK

BAYAR",1730000.0,0.0
30/08/2025,Faktur Pembelian,JL.2508.11519,CANDRA (BLESSING),Lunas,"MASUK

BAYAR",15995000.0,0.0
30/08/2025,Faktur Pembelian,16916,FIKTIF BELI,Lunas,"",923450.0,0.0
30/08/2025,Faktur Pembelian,JL.2508.11342,CANDRA (BLESSING),Lunas,"MASUK

BAYAR",845000.0,0.0
30/08/2025,Faktur Pembelian,FK 1954,BETA COM,Lunas,"",1980000.0,0.0
30/08/2025,Faktur Pembelian,JL202500004860,EDISON ATK,Lunas,"",5580000.000144,0.000144
31/08/2025,Faktur Pembelian,16918,FIKTIF BELI,Lunas,"",128000.0,0.0
31/08/2025,Faktur Pembelian,16919,FIKTIF BELI,Lunas,"",1279999.9998,0.0
01/09/2025,Faktur Pembelian,16920,PT. PRIMALAYAN CITRA MANDIRI,Lunas,"",1302030.0,0.0
01/09/2025,Faktur Pembelian,JL.2509.00027,CANDRA (BLESSING),Lunas,MASUK,8980000.0,0.0
01/09/2025,Faktur Pembelian,JL.2509.00031,CANDRA (BLESSING),Lunas,"MASUK

BAYAR",3454000.0,0.0
01/09/2025,Faktur Pembelian,16921,FIKTIF BELI,Lunas,"",128000.0,0.0
01/09/2025,Faktur Pembelian,16922,FIKTIF BELI,Lunas,"",128000.0,0.0
01/09/2025,Faktur Pembelian,16923,FIKTIF BELI,Lunas,"",128000.0,0.0
01/09/2025,Faktur Pembelian,ONLINE SBY / INV/2025/170707,WULAN (DISCOUNT NOTEBOOK),Lunas,"",344000.0,0.0
01/09/2025,Faktur Pembelian,JL5525090001,YULI (HP CENTRE),Lunas,"",3870000.0,0.0
01/09/2025,Faktur Pembelian,JL5525090658,YULI (HP CENTRE),Lunas,"",27050000.0,0.0
02/09/2025,Faktur Pembelian,JL.2509.00673,CANDRA (BLESSING),Lunas,MASUK,4695000.0,0.0
02/09/2025,Faktur Pembelian,2775,IQ TRONIK,Lunas,"

VIA MAHER ",1800000.0,0.0
02/09/2025,Faktur Pembelian,JL.2509.00834,CANDRA (BLESSING),Lunas,MASUK,14100000.0,0.0
02/09/2025,Faktur Pembelian,JL.2509.00836,CANDRA (BLESSING),Lunas,MASUK,1400000.0,0.0
02/09/2025,Faktur Pembelian,JL.2509.00857,CANDRA (BLESSING),Lunas,MASUK,19980000.0,0.0
02/09/2025,Faktur Pembelian,16926,FIKTIF BELI,Lunas,"",128000.0,0.0
02/09/2025,Faktur Pembelian,16930,KETUT DUARAYASA SUPLAYER,Lunas,"",15100000.0,0.0
02/09/2025,Faktur Pembelian,0920257826,AGUS (DORAN),Lunas,"",14921500.0,0.0
02/09/2025,Faktur Pembelian,FK1966,BETA COM,Lunas,"",33576000.0,0.0
02/09/2025,Faktur Pembelian,00697251_036,PRIYO (K GALAXY),Lunas,BAYAR,437500.0,0.0
02/09/2025,Faktur Pembelian,JKT-JKT01A-PC25090553,AGRES IT,Lunas,"",84000000.0,0.0
02/09/2025,Faktur Pembelian,JKT-JKT01A-PC25090320,AGRES IT,Lunas,"KURANG 2 BOTOL  MEGENTA

TINTA EPSON",23542000.0,0.0
02/09/2025,Faktur Pembelian,JL0000046550,IP COM TOKO,Lunas,"",4635000.0,0.0
03/09/2025,Faktur Pembelian,JL.2509.01584,CANDRA (BLESSING),Lunas,MASUK ,8980000.0,0.0
03/09/2025,Faktur Pembelian,JL.2509.01534,CANDRA (BLESSING),Lunas,MASUK,740000.0,0.0
03/09/2025,Faktur Pembelian,JL.2509.01232,CANDRA (BLESSING),Lunas,MASUK,9820000.0,0.0
03/09/2025,Faktur Pembelian,16927,FIKTIF BELI,Lunas,"",128000.0,0.0
03/09/2025,Faktur Pembelian,ACJ01/01/FP/2509/XC00031,PT. ANGKASA CERAH JAYA,Lunas,"",27000000.0,0.0
03/09/2025,Faktur Pembelian,ONLIEN SBY / INV/2025/171956,WULAN (DISCOUNT NOTEBOOK),Lunas,"",174999.999999,0.0
03/09/2025,Faktur Pembelian,002217,LILI (PLATINUM),Lunas,"",5555000.0,0.0
03/09/2025,Faktur Pembelian,002216,LILI (PLATINUM),Lunas,"",8395000.0,0.0
04/09/2025,Faktur Pembelian,JL.2509.02022,CANDRA (BLESSING),Lunas,"MASUK 

BAYAR",8390000.0,0.0
04/09/2025,Faktur Pembelian,JL.2509.01981,CANDRA (BLESSING),Lunas,"MASUK 

BAYAR",2170000.0,0.0
04/09/2025,Faktur Pembelian,JL.2509.01978,CANDRA (BLESSING),Lunas,MASUK ,8750000.0,0.0
04/09/2025,Faktur Pembelian,JL.2509.02173,CANDRA (BLESSING),Lunas,MASUK ,468000.0,0.0
04/09/2025,Faktur Pembelian,S250904009,DYNAMICS MATARAM,Lunas,"",42750000.0,0.0
04/09/2025,Faktur Pembelian,250900118,CV. BALI IT SOLUSI (ENY),Lunas,"",47250000.0,0.0
04/09/2025,Faktur Pembelian,250900110,CV. BALI IT SOLUSI (ENY),Lunas,"",47250000.0,0.0
04/09/2025,Faktur Pembelian,PJL-25-09-00098,PT. Surya Makmur Kreasindo (HJ),Lunas,"masuk

MAHER",19900000.0,0.0
04/09/2025,Faktur Pembelian,PJL-25-09-00088,PT. Surya Makmur Kreasindo (HJ),Lunas,MASUK,6440000.0,0.0
04/09/2025,Faktur Pembelian,PJL-25-09-00080,PT. Surya Makmur Kreasindo (HJ),Lunas,"BIMA PERMAI

MASUK ",37050000.0,0.0
04/09/2025,Faktur Pembelian,JKT-JKT01A-NC25090184,AGRES IT,Lunas,"",49000000.0,0.0
04/09/2025,Faktur Pembelian,JL202500004983,EDISON ATK,Lunas,"",3875000.0,0.0
05/09/2025,Faktur Pembelian,00697003_036,PRIYO (K GALAXY),Lunas,BAYAR,5800000.0,0.0
05/09/2025,Faktur Pembelian,16932,GREY COM,Lunas,"",200000.0,0.0
05/09/2025,Faktur Pembelian,JL.2509.02454,CANDRA (BLESSING),Lunas,"MASUK

BAYAR",4375000.0,0.0
05/09/2025,Faktur Pembelian,JL.2509.02341,CANDRA (BLESSING),Lunas,"MASUK 

BAYAR",5925000.0,0.0
05/09/2025,Faktur Pembelian,JL.2509.02447,CANDRA (BLESSING),Lunas,MASUK,15440000.0,0.0
05/09/2025,Faktur Pembelian,16933,FIKTIF BELI,Lunas,"",950000.0,0.0
05/09/2025,Faktur Pembelian,16934,FIKTIF BELI,Lunas,"",93000.0,0.0
05/09/2025,Faktur Pembelian,16935,FIKTIF BELI,Lunas,"",160000.0,0.0
05/09/2025,Faktur Pembelian,JKT-JKT01A-NC25090250,AGRES IT,Lunas,"",61875000.0,0.0
06/09/2025,Faktur Pembelian,JL.2509.02645,CANDRA (BLESSING),Lunas,BAYAR,1530000.0,0.0
06/09/2025,Faktur Pembelian,JL.2509.02611,CANDRA (BLESSING),Lunas,MASUK,13855000.0,0.0
06/09/2025,Faktur Pembelian,JL.2509.02785,CANDRA (BLESSING),Lunas,"MASUK

BAYAR",1710000.0,0.0
06/09/2025,Faktur Pembelian,JL.2509.02787,CANDRA (BLESSING),Lunas,MASUK,28350000.0,0.0
06/09/2025,Faktur Pembelian,16936,FIKTIF BELI,Lunas,"",1919999.9997,0.0
06/09/2025,Faktur Pembelian,JL.2509.02809,CANDRA (BLESSING),Lunas,"MASUK

BAYAR",29125000.0,0.0
06/09/2025,Faktur Pembelian,16937,CANON BALI,Lunas,"",1887000.0,0.0
06/09/2025,Faktur Pembelian,JL.2509.02882,CANDRA (BLESSING),Lunas,MASUK,40410000.0,0.0
06/09/2025,Faktur Pembelian,16938,GREY COM,Lunas,"",200000.0,0.0
06/09/2025,Faktur Pembelian,ONLINE SBY /INV/2025/174344,WULAN (DISCOUNT NOTEBOOK),Lunas,"",328000.0,0.0
06/09/2025,Faktur Pembelian,00697548_036,PRIYO (K GALAXY),Lunas,"",1875000.0,0.0
06/09/2025,Faktur Pembelian,00697549_036,PRIYO (K GALAXY),Lunas,"",6265000.0,0.0
07/09/2025,Faktur Pembelian,16939,FIKTIF BELI,Lunas,"",250000.0,0.0
07/09/2025,Faktur Pembelian,16940,PT SUMBER BAHAGIA DIGITAL,Lunas,"",25490000.0,0.0
08/09/2025,Faktur Pembelian,16941,KETUT DUARAYASA SUPLAYER,Lunas,"",13090000.0,0.0
08/09/2025,Faktur Pembelian,JL.2509.02978,CANDRA (BLESSING),Lunas,MASUK,8888000.0,0.0
08/09/2025,Faktur Pembelian,JL.2509.03005,CANDRA (BLESSING),Lunas,MASUK,3781000.0,0.0
08/09/2025,Faktur Pembelian,JL.2509.02976,CANDRA (BLESSING),Lunas,"MASUK

BAYAR",15580000.0,0.0
08/09/2025,Faktur Pembelian,JL.2509.02968,CANDRA (BLESSING),Lunas,MASUK,5750000.0,0.0
08/09/2025,Faktur Pembelian,JL.2509.02965,CANDRA (BLESSING),Lunas,"MASUK


BAYAR",15105000.0,0.0
08/09/2025,Faktur Pembelian,16942,FIKTIF BELI,Lunas,"",160000.0,0.0
08/09/2025,Faktur Pembelian,16943,IQ TRONIK,Lunas,"masuk
via maher ",1090000.0,0.0
08/09/2025,Faktur Pembelian,JL.2509.03062,CANDRA (BLESSING),Lunas,"MASUK

BAYAR",29300000.0,0.0
08/09/2025,Faktur Pembelian,JL.2509.03050,CANDRA (BLESSING),Lunas,"MASUK

BAYAR",28670000.0,0.0
08/09/2025,Faktur Pembelian,JL.2509.03149,CANDRA (BLESSING),Lunas,MASUK,1880000.0,0.0
08/09/2025,Faktur Pembelian,JL.2509.03279,CANDRA (BLESSING),Lunas,MASUK,914000.0,0.0
08/09/2025,Faktur Pembelian,JL.2509.03431,CANDRA (BLESSING),Lunas,"MASUK 

BAYAR",18220000.0,0.0
08/09/2025,Faktur Pembelian,PJL-25-09-00134,PT. Surya Makmur Kreasindo (HJ),Lunas,MASUK ,12200000.0,0.0
08/09/2025,Faktur Pembelian,JL5525090353,YULI (HP CENTRE),Lunas,"",1805000.0,0.0
08/09/2025,Faktur Pembelian,02219,LILI (PLATINUM),Lunas,"",240000.0,0.0
08/09/2025,Faktur Pembelian,FK 2040,BETA COM,Lunas,"",30070000.0,0.0
08/09/2025,Faktur Pembelian,2509016,ANDY (JMK),Lunas,"",1519000.0,0.0
09/09/2025,Faktur Pembelian,16944,KETUT DUARAYASA SUPLAYER,Lunas,MASUK ,12470000.0,0.0
09/09/2025,Faktur Pembelian,16945,VARIA TOKO,Lunas,"",573334.000032,0.0
09/09/2025,Faktur Pembelian,JL.2509.03517,CANDRA (BLESSING),Lunas,"MASUK
bayar 23 9 25",2665000.0,0.0
09/09/2025,Faktur Pembelian,JL.2509.03520,CANDRA (BLESSING),Lunas,"MASUK 

BAYAR",21875000.0,0.0
09/09/2025,Faktur Pembelian,JL.2509.03511,CANDRA (BLESSING),Lunas,MASUK ,17585999.999999,0.0
09/09/2025,Faktur Pembelian,JL.2509.03546,CANDRA (BLESSING),Lunas,"MASUK 

BAYAR",13490000.0,0.0
09/09/2025,Faktur Pembelian,JL.2509.03552,CANDRA (BLESSING),Lunas,"MASUK 

BAYAR",15105000.0,0.0
09/09/2025,Faktur Pembelian,16946,DUAL RISKY,Lunas,"",400000.0,0.0
09/09/2025,Faktur Pembelian,16947,PT SAMAMAJU PRIMA NTB,Lunas,"",23184561.0,0.0
09/09/2025,Faktur Pembelian,D/25/01380/NTB,PT SAMAMAJU PRIMA NTB,Lunas,"",31957384.0,0.0
09/09/2025,Faktur Pembelian,PJL-25-09-00175,PT. Surya Makmur Kreasindo (HJ),Lunas,MASUK ,20200000.0,0.0
09/09/2025,Faktur Pembelian,250900199,CV. BALI IT SOLUSI (ENY),Lunas,bayar 23 9 25,47250000.0,0.0
09/09/2025,Faktur Pembelian,JL0000001862,IP COM TOKO,Lunas,"",788000.0,0.0
09/09/2025,Faktur Pembelian,JL.2509.03833,CANDRA (BLESSING),Lunas,"",4910000.0,0.0
09/09/2025,Faktur Pembelian,002220,LILI (PLATINUM),Lunas,"",5425000.0,0.0
09/09/2025,Faktur Pembelian,25038049,DWI DUTA SARANA COMPUTER SURABAYA,Lunas,"",11580000.0,0.0
09/09/2025,Faktur Pembelian,JL202500004409,EDISON ATK,Lunas,SUKSES JAYA,1170000.0,0.0
10/09/2025,Faktur Pembelian,16948,KETUT DUARAYASA SUPLAYER,Lunas,MASUK ,15225000.0,0.0
10/09/2025,Faktur Pembelian,16949,ULTIMATE,Lunas,"",5069239.99998,0.0
10/09/2025,Faktur Pembelian,PJL-25-09-00185,PT. Surya Makmur Kreasindo (HJ),Lunas,"MASUK 

VIA MAHER",27100000.0,0.0
10/09/2025,Faktur Pembelian,JL.2509.04115,CANDRA (BLESSING),Lunas,"",28350000.0,0.0
10/09/2025,Faktur Pembelian,JL.2509.04094,CANDRA (BLESSING),Lunas,bayar 23 9 25,680000.0,0.0
10/09/2025,Faktur Pembelian,ONLINE SBY /INV/2025/177387,WULAN (DISCOUNT NOTEBOOK),Lunas,"",330000.0,0.0
10/09/2025,Faktur Pembelian,ONLINE SBY / INV/2025/177884,WULAN (DISCOUNT NOTEBOOK),Lunas,"",1450000.0,0.0
10/09/2025,Faktur Pembelian,JL5525090476,YULI (HP CENTRE),Lunas,"",645000.0,0.0
10/09/2025,Faktur Pembelian,JL202500004435,EDISON ATK,Lunas,SUKSES JAYA,13500000.0,0.0
10/09/2025,Faktur Pembelian,FK 2068,BETA COM,Lunas,"",29010000.0,0.0
11/09/2025,Faktur Pembelian,S250911007,DYNAMICS MATARAM,Lunas,"",20600000.0,0.0
11/09/2025,Faktur Pembelian,PJL-25-09-00215,PT. Surya Makmur Kreasindo (HJ),Lunas,MASUK ,25250000.0,0.0
11/09/2025,Faktur Pembelian,16953,FIKTIF BELI,Lunas,"",700000.0,0.0
11/09/2025,Faktur Pembelian,JL.2509.04420,CANDRA (BLESSING),Lunas,MASUK ,4855000.0,0.0
11/09/2025,Faktur Pembelian,B 001359,PIGURA KITA ( AMIN ),Lunas,"",3712500.0,0.0
11/09/2025,Faktur Pembelian,16954,FIKTIF BELI,Lunas,"",20550.0,0.0
11/09/2025,Faktur Pembelian,JL5525090245,YULI (HP CENTRE),Lunas,"",3570000.0,0.0
11/09/2025,Faktur Pembelian,002223,LILI (PLATINUM),Lunas,"HDMI 25 METER @4

HDMI 15 METER @1 ",9745000.0,0.0
11/09/2025,Faktur Pembelian,ONLIE SBY / INV/2025/178285,WULAN (DISCOUNT NOTEBOOK),Lunas,"",400000.0,0.0
11/09/2025,Faktur Pembelian,09202562994,AGUS (DORAN),Lunas,"",19110000.0,0.0
12/09/2025,Faktur Pembelian,JL.2509.04602,CANDRA (BLESSING),Lunas,"MASUK 

BAYAR",3225000.0,0.0
12/09/2025,Faktur Pembelian,JL.2509.04609,CANDRA (BLESSING),Lunas,MASUK ,5450000.0,0.0
12/09/2025,Faktur Pembelian,JL.2509.04813,CANDRA (BLESSING),Lunas,"MASUK 

BAYAR",6165000.0,0.0
12/09/2025,Faktur Pembelian,JL.2509.04744,CANDRA (BLESSING),Lunas,MASUK ,22460000.0,0.0
12/09/2025,Faktur Pembelian,JL.2509.04963,CANDRA (BLESSING),Lunas,"MASUK 

BAYAR",6140000.0,0.0
12/09/2025,Faktur Pembelian,JL.2509.05003,CANDRA (BLESSING),Lunas,MASUK ,11880000.0,0.0
12/09/2025,Faktur Pembelian,16956,FIKTIF BELI,Lunas,"",160000.0,0.0
12/09/2025,Faktur Pembelian,PJL-25-09-00253,PT. Surya Makmur Kreasindo (HJ),Lunas,MASUK VIA MAHER,12200000.0,0.0
12/09/2025,Faktur Pembelian,JL.2509.04939,CANDRA (BLESSING),Lunas,BAYAR,680000.0,0.0
12/09/2025,Faktur Pembelian,002224,LILI (PLATINUM),Lunas,"",960000.0,0.0
12/09/2025,Faktur Pembelian,16966,PT TERA DATA INDONUSA,Lunas,"",250000.0,0.0
12/09/2025,Faktur Pembelian,JKT-JKT01A-PC25094249,AGRES IT,Lunas,"",23700000.0,0.0
13/09/2025,Faktur Pembelian,16957,AGUS (DORAN),Lunas,BAYAR ,10008599.999992,0.0
13/09/2025,Faktur Pembelian,16958,TATIK (LEGENDA),Lunas,"MASUK

MAHER ",20049999.999997,0.0
13/09/2025,Faktur Pembelian,JL.2509.05355,CANDRA (BLESSING),Lunas,MASUK ,11550000.0,0.0
14/09/2025,Faktur Pembelian,16960,FIKTIF BELI,Lunas,"",180000.0,0.0
14/09/2025,Faktur Pembelian,JL.2509.05307,CANDRA (BLESSING),Lunas,"MASUK 

BAYAR",19780000.0,0.0
15/09/2025,Faktur Pembelian,16961,PERDANA SURABAYA,Lunas,"",6700000.0,0.0
15/09/2025,Faktur Pembelian,JL.2509.05801,CANDRA (BLESSING),Lunas,MASUK ,11550000.0,0.0
15/09/2025,Faktur Pembelian,JL.2509.05568,CANDRA (BLESSING),Lunas,"MASUK 

bayar",8170000.0,0.0
15/09/2025,Faktur Pembelian,JL.2509.05558,CANDRA (BLESSING),Lunas,"MASUK 

BAYAR ",7170000.0,0.0
15/09/2025,Faktur Pembelian,16962,FIKTIF BELI,Lunas,"",152000.0,0.0
15/09/2025,Faktur Pembelian,JL.2509.05883,CANDRA (BLESSING),Lunas,"MASUK 

bayar",6390000.0,0.0
15/09/2025,Faktur Pembelian,250900318,CV. BALI IT SOLUSI (ENY),Lunas,"",47250000.0,0.0
15/09/2025,Faktur Pembelian,250900317,CV. BALI IT SOLUSI (ENY),Lunas,"",47250000.0,0.0
15/09/2025,Faktur Pembelian,ONLINE SBY / INV/2025/181528,WULAN (DISCOUNT NOTEBOOK),Lunas,"",534000.0,0.0
15/09/2025,Faktur Pembelian,JL5525090660,YULI (HP CENTRE),Lunas,"",4300000.0,0.0
15/09/2025,Faktur Pembelian,09202584038,AGUS (DORAN),Lunas,"",14130000.0,0.0
15/09/2025,Faktur Pembelian,JKT-JKT01A-NC25090725,AGRES IT,Lunas,"",56200000.0,0.0
15/09/2025,Faktur Pembelian,JKT-JKT01A-PC25095175,AGRES IT,Lunas,"",200650000.0,0.0
15/09/2025,Faktur Pembelian,JL0000001898,IP COM TOKO,Lunas,"",8100000.0,0.0
16/09/2025,Faktur Pembelian,2874,IQ TRONIK,Lunas,MASUK,8320000.0,0.0
16/09/2025,Faktur Pembelian,16963,FUAD LENGA BARU,Lunas,"",244000.0,0.0
16/09/2025,Faktur Pembelian,JL.2509.06304,CANDRA (BLESSING),Lunas,MASUK ,19991000.0,0.0
16/09/2025,Faktur Pembelian,JL.2509.06351,CANDRA (BLESSING),Lunas,MASUK ,2135000.0,0.0
16/09/2025,Faktur Pembelian,16964,KETUT DUARAYASA SUPLAYER,Lunas,MASUK ,8905000.0,0.0
16/09/2025,Faktur Pembelian,ONLINE SBY / INV/2025/182170,WULAN (DISCOUNT NOTEBOOK),Lunas,"",269000.0,0.0
16/09/2025,Faktur Pembelian,00698295_036,PRIYO (K GALAXY),Lunas,"",11320000.0,0.0
16/09/2025,Faktur Pembelian,FK 22157,BETA COM,Lunas,"",8280000.0,0.0
16/09/2025,Faktur Pembelian,JKT - JKT01A - NC25090757,AGRES IT,Lunas,"",90000000.0,0.0
16/09/2025,Faktur Pembelian,JKT - JKT01A - PC25095407,AGRES IT,Lunas,"",3750000.0,0.0
16/09/2025,Faktur Pembelian,09202591412,AGUS (DORAN),Lunas,"",4590000.0,0.0
16/09/2025,Faktur Pembelian,FK 22162,BETA COM,Lunas,"",15950000.0,0.0
17/09/2025,Faktur Pembelian,JL.2509.06840,CANDRA (BLESSING),Lunas,MASUK ,10435000.0,0.0
17/09/2025,Faktur Pembelian,16965,FIKTIF BELI,Lunas,"",160000.0,0.0
17/09/2025,Faktur Pembelian,16967,FIKTIF BELI,Lunas,"",600000.0,0.0
17/09/2025,Faktur Pembelian,JL.2509.06650,CANDRA (BLESSING),Lunas,"",31765000.0,0.0
17/09/2025,Faktur Pembelian,002227,LILI (PLATINUM),Lunas,"",955000.0,0.0
17/09/2025,Faktur Pembelian,JK/25/09/0090,ELMI COM,Lunas,"",42750000.0,0.0
17/09/2025,Faktur Pembelian,JKT-JKT01A-PC25096120,AGRES IT,Lunas,"",58500000.0,0.0
17/09/2025,Faktur Pembelian,6703,GUDANG AKSESORIES SURABAYA (KURNIAWAN),Lunas,"",5530000.0,0.0
17/09/2025,Faktur Pembelian,JN-N/SBY//270925/015,PT. INDO WARNA MULIA ( ALFA INK ),Lunas,BAYAR,1679000.0,0.0
17/09/2025,Faktur Pembelian,25039326,DWI DUTA SARANA COMPUTER SURABAYA,Lunas,"",4550000.0,0.0
18/09/2025,Faktur Pembelian,JL.2509.07012,CANDRA (BLESSING),Lunas,MASUK ,16625000.0,0.0
18/09/2025,Faktur Pembelian,JL.2509.07136,CANDRA (BLESSING),Lunas,MASUK ,600000.0,0.0
18/09/2025,Faktur Pembelian,JL.2509.07178,CANDRA (BLESSING),Lunas,MASUK ,4600000.0,0.0
18/09/2025,Faktur Pembelian,16968,FIKTIF BELI,Lunas,"",160000.0,0.0
18/09/2025,Faktur Pembelian,JL0000001922,IP COM TOKO,Lunas,"",965000.0,0.0
18/09/2025,Faktur Pembelian,PJL-25-09-00365,PT. Surya Makmur Kreasindo (HJ),Lunas,MASUK ,28575000.0,0.0
18/09/2025,Faktur Pembelian,JN-N/SBY//180925/004,PT. INDO WARNA MULIA ( ALFA INK ),Lunas,"REFISI HARGA KERTAS THERMAL JD 10RB

BAYAR",2632050.0,0.0
18/09/2025,Faktur Pembelian,JN-N/SBY//180925/006,PT. INDO WARNA MULIA ( ALFA INK ),Lunas,BAYAR,5037000.0,0.0
18/09/2025,Faktur Pembelian,JN-N/SBY//180925/006 T,PT. INDO WARNA MULIA ( ALFA INK ),Lunas,BAYAR,27500000.0,0.0
18/09/2025,Faktur Pembelian,JKT-JKT01A-PC25096256,AGRES IT,Lunas,"REFISI KE PPN 
",58500000.000008,0.0
18/09/2025,Faktur Pembelian,FK 2188,BETA COM,Lunas,SUDAH MASUK,25180000.0,0.0
19/09/2025,Faktur Pembelian,JL.2509.07606,CANDRA (BLESSING),Lunas,"MASUK 

BAYAR",10645000.0,0.0
19/09/2025,Faktur Pembelian,JL.2509.07652,CANDRA (BLESSING),Lunas,"MASUK 

BAYAR",2875000.0,0.0
19/09/2025,Faktur Pembelian,16969,HARAPAN BARU,Lunas,"",1805000.0,0.0
19/09/2025,Faktur Pembelian,16970,PT TERA DATA INDONUSA,Lunas,"",200000.0,0.0
19/09/2025,Faktur Pembelian,16971,TATIK (LEGENDA),Lunas,"masuk 

BIMA PERMAI ",20100000.0,0.0
19/09/2025,Faktur Pembelian,16972,ONLINE,Lunas,"",260000.0,0.0
19/09/2025,Faktur Pembelian,16973,caturwarga computer,Lunas,MASUK ,8180000.0,0.0
19/09/2025,Faktur Pembelian,16975,FIKTIF BELI,Lunas,"",24300.0,0.0
19/09/2025,Faktur Pembelian,002228,LILI (PLATINUM),Lunas,"",13835000.0,0.0
19/09/2025,Faktur Pembelian,PJL-25-09-00403,PT. Surya Makmur Kreasindo (HJ),Lunas,"MASUK 

MAHER",20205000.0,0.0
19/09/2025,Faktur Pembelian,FK 2209 ,BETA COM,Lunas,"",40992000.0,0.0
19/09/2025,Faktur Pembelian,JL5525090916,YULI (HP CENTRE),Lunas,"",7000000.0,0.0
19/09/2025,Faktur Pembelian,FK 2210,BETA COM,Lunas,"",3420000.0,0.0
19/09/2025,Faktur Pembelian,17001,EDISON ATK,Lunas,"",7702800.00024,0.00024
20/09/2025,Faktur Pembelian,JL.2509.07818,CANDRA (BLESSING),Lunas,"MASUK 

BAYAR",3760000.0,0.0
20/09/2025,Faktur Pembelian,JL.2509.07786,CANDRA (BLESSING),Lunas,MASUK ,22450000.0,0.0
20/09/2025,Faktur Pembelian,jl.2509.07922,CANDRA (BLESSING),Lunas,"MASUK 

BAYAR",800000.0,0.0
20/09/2025,Faktur Pembelian,JL.2509.07934,CANDRA (BLESSING),Lunas,"MASUK 

BAYAR",9340000.0,0.0
20/09/2025,Faktur Pembelian,16976,RIO MATRIX TOKO,Lunas,"",6300000.0,0.0
20/09/2025,Faktur Pembelian,16977,FIKTIF BELI,Lunas,"",1275000.0,0.0
20/09/2025,Faktur Pembelian,16978,RIO MATRIX TOKO,Lunas,"",6300000.0,0.0
20/09/2025,Faktur Pembelian,16979,RIO MATRIX TOKO,Lunas,"",4200000.0,0.0
20/09/2025,Faktur Pembelian,16980,LILI (PLATINUM),Lunas,"",6700000.0,0.0
20/09/2025,Faktur Pembelian,JL.2509.08032,CANDRA (BLESSING),Lunas,"MASUK

BAYAR ",29250000.0,0.0
20/09/2025,Faktur Pembelian,ONLINE SBY / INV /2025 / 185812,WULAN (DISCOUNT NOTEBOOK),Lunas,"",597000.0,0.0
20/09/2025,Faktur Pembelian,ONLINE SBY / INV /2025 / 185753,WULAN (DISCOUNT NOTEBOOK),Lunas,"",1392000.0,0.0
21/09/2025,Faktur Pembelian,16981,CAMELION INDONESIA,Lunas,"",579500.0,0.0
21/09/2025,Faktur Pembelian,16982,PT TERA DATA INDONUSA,Lunas,"",80000.0,0.0
22/09/2025,Faktur Pembelian,JL.2509.08273,CANDRA (BLESSING),Lunas,MASUK ,2335000.0,0.0
22/09/2025,Faktur Pembelian,JL.2509.08362,CANDRA (BLESSING),Lunas,MASUK ,5730000.0,0.0
22/09/2025,Faktur Pembelian,16985,PT. PRIMALAYAN CITRA MANDIRI,Lunas,"",547230.0,0.0
22/09/2025,Faktur Pembelian,16986,LILI (PLATINUM),Lunas,"",770000.0,0.0
22/09/2025,Faktur Pembelian,16987,FIKTIF BELI,Lunas,"",645000.0,0.0
22/09/2025,Faktur Pembelian,16988,FIKTIF BELI,Lunas,"",69750.0,0.0
22/09/2025,Faktur Pembelian,00698747_036,PRIYO (K GALAXY),Lunas,BAYAR,549000.0,0.0
22/09/2025,Faktur Pembelian,17004,PT TERA DATA INDONUSA,Lunas,"",200000.0,0.0
22/09/2025,Faktur Pembelian,JL5525091065,YULI (HP CENTRE),Lunas,"",29825000.0,0.0
22/09/2025,Faktur Pembelian,ONLINE SBY / INV/2025/187364,WULAN (DISCOUNT NOTEBOOK),Lunas,"",594000.0,0.0
22/09/2025,Faktur Pembelian,JKT-JKT01A-PC25097734,AGRES IT,Lunas,REFISI KE PPN ,90500000.000009,0.0
22/09/2025,Faktur Pembelian,17023,IQ TRONIK,Lunas,"",900000.0,0.0
23/09/2025,Faktur Pembelian,16989,FIKTIF BELI,Lunas,"",10500000.0,0.0
23/09/2025,Faktur Pembelian,JL.2509.09015,CANDRA (BLESSING),Lunas,MASUK,12640000.0,0.0
23/09/2025,Faktur Pembelian,JL.2509.09007,CANDRA (BLESSING),Lunas,MASUK,29375000.0,0.0
23/09/2025,Faktur Pembelian,JL.2509.08983,CANDRA (BLESSING),Lunas,MASUK,6925000.0,0.0
23/09/2025,Faktur Pembelian,JL.2509.08768,CANDRA (BLESSING),Lunas,MASUK,13800000.0,0.0
23/09/2025,Faktur Pembelian,JL.2509.08633,CANDRA (BLESSING),Lunas,MASUK,476000.0,0.0
23/09/2025,Faktur Pembelian,16992,FIKTIF BELI,Lunas,"",46500.0,0.0
23/09/2025,Faktur Pembelian,16993,FIKTIF BELI,Lunas,"",16600.0,0.0
23/09/2025,Faktur Pembelian,PJL-25-09-00465,PT. Surya Makmur Kreasindo (HJ),Lunas,"MASUK 

BAYAR",20350000.0,0.0
23/09/2025,Faktur Pembelian,17003,KETUT DUARAYASA SUPLAYER,Lunas,"",6630000.0,0.0
23/09/2025,Faktur Pembelian,JL5525091115,YULI (HP CENTRE),Lunas,"",81000.0,0.0
23/09/2025,Faktur Pembelian,002230,LILI (PLATINUM),Lunas,"",1015000.0,0.0
23/09/2025,Faktur Pembelian,JKT-JKT01A-NC25091245,AGRES IT,Lunas,MASUK,105000000.0,0.0
24/09/2025,Faktur Pembelian,JL.2509.09227,CANDRA (BLESSING),Lunas,MASUK ,19550000.0,0.0
24/09/2025,Faktur Pembelian,JL.2509.09247,CANDRA (BLESSING),Lunas,"MASUK 

BAYAR",6390000.0,0.0
24/09/2025,Faktur Pembelian,16994,PT WOOK GLOBAL TECHNOLOGY,Lunas,"",7571002.999992,0.0
24/09/2025,Faktur Pembelian,JL.2509.09371,CANDRA (BLESSING),Lunas,"MASUK 


bayar",11750000.0,0.0
24/09/2025,Faktur Pembelian,JL.2509.09493,CANDRA (BLESSING),Lunas,"MASUK 

bayar",2900000.0,0.0
24/09/2025,Faktur Pembelian,16995,ONLINE,Lunas,"",600000.0,0.0
24/09/2025,Faktur Pembelian,16996,ONLINE,Lunas,"",1080000.0,0.0
24/09/2025,Faktur Pembelian,16997,FIKTIF BELI,Lunas,"",160000.0,0.0
24/09/2025,Faktur Pembelian,16998,TATIK (LEGENDA),Lunas,"MASUK 

VIA BIMA PERMAI ",9480000.0,0.0
24/09/2025,Faktur Pembelian,JL.2509.09326,CANDRA (BLESSING),Lunas,"MASUK

BAYAR",2100000.0,0.0
24/09/2025,Faktur Pembelian,ACJ01/01/FP/2509/BD00009,PT. ANGKASA CERAH JAYA,Lunas,MASUK,32700000.0,0.0
24/09/2025,Faktur Pembelian,PJL-25-09-00495,PT. Surya Makmur Kreasindo (HJ),Lunas,"",14400000.0,0.0
24/09/2025,Faktur Pembelian,FK 2255,BETA COM,Lunas,"",13184000.0,0.0
24/09/2025,Faktur Pembelian,00699001_036,PRIYO (K GALAXY),Lunas,BAYAR,30450000.0,0.0
24/09/2025,Faktur Pembelian,FK 2268,BETA COM,Lunas,SUDAH MASUK,25150000.0,0.0
25/09/2025,Faktur Pembelian,JL.2509.09651,CANDRA (BLESSING),Lunas,MASUK ,8980000.0,0.0
25/09/2025,Faktur Pembelian,JL.2509.09829,CANDRA (BLESSING),Lunas,MASUK ,26250000.0,0.0
25/09/2025,Faktur Pembelian,16999,LEGALA,Lunas,"",2920000.0,0.0
25/09/2025,Faktur Pembelian,JL.2509.09870,CANDRA (BLESSING),Lunas,"MASUK 

BAYAR",312000.0,0.0
25/09/2025,Faktur Pembelian,JL.2509.10015,CANDRA (BLESSING),Lunas,"MASUK 

BAYAR",7475000.0,0.0
25/09/2025,Faktur Pembelian,JKT-JKT01A-PC25098696,AGRES IT,Lunas,MASUK,57000000.0,0.0
25/09/2025,Faktur Pembelian,17019,AGUS (DORAN),Lunas,"",15990000.0,0.0
25/09/2025,Faktur Pembelian,092025130968,AGUS (DORAN),Lunas,"",34573300.0,0.0
25/09/2025,Faktur Pembelian,092025137768,AGUS (DORAN),Lunas,"",3840000.000003,0.0
25/09/2025,Faktur Pembelian,JKT-JKT01A-PC25098950,AGRES IT,Lunas,"MASUK

bayar",61875000.0,0.0
26/09/2025,Faktur Pembelian,JL.2509.10081,CANDRA (BLESSING),Lunas,MASUK ,7100000.0,0.0
26/09/2025,Faktur Pembelian,17002,SINARJAYA CCTV,Lunas,"",193715.0,0.0
26/09/2025,Faktur Pembelian,17005,ENDRA TELKOMSEL,Lunas,"",5000000.0,0.0
26/09/2025,Faktur Pembelian,JL.2509.10352,CANDRA (BLESSING),Lunas,MASUK ,29040000.0,0.0
26/09/2025,Faktur Pembelian,PJL-25-08-00566,PT. Surya Makmur Kreasindo (HJ),Lunas,masuk,7725000.0,0.0
26/09/2025,Faktur Pembelian,PJL-25-09-00565,PT. Surya Makmur Kreasindo (HJ),Lunas,MASUK,2440000.0,0.0
26/09/2025,Faktur Pembelian,ONLINE SBY / INV/2025/190420,WULAN (DISCOUNT NOTEBOOK),Lunas,"",165999.999999,0.0
26/09/2025,Faktur Pembelian,FK 2296,BETA COM,Lunas,"",43555000.0,0.0
26/09/2025,Faktur Pembelian,PJL-25-09-00587,PT. Surya Makmur Kreasindo (HJ),Lunas,"",25000000.0,0.0
26/09/2025,Faktur Pembelian,JKT-JKT01A-NC25091449,AGRES IT,Lunas,"",66750000.0,0.0
27/09/2025,Faktur Pembelian,17007,PT SUMBER BAHAGIA DIGITAL,Lunas,"",25495000.0,0.0
27/09/2025,Faktur Pembelian,2964,IQ TRONIK,Lunas,MASUK ,9970000.0,0.0
27/09/2025,Faktur Pembelian,ACJ01/01/FP/2509/BG00037,PT. ANGKASA CERAH JAYA,Lunas,MASUK,28000000.0,0.0
27/09/2025,Faktur Pembelian,17008,PAK USMAN BEL SEKOLAH,Lunas,"",2800000.0,0.0
27/09/2025,Faktur Pembelian,JL.2509.10690,CANDRA (BLESSING),Lunas,MASUK ,11625000.0,0.0
27/09/2025,Faktur Pembelian,JL.2509.10688,CANDRA (BLESSING),Lunas,MASUK ,1250000.0,0.0
27/09/2025,Faktur Pembelian,JL.2509.10475,CANDRA (BLESSING),Lunas,MASUK ,9270000.0,0.0
27/09/2025,Faktur Pembelian,D/25/01486/NTB,PT SAMAMAJU PRIMA NTB,Lunas,"",3250783.0,0.0
27/09/2025,Faktur Pembelian,D/25/01485/NTB,PT SAMAMAJU PRIMA NTB,Lunas,"",31616680.0,0.0
27/09/2025,Faktur Pembelian,D/25/01487/NTB,PT SAMAMAJU PRIMA NTB,Lunas,"",10879936.0,0.0
27/09/2025,Faktur Pembelian,00699196_036,PRIYO (K GALAXY),Lunas,Bayar,2657500.0,0.0
27/09/2025,Faktur Pembelian,002233,LILI (PLATINUM),Lunas,MASUK,6865000.0,0.0
28/09/2025,Faktur Pembelian,17010,FIKTIF BELI,Lunas,"",1200000.0,0.0
29/09/2025,Faktur Pembelian,17011,FIKTIF BELI,Lunas,"",19624000.0,0.0
29/09/2025,Faktur Pembelian,JL.2509.11128,CANDRA (BLESSING),Lunas,MASUK ,9920000.0,0.0
29/09/2025,Faktur Pembelian,JL.2509.11034,CANDRA (BLESSING),Lunas,MASUK ,800000.0,0.0
29/09/2025,Faktur Pembelian,JL.2509.11030,CANDRA (BLESSING),Lunas,MASUK ,11999000.0,0.0
29/09/2025,Faktur Pembelian,JL.2509.11019,CANDRA (BLESSING),Lunas,MASUK ,22310000.0,0.0
29/09/2025,Faktur Pembelian,JL.2509.10905,CANDRA (BLESSING),Lunas,MASUK ,6090000.0,0.0
29/09/2025,Faktur Pembelian,JL.2509.10902,CANDRA (BLESSING),Lunas,MASUK ,2885000.0,0.0
29/09/2025,Faktur Pembelian,JL.2509.10865,CANDRA (BLESSING),Lunas,"MASUK 

BAYAR",42165000.0,0.0
29/09/2025,Faktur Pembelian,JL.2509.10849,CANDRA (BLESSING),Lunas,"MASUK 

BAYAR",28750000.0,0.0
29/09/2025,Faktur Pembelian,JL.2509.11312,CANDRA (BLESSING),Lunas,MASUK,9690000.0,0.0
29/09/2025,Faktur Pembelian,17012,FIKTIF BELI,Lunas,"",160000.0,0.0
29/09/2025,Faktur Pembelian,FK 2326,BETA COM,Lunas,MASUK,2850000.0,0.0
29/09/2025,Faktur Pembelian,0920251558327,AGUS (DORAN),Lunas,MASUK,1212000.0,0.0
29/09/2025,Faktur Pembelian,INV/25/09/00165,PT CIPTA KARYA NUSANTARA ANDRE,Lunas,"",8234000.0,0.0
30/09/2025,Faktur Pembelian,JL.2509.11381,CANDRA (BLESSING),Lunas,"MASUK 

BAYAR",11630000.0,0.0
30/09/2025,Faktur Pembelian,JL.2509.11614,CANDRA (BLESSING),Lunas,"MASUK 

BAYAR",21205000.0,0.0
30/09/2025,Faktur Pembelian,JL.2509.11615,CANDRA (BLESSING),Lunas,"MASUK 

BAYAR",945000.0,0.0
30/09/2025,Faktur Pembelian,JL.2509.11679,CANDRA (BLESSING),Lunas,"MASUK 

BAYAR",770000.0,0.0
30/09/2025,Faktur Pembelian,JL.2509.11732,CANDRA (BLESSING),Lunas,"MASUK 

BAYAR",930000.0,0.0
30/09/2025,Faktur Pembelian,002234,LILI (PLATINUM),Lunas,"",1650000.0,0.0
30/09/2025,Faktur Pembelian,JKT-JKT01A-NC25091676,AGRES IT,Lunas,"",112400000.0,0.0
30/09/2025,Faktur Pembelian,JKT-JKT01A-NC25091646,AGRES IT,Lunas,TINTA ,51810000.0,0.0
30/09/2025,Faktur Pembelian,PJL-25-09-00686,PT. Surya Makmur Kreasindo (HJ),Lunas,"MASUK 

BIMA PERMAI",20350000.0,0.0
01/10/2025,Faktur Pembelian,JL.2510.00250,CANDRA (BLESSING),Lunas,"MASUK
ANTO
PERDANA

bayar",7870000.0,0.0
01/10/2025,Faktur Pembelian,JL.2510.00252,CANDRA (BLESSING),Lunas,MASUK,3115000.0,0.0
01/10/2025,Faktur Pembelian,JL.2510.00349,CANDRA (BLESSING),Lunas,"MASUK


BAYAR",23350000.0,0.0
01/10/2025,Faktur Pembelian,17014,FIKTIF BELI,Lunas,"",160000.0,0.0
01/10/2025,Faktur Pembelian,17017,TIMBUL SUBUR PLASTIK,Lunas,BELUM MASUK ,2200000.0,0.0
01/10/2025,Faktur Pembelian,JL.2510.00496,CANDRA (BLESSING),Lunas,MASUK,9810000.0,0.0
01/10/2025,Faktur Pembelian,JL.2510.00460,CANDRA (BLESSING),Lunas,"YUDIS
MASUK

bayar",3780000.0,0.0
01/10/2025,Faktur Pembelian,JL.2510.00464,CANDRA (BLESSING),Lunas,MASUK,1075000.0,0.0
01/10/2025,Faktur Pembelian,D/25/01516/NTB,PT SAMAMAJU PRIMA NTB,Lunas,"",2907339.99984,0.0
01/10/2025,Faktur Pembelian,JL5525100014,YULI (HP CENTRE),Lunas,"",1290000.0,0.0
01/10/2025,Faktur Pembelian,17041,TIMBUL SUBUR PLASTIK,Lunas,"MASUK

via maher 

",2200000.0,0.0
02/10/2025,Faktur Pembelian,JL.2510.00728,CANDRA (BLESSING),Lunas,"MASUK

BAYAR",59280000.0,0.0
02/10/2025,Faktur Pembelian,JL.2510.00734,CANDRA (BLESSING),Lunas,MASUK,22940000.0,0.0
02/10/2025,Faktur Pembelian,17018,FIKTIF BELI,Lunas,"",1290000.0,0.0
02/10/2025,Faktur Pembelian,JL.2510.00978,CANDRA (BLESSING),Lunas,"SANJAYA

MASUK",545000.0,0.0
02/10/2025,Faktur Pembelian,JL.2510.00976,CANDRA (BLESSING),Lunas,"MASUK

RAKA",13470000.0,0.0
02/10/2025,Faktur Pembelian,JL.2510.00732,CANDRA (BLESSING),Lunas,MASUK,9790000.0,0.0
02/10/2025,Faktur Pembelian,17020,FIKTIF BELI,Lunas,"",160000.0,0.0
02/10/2025,Faktur Pembelian,ONLINE SBY / INV/2025/195315,WULAN (DISCOUNT NOTEBOOK),Lunas,"",1439000.0,0.0
02/10/2025,Faktur Pembelian,FK 2387,BETA COM,Lunas,"",26100000.0,0.0
02/10/2025,Faktur Pembelian,17029,KETUT DUARAYASA SUPLAYER,Lunas,"",21460000.0,0.0
02/10/2025,Faktur Pembelian,25041387,DWI DUTA SARANA COMPUTER SURABAYA,Lunas,"",45800000.0,0.0
02/10/2025,Faktur Pembelian,JN-N/SBY//021025/010,PT. INDO WARNA MULIA ( ALFA INK ),Lunas,REFISI KE CV TIGA NUSA ,12999999.999987,0.0
02/10/2025,Faktur Pembelian,JL5525100053,YULI (HP CENTRE),Lunas,"",44148000.000001,0.0
02/10/2025,Faktur Pembelian,002237,LILI (PLATINUM),Lunas,BAYAR,6400000.0,0.0
03/10/2025,Faktur Pembelian,JL.2510.01053,CANDRA (BLESSING),Lunas,MASUK ,3380000.0,0.0
03/10/2025,Faktur Pembelian,JL.2510.01052,CANDRA (BLESSING),Lunas,MASUK ,15670000.0,0.0
03/10/2025,Faktur Pembelian,JL.2510.01050,CANDRA (BLESSING),Lunas,MASUK ,5750000.0,0.0
03/10/2025,Faktur Pembelian,17021,KENZ COMPUTER,Lunas,"",640500.0,0.0
03/10/2025,Faktur Pembelian,JL.2510.01059,CANDRA (BLESSING),Lunas,"MASUK 

BAYAR",26250000.0,0.0
03/10/2025,Faktur Pembelian,17022,PT SUMBER BAHAGIA DIGITAL,Lunas,"",12200000.0,0.0
03/10/2025,Faktur Pembelian,2510DPS222/T0021,PT GALVA TECHNOLOGIES,Lunas,"",27690000.000002,0.0
03/10/2025,Faktur Pembelian,PJL-25-10-00072,PT. Surya Makmur Kreasindo (HJ),Lunas,"",20749999.999996,0.0
03/10/2025,Faktur Pembelian,00699603_036,PRIYO (K GALAXY),Lunas,"",750000.0,0.0
04/10/2025,Faktur Pembelian,JL.2510.01525,CANDRA (BLESSING),Lunas,"MASUK 

BAYAR",12290000.0,0.0
04/10/2025,Faktur Pembelian,JL.2510.01456,CANDRA (BLESSING),Lunas,"MASUK 

BAYAR",17915000.0,0.0
04/10/2025,Faktur Pembelian,JL.2510.01432,CANDRA (BLESSING),Lunas,MASUK ,2120000.0,0.0
04/10/2025,Faktur Pembelian,JL.2510.01320,CANDRA (BLESSING),Lunas,MASUK ,545000.0,0.0
04/10/2025,Faktur Pembelian,JL5525100185,YULI (HP CENTRE),Lunas,"",57599999.999996,0.0
04/10/2025,Faktur Pembelian,SBY-SBY01A-NC25100040,AGRES IT,Lunas,"REFISI HARGA N150 8 512 JD 4,8JT",28800000.0,0.0
04/10/2025,Faktur Pembelian,SBY-SBY01A-PC25100127,AGRES IT,Lunas,"REFISI N150 8 512 KE 4,8JT",65000000.0,0.0
04/10/2025,Faktur Pembelian,JKT-JKT01A-NC25100191,AGRES IT,Lunas,"",28750000.0,0.0
04/10/2025,Faktur Pembelian,JKT-JKT01A-PC25101284,AGRES IT,Lunas,"MASUK

REFISI KE PPN 

n150 512 jd 4,8jt

12jt

9jt 

100JT UANG LINDA 

TGL 16 11 25 25.000.000",340719999.999983,0.0
04/10/2025,Faktur Pembelian,JKT-JKT01A-NC25100190,AGRES IT,Lunas,"MASUK

refisi n150 512 ke 4,8jt
",128280000.0,0.0
05/10/2025,Faktur Pembelian,17024,SOLUTION OFFICIAL,Lunas,"",1090000.0,0.0
05/10/2025,Faktur Pembelian,17025,TERANG JAYA STORE TRS,Lunas,"",1110000.0,0.0
05/10/2025,Faktur Pembelian,17026,PT TERA DATA INDONUSA,Lunas,"",550000.000002,0.0
05/10/2025,Faktur Pembelian,17027,DUAL RISKY,Lunas,"",400000.0,0.0
06/10/2025,Faktur Pembelian,17028,ONLINE,Lunas,"",1080000.0,0.0
06/10/2025,Faktur Pembelian,17030,FIKTIF BELI,Lunas,"",330000.0,0.0
06/10/2025,Faktur Pembelian,JL.2510.01945,CANDRA (BLESSING),Lunas,MASUK ,11779999.999999,0.0
06/10/2025,Faktur Pembelian,JL.2510.02133,CANDRA (BLESSING),Lunas,MASUK ,4500000.000001,0.0
06/10/2025,Faktur Pembelian,JL.2510.02135,CANDRA (BLESSING),Lunas,"MASUK 

BAYAR",32839999.999998,0.0
06/10/2025,Faktur Pembelian,002238,LILI (PLATINUM),Lunas,BAYAR,600000.0,0.0
06/10/2025,Faktur Pembelian,JL5525100414,YULI (HP CENTRE),Lunas,"",656000.0,0.0
07/10/2025,Faktur Pembelian,17031,HARAPAN BARU,Lunas,"",3850000.0,0.0
07/10/2025,Faktur Pembelian,17032,V KING SHOP,Lunas,"",811000.0,0.0
07/10/2025,Faktur Pembelian,17033,V KING SHOP,Lunas,"",130000.0,0.0
07/10/2025,Faktur Pembelian,17034,FIKTIF BELI,Lunas,"",166000.0,0.0
07/10/2025,Faktur Pembelian,JL.2510.02611,CANDRA (BLESSING),Lunas,MASUK ,11370000.0,0.0
07/10/2025,Faktur Pembelian,17035,ATM,Lunas,MASUK ,23281000.0,0.0
07/10/2025,Faktur Pembelian,17036,FIKTIF BELI,Lunas,"",160000.0,0.0
07/10/2025,Faktur Pembelian,B01926,NUSA RACKINDO,Lunas,"",2900000.0,0.0
07/10/2025,Faktur Pembelian,JL.2510.02711,CANDRA (BLESSING),Lunas,MASUK ,7555000.0,0.0
07/10/2025,Faktur Pembelian,JL.2510.02722,CANDRA (BLESSING),Lunas,MASUK ,146350000.0,0.0
07/10/2025,Faktur Pembelian,JL.2510.02402,CANDRA (BLESSING),Lunas,"",16650000.0,0.0
07/10/2025,Faktur Pembelian,JL.2510.02459,CANDRA (BLESSING),Lunas,"",26640000.0,0.0
07/10/2025,Faktur Pembelian,JL.2510.02572,CANDRA (BLESSING),Lunas,"",1660000.0,0.0
07/10/2025,Faktur Pembelian,JL5525100346,YULI (HP CENTRE),Lunas,"",35100000.0,0.0
07/10/2025,Faktur Pembelian,JL5525100315,YULI (HP CENTRE),Lunas,"",36249999.999999,0.0
07/10/2025,Faktur Pembelian,PJL-25-10-00151,PT. Surya Makmur Kreasindo (HJ),Lunas,"MASUK 

BIMA PERMAI ",20749999.999996,0.0
07/10/2025,Faktur Pembelian,PJL-25-10-00160,PT. Surya Makmur Kreasindo (HJ),Lunas,"masuk 

BIMA PERMAI",14610000.0,0.0
07/10/2025,Faktur Pembelian,2510031,ANDY (JMK),Lunas,BAYAR ,20460000.0,0.0
07/10/2025,Faktur Pembelian,002239,LILI (PLATINUM),Lunas,BAYAR,965000.0,0.0
07/10/2025,Faktur Pembelian,00699829_036,PRIYO (K GALAXY),Lunas,"",11100000.0,0.0
08/10/2025,Faktur Pembelian,JL.2510.02939,CANDRA (BLESSING),Lunas,"dimas 
MASUK",4939000.0,0.0
08/10/2025,Faktur Pembelian,17038,FIKTIF BELI,Lunas,"",166000.0,0.0
08/10/2025,Faktur Pembelian,17039,KETUT DUARAYASA SUPLAYER,Lunas,MASUK ,12435000.0,0.0
08/10/2025,Faktur Pembelian,17040,TK WIJAYA,Lunas,"",5513750.0,0.0
08/10/2025,Faktur Pembelian,17042,KENZ COMPUTER,Lunas,"",335500.0,0.0
08/10/2025,Faktur Pembelian,JL.2510.03114,CANDRA (BLESSING),Lunas,"dito
MASUK ",3000000.0,0.0
08/10/2025,Faktur Pembelian,JL.2510.03100,CANDRA (BLESSING),Lunas,"antonio
MASUK ",3140000.0,0.0
08/10/2025,Faktur Pembelian,17043,PERDANA SUPLAYER,Lunas,"",1350000.0,0.0
08/10/2025,Faktur Pembelian,JL.2510.03188,CANDRA (BLESSING),Lunas,"budi santoso
MASUK ",2100000.0,0.0
08/10/2025,Faktur Pembelian,JL.2510.03253,CANDRA (BLESSING),Lunas,"ADI WIGUNA
MASUK ",16125000.0,0.0
08/10/2025,Faktur Pembelian,17044,FIKTIF BELI,Lunas,"",160000.0,0.0
08/10/2025,Faktur Pembelian,JL.2510.03291,CANDRA (BLESSING),Lunas,"darto
MASUK ",12070000.0,0.0
08/10/2025,Faktur Pembelian,17045,FIX PRINT,Lunas,"",3763420.0,0.0
08/10/2025,Faktur Pembelian,S025100116,CV.MITRA TEGUH DISTRIBUSI EPRINT MATARAM,Lunas,"",1596541.99968,0.0
08/10/2025,Faktur Pembelian,00699920_036,PRIYO (K GALAXY),Lunas,"",3425000.0,0.0
08/10/2025,Faktur Pembelian,FK 2479,BETA COM,Lunas,"",10440000.0,0.0
08/10/2025,Faktur Pembelian,FK 2480,BETA COM,Lunas,MASUK ,3735000.0,0.0
08/10/2025,Faktur Pembelian,25100,ANDY (JMK),Lunas,"",6038000.0,0.0
08/10/2025,Faktur Pembelian,JL5525100395,YULI (HP CENTRE),Lunas,REFISI KE CV TIGA NUSA ,19344999.999658,0.0
08/10/2025,Faktur Pembelian,JKT-JKT01A-PC25102296,AGRES IT,Lunas,"",9450000.0,0.0
09/10/2025,Faktur Pembelian,17046,FIKTIF BELI,Lunas,"",1440000.0,0.0
09/10/2025,Faktur Pembelian,JL.2510.03438,CANDRA (BLESSING),Lunas,MASUK ,30590000.0,0.0
09/10/2025,Faktur Pembelian,JL.2510.03669,CANDRA (BLESSING),Lunas,MASUK ,10960000.0,0.0
09/10/2025,Faktur Pembelian,JL.2510.03416,CANDRA (BLESSING),Lunas,MASUK ,1800000.0,0.0
09/10/2025,Faktur Pembelian,JL.2510.03697,CANDRA (BLESSING),Lunas,"MASUK 


BAYAR",29475000.0,0.0
09/10/2025,Faktur Pembelian,17047,FIKTIF BELI,Lunas,"",160000.0,0.0
09/10/2025,Faktur Pembelian,002240,LILI (PLATINUM),Lunas,BAYAR,965000.0,0.0
09/10/2025,Faktur Pembelian,JL5525100445,YULI (HP CENTRE),Lunas,"",69749999.999997,0.0
09/10/2025,Faktur Pembelian,10202545547,AGUS (DORAN),Lunas,"",12175000.0,0.0
09/10/2025,Faktur Pembelian,FK 2489,BETA COM,Lunas,"",18210000.0,0.0
09/10/2025,Faktur Pembelian,JKT-JKT01A-PC25102510,AGRES IT,Lunas,PINDAH KE PPN ,78900000.000004,0.0
09/10/2025,Faktur Pembelian,JKT-JKT01A-NC25100432,AGRES IT,Lunas,"",52600000.0,0.0
10/10/2025,Faktur Pembelian,JL.2510.03957,CANDRA (BLESSING),Lunas,"MASUK 

bayar",3105000.0,0.0
10/10/2025,Faktur Pembelian,JL.2510.03955,CANDRA (BLESSING),Lunas,"MASUK 

bayar",22620000.0,0.0
10/10/2025,Faktur Pembelian,17048,RIO MATRIX TOKO,Lunas,"",200000.0,0.0
10/10/2025,Faktur Pembelian,PJL-25-10-00253,PT. Surya Makmur Kreasindo (HJ),Lunas,"MASUK 

BIMA PERMAI",20500000.0,0.0
10/10/2025,Faktur Pembelian,JL.2510.04059,CANDRA (BLESSING),Lunas,"MASUK

bayar",13820000.0,0.0
10/10/2025,Faktur Pembelian,JL.2510.04092,CANDRA (BLESSING),Lunas,"MASUK

bayar",2795000.0,0.0
10/10/2025,Faktur Pembelian,JL.2510.04158,CANDRA (BLESSING),Lunas,"MASUK

bayar",955000.0,0.0
10/10/2025,Faktur Pembelian,002242,LILI (PLATINUM),Lunas,BAYAR,3900000.0,0.0
10/10/2025,Faktur Pembelian,ONLINE SBY / INV/2025/202015,WULAN (DISCOUNT NOTEBOOK),Lunas,"",528000.0,0.0
11/10/2025,Faktur Pembelian,17050,FIKTIF BELI,Lunas,"",1935000.0,0.0
11/10/2025,Faktur Pembelian,17051,CANON BALI,Lunas,"",1934175.000001,0.0
11/10/2025,Faktur Pembelian,17052,AGRES IT,Lunas,"",0.0,0.0
11/10/2025,Faktur Pembelian,JL.2510.04711,CANDRA (BLESSING),Lunas,MASUK,20635000.0,0.0
11/10/2025,Faktur Pembelian,JL.2510.04737,CANDRA (BLESSING),Lunas,MASUK,585000.0,0.0
11/10/2025,Faktur Pembelian,10202559806,AGUS (DORAN),Lunas,"",7084000.0,0.0
11/10/2025,Faktur Pembelian,JL5525100544,YULI (HP CENTRE),Lunas,"",34300000.000002,0.0
11/10/2025,Faktur Pembelian,002243,LILI (PLATINUM),Lunas,BAYAR,8682000.0,0.0
11/10/2025,Faktur Pembelian,002244,LILI (PLATINUM),Lunas,BAYAR,4092000.0,0.0
11/10/2025,Faktur Pembelian,JJ-N/SBY//111025/005,PT. INDO WARNA MULIA ( ALFA INK ),Lunas,parfum ,1932000.0,1932000.0
12/10/2025,Faktur Pembelian,17053,4 saudara jaya teknik,Lunas,"",535600.000001,1.0e-06
12/10/2025,Faktur Pembelian,SI.2025.10.00089,CV CGM-11,Lunas,"",10901330.0,0.0
12/10/2025,Faktur Pembelian,17055,V KING SHOP,Lunas,"",820000.0,0.0
13/10/2025,Faktur Pembelian,17056,FIKTIF BELI,Lunas,"",150000.0,0.0
13/10/2025,Faktur Pembelian,JL.2510.05311,CANDRA (BLESSING),Lunas,"MASUK 

bayar",385000.0,0.0
13/10/2025,Faktur Pembelian,JL.2510.05203,CANDRA (BLESSING),Lunas,"MASUK 

bayar",1110000.0,0.0
13/10/2025,Faktur Pembelian,JL.2510.05191,CANDRA (BLESSING),Lunas,"MASUK 

bayar",4855000.000001,0.0
13/10/2025,Faktur Pembelian,S251013056,DYNAMICS MATARAM,Lunas,BAYAR,14820000.000001,0.0
13/10/2025,Faktur Pembelian,S251013045,DYNAMICS MATARAM,Lunas,BAYAR,40499999.999998,0.0
13/10/2025,Faktur Pembelian,PJL-25-10-00291,PT. Surya Makmur Kreasindo (HJ),Lunas,MASUK ,33760000.000003,0.0
13/10/2025,Faktur Pembelian,17071,PT CIPTA KARYA NUSANTARA ANDRE,Lunas,"",2490000.0,0.0
13/10/2025,Faktur Pembelian,SBY-SBY01A-NC25100130,AGRES IT,Lunas,"",36820000.0,0.0
13/10/2025,Faktur Pembelian,SBY-SBY01A-PC25100476,AGRES IT,Lunas,"",26300000.0,0.0
13/10/2025,Faktur Pembelian,FK 2535,BETA COM,Lunas,tf ke era data bca,4040000.0,0.0
13/10/2025,Faktur Pembelian,00700308_036,PRIYO (K GALAXY),Lunas,"",14405000.0,14405000.0
14/10/2025,Faktur Pembelian,17058,FIKTIF BELI,Lunas,"",1050000.0,0.0
14/10/2025,Faktur Pembelian,JL.2510.05733,CANDRA (BLESSING),Lunas,"MASUK 

",14279999.999999,0.0
14/10/2025,Faktur Pembelian,JL.2510.05634,CANDRA (BLESSING),Lunas,"MASUK 

",17910000.000001,0.0
14/10/2025,Faktur Pembelian,JL.2510.05568,CANDRA (BLESSING),Lunas,MASUK ,2795000.0,0.0
14/10/2025,Faktur Pembelian,JL.2510.05567,CANDRA (BLESSING),Lunas,"MASUK 

BAYAR",24260000.0,0.0
14/10/2025,Faktur Pembelian,JL.2510.05380,CANDRA (BLESSING),Lunas,MASUK ,3230000.0,0.0
14/10/2025,Faktur Pembelian,JL.2510.05359,CANDRA (BLESSING),Lunas,MASUK ,2940000.0,0.0
14/10/2025,Faktur Pembelian,JL.2510.05270,CANDRA (BLESSING),Lunas,"MASUK 

BAYAR",20955000.000001,0.0
14/10/2025,Faktur Pembelian,JL.2510.05389,CANDRA (BLESSING),Lunas,"MASUK 

BAYAR",78299999.999988,0.0
14/10/2025,Faktur Pembelian,PJL-25-10-00308,PT. Surya Makmur Kreasindo (HJ),Lunas,MASUK ,20749999.999996,0.0
14/10/2025,Faktur Pembelian,002246,LILI (PLATINUM),Lunas,BAYAR,675000.0,0.0
14/10/2025,Faktur Pembelian,JL202500005192,EDISON ATK,Lunas,REFISI KE CV TIGA NUSA ,8304400.000007,0.0
14/10/2025,Faktur Pembelian,JL5525100680,YULI (HP CENTRE),Lunas,"",41099999.999999,0.0
14/10/2025,Faktur Pembelian,SBY-2510-0266,GUDANG AKSESORIES SURABAYA (KURNIAWAN),Lunas,REFISI KE PPN,1082250.0,0.0
14/10/2025,Faktur Pembelian,JKT-JKT01A-PC25103877,AGRES IT,Lunas,"",157800000.0,0.0
15/10/2025,Faktur Pembelian,D/25/01590/NTB,PT SAMAMAJU PRIMA NTB,Lunas,bayar,31713930.0,0.0
15/10/2025,Faktur Pembelian,JL.2510.06025,CANDRA (BLESSING),Lunas,"MASUK 

",2575000.0,0.0
15/10/2025,Faktur Pembelian,17060,TATIK (LEGENDA),Lunas, MASUK,1750000.0,0.0
15/10/2025,Faktur Pembelian,17061,BENGKEL NOTEBOOK,Lunas,"",1520000.0,0.0
15/10/2025,Faktur Pembelian,17062,FIKTIF BELI,Lunas,"",152000.0,0.0
15/10/2025,Faktur Pembelian,17063,FIKTIF BELI,Lunas,"",5040000.0,0.0
15/10/2025,Faktur Pembelian,JL.2510.05927,CANDRA (BLESSING),Lunas,MASUK ,4233000.0,0.0
15/10/2025,Faktur Pembelian,JL.2510.06216,CANDRA (BLESSING),Lunas,"MASUK 

BAYAR
",17030000.0,0.0
15/10/2025,Faktur Pembelian,PJL-25-10-00363,PT. Surya Makmur Kreasindo (HJ),Lunas,MASUK,48509999.999998,0.0
15/10/2025,Faktur Pembelian,00700433_036,PRIYO (K GALAXY),Lunas,"",1701000.0,0.0
15/10/2025,Faktur Pembelian,SL2025.10.00168,CV CGM-11,Lunas,"",6500000.0,0.0
15/10/2025,Faktur Pembelian,17074,AGUS (DORAN),Lunas,BAYAR ,2253900.0,0.0
15/10/2025,Faktur Pembelian,17075,AGUS (DORAN),Lunas,BAYAR ,3144500.0,0.0
15/10/2025,Faktur Pembelian,JKT-JKT01A-PC25104390,AGRES IT,Lunas,"",37000000.000002,0.0
15/10/2025,Faktur Pembelian,JL5525100817,YULI (HP CENTRE),Lunas,"",2704999.999999,0.0
16/10/2025,Faktur Pembelian,JL.2510.06502,CANDRA (BLESSING),Lunas,"MASUK 

BAYAR",18220000.0,0.0
16/10/2025,Faktur Pembelian,17064,DYNAMICS MATARAM,Lunas,"MASUK
LUNAS BY RAHMAT",3875000.0,0.0
16/10/2025,Faktur Pembelian,JL.2510.06716,CANDRA (BLESSING),Lunas,"MASUK 

BAYAR",12290000.0,0.0
16/10/2025,Faktur Pembelian,JL.2510.06780,CANDRA (BLESSING),Lunas,"MASUK 

BAYAR",99750000.000006,0.0
16/10/2025,Faktur Pembelian,JL.2510.06769,CANDRA (BLESSING),Lunas,MASUK ,9639999.999999,0.0
16/10/2025,Faktur Pembelian,17065,FIKTIF BELI,Lunas,"",160000.0,0.0
16/10/2025,Faktur Pembelian,PJL-25-10-00377,PT. Surya Makmur Kreasindo (HJ),Lunas,MASUK ,20700000.000002,0.0
16/10/2025,Faktur Pembelian,PJL-25-10-00383,PT. Surya Makmur Kreasindo (HJ),Lunas,"MASUK

VIA BSA",7260000.000001,0.0
16/10/2025,Faktur Pembelian,PJL-25-10-00391,PT. Surya Makmur Kreasindo (HJ),Lunas,MASUK ,7570000.0,0.0
16/10/2025,Faktur Pembelian,JL.2510.06649,CANDRA (BLESSING),Lunas,"BAYAR


BAYAR",4300000.0,0.0
16/10/2025,Faktur Pembelian,JL.2510.06703,CANDRA (BLESSING),Lunas,"",2913000.000001,0.0
16/10/2025,Faktur Pembelian,FK 2587,BETA COM,Lunas,tf ke era data bca,14449999.999991,0.0
16/10/2025,Faktur Pembelian,002247,LILI (PLATINUM),Lunas,BAYAR ,3400000.0,0.0
17/10/2025,Faktur Pembelian,JL.2510.07217,CANDRA (BLESSING),Lunas,MASUK ,8145000.0,0.0
17/10/2025,Faktur Pembelian,JL.2510.07219,CANDRA (BLESSING),Lunas,"MASUK 

BAYAR",1942000.0,0.0
17/10/2025,Faktur Pembelian,JL.2510.07215,CANDRA (BLESSING),Lunas,"MASUK 

BAYAR",1185000.0,0.0
17/10/2025,Faktur Pembelian,JL.2510.07211,CANDRA (BLESSING),Lunas,"MASUK 


BAYAR",3050000.0,0.0
17/10/2025,Faktur Pembelian,JL.2510.07206,CANDRA (BLESSING),Lunas,"MASUK 


BAYAR",1350000.0,0.0
17/10/2025,Faktur Pembelian,JL.2510.06917,CANDRA (BLESSING),Lunas,"MASUK 

BAYAR",31450000.000001,0.0
17/10/2025,Faktur Pembelian,JL.2510.06916,CANDRA (BLESSING),Lunas,MASUK ,2575000.0,0.0
17/10/2025,Faktur Pembelian,17066,CANON BALI,Lunas,"",651015.0,0.0
17/10/2025,Faktur Pembelian,JN-N/SBY//171025/006,PT. INDO WARNA MULIA ( ALFA INK ),Lunas,REFISI KE CV TIGA NUSA ,10495100.000117,0.0
17/10/2025,Faktur Pembelian,jl5525100832,YULI (HP CENTRE),Lunas,"",1992000.0,0.0
17/10/2025,Faktur Pembelian,10202593239,AGUS (DORAN),Lunas,BAYAR ,2018000.0,0.0
18/10/2025,Faktur Pembelian,JL.2510.07362,CANDRA (BLESSING),Lunas,MASUK ,18435000.0,0.0
18/10/2025,Faktur Pembelian,JL.2510.07489,CANDRA (BLESSING),Lunas,"MASUK 

BAYAR",10270000.0,0.0
18/10/2025,Faktur Pembelian,17069,CAMELION INDONESIA,Lunas,"",181250.0,0.0
18/10/2025,Faktur Pembelian,17070,SOLUTION OFFICIAL,Lunas,"",1035650.0,0.0
18/10/2025,Faktur Pembelian,17072,FIKTIF BELI,Lunas,"",480000.0,0.0
18/10/2025,Faktur Pembelian,10202598782,AGUS (DORAN),Lunas,BAYAR ,10999000.0,0.0
20/10/2025,Faktur Pembelian,JL.2510.07638,CANDRA (BLESSING),Lunas,"MASUK 

BAYAR",19439999.999998,0.0
20/10/2025,Faktur Pembelian,JL.2510.07655,CANDRA (BLESSING),Lunas,"MASUK

BAYAR",6762000.0,0.0
20/10/2025,Faktur Pembelian,17073,CV AIRAV,Lunas,"",325000.0,0.0
20/10/2025,Faktur Pembelian,JL.2510.08198,CANDRA (BLESSING),Lunas,"MASUK 

BAYAR ",11100000.0,0.0
20/10/2025,Faktur Pembelian,JL.2510.08179,CANDRA (BLESSING),Lunas,"MASUK

BAYAR",1185000.0,0.0
20/10/2025,Faktur Pembelian,JL.2510.08019,CANDRA (BLESSING),Lunas,"MASUK

BAYAR",1975000.0,0.0
20/10/2025,Faktur Pembelian,FK 2637,BETA COM,Lunas,MASUK ,7015000.0,0.0
20/10/2025,Faktur Pembelian,2510103,ANDY (JMK),Lunas,BAYAR ,750000.0,0.0
21/10/2025,Faktur Pembelian,17076,KETUT DUARAYASA SUPLAYER,Lunas,MASUK ,3040000.0,0.0
21/10/2025,Faktur Pembelian,JL.2510.08283,CANDRA (BLESSING),Lunas,"MASUK

bayar",17920000.0,0.0
21/10/2025,Faktur Pembelian,JL.2510.08285,CANDRA (BLESSING),Lunas,"MASUK

bayar",4895000.0,0.0
21/10/2025,Faktur Pembelian,JL.2510.08287,CANDRA (BLESSING),Lunas,"MASUK

bayar",12580000.0,0.0
21/10/2025,Faktur Pembelian,JL.2510.08289,CANDRA (BLESSING),Lunas,"MASUK

VIA BSA",4910000.0,0.0
21/10/2025,Faktur Pembelian,17091,CANON BALI,Lunas,"",1745475.000001,0.0
22/10/2025,Faktur Pembelian,17077,FIKTIF BELI,Lunas,"",128000.0,0.0
22/10/2025,Faktur Pembelian,JL.2510.08824,CANDRA (BLESSING),Lunas,"MASUK
via BSA 

bayar",11390000.0,0.0
22/10/2025,Faktur Pembelian,jl.2510.08927,CANDRA (BLESSING),Lunas,"masuk

via bsa

bayar",13260000.0,0.0
22/10/2025,Faktur Pembelian,17078,HARAPAN BARU,Lunas,BELUM BAYAR,1585000.0,0.0
22/10/2025,Faktur Pembelian,S251022020,DYNAMICS MATARAM,Lunas,MASUK,7025000.0,0.0
22/10/2025,Faktur Pembelian,ONLINE SBY / INV/2025/211289,WULAN (DISCOUNT NOTEBOOK),Lunas,"",424000.0,0.0
22/10/2025,Faktur Pembelian,002249,LILI (PLATINUM),Lunas,BAYAR ,5550000.0,0.0
22/10/2025,Faktur Pembelian,JL0000002170,IP COM TOKO,Lunas,"",1350000.0,0.0
22/10/2025,Faktur Pembelian,25043911,DWI DUTA SARANA COMPUTER SURABAYA,Lunas,"",945000.0,0.0
23/10/2025,Faktur Pembelian,17079,KENZ COMPUTER,Lunas,"",840000.0,0.0
23/10/2025,Faktur Pembelian,jl.2510.09654,CANDRA (BLESSING),Lunas,MASUK ,6300000.0,0.0
23/10/2025,Faktur Pembelian,jl.2510.09413,CANDRA (BLESSING),Lunas,"MASUK

bayar ",30760000.0,0.0
23/10/2025,Faktur Pembelian,JL.2510.09567,CANDRA (BLESSING),Lunas,MASUK ,664000.0,0.0
23/10/2025,Faktur Pembelian,JL.2510.09489,CANDRA (BLESSING),Lunas,MASUK ,20180000.0,0.0
23/10/2025,Faktur Pembelian,S025100322,CV.MITRA TEGUH DISTRIBUSI EPRINT MATARAM,Lunas,"",2950337.0,0.0
24/10/2025,Faktur Pembelian,JL.2510.09688,CANDRA (BLESSING),Lunas,"MASUK 


BAYAR",3200000.0,0.0
24/10/2025,Faktur Pembelian,17080,FIKTIF BELI,Lunas,"",128000.0,0.0
24/10/2025,Faktur Pembelian,17081,FIKTIF BELI,Lunas,"",125000.0,0.0
24/10/2025,Faktur Pembelian,PJL-25-10-00458,PT. Surya Makmur Kreasindo (HJ),Lunas,MASUK VIA BIMA PERMAI,20700000.000002,0.0
24/10/2025,Faktur Pembelian,JL.2510.10049,CANDRA (BLESSING),Lunas,"MASUK 


BAYAR",585000.0,0.0
24/10/2025,Faktur Pembelian,JL.2510.09994,CANDRA (BLESSING),Lunas,"MASUK 

bayar ",15940000.0,0.0
24/10/2025,Faktur Pembelian,JL.2510.09989,CANDRA (BLESSING),Lunas,"MASUK 


BAYAR",1710000.0,0.0
24/10/2025,Faktur Pembelian,JL.2510.09840,CANDRA (BLESSING),Lunas,MASUK ,15340000.0,0.0
24/10/2025,Faktur Pembelian,S251024030,DYNAMICS MATARAM,Lunas,"",7199999.999999,0.0
24/10/2025,Faktur Pembelian,JKT-JKT01A-PC25106947,AGRES IT,Lunas,"",28500000.0,0.0
24/10/2025,Faktur Pembelian,FK 2722,BETA COM,Lunas,"MASUK VIA MUTIARA

tf ke era data bca",42650000.000005,0.0
25/10/2025,Faktur Pembelian,17083,ONLINE,Lunas,"",95000.0,0.0
25/10/2025,Faktur Pembelian,17084,ENDRA TELKOMSEL,Lunas,"",5000000.0,0.0
25/10/2025,Faktur Pembelian,17085,TATIK (LEGENDA),Lunas,belum masuk ,3950000.0,0.0
25/10/2025,Faktur Pembelian,JL.2510.10351,CANDRA (BLESSING),Lunas,"MASUK 

BAYAR",4240000.0,0.0
25/10/2025,Faktur Pembelian,JL.2510.10349,CANDRA (BLESSING),Lunas,"MASUK 

BAYAR",2050000.0,0.0
25/10/2025,Faktur Pembelian,JL.2510.10347,CANDRA (BLESSING),Lunas,"MASUK 

bayar ",8820000.0,0.0
25/10/2025,Faktur Pembelian,JL.2510.10131,CANDRA (BLESSING),Lunas,"MASUK 


BAYAR",3400000.0,0.0
25/10/2025,Faktur Pembelian,JL.2510.10046,CANDRA (BLESSING),Lunas,"MASUK 


BAYAR",3535000.0,0.0
25/10/2025,Faktur Pembelian,S251025034,DYNAMICS MATARAM,Lunas,"",10000000.0,0.0
25/10/2025,Faktur Pembelian,JL.2510.10416,CANDRA (BLESSING),Lunas,"MASUK

bayar ",4820000.0,0.0
25/10/2025,Faktur Pembelian,00701063_036,PRIYO (K GALAXY),Lunas,"",4370000.0,0.0
25/10/2025,Faktur Pembelian,JL202500002569,EDISON ATK,Lunas,MASUK KE CV TIGA NUSA ,1980000.000018,0.0
25/10/2025,Faktur Pembelian,PJL-25-10-00568,PT. Surya Makmur Kreasindo (HJ),Lunas,MASUK,30900000.000002,0.0
25/10/2025,Faktur Pembelian,JL5525101178,YULI (HP CENTRE),Lunas,MASUK,3675000.0,0.0
25/10/2025,Faktur Pembelian,JL0000002185,IP COM TOKO,Lunas,"",6300000.0,0.0
25/10/2025,Faktur Pembelian,FK 2739,BETA COM,Lunas,"",3735000.0,0.0
27/10/2025,Faktur Pembelian,PJL-25-10-00589,PT. Surya Makmur Kreasindo (HJ),Lunas,masuk,4870000.0,0.0
27/10/2025,Faktur Pembelian,JL.2510.10525,CANDRA (BLESSING),Lunas,MASUK ,57534999.999999,0.0
27/10/2025,Faktur Pembelian,JL.2510.10978,CANDRA (BLESSING),Lunas,"MASUK

BAYAR ",19130000.0,0.0
27/10/2025,Faktur Pembelian,JL.2510.10743,CANDRA (BLESSING),Lunas,"MASUK

BAYAR ",5790000.0,0.0
27/10/2025,Faktur Pembelian,PJL-25-10-00588,PT. Surya Makmur Kreasindo (HJ),Lunas,"masuk

via bpm",10300000.000001,0.0
27/10/2025,Faktur Pembelian,PJL-25-10-00600,PT. Surya Makmur Kreasindo (HJ),Lunas,"MASUK 

VIA BPM",7199999.999998,0.0
27/10/2025,Faktur Pembelian,JL0000002192,IP COM TOKO,Lunas,"",1125000.0,0.0
27/10/2025,Faktur Pembelian,17098,PT TERA DATA INDONUSA,Lunas,"",659999.999999,0.0
27/10/2025,Faktur Pembelian,002252,LILI (PLATINUM),Lunas,BAYAR ,1575000.0,0.0
27/10/2025,Faktur Pembelian,2510132,ANDY (JMK),Lunas,BAYAR ,9500000.0,0.0
27/10/2025,Faktur Pembelian,JN-N/SBY//271025/001,PT. INDO WARNA MULIA ( ALFA INK ),Lunas,REFISI KE CV TIGA NUSA ,2499999.999942,0.0
27/10/2025,Faktur Pembelian,JKT-JKT01A-PC25107455,AGRES IT,Lunas,"",52100000.000003,0.0
27/10/2025,Faktur Pembelian,PJL-25-10-00614,PT. Surya Makmur Kreasindo (HJ),Lunas,"",30750000.000003,0.0
27/10/2025,Faktur Pembelian,6782,GUDANG AKSESORIES SURABAYA (KURNIAWAN),Lunas,REFISI GABUNG NOTA ,4785000.0,0.0
27/10/2025,Faktur Pembelian,JKT-JKT01A-NC25101209,AGRES IT,Lunas,"",23550000.0,0.0
28/10/2025,Faktur Pembelian,JL.2510.11092,CANDRA (BLESSING),Lunas,"MASUK

BAYAR",11300000.0,0.0
28/10/2025,Faktur Pembelian,17088,ELMI COM,Lunas,"",7125000.0,0.0
28/10/2025,Faktur Pembelian,17089,FIKTIF BELI,Lunas,"",70000.0,0.0
28/10/2025,Faktur Pembelian,JL.2510.11179,CANDRA (BLESSING),Lunas,MASUK ,23909999.999999,0.0
28/10/2025,Faktur Pembelian,JL.2510.11315,CANDRA (BLESSING),Lunas,"MASUK 

BAYAR ",6050000.0,0.0
28/10/2025,Faktur Pembelian,JL.2510.11376,CANDRA (BLESSING),Lunas,"MASUK 

BAYAR",1805000.0,0.0
28/10/2025,Faktur Pembelian,2510DPS222/T0026,PT GALVA TECHNOLOGIES,Lunas,BAYAR,27690000.000002,0.0
28/10/2025,Faktur Pembelian,17103,AGUS (DORAN),Lunas,"",11170000.0,0.0
28/10/2025,Faktur Pembelian,102025151277,AGUS (DORAN),Lunas,"",26850000.000006,0.0
28/10/2025,Faktur Pembelian,002253,LILI (PLATINUM),Lunas,BAYAR ,14525000.0,0.0
28/10/2025,Faktur Pembelian,PJL-25-10-00644,PT. Surya Makmur Kreasindo (HJ),Lunas,"",7305000.000001,0.0
28/10/2025,Faktur Pembelian,00701221_036,PRIYO (K GALAXY),Lunas,"",3155000.0,0.0
28/10/2025,Faktur Pembelian,JKT-JKT01A-PC25107668,AGRES IT,Lunas,"",44500000.0,0.0
29/10/2025,Faktur Pembelian,17092,FIKTIF BELI,Lunas,"",370000.0,0.0
29/10/2025,Faktur Pembelian,17093,ANDY (JMK),Lunas,BAYAR ,1071000.0,0.0
29/10/2025,Faktur Pembelian,JL.2510.11582,CANDRA (BLESSING),Lunas,"MASUK 

bayar",470000.0,0.0
29/10/2025,Faktur Pembelian,JL.2510.11584,CANDRA (BLESSING),Lunas,"MASUK 

BAYAR ",17640000.0,0.0
29/10/2025,Faktur Pembelian,JL.2510.11808,CANDRA (BLESSING),Lunas,"REVISI NOTA, SALAH ITEM

MASUK 

bayar",2835000.0,0.0
29/10/2025,Faktur Pembelian,JL2510.11822,CANDRA (BLESSING),Lunas,"MASUK 

BAYAR ",16045000.0,0.0
29/10/2025,Faktur Pembelian,JL.2510.11855,CANDRA (BLESSING),Lunas,"MASUK 

bayar",12582000.0,0.0
29/10/2025,Faktur Pembelian,JL5525101321,YULI (HP CENTRE),Lunas,MASUK,46799999.999998,0.0
29/10/2025,Faktur Pembelian,JL5525101333,YULI (HP CENTRE),Lunas,MASUK,20150000.000001,0.0
29/10/2025,Faktur Pembelian,002255,LILI (PLATINUM),Lunas,BAYAR ,955000.0,0.0
29/10/2025,Faktur Pembelian,FK 2787,BETA COM,Lunas,"MASUK

VIA BPM

tf ke era data bca

REFISI KE CV TIGA NUSA",2790000.000001,0.0
30/10/2025,Faktur Pembelian,JL.2510.12002,CANDRA (BLESSING),Lunas,MASUK ,20180000.0,0.0
30/10/2025,Faktur Pembelian,17094,PERDANA SUPLAYER,Lunas,"",1350000.0,0.0
30/10/2025,Faktur Pembelian,JL.2510.12103,CANDRA (BLESSING),Lunas,MASUK ,8840000.0,0.0
30/10/2025,Faktur Pembelian,JL.2510.12204,CANDRA (BLESSING),Lunas,"MASUK 

BAYAR
",745000.0,0.0
30/10/2025,Faktur Pembelian,17095,FIKTIF BELI,Lunas,"",1500000.0,0.0
30/10/2025,Faktur Pembelian,JL.2510.12003,CANDRA (BLESSING),Lunas,"MASUK

BAYAR

",695000.0,0.0
30/10/2025,Faktur Pembelian,17096,ELMI COM,Lunas,"",34000000.0,0.0
30/10/2025,Faktur Pembelian,FK 2810,BETA COM,Lunas,"MASUK 

",13120000.0,0.0
30/10/2025,Faktur Pembelian,17099,FIKTIF BELI,Lunas,"",520000.0,0.0
30/10/2025,Faktur Pembelian,17101,ATM SURABAYA,Lunas,"",12300000.0,0.0
30/10/2025,Faktur Pembelian,17111,AGUS (DORAN),Lunas,"",2321300.0,0.0
30/10/2025,Faktur Pembelian,FK 2800,BETA COM,Lunas,"MASUK

VIA BPM",3280000.0,0.0
30/10/2025,Faktur Pembelian,JL5525101367,YULI (HP CENTRE),Lunas,"",19799999.999998,0.0
30/10/2025,Faktur Pembelian,JL.202500002611,EDISON ATK,Lunas,"",6112300.000026,0.0
31/10/2025,Faktur Pembelian,JL.2510.12407,CANDRA (BLESSING),Lunas,"MASUK 

BAYAR",6390000.0,0.0
31/10/2025,Faktur Pembelian,JL.2510.12439,CANDRA (BLESSING),Lunas,"",1925000.000001,0.0
31/10/2025,Faktur Pembelian,0001206/10/25,TATIK (LEGENDA),Lunas,MASUK,3950000.0,0.0
31/10/2025,Faktur Pembelian,17102,FIKTIF BELI,Lunas,"",2080000.0,0.0
31/10/2025,Faktur Pembelian,JL.2510.12609,CANDRA (BLESSING),Lunas,"MASUK 

BAYAR",11200000.0,0.0
31/10/2025,Faktur Pembelian,JL.2510.12593,CANDRA (BLESSING),Lunas,MASUK ,4670000.0,0.0
31/10/2025,Faktur Pembelian,JL.2510.12656,CANDRA (BLESSING),Lunas,"MASUK 

VIA BSA

BAYAR",13470000.0,0.0
31/10/2025,Faktur Pembelian,JL.2510.10737,CANDRA (BLESSING),Lunas,"MASUK 

VIA BSA

BAYAR",12180000.0,0.0
31/10/2025,Faktur Pembelian,17104,OBOR MAS BELI,Lunas,"",169999.999992,0.0
31/10/2025,Faktur Pembelian,17106,FIKTIF BELI,Lunas,"",1450000.0,0.0
31/10/2025,Faktur Pembelian,S251031032,DYNAMICS MATARAM,Lunas,"",16200000.0,0.0
31/10/2025,Faktur Pembelian,251000795,CV. BALI IT SOLUSI (ENY),Lunas,"",18215000.000026,0.0
31/10/2025,Faktur Pembelian,002257,LILI (PLATINUM),Lunas,BAYAR ,1760000.0,0.0
01/11/2025,Faktur Pembelian,17107,NURUL WTC,Lunas,"",7350000.0,0.0
01/11/2025,Faktur Pembelian,17108,ONLINE,Lunas,MASUK,625000.0,0.0
01/11/2025,Faktur Pembelian,JL.2511.00217,CANDRA (BLESSING),Lunas,"MASUK 

BAYAR",1185000.0,0.0
01/11/2025,Faktur Pembelian,002258,LILI (PLATINUM),Lunas,BAYAR ,735000.0,0.0
01/11/2025,Faktur Pembelian,17211,FIKTIF BELI,Lunas,"",1530000.0,0.0
03/11/2025,Faktur Pembelian,JL.2511.00403,CANDRA (BLESSING),Lunas,"MASUK 

bayar",28900000.000004,0.0
03/11/2025,Faktur Pembelian,JL.2511.00322,CANDRA (BLESSING),Lunas,"MASUK 

BAYAR",1364000.0,0.0
03/11/2025,Faktur Pembelian,JL.2511.00299,CANDRA (BLESSING),Lunas,MASUK ,13947000.000006,0.0
03/11/2025,Faktur Pembelian,17112,FIKTIF BELI,Lunas,"",1593000.0,0.0
03/11/2025,Faktur Pembelian,JL.2511.00723,CANDRA (BLESSING),Lunas,"MASUK 

bayar",1133999.999996,0.0
03/11/2025,Faktur Pembelian,JL.2511.00682,CANDRA (BLESSING),Lunas,"MASUK 

bayar",6190000.0,0.0
03/11/2025,Faktur Pembelian,JL.2511.00681,CANDRA (BLESSING),Lunas,"MASUK 

bayar",9299999.999998,0.0
03/11/2025,Faktur Pembelian,JL.2511.00742,CANDRA (BLESSING),Lunas,"MASUK 

bayar",7562000.000007,0.0
03/11/2025,Faktur Pembelian,17113,FIKTIF BELI,Lunas,"",2050000.0,0.0
03/11/2025,Faktur Pembelian,17114,FIKTIF BELI,Lunas,"",2050000.0,0.0
03/11/2025,Faktur Pembelian,JL.2511.00353,CANDRA (BLESSING),Lunas,bayar,13349000.000007,0.0
03/11/2025,Faktur Pembelian,11202510829,AGUS (DORAN),Lunas,"",359600.0,0.0
03/11/2025,Faktur Pembelian,1120251623,AGUS (DORAN),Lunas,BAYAR ,16999000.000028,0.0
03/11/2025,Faktur Pembelian,ONLINE SBY / INV/2025/219871,WULAN (DISCOUNT NOTEBOOK),Lunas,"",360000.0,0.0
03/11/2025,Faktur Pembelian,JL5525110056,YULI (HP CENTRE),Lunas,"",48250000.000002,0.0
03/11/2025,Faktur Pembelian,JL5525110055,YULI (HP CENTRE),Lunas,SALAH DI NOTAKAN AGUS ,10499999.99999,0.0
03/11/2025,Faktur Pembelian,JKT-JKT01A-PC25110501,AGRES IT,Lunas,"",58000000.0,0.0
03/11/2025,Faktur Pembelian,JKT-JKT01A-PC25110390,AGRES IT,Lunas,cacat 1 unit ,66850000.0,0.0
03/11/2025,Faktur Pembelian,JKT-JKT01A-PC25110368,AGRES IT,Lunas,"",72749999.999994,0.0
03/11/2025,Faktur Pembelian,002259,LILI (PLATINUM),Lunas,BAYAR ,12800000.0,0.0
04/11/2025,Faktur Pembelian,JL.2511.00796,CANDRA (BLESSING),Lunas,"MASUK 

BAYAR",25160000.0,0.0
04/11/2025,Faktur Pembelian,JL.2511.00826,CANDRA (BLESSING),Lunas,"MASUK 

BAYAR",3010000.0,0.0
04/11/2025,Faktur Pembelian,JL.2511.00920,CANDRA (BLESSING),Lunas,"MASUK 

BAYAR",21245000.0,0.0
04/11/2025,Faktur Pembelian,17116,DUTA CELL ELECTRONIC,Lunas,"",1645000.0,0.0
04/11/2025,Faktur Pembelian,S025110271,CV SARANA DUTA SOLUSINDO,Lunas,MASUK ,4420000.00001,0.0
04/11/2025,Faktur Pembelian,17117,CV AIRAV PUTRA,Lunas,"",487500.000012,0.0
04/11/2025,Faktur Pembelian,PJL-25-11-00065,PT. Surya Makmur Kreasindo (HJ),Lunas,"MASUK 

VIA BPM ",27775000.000003,0.0
04/11/2025,Faktur Pembelian,FK 2853,BETA COM,Lunas,"",1980000.0,0.0
04/11/2025,Faktur Pembelian,ONLINE SBY / INV/2025/221116,WULAN (DISCOUNT NOTEBOOK),Lunas,"",358000.0,0.0
04/11/2025,Faktur Pembelian,11202518500,AGUS (DORAN),Lunas,"",5530324.000026,0.0
04/11/2025,Faktur Pembelian,00701706_036,PRIYO (K GALAXY),Lunas,"",1890000.000003,0.0
05/11/2025,Faktur Pembelian,17118,ONLINE,Lunas,"",750000.0,0.0
05/11/2025,Faktur Pembelian,JL.2511.01226,CANDRA (BLESSING),Lunas,"MASUK 

BAYAR",5000000.000001,0.0
05/11/2025,Faktur Pembelian,ONLINE SBY / INV/2025/222005,WULAN (DISCOUNT NOTEBOOK),Lunas,"",334000.000002,0.0
06/11/2025,Faktur Pembelian,17119,FIKTIF BELI,Lunas,"",1040000.0,0.0
06/11/2025,Faktur Pembelian,JL.2511.01749,CANDRA (BLESSING),Lunas,MASUK ,416000.0,0.0
06/11/2025,Faktur Pembelian,JL.2511.01754,CANDRA (BLESSING),Lunas,MASUK ,519999.999999,0.0
06/11/2025,Faktur Pembelian,JL.2511.01821,CANDRA (BLESSING),Lunas,MASUK ,2792000.000001,0.0
06/11/2025,Faktur Pembelian,17122,PERDANA SURABAYA,Lunas,"",12340000.0,0.0
06/11/2025,Faktur Pembelian,17125,FIKTIF BELI,Lunas,"",480000.0,0.0
06/11/2025,Faktur Pembelian,JL5525110237,YULI (HP CENTRE),Lunas,"",874000.000001,0.0
06/11/2025,Faktur Pembelian,002261,LILI (PLATINUM),Lunas,BAYAR ,730000.0,0.0
06/11/2025,Faktur Pembelian,00701889_036,PRIYO (K GALAXY),Lunas,"",3999999.999996,0.0
07/11/2025,Faktur Pembelian,17120,FIKTIF BELI,Lunas,"",630000.0,0.0
07/11/2025,Faktur Pembelian,17121,TATIK (LEGENDA),Lunas,MASUK ,4240000.000022,0.0
07/11/2025,Faktur Pembelian,SO25110050,CV.MITRA TEGUH DISTRIBUSI EPRINT MATARAM,Lunas,"",22613973.559856,0.0
07/11/2025,Faktur Pembelian,17129,FIKTIF BELI,Lunas,"",450000.0,0.0
07/11/2025,Faktur Pembelian,FK 2914,BETA COM,Lunas,"",19440000.000007,0.0
07/11/2025,Faktur Pembelian,FK 2915,BETA COM,Lunas,"",4860000.0,0.0
07/11/2025,Faktur Pembelian,ONLINE SBY /INV/2025/223134,WULAN (DISCOUNT NOTEBOOK),Lunas,"",1737000.0,0.0
07/11/2025,Faktur Pembelian,002262,LILI (PLATINUM),Lunas,BAYAR ,3380000.0,0.0
07/11/2025,Faktur Pembelian,17183,FIKTIF BELI,Lunas,"",687500.0,0.0
08/11/2025,Faktur Pembelian,17123,FIKTIF BELI,Lunas,"",780000.0,0.0
08/11/2025,Faktur Pembelian,17124,HARAPAN BARU,Lunas,"",2225000.0,0.0
08/11/2025,Faktur Pembelian,JL.2511.02505,CANDRA (BLESSING),Lunas,MASUK ,4820000.0,0.0
08/11/2025,Faktur Pembelian,JL.2511.02501,CANDRA (BLESSING),Lunas,MASUK ,33675000.0,0.0
08/11/2025,Faktur Pembelian,JL.2511.02642,CANDRA (BLESSING),Lunas,masuk ,5965000.0,0.0
08/11/2025,Faktur Pembelian,JL.2511.02607,CANDRA (BLESSING),Lunas,MASUK ,24095000.0,0.0
08/11/2025,Faktur Pembelian,JL.2511.02649,CANDRA (BLESSING),Lunas,masuk ,1289999.999999,0.0
08/11/2025,Faktur Pembelian,JL.2511.02648,CANDRA (BLESSING),Lunas,MASUK ,24125000.0,0.0
08/11/2025,Faktur Pembelian,PJL-25-11-00180,PT. Surya Makmur Kreasindo (HJ),Lunas,"",3775000.0,0.0
08/11/2025,Faktur Pembelian,PJL-25-11-00181,PT. Surya Makmur Kreasindo (HJ),Lunas,"",9700000.0,0.0
08/11/2025,Faktur Pembelian,17128,BENGKEL NOTEBOOK,Lunas,"",750000.0,0.0
08/11/2025,Faktur Pembelian,17130,FIKTIF BELI,Lunas,"",290000.0,0.0
10/11/2025,Faktur Pembelian,JL.2511.02752,CANDRA (BLESSING),Lunas,"MASUK 


BAYAR",12495000.0,0.0
10/11/2025,Faktur Pembelian,JL.2511.02755,CANDRA (BLESSING),Lunas,"MASUK 


BAYAR",775000.0,0.0
10/11/2025,Faktur Pembelian,JL.2511.02742,CANDRA (BLESSING),Lunas,"MASUK 


BAYAR",7289999.999999,0.0
10/11/2025,Faktur Pembelian,17131,LEGALA,Lunas,"",1200000.0,0.0
10/11/2025,Faktur Pembelian,17132,FIKTIF BELI,Lunas,"",1300000.0,0.0
10/11/2025,Faktur Pembelian,11202551086,AGUS (DORAN),Lunas,"",480000.0,0.0
10/11/2025,Faktur Pembelian,002263,LILI (PLATINUM),Lunas,BAYAR ,1860000.0,0.0
10/11/2025,Faktur Pembelian,SBY-2511-0055,GUDANG AKSESORIES SURABAYA (KURNIAWAN),Lunas,"",14650000.000035,14650000.000035
10/11/2025,Faktur Pembelian,SBY-2511-0056,GUDANG AKSESORIES SURABAYA (KURNIAWAN),Lunas,"",1062500.00002,1062500.00002
11/11/2025,Faktur Pembelian,jl.2511.03231,CANDRA (BLESSING),Lunas,"MASUK 

bayar ",33769999.999998,0.0
11/11/2025,Faktur Pembelian,JL.2511.03253,CANDRA (BLESSING),Lunas,masuk ,8145000.0,0.0
11/11/2025,Faktur Pembelian,JL.2511.03326,CANDRA (BLESSING),Lunas,"masuk 

bayar ",8715000.0,0.0
11/11/2025,Faktur Pembelian,JL.2511.03342,CANDRA (BLESSING),Lunas,"masuk 

bayar ",1315000.0,0.0
11/11/2025,Faktur Pembelian,JL.2511.03474,CANDRA (BLESSING),Lunas,"MASUK 

bayar ",10305000.0,0.0
11/11/2025,Faktur Pembelian,251100253,CV. BALI IT SOLUSI (ENY),Lunas,"",10945000.000014,0.0
11/11/2025,Faktur Pembelian,PJL-25-11-000236,PT. Surya Makmur Kreasindo (HJ),Lunas,MASUK ,12149999.999999,0.0
11/11/2025,Faktur Pembelian,PJL-25-11-00235,PT. Surya Makmur Kreasindo (HJ),Lunas,MASUK ,2060000.0,0.0
11/11/2025,Faktur Pembelian,002264,LILI (PLATINUM),Lunas,BAYAR ,765000.0,0.0
11/11/2025,Faktur Pembelian,111125/001,PT. INDO WARNA MULIA ( ALFA INK ),Lunas,"",1075680.000043,1075680.000043
11/11/2025,Faktur Pembelian,FK 2957,BETA COM,Lunas,"",27839999.999972,0.0
12/11/2025,Faktur Pembelian,JL.2511.03549,CANDRA (BLESSING),Lunas,"MASUK 

BAYAR ",21715000.0,0.0
12/11/2025,Faktur Pembelian,JL.2511.03547,CANDRA (BLESSING),Lunas,"MASUK 

BAYAR ",64350000.0,0.0
12/11/2025,Faktur Pembelian,JL.2511.03730,CANDRA (BLESSING),Lunas,"MASUK 

BAYAR ",4875000.0,0.0
12/11/2025,Faktur Pembelian,17135,LEGALA,Lunas,"",13300000.0,0.0
12/11/2025,Faktur Pembelian,17136,ONLINE,Lunas,"",1850000.0,0.0
12/11/2025,Faktur Pembelian,17137,ONLINE,Lunas,"",1500000.0,0.0
12/11/2025,Faktur Pembelian,JL.2511.04001,CANDRA (BLESSING),Lunas,MASUK ,6650000.0,0.0
12/11/2025,Faktur Pembelian,JL.2511.04006,CANDRA (BLESSING),Lunas,MASUK ,5395000.0,0.0
12/11/2025,Faktur Pembelian,JL5525110433,YULI (HP CENTRE),Lunas,"",33899999.999999,0.0
12/11/2025,Faktur Pembelian,PJL-25-11-00257,PT. Surya Makmur Kreasindo (HJ),Lunas,MASUK ,10300000.0,0.0
12/11/2025,Faktur Pembelian,ONLINE SBY/ INV/2025/226017,WULAN (DISCOUNT NOTEBOOK),Lunas,"",877000.0,0.0
13/11/2025,Faktur Pembelian,JL.2511.04087,CANDRA (BLESSING),Lunas,"MASUK 

BAYAR ",2713000.0,0.0
13/11/2025,Faktur Pembelian,JL.2511.04085,CANDRA (BLESSING),Lunas,MASUK ,325000.0,0.0
13/11/2025,Faktur Pembelian,JL.2511.04084,CANDRA (BLESSING),Lunas,"MASUK 

BAYAR ",4825000.0,0.0
13/11/2025,Faktur Pembelian,JL.2511.04083,CANDRA (BLESSING),Lunas,"MASUK 


bayar 

",9695000.0,0.0
13/11/2025,Faktur Pembelian,JL.2511.04115,CANDRA (BLESSING),Lunas,"MASUK 

BAYAR ",1465000.0,0.0
13/11/2025,Faktur Pembelian,JL.2511.04137,CANDRA (BLESSING),Lunas,"MASUK 

BAYAR ",7015000.0,0.0
13/11/2025,Faktur Pembelian,JL.2511.04284,CANDRA (BLESSING),Lunas,"
bayar ",36400000.000001,0.0
13/11/2025,Faktur Pembelian,JL.2511.04322,CANDRA (BLESSING),Lunas,MASUK ,7885000.0,0.0
13/11/2025,Faktur Pembelian,17139,ONLINE,Lunas,"",70000.0,0.0
13/11/2025,Faktur Pembelian,S251113020,DYNAMICS MATARAM,Lunas,"",7700000.0,0.0
13/11/2025,Faktur Pembelian,PJL-25-11-00297,PT. Surya Makmur Kreasindo (HJ),Lunas,MASUK ,22200000.0,0.0
13/11/2025,Faktur Pembelian,002265,LILI (PLATINUM),Lunas,BAYAR ,3225000.0,0.0
13/11/2025,Faktur Pembelian,17153,PT TERA DATA INDONUSA,Lunas,"",220000.0,0.0
13/11/2025,Faktur Pembelian,FK 3016,BETA COM,Lunas,"",9720000.0,0.0
13/11/2025,Faktur Pembelian,JL202500002686,EDISON ATK,Lunas,BAYAR ,3234000.000096,0.0
14/11/2025,Faktur Pembelian,JL.2511.04573,CANDRA (BLESSING),Lunas,"MASUK 

BAYAR ",22650000.000001,0.0
14/11/2025,Faktur Pembelian,JL.2511.04491,CANDRA (BLESSING),Lunas,"MASUK 

bayar ",9365000.0,0.0
14/11/2025,Faktur Pembelian,JL.2511.04636,CANDRA (BLESSING),Lunas,"MASUK 

BAYAR ",5840000.000001,0.0
14/11/2025,Faktur Pembelian,JL.2511.04710,CANDRA (BLESSING),Lunas,"MASUK 

BAYAR ",24365000.0,0.0
14/11/2025,Faktur Pembelian,JL.2511.04720,CANDRA (BLESSING),Lunas,MASUK ,1170000.0,0.0
14/11/2025,Faktur Pembelian,17140,ONLINE,Lunas,"",4950000.0,0.0
14/11/2025,Faktur Pembelian,JL.2511.04741,CANDRA (BLESSING),Lunas,MASUK ,1710000.0,0.0
14/11/2025,Faktur Pembelian,17141,ONLINE,Lunas,"",853000.0,0.0
14/11/2025,Faktur Pembelian,251100324,CV. BALI IT SOLUSI (ENY),Lunas,"",12175000.000004,0.0
14/11/2025,Faktur Pembelian,FK 3046,BETA COM,Lunas,"",9020000.0,0.0
14/11/2025,Faktur Pembelian,ONLINE SBY / INV/2025/228498,WULAN (DISCOUNT NOTEBOOK),Lunas,"",136000.0,0.0
14/11/2025,Faktur Pembelian,ONLINE SBT / INV/2025/229028,WULAN (DISCOUNT NOTEBOOK),Lunas,"",400000.0,0.0
15/11/2025,Faktur Pembelian,JL.2511.04795,CANDRA (BLESSING),Lunas,"MASUK 

bayar ",29580000.0,0.0
15/11/2025,Faktur Pembelian,JL.2511.04793,CANDRA (BLESSING),Lunas,"MASUK 

BAYAR ",509999.999999,0.0
15/11/2025,Faktur Pembelian,17142,PRIYO (K GALAXY),Lunas,"",7434999.999999,0.0
15/11/2025,Faktur Pembelian,17143,FIKTIF BELI,Lunas,"",3060000.0,0.0
15/11/2025,Faktur Pembelian,JL.2511.04898,CANDRA (BLESSING),Lunas,"MASUK 

BAYAR ",9490000.000001,0.0
15/11/2025,Faktur Pembelian,11202557875,AGUS (DORAN),Lunas,"",23850000.000126,0.0
15/11/2025,Faktur Pembelian,FK 3040,BETA COM,Lunas,"

MASUK VIA BPM ",16880000.0,0.0
15/11/2025,Faktur Pembelian,17145,DUTA CELL ELEKTRONIK,Lunas,"",2000000.0,0.0
15/11/2025,Faktur Pembelian,17146,GLOBAL FIBER OPTIC,Lunas,MASUK ,6975000.0,0.0
15/11/2025,Faktur Pembelian,17147,GLOBAL FIBER OPTIC,Lunas,MASUK ,3871125.0,0.0
15/11/2025,Faktur Pembelian,JL.2511.04956,CANDRA (BLESSING),Lunas,BAYAR ,4924999.999998,0.0
15/11/2025,Faktur Pembelian,002266,LILI (PLATINUM),Lunas,BAYAR ,715000.0,0.0
16/11/2025,Faktur Pembelian,17148,ONLINE,Lunas,"",972000.0,0.0
17/11/2025,Faktur Pembelian,JL.2511.05037,CANDRA (BLESSING),Lunas,"MASUK 

bayar ",56710000.000003,0.0
17/11/2025,Faktur Pembelian,17149,ONLINE,Lunas,"",600000.0,0.0
17/11/2025,Faktur Pembelian,JL.2511.05199,CANDRA (BLESSING),Lunas,"MASUK 

bayar",620000.0,0.0
17/11/2025,Faktur Pembelian,17150,FIKTIF BELI,Lunas,"",645000.0,0.0
17/11/2025,Faktur Pembelian,JL.2511.05040,CANDRA (BLESSING),Lunas,"MASUK 

VIA BSA

bayar",9135000.000004,0.0
17/11/2025,Faktur Pembelian,JL.2511.05288,CANDRA (BLESSING),Lunas,"MASUK 

bayar",16674999.999999,0.0
17/11/2025,Faktur Pembelian,17151,ATM,Lunas,MASUK ,6157000.0,0.0
17/11/2025,Faktur Pembelian,JL.2511.05374,CANDRA (BLESSING),Lunas,MASUK ,28900000.000004,0.0
17/11/2025,Faktur Pembelian,JL.2511.05317,CANDRA (BLESSING),Lunas,"MASUK 

bayar",18580000.0,0.0
17/11/2025,Faktur Pembelian,JL.2511.05432,CANDRA (BLESSING),Lunas,"ASUS KS

T5N0CX03310520E

T5N0CX033496205

T5N0CX03F712206

T5N0CX03F402200

T5N0CX03327320A



",22100000.0,0.0
17/11/2025,Faktur Pembelian,17152,FIKTIF BELI,Lunas,"",70000.0,0.0
17/11/2025,Faktur Pembelian,JL.2511.05391,CANDRA (BLESSING),Lunas,"MASUK 

bayar",6800000.0,0.0
17/11/2025,Faktur Pembelian,00702618_036,PRIYO (K GALAXY),Lunas,"",1035000.000002,2.0e-06
17/11/2025,Faktur Pembelian,2511067,ANDY (JMK),Lunas,"",2500000.0,0.0
17/11/2025,Faktur Pembelian,PJL-25-11-00392,PT. Surya Makmur Kreasindo (HJ),Lunas,MASUK ,45274999.999996,0.0
17/11/2025,Faktur Pembelian,17165,BETA COM,Lunas,MASUK ,17720000.000001,0.0
17/11/2025,Faktur Pembelian,11202592997,AGUS (DORAN),Lunas,"",2500000.049997,0.0
18/11/2025,Faktur Pembelian,JL5525110730,YULI (HP CENTRE),Lunas,BAYAR ,9949500.000017,0.0
18/11/2025,Faktur Pembelian,002267,LILI (PLATINUM),Lunas,bayar tgl 6  1 2026,2045000.0,2045000.0
18/11/2025,Faktur Pembelian,ACJ01/01/FP/2511/AH00003,PT. ANGKASA CERAH JAYA,Lunas,MASUK ,16675000.0,0.0
19/11/2025,Faktur Pembelian,17154,ONLINE,Lunas,"",2150000.0,0.0
19/11/2025,Faktur Pembelian,17155,PERDANA SURABAYA,Lunas,"",3495000.0,0.0
19/11/2025,Faktur Pembelian,17157,HARAPAN BARU,Lunas,"",10000000.0,0.0
19/11/2025,Faktur Pembelian,17158,ONLINE,Lunas,"",9344150.0,0.0
19/11/2025,Faktur Pembelian,17159,TATIK (LEGENDA),Lunas,MASUK ,4240000.000022,0.0
19/11/2025,Faktur Pembelian,ONLINE SBY / INV/2025/232338,WULAN (DISCOUNT NOTEBOOK),Lunas,MASUK,2227500.0,0.0
19/11/2025,Faktur Pembelian,112025107244,AGUS (DORAN),Lunas,"",4949000.0,0.0
19/11/2025,Faktur Pembelian,JKT-JKT01A-PC25114820,AGRES IT,Lunas,"",72500000.0,0.0
19/11/2025,Faktur Pembelian,JL202500002724,EDISON ATK,Lunas,"",2925000.000072,0.0
19/11/2025,Faktur Pembelian,17194,ANDRIANY MUSTIKA SARI (cencen),Lunas,Tf tgl 18,8360000.0,0.0
20/11/2025,Faktur Pembelian,17160,ONLINE,Lunas,"",1172000.0,0.0
20/11/2025,Faktur Pembelian,17161,ONLINE,Lunas,"",350000.0,0.0
20/11/2025,Faktur Pembelian,17162,ONLINE,Lunas,"",166000.0,0.0
20/11/2025,Faktur Pembelian,JL.2511.05677,CANDRA (BLESSING),Lunas,"MASUK 

VIA BSA

bayar ",8230000.0,0.0
20/11/2025,Faktur Pembelian,JL.2511.05539,CANDRA (BLESSING),Lunas,"MASUK 

bayar ",498000.000002,0.0
20/11/2025,Faktur Pembelian,JL.2511.05469,CANDRA (BLESSING),Lunas,"MASUK 

bayar ",396000.0,0.0
20/11/2025,Faktur Pembelian,jl.2511.05467,CANDRA (BLESSING),Lunas,"belum masuk

via bsa

bayar ",54884999.999998,0.0
20/11/2025,Faktur Pembelian,JL.2511.05466,CANDRA (BLESSING),Lunas,"MASUK 

bayar ",12870000.0,0.0
20/11/2025,Faktur Pembelian,JL.2511.05465,CANDRA (BLESSING),Lunas,"MASUK 

bayar ",32340000.0,0.0
20/11/2025,Faktur Pembelian,JL.2511.05463,CANDRA (BLESSING),Lunas,"MASUK 

bayar ",25430000.0,0.0
20/11/2025,Faktur Pembelian,JL.2511.05462,CANDRA (BLESSING),Lunas,"MASUK 

bayar ",31865000.0,0.0
20/11/2025,Faktur Pembelian,JK/25/11/0240,ELMI COM,Lunas,"",9599999.999999,0.0
20/11/2025,Faktur Pembelian,JL5525110852,YULI (HP CENTRE),Lunas,"",34199999.999999,0.0
20/11/2025,Faktur Pembelian,JL5525110850,YULI (HP CENTRE),Lunas,"",35099999.999998,0.0
20/11/2025,Faktur Pembelian,00702831_036,PRIYO (K GALAXY),Lunas,"",850000.000005,0.0
20/11/2025,Faktur Pembelian,JKT-JKT01A-PC25115106,AGRES IT,Lunas,"",50800000.000001,0.0
20/11/2025,Faktur Pembelian,JKT-JKT01A-PC25115104,AGRES IT,Lunas,"",19599999.999998,0.0
21/11/2025,Faktur Pembelian,17163,PT GALVA TECHNOLOGIES,Lunas,"",1326561.0,0.0
21/11/2025,Faktur Pembelian,17164,AZKO,Lunas,RAHMAT,700000.0,0.0
21/11/2025,Faktur Pembelian,PJL-25-11-00457,PT. Surya Makmur Kreasindo (HJ),Lunas,"MASUK 

BAYAR ",9700000.0,0.0
21/11/2025,Faktur Pembelian,JL.2511.05895,CANDRA (BLESSING),Lunas,"MASUK 

bayar ",6020000.000001,0.0
21/11/2025,Faktur Pembelian,JL.2511.05840,CANDRA (BLESSING),Lunas,MASUK ,7560000.0,0.0
21/11/2025,Faktur Pembelian,JL.2511.05785,CANDRA (BLESSING),Lunas,MASUK ,3400000.0,0.0
21/11/2025,Faktur Pembelian,JL.2511.05783,CANDRA (BLESSING),Lunas,"MASUK 

bayar ",43485000.0,0.0
21/11/2025,Faktur Pembelian,JL.2511.05695,CANDRA (BLESSING),Lunas,"MASUK

bayar ",11939999.999999,0.0
21/11/2025,Faktur Pembelian,JL.2511.05609,CANDRA (BLESSING),Lunas,MASUK ,4855000.000001,0.0
21/11/2025,Faktur Pembelian,JL.2511.05955,CANDRA (BLESSING),Lunas,MASUK,24125000.0,0.0
21/11/2025,Faktur Pembelian,JL.2511.05559,CANDRA (BLESSING),Lunas,"MASUK 

VIA BSA

bayar ",5035000.0,0.0
21/11/2025,Faktur Pembelian,JL.2511.06010,CANDRA (BLESSING),Lunas,"ASUS KS

T5N0CX03F516209

T5N0CX03F54020B

T5N0CX03F487202

T5N0CX03320420B

T5N0CX038658203




",22100000.0,0.0
21/11/2025,Faktur Pembelian,JL.2511.06008,CANDRA (BLESSING),Lunas,"MASUK 

bayar ",1709999.999999,0.0
21/11/2025,Faktur Pembelian,JL.2511.06037,CANDRA (BLESSING),Lunas,MASUK ,12290000.0,0.0
21/11/2025,Faktur Pembelian,PJL-25-11-00510,PT. Surya Makmur Kreasindo (HJ),Lunas,BAYAR ,4810000.0,0.0
21/11/2025,Faktur Pembelian,PJL-25-11-00509,PT. Surya Makmur Kreasindo (HJ),Lunas,BAYAR ,13900000.0,0.0
21/11/2025,Faktur Pembelian,JK/25/11/0254,ELMI COM,Lunas,"",7175000.0,0.0
21/11/2025,Faktur Pembelian,002269,LILI (PLATINUM),Lunas,bayar tgl 6  1 2026,1030000.0,1030000.0
21/11/2025,Faktur Pembelian,00702929_036,PRIYO (K GALAXY),Lunas,"",5030000.000001,0.0
22/11/2025,Faktur Pembelian,2511101,ANDY (JMK),Lunas,MASUK ,4530000.0,0.0
22/11/2025,Faktur Pembelian,JL.2511.06054,CANDRA (BLESSING),Lunas,"MASUK 

bayar ",15940000.0,0.0
22/11/2025,Faktur Pembelian,17167,ELMI COM,Lunas,"",13400000.0,0.0
22/11/2025,Faktur Pembelian,JKT-JKT01A-PC25115628,AGRES IT,Lunas,BAYAR ,24499999.999998,0.0
23/11/2025,Faktur Pembelian,17168,FIKTIF BELI,Lunas,"",645000.0,0.0
23/11/2025,Faktur Pembelian,17169,FIKTIF BELI,Lunas,"",14700000.0,0.0
24/11/2025,Faktur Pembelian,JL.2511.06327,CANDRA (BLESSING),Lunas,MASUK ,7105000.0,0.0
24/11/2025,Faktur Pembelian,JL.2511.06504,CANDRA (BLESSING),Lunas,"MASUK 

BAYAR ",63740000.0,0.0
24/11/2025,Faktur Pembelian,JL.2511.06605,CANDRA (BLESSING),Lunas,"MASUK 

BAYAR ",66300000.0,0.0
24/11/2025,Faktur Pembelian,17170,ONLINE,Lunas,"",6850000.0,0.0
24/11/2025,Faktur Pembelian,251100444,CV. BALI IT SOLUSI (ENY),Lunas,"",18575000.000029,0.0
24/11/2025,Faktur Pembelian,PJL-25-11-00562,PT. Surya Makmur Kreasindo (HJ),Lunas,MASUK ,7530000.0,0.0
24/11/2025,Faktur Pembelian,ONLINE SBY / INV/2025/235758,WULAN (DISCOUNT NOTEBOOK),Lunas,"",274000.0,0.0
24/11/2025,Faktur Pembelian,PJL-25-11-00576,PT. Surya Makmur Kreasindo (HJ),Lunas,MASUK ,20500000.0,0.0
24/11/2025,Faktur Pembelian,002271,LILI (PLATINUM),Lunas,bayar tgl 6  1 2026,710000.0,710000.0
24/11/2025,Faktur Pembelian,112025133148,AGUS (DORAN),Lunas,BAYAR ,14799999.999963,0.0
24/11/2025,Faktur Pembelian,00703045_036,PRIYO (K GALAXY),Lunas,"",5759999.999994,0.0
24/11/2025,Faktur Pembelian,JKT-JKT01A-PC25115868,AGRES IT,Lunas,"POTONG ECN ONGKIR 

BAYAR ",4900000.0,0.0
25/11/2025,Faktur Pembelian,17171,AGUS (DORAN),Lunas,MASUK ,16458000.0,0.0
25/11/2025,Faktur Pembelian,17172,YULI (HP CENTRE),Lunas,MASUK ,4750000.0,0.0
25/11/2025,Faktur Pembelian,JL.2511.06828,CANDRA (BLESSING),Lunas,"MASUK 

BAYAR ",16410000.0,0.0
25/11/2025,Faktur Pembelian,17173,ONLINE,Lunas,"",1450000.0,0.0
25/11/2025,Faktur Pembelian,17174,TERMINAL GAME,Lunas,BELUM MASUK ,3175000.0,0.0
25/11/2025,Faktur Pembelian,17175,ONLINE,Lunas,BELUM M MASUK ONLINE ,3359610.0,0.0
25/11/2025,Faktur Pembelian,17176,PT SUMBER BAHAGIA DIGITAL,Lunas,BELUM MASUK ,17330000.0,0.0
25/11/2025,Faktur Pembelian,17177,FIKTIF BELI,Lunas,"",152000.0,0.0
25/11/2025,Faktur Pembelian,JL.2511.07009,CANDRA (BLESSING),Lunas,"
BAYAR",6480000.0,0.0
25/11/2025,Faktur Pembelian,JL.2511.07111,CANDRA (BLESSING),Lunas,"",1790000.0,0.0
25/11/2025,Faktur Pembelian,JL.2511.07072,CANDRA (BLESSING),Lunas,BAYAR ,19255000.0,0.0
25/11/2025,Faktur Pembelian,S025110357,CV.MITRA TEGUH DISTRIBUSI EPRINT MATARAM,Lunas,bayar ,20362682.49999,0.0
25/11/2025,Faktur Pembelian,PJL-25-11-00584,PT. Surya Makmur Kreasindo (HJ),Lunas,MASUK ,5820000.000001,0.0
25/11/2025,Faktur Pembelian,002272,LILI (PLATINUM),Lunas,bayar tgl 6  1 2026,765000.0,765000.0
25/11/2025,Faktur Pembelian,112025139483,AGUS (DORAN),Lunas,"",33390000.0,0.0
25/11/2025,Faktur Pembelian,112025139477,AGUS (DORAN),Lunas,BAYAR ,10200000.0,0.0
25/11/2025,Faktur Pembelian,25/11/00131,PT CIPTA KARYA NUSANTARA ANDRE,Lunas,"",10545000.0,0.0
25/11/2025,Faktur Pembelian,FK 3179,BETA COM,Lunas,"",23670000.0,0.0
25/11/2025,Faktur Pembelian,JL202500002772,EDISON ATK,Lunas,"",9279999.9996,9254999.9996
26/11/2025,Faktur Pembelian,JL.2511.07246,CANDRA (BLESSING),Lunas,"MASUK 

BAYAR ",12230000.0,0.0
26/11/2025,Faktur Pembelian,JL.2511.07249,CANDRA (BLESSING),Lunas,"MASUK 

BAYAR ",17360000.0,0.0
26/11/2025,Faktur Pembelian,JL.2511.07270,CANDRA (BLESSING),Lunas,"MASUK 

BAYAR ",13600000.0,0.0
26/11/2025,Faktur Pembelian,17178,FIKTIF BELI,Lunas,"",5100000.0,0.0
26/11/2025,Faktur Pembelian,17179,KETUT DUARAYASA SUPLAYER,Lunas,"",19105000.0,0.0
26/11/2025,Faktur Pembelian,JL.2511.07382,CANDRA (BLESSING),Lunas,MASUK ,1295000.0,0.0
26/11/2025,Faktur Pembelian,JL.2511.07440,CANDRA (BLESSING),Lunas,MASUK ,4910000.0,0.0
26/11/2025,Faktur Pembelian,JL.2511.07565,CANDRA (BLESSING),Lunas,"MASUK 

BAYAR",9490000.0,0.0
26/11/2025,Faktur Pembelian,2511128,ANDY (JMK),Lunas,"",4750000.0,0.0
26/11/2025,Faktur Pembelian,FK 3183,BETA COM,Lunas,"",4800000.0,0.0
26/11/2025,Faktur Pembelian,2511129,ANDY (JMK),Lunas,"",9500000.0,0.0
27/11/2025,Faktur Pembelian,17180,GREY COM,Lunas,"",2490000.0,0.0
27/11/2025,Faktur Pembelian,17181,ATM,Lunas,masuk ,11720000.0,0.0
27/11/2025,Faktur Pembelian,JL.2511.07668,CANDRA (BLESSING),Lunas,"MASUK 

BAYAR ",31355000.0,0.0
27/11/2025,Faktur Pembelian,17182,FIKTIF BELI,Lunas,"",152000.0,0.0
27/11/2025,Faktur Pembelian,JL.2511.07821,CANDRA (BLESSING),Lunas,"MASUK 

bayar ",3295000.0,0.0
27/11/2025,Faktur Pembelian,PJL-25-11-00647,PT. Surya Makmur Kreasindo (HJ),Lunas,"",12150000.0,0.0
27/11/2025,Faktur Pembelian,FK 3203,BETA COM,Lunas,"",25384000.0,0.0
27/11/2025,Faktur Pembelian,002273,LILI (PLATINUM),Lunas,bayar tgl 6  1 2026,1350000.0,1350000.0
27/11/2025,Faktur Pembelian,JKT-JKT01A-PC25116837,AGRES IT,Lunas,"",44500000.0,0.0
27/11/2025,Faktur Pembelian,JKT-JKT01A-PC25116733,AGRES IT,Lunas,BAYAR ,18960000.0,0.0
28/11/2025,Faktur Pembelian,JL.2511.07929,CANDRA (BLESSING),Lunas,"MASUK 

BAYAR ",52390000.0,0.0
28/11/2025,Faktur Pembelian,JL.2511.07953,CANDRA (BLESSING),Lunas,"MASUK 

BAYAR ",15100000.0,0.0
28/11/2025,Faktur Pembelian,JL.2511.08010,CANDRA (BLESSING),Lunas,"MASUK 

BAYAR ",22100000.0,0.0
28/11/2025,Faktur Pembelian,JL.2511.08191,CANDRA (BLESSING),Lunas,"MASUK 

BAYAR ",51825000.0,0.0
28/11/2025,Faktur Pembelian,17184,ONLINE,Lunas,"",925000.0,0.0
28/11/2025,Faktur Pembelian,INV/2025/239253,WULAN (DISCOUNT NOTEBOOK),Lunas,"",469999.999999,0.0
28/11/2025,Faktur Pembelian,002274,LILI (PLATINUM),Lunas,bayar tgl 6  1 2026,1115000.0,1115000.0
28/11/2025,Faktur Pembelian,00703429_036,PRIYO (K GALAXY),Lunas,"",6562500.0,0.0
28/11/2025,Faktur Pembelian,112025151660,AGUS (DORAN),Lunas,CHACHA ,15400000.0,0.0
28/11/2025,Faktur Pembelian,112025151678,AGUS (DORAN),Lunas,"",2500000.000005,0.0
01/12/2025,Faktur Pembelian,JL.2512.00135,CANDRA (BLESSING),Lunas,"MASUK 

BAYAR ",310000.000001,0.0
01/12/2025,Faktur Pembelian,JL.2512.00133,CANDRA (BLESSING),Lunas,"MASUK 

bayar",9535000.0,0.0
01/12/2025,Faktur Pembelian,JL.2512.00129,CANDRA (BLESSING),Lunas,"MASUK 

BAYAR ",38375000.0,0.0
01/12/2025,Faktur Pembelian,17185,ONLINE,Lunas,"",8200000.0,0.0
01/12/2025,Faktur Pembelian,17186,ONLINE,Lunas,"",3850000.0,0.0
01/12/2025,Faktur Pembelian,17187,ONLINE,Lunas,"",80000.0,0.0
01/12/2025,Faktur Pembelian,17188,TE2 COMPUTER SURABAYA,Lunas,MASUK ,2850000.0,0.0
01/12/2025,Faktur Pembelian,17189,ONLINE,Lunas,"",4700000.0,0.0
01/12/2025,Faktur Pembelian,17190,FIKTIF BELI,Lunas,"",128000.0,0.0
01/12/2025,Faktur Pembelian,JL.2512.00322,CANDRA (BLESSING),Lunas,BAYAR ,900000.0,0.0
01/12/2025,Faktur Pembelian,002276,LILI (PLATINUM),Lunas,bayar tgl 6  1 2026,1000000.0,1000000.0
01/12/2025,Faktur Pembelian,1220250006,AGUS (DORAN),Lunas,BAYAR ,23850000.0,0.0
01/12/2025,Faktur Pembelian,JL/25/12/00000006,CV. NOAH SEJAHTERA ABADI,Lunas,"",6480000.0,6480000.0
01/12/2025,Faktur Pembelian,JKT-JKT01A-NC25120005,AGRES IT,Lunas,"",83700000.0,0.0
01/12/2025,Faktur Pembelian,JKT-JKT01A-PC25120060,AGRES IT,Lunas,"",83700000.0,83700000.0
01/12/2025,Faktur Pembelian,00703535_036,PRIYO (K GALAXY),Lunas,"",1260000.0,0.0
01/12/2025,Faktur Pembelian,00703578_036,PRIYO (K GALAXY),Lunas,BAYAR ,13420000.000001,0.0
02/12/2025,Faktur Pembelian,17191,AIRAV,Lunas,"",780000.0,0.0
02/12/2025,Faktur Pembelian,17192,ONLINE,Lunas,"",2850000.0,0.0
02/12/2025,Faktur Pembelian,17193,ONLINE,Lunas,"",18905000.0,0.0
02/12/2025,Faktur Pembelian,17195,HARAPAN BARU,Lunas,"",7620000.0,0.0
02/12/2025,Faktur Pembelian,17196,ONLINE,Lunas,"",1922000.0,0.0
02/12/2025,Faktur Pembelian,JL5525120123,YULI (HP CENTRE),Lunas,BAYAR 4 01 2025,7100000.0,7100000.0
02/12/2025,Faktur Pembelian,1220253546,AGUS (DORAN),Lunas,"",5300000.0,5300000.0
02/12/2025,Faktur Pembelian,S6741-1225,BETA COM,Lunas,"",19600000.0,19600000.0
03/12/2025,Faktur Pembelian,17197,TERMINAL GAME,Lunas,"",3175000.0,0.0
03/12/2025,Faktur Pembelian,17198,FIKTIF BELI,Lunas,"",1499000.0,0.0
03/12/2025,Faktur Pembelian,17199,VARIA TOKO,Lunas,"",487500.0,0.0
03/12/2025,Faktur Pembelian,JL.2512.01098,CANDRA (BLESSING),Lunas,MASUK ,14990000.0,0.0
03/12/2025,Faktur Pembelian,JL.2512.01123,CANDRA (BLESSING),Lunas,MASUK ,2634000.0,0.0
03/12/2025,Faktur Pembelian,JL.2512.01145,CANDRA (BLESSING),Lunas,MASUK ,2720000.0,0.0
03/12/2025,Faktur Pembelian,JL.2512.01260,CANDRA (BLESSING),Lunas,MASUK ,11940000.0,0.0
03/12/2025,Faktur Pembelian,JL.2512.01338,CANDRA (BLESSING),Lunas,"MASUK 
BAYAR TGL  5 01 2025",3520000.0,3520000.0
03/12/2025,Faktur Pembelian,PJL-25-12-00069,PT. Surya Makmur Kreasindo (HJ),Lunas,MASUK ,10250000.0,0.0
03/12/2025,Faktur Pembelian,PJL-25-12-00066,PT. Surya Makmur Kreasindo (HJ),Lunas,MASUK ,20500000.0,0.0
03/12/2025,Faktur Pembelian,002278,LILI (PLATINUM),Lunas,bayar tgl 6  1 2026,480000.0,480000.0
03/12/2025,Faktur Pembelian,JL5525120143,YULI (HP CENTRE),Lunas,BAYAR 4 01 2025,28500000.0,28500000.0
04/12/2025,Faktur Pembelian,17200,FIKTIF BELI,Lunas,"",270000.0,0.0
04/12/2025,Faktur Pembelian,JL.2512.00852,CANDRA (BLESSING),Lunas,BAYAR TGL  5 01 2025,20010000.0,20010000.0
04/12/2025,Faktur Pembelian,JL.2512.01542,CANDRA (BLESSING),Lunas,MASUK ,13205000.0,0.0
04/12/2025,Faktur Pembelian,17201,FIKTIF BELI,Lunas,"",128000.0,0.0
04/12/2025,Faktur Pembelian,JL.2512.01590,CANDRA (BLESSING),Lunas,MASUK ,13470000.0,0.0
04/12/2025,Faktur Pembelian,17202,ONLINE,Lunas,BELUM MASUK ,5872920.0,0.0
04/12/2025,Faktur Pembelian,17203,ATM,Lunas,MASUK ,1769000.0,0.0
04/12/2025,Faktur Pembelian,17205,TE2 COMPUTER SURABAYA,Lunas,"",2900000.0,0.0
04/12/2025,Faktur Pembelian,JL.2512.01754,CANDRA (BLESSING),Lunas,"MASUK 
BAYAR TGL  5 01 2025",9650000.0,9430625.0
04/12/2025,Faktur Pembelian,JL.2512.01755,CANDRA (BLESSING),Lunas,"MASUK 
BAYAR TGL  5 01 2025",14610000.0,14110000.0
04/12/2025,Faktur Pembelian,PJL-25-12-00105,PT. Surya Makmur Kreasindo (HJ),Lunas,"MASUK 

bayar",7520000.0,0.0
04/12/2025,Faktur Pembelian,PJL-25-12-00119,PT. Surya Makmur Kreasindo (HJ),Lunas,"MASUK 

bayar ",14450000.0,0.0
04/12/2025,Faktur Pembelian,17213,PT TERA DATA INDONUSA,Lunas,"",200000.0,0.0
04/12/2025,Faktur Pembelian,ONLINE SBY / INV/2025/243858,WULAN (DISCOUNT NOTEBOOK),Lunas,BAYAR ,792000.0,0.0
05/12/2025,Faktur Pembelian,JL.2512.01790,CANDRA (BLESSING),Lunas,MASUK ,8675000.0,8675000.0
05/12/2025,Faktur Pembelian,17206,FIKTIF BELI,Lunas,"",160000.0,0.0
05/12/2025,Faktur Pembelian,JL.2512.02127,CANDRA (BLESSING),Lunas,MASUK ,1135000.000001,1135000.000001
05/12/2025,Faktur Pembelian,JL.2512.02073,CANDRA (BLESSING),Lunas,MASUK ,11970000.0,11970000.0
05/12/2025,Faktur Pembelian,002279,LILI (PLATINUM),Lunas,bayar tgl 6  1 2026,1055000.0,1055000.0
05/12/2025,Faktur Pembelian,PJL-25-12-00127,PT. Surya Makmur Kreasindo (HJ),Lunas,"MASUK 

BAYAR ",30750000.0,0.0
05/12/2025,Faktur Pembelian,PJL-25-12-00129,PT. Surya Makmur Kreasindo (HJ),Lunas,"MASUK 

BAYAR ",20500000.000002,0.0
05/12/2025,Faktur Pembelian,JL.2512.01934,CANDRA (BLESSING),Lunas,"",8325000.0,8325000.0
05/12/2025,Faktur Pembelian,002280,LILI (PLATINUM),Lunas,"",1350000.0,1350000.0
05/12/2025,Faktur Pembelian,FK 3335,BETA COM,Lunas,"",28014000.0,28014000.0
05/12/2025,Faktur Pembelian,JKT-JKT01A-PC25121337,AGRES IT,Lunas,"",153765000.0,153765000.0
06/12/2025,Faktur Pembelian,JL.2512.02228,CANDRA (BLESSING),Lunas,MASUK ,44960000.0,20960000.0
06/12/2025,Faktur Pembelian,17208,HARAPAN BARU,Lunas,"",10500000.0,0.0
06/12/2025,Faktur Pembelian,17209,AGUS (DORAN),Lunas,MASUK ,16458000.0,16458000.0
06/12/2025,Faktur Pembelian,JL.2512.02393,CANDRA (BLESSING),Lunas,MASUK ,9439999.999999,9439999.999999
06/12/2025,Faktur Pembelian,JL.2512.02285,CANDRA (BLESSING),Lunas,MASUK ,58124999.999995,58124999.999995
06/12/2025,Faktur Pembelian,JL.2512.02401,CANDRA (BLESSING),Lunas,"MASUK 
BAYAR 8 1 25",56000000.0,56000000.0
06/12/2025,Faktur Pembelian,JL.2512.02409,CANDRA (BLESSING),Lunas,MASUK ,17639999.999999,17639999.999999
06/12/2025,Faktur Pembelian,25049160,DWI DUTA SARANA COMPUTER SURABAYA,Lunas,"",215000.0,215000.0
06/12/2025,Faktur Pembelian,25049122,DWI DUTA SARANA COMPUTER SURABAYA,Lunas,"",4800000.0,4800000.0
06/12/2025,Faktur Pembelian,JL5525120250,YULI (HP CENTRE),Lunas,"",4249000.0,4249000.0
06/12/2025,Faktur Pembelian,S6777-1225,BETA COM,Lunas,"",2790000.0,2790000.0
06/12/2025,Faktur Pembelian,JKT-JKT01A-PC25121414,AGRES IT,Lunas,BAYAR TGL 12 01 2026,102900000.0,102900000.0
06/12/2025,Faktur Pembelian,JKT-JKT01A-NC25120172,AGRES IT,Lunas,"",44100000.0,44100000.0
06/12/2025,Faktur Pembelian,JKT-JKT01A-PC25121592,AGRES IT,Lunas,"",74250000.0,74250000.0
07/12/2025,Faktur Pembelian,17210,FIKTIF BELI,Lunas,"",40000.0,0.0
08/12/2025,Faktur Pembelian,17212,FIKTIF BELI,Lunas,"",645000.0,0.0
08/12/2025,Faktur Pembelian,17214,SOLUTION OFFICIAL,Lunas,"",3920000.0,0.0
08/12/2025,Faktur Pembelian,JL.2512.02963,CANDRA (BLESSING),Lunas,"MASUK 

BAYAR ",1890000.0,0.0
08/12/2025,Faktur Pembelian,JL.2512.02962,CANDRA (BLESSING),Lunas,"MASUK 

BAYAR ",14990000.0,0.0
08/12/2025,Faktur Pembelian,JL.2512.02780,CANDRA (BLESSING),Lunas,"MASUK 

BAYAR ",4725000.0,0.0
08/12/2025,Faktur Pembelian,JL.2512.02778,CANDRA (BLESSING),Lunas,"MASUK 
BAYAR 8 1 25",17360000.0,17360000.0
08/12/2025,Faktur Pembelian,JL.2512.02666,CANDRA (BLESSING),Lunas,"MASUK 
BAYAR 8 1 25",2869000.0,2698375.0
08/12/2025,Faktur Pembelian,JL.2512.02695,CANDRA (BLESSING),Lunas,MASUK ,22000000.0,21561250.0
08/12/2025,Faktur Pembelian,JL.2512.02696,CANDRA (BLESSING),Lunas,"MASUK 
BAYAR 8 1 25",22000000.0,21317500.0
08/12/2025,Faktur Pembelian,PJL-25-12-00186,PT. Surya Makmur Kreasindo (HJ),Lunas,masuk ,20500000.000002,0.0
08/12/2025,Faktur Pembelian,JL0000002472,IP COM TOKO,Lunas,"",260000.0,0.0
08/12/2025,Faktur Pembelian,ONLINE SBY /INV/2025/246378,WULAN (DISCOUNT NOTEBOOK),Lunas,BAYAR ,271500.0,0.0
08/12/2025,Faktur Pembelian,00704048_036,PRIYO (K GALAXY),Lunas,"",6650000.0,0.0
08/12/2025,Faktur Pembelian,00704058_036,PRIYO (K GALAXY),Lunas,"",860000.0,0.0
08/12/2025,Faktur Pembelian,FK 3359,BETA COM,Lunas,"",27800000.0,27800000.0
08/12/2025,Faktur Pembelian,17263,PT WOOK GLOBAL TECHNOLOGY,Lunas,"",4972001.000014,0.0
09/12/2025,Faktur Pembelian,17215,ONLINE,Lunas,DUTA CELL,1420000.0,0.0
09/12/2025,Faktur Pembelian,17216,FIKTIF BELI,Lunas,"",208000.0,0.0
09/12/2025,Faktur Pembelian,17217,RIO MATRIX TOKO,Lunas,"",4300000.0,0.0
09/12/2025,Faktur Pembelian,17218,RIO MATRIX TOKO,Lunas,"",4300000.0,0.0
09/12/2025,Faktur Pembelian,17219,RIO MATRIX TOKO,Lunas,"",4300000.0,0.0
09/12/2025,Faktur Pembelian,JL.2512.03181,CANDRA (BLESSING),Lunas,MASUK ,9365000.0,9291875.0
09/12/2025,Faktur Pembelian,17220,caturwarga computer,Lunas,MASUK ,4200000.0,0.0
09/12/2025,Faktur Pembelian,JL.2512.03179,CANDRA (BLESSING),Lunas,"MASUK 

BAYAR ",2634000.0,0.0
09/12/2025,Faktur Pembelian,JL.2512.03059,CANDRA (BLESSING),Lunas,MASUK ,6145000.0,6145000.0
09/12/2025,Faktur Pembelian,JL.2512.03055,CANDRA (BLESSING),Lunas,MASUK ,6145000.0,5852500.0
09/12/2025,Faktur Pembelian,JL.2512.03056,CANDRA (BLESSING),Lunas,MASUK ,6145000.0,5828125.0
09/12/2025,Faktur Pembelian,S251209054,DYNAMICS MATARAM,Lunas,"",6160000.0,0.0
09/12/2025,Faktur Pembelian,17230,KETUT DUARAYASA SUPLAYER,Lunas,"",17930000.0,0.0
09/12/2025,Faktur Pembelian,PJL-25-12-00236,PT. Surya Makmur Kreasindo (HJ),Lunas,"",31975000.000004,0.0
09/12/2025,Faktur Pembelian,PJL-25-12-00237,PT. Surya Makmur Kreasindo (HJ),Lunas,"",10250000.0,0.0
10/12/2025,Faktur Pembelian,JL.2512.03582,CANDRA (BLESSING),Lunas,"MASUK 
BAYAR 12 01 ",4724999.999998,4724999.999998
10/12/2025,Faktur Pembelian,JL.2512.03549,CANDRA (BLESSING),Lunas,"MASUK 

BAYAR ",5600000.0,0.0
10/12/2025,Faktur Pembelian,JL.2512.03545,CANDRA (BLESSING),Lunas,MASUK ,11759999.999999,11759999.999999
10/12/2025,Faktur Pembelian,JL.2512.03543,CANDRA (BLESSING),Lunas,MASUK ,17910000.0,17910000.0
10/12/2025,Faktur Pembelian,JL.2512.03521,CANDRA (BLESSING),Lunas,"MASUK 

BAYAR ",1860000.0,0.0
10/12/2025,Faktur Pembelian,JL.2512.03469,CANDRA (BLESSING),Lunas,MASUK ,16470000.0,16470000.0
10/12/2025,Faktur Pembelian,17221,ONLINE,Lunas,"",1350000.0,0.0
10/12/2025,Faktur Pembelian,17222,PERDANA SURABAYA,Lunas,"",7190000.0,0.0
10/12/2025,Faktur Pembelian,17223,ONLINE,Lunas,"",265000.0,0.0
10/12/2025,Faktur Pembelian,17224,FIKTIF BELI,Lunas,"",2435000.0,0.0
10/12/2025,Faktur Pembelian,17225,ONLINE,Lunas,"",8800000.0,0.0
10/12/2025,Faktur Pembelian,17226,ONLINE,Lunas,"",7100000.0,0.0
10/12/2025,Faktur Pembelian,17227,ONLINE,Lunas,"",4400000.0,0.0
10/12/2025,Faktur Pembelian,JL.2512.03690,CANDRA (BLESSING),Lunas,"MASUK
BAYAR 12 01 ",6020000.000001,6020000.000001
10/12/2025,Faktur Pembelian,PJL-25-12-00256,PT. Surya Makmur Kreasindo (HJ),Lunas,bayar ,8910000.0,0.0
10/12/2025,Faktur Pembelian,JL.2512.03757,CANDRA (BLESSING),Lunas,MASUK,26040000.000001,26040000.000001
10/12/2025,Faktur Pembelian,12202558125,AGUS (DORAN),Lunas,"",7100000.0,0.0
10/12/2025,Faktur Pembelian,17242,PT TERA DATA INDONUSA,Lunas,"",200000.0,200000.0
10/12/2025,Faktur Pembelian,00704264_036,PRIYO (K GALAXY),Lunas,BAYAR 6 1 26,4375000.0,4375000.0
10/12/2025,Faktur Pembelian,002284,LILI (PLATINUM),Lunas,"",2800000.0,2800000.0
10/12/2025,Faktur Pembelian,JK/25/12/0130,ELMI COM,Lunas,"",18999999.999999,0.0
10/12/2025,Faktur Pembelian,FK 3403,BETA COM,Lunas,"",3420000.0,3420000.0
10/12/2025,Faktur Pembelian,JN-N/SBY//101225/003,PT. INDO WARNA MULIA ( ALFA INK ),Lunas,"",2136000.0,2136000.0
10/12/2025,Faktur Pembelian,JN-N/SBY//101225/005,PT. INDO WARNA MULIA ( ALFA INK ),Lunas,"",3444000.0,3444000.0
11/12/2025,Faktur Pembelian,17228,PT CIPTA KARYA NUSANTARA ANDRE,Lunas,"",2090000.0,2090000.0
11/12/2025,Faktur Pembelian,17229,DYNAMICS MATARAM,Lunas,"",10130000.0,0.0
11/12/2025,Faktur Pembelian,17232,FIKTIF BELI,Lunas,"",128000.0,0.0
11/12/2025,Faktur Pembelian,JL.2512.03845,CANDRA (BLESSING),Lunas,"MASUK
BAYAR 12 01 ",2760000.000001,2760000.000001
11/12/2025,Faktur Pembelian,JL.2512.03843,CANDRA (BLESSING),Lunas,"MASUK
BAYAR 12 01 ",32460000.000001,32460000.000001
11/12/2025,Faktur Pembelian,JL.2512.03914,CANDRA (BLESSING),Lunas,"MASUK
BAYAR 12 01 ",4420000.0,4420000.0
11/12/2025,Faktur Pembelian,JL.2512.04186,CANDRA (BLESSING),Lunas,"MASUK
BAYAR 12 01 ",2785000.0,2785000.0
11/12/2025,Faktur Pembelian,JL.2512.04188,CANDRA (BLESSING),Lunas,"MASUK
BAYAR 12 01 ",12290000.0,12290000.0
11/12/2025,Faktur Pembelian,12202564535,AGUS (DORAN),Lunas,"",3850000.000035,0.0
11/12/2025,Faktur Pembelian,002286,LILI (PLATINUM),Lunas,"",5550000.0,5550000.0
11/12/2025,Faktur Pembelian,INV/2025/249017,WULAN (DISCOUNT NOTEBOOK),Lunas,BAYAR ,276000.0,0.0
11/12/2025,Faktur Pembelian,FK 3428,BETA COM,Lunas,"",46271999.999975,46271999.999975
12/12/2025,Faktur Pembelian,JL.2512.04603,CANDRA (BLESSING),Lunas,"MASUK
bayar 13 01",31709999.999998,31709999.999998
12/12/2025,Faktur Pembelian,17233,FIKTIF BELI,Lunas,"",645000.0,0.0
12/12/2025,Faktur Pembelian,JL.2512.04354,CANDRA (BLESSING),Lunas,MASUK,4420000.0,4420000.0
12/12/2025,Faktur Pembelian,JL.2512.04488,CANDRA (BLESSING),Lunas,"MASUK
bayar 13 01",23199999.999999,23199999.999999
12/12/2025,Faktur Pembelian,JL.2512.04499,CANDRA (BLESSING),Lunas,MASUK,4116000.0,4116000.0
12/12/2025,Faktur Pembelian,JL5525120493,YULI (HP CENTRE),Lunas,bayar 13 1 26,34799999.999999,34799999.999999
12/12/2025,Faktur Pembelian,ONLINE SBY /INV/2025/249834,WULAN (DISCOUNT NOTEBOOK),Lunas,BAYAR ,1084500.0,0.0
12/12/2025,Faktur Pembelian,FK 3436,BETA COM,Lunas,"",3200000.0,3200000.0
12/12/2025,Faktur Pembelian,FK 3435,BETA COM,Lunas,"",6399999.999998,6399999.999998
13/12/2025,Faktur Pembelian,17235,PT GALVA TECHNOLOGIES,Lunas,"",27689995.98,0.0
13/12/2025,Faktur Pembelian,jl.2512.04739,CANDRA (BLESSING),Lunas,"masuk 

BAYAR ",3492000.0,0.0
13/12/2025,Faktur Pembelian,JL.2512.04923,CANDRA (BLESSING),Lunas,masuk ,13600000.0,13600000.0
13/12/2025,Faktur Pembelian,17236,DUAL RISKY,Lunas,"",400000.0,0.0
13/12/2025,Faktur Pembelian,17237,FIKTIF BELI,Lunas,"",3000000.0,0.0
13/12/2025,Faktur Pembelian,17238,NURUL WTC,Lunas,BELUM MASUK ,13500000.0,0.0
13/12/2025,Faktur Pembelian,S251213027,DYNAMICS MATARAM,Lunas,"",4965000.0,0.0
13/12/2025,Faktur Pembelian,JL.2512.04710,CANDRA (BLESSING),Lunas,masuk ,14095000.0,14095000.0
13/12/2025,Faktur Pembelian,25050009,DWI DUTA SARANA COMPUTER SURABAYA,Lunas,"",2634000.0,2634000.0
15/12/2025,Faktur Pembelian,17239,ENDRA TELKOMSEL,Lunas,"",5100000.0,0.0
15/12/2025,Faktur Pembelian,17240,AGUS (DORAN),Lunas,TITIP ,1350000.0,0.0
15/12/2025,Faktur Pembelian,17241,ONLINE,Lunas,"",0.0,0.0
15/12/2025,Faktur Pembelian,JL.2512.05018,CANDRA (BLESSING),Lunas,"MASUK 

VIA BSA

BAYAR 15 01",2615000.0,2615000.0
15/12/2025,Faktur Pembelian,JL.2512.05020,CANDRA (BLESSING),Lunas,"MASUK 

VIA BSA

BAYAR 15 01",9190000.0,9190000.0
15/12/2025,Faktur Pembelian,JL.2512.05023,CANDRA (BLESSING),Lunas,"MASUK 

BAYAR ",602000.0,0.0
15/12/2025,Faktur Pembelian,jl.2512.05389,CANDRA (BLESSING),Lunas,"MASUK 

MAC CACAT 

REVISI NOTA MAC JADI MASUK DISINI

BAYAR 15 01",24200000.0,24200000.0
15/12/2025,Faktur Pembelian,12202593599,AGUS (DORAN),Lunas,CHACHA ,23850000.0,0.0
15/12/2025,Faktur Pembelian,002288,LILI (PLATINUM),Lunas,"",585000.0,585000.0
15/12/2025,Faktur Pembelian,00704663_036,PRIYO (K GALAXY),Lunas,BAYAR 6 1 26,3380000.0,3380000.0
15/12/2025,Faktur Pembelian,FK 3469,BETA COM,Lunas,"",10550000.0,10550000.0
16/12/2025,Faktur Pembelian,17243,LEGALA,Lunas,"",2920000.0,0.0
16/12/2025,Faktur Pembelian,JL.2512.05575,CANDRA (BLESSING),Lunas,"MASUK , bayar 19 1

VIA BSA",8530000.0,8530000.0
16/12/2025,Faktur Pembelian,JL.2512.05578,CANDRA (BLESSING),Lunas,"
BAYAR ",2780000.0,0.0
16/12/2025,Faktur Pembelian,17244,FIKTIF BELI,Lunas,"",65000.0,0.0
16/12/2025,Faktur Pembelian,17245,ONLINE,Lunas,"",525000.0,0.0
16/12/2025,Faktur Pembelian,17246,IP COM TOKO,Lunas,Lunas,3950000.0,0.0
16/12/2025,Faktur Pembelian,JL.2512.05666,CANDRA (BLESSING),Lunas,"MASUK

BAYAR

",790000.0,0.0
16/12/2025,Faktur Pembelian,JL.2512.05778,CANDRA (BLESSING),Lunas,"MASUK , bayar 19 1

VIA BSA",8675000.0,8675000.0
16/12/2025,Faktur Pembelian,JL.2512.05779,CANDRA (BLESSING),Lunas,"MASUK

VIA BSA",30869999.999999,30869999.999999
16/12/2025,Faktur Pembelian,JL.2512.05794,CANDRA (BLESSING),Lunas,"MASUK , bayar 19 1

VIA BSA",22580000.0,22580000.0
16/12/2025,Faktur Pembelian,JL.2512.05876,CANDRA (BLESSING),Lunas,"MASUK , bayar 19 1",10305000.0,10305000.0
16/12/2025,Faktur Pembelian,002289,LILI (PLATINUM),Lunas,"",1775000.0,1775000.0
16/12/2025,Faktur Pembelian,JK/25/12/0182,ELMI COM,Lunas,"",57900000.000002,0.0
16/12/2025,Faktur Pembelian,JA/25/12/0045,ELMI COM,Lunas,"",2000000.0,0.0
16/12/2025,Faktur Pembelian,ONLINE SBY /INV/2025/25222,WULAN (DISCOUNT NOTEBOOK),Lunas,"",281000.0,281000.0
16/12/2025,Faktur Pembelian,ONLINE SBY / INV/2025/252284,WULAN (DISCOUNT NOTEBOOK),Lunas,"",441500.0,441500.0
17/12/2025,Faktur Pembelian,JL.2512.06156,CANDRA (BLESSING),Lunas,"MASUK 

BAYAR ",920000.0,0.0
17/12/2025,Faktur Pembelian,JL.2512.06155,CANDRA (BLESSING),Lunas,MASUK ,5029999.999998,5029999.999998
17/12/2025,Faktur Pembelian,JL.2512.06069,CANDRA (BLESSING),Lunas,MASUK ,35819999.999997,35819999.999997
17/12/2025,Faktur Pembelian,17247,KETUT DUARAYASA SUPLAYER,Lunas,MASUK ,13275000.0,13275000.0
17/12/2025,Faktur Pembelian,JL.2512.06317,CANDRA (BLESSING),Lunas,masuk,11000000.0,11000000.0
17/12/2025,Faktur Pembelian,17248,FIKTIF BELI,Lunas,"",128000.0,0.0
17/12/2025,Faktur Pembelian,17249,SOLUTION OFFICIAL,Lunas,"",1035650.0,0.0
17/12/2025,Faktur Pembelian,17250,FIKTIF BELI,Lunas,"",2040000.0,0.0
17/12/2025,Faktur Pembelian,17251,FIKTIF BELI,Lunas,"",2040000.0,0.0
17/12/2025,Faktur Pembelian,17252,FIKTIF BELI,Lunas,"",2040000.0,0.0
17/12/2025,Faktur Pembelian,17253,ONLINE,Lunas,"",95000.0,0.0
17/12/2025,Faktur Pembelian,ACJ01/01/FP/2512/AG00011,PT. ANGKASA CERAH JAYA,Lunas,SUDAH MASUK,19399999.999998,19399999.999998
17/12/2025,Faktur Pembelian,00704847_036,PRIYO (K GALAXY),Lunas,BAYAR 6 1 26,25500000.0,25500000.0
17/12/2025,Faktur Pembelian,17266,AGUS (DORAN),Lunas,"",3600000.0,3600000.0
17/12/2025,Faktur Pembelian,FK 3507,BETA COM,Lunas,"",2472000.0,2472000.0
17/12/2025,Faktur Pembelian,FK 3508,BETA COM,Lunas,"",14832000.000033,14832000.000033
17/12/2025,Faktur Pembelian,JL5525120696,YULI (HP CENTRE),Lunas,"",33300000.0,33300000.0
17/12/2025,Faktur Pembelian,00704822_036,PRIYO (K GALAXY),Lunas,"MASUK tgl 5 1 2026
BAYAR 6 1 26",2145000.0,2145000.0
18/12/2025,Faktur Pembelian,17255,GLOBAL FIBER OPTIC,Lunas,"",1110000.0,0.0
18/12/2025,Faktur Pembelian,JL.2512.06380,CANDRA (BLESSING),Lunas,masuk ,3105000.0,3105000.0
18/12/2025,Faktur Pembelian,JL.2512.06400,CANDRA (BLESSING),Lunas,masuk,5745000.0,5745000.0
18/12/2025,Faktur Pembelian,JL.2512.06402,CANDRA (BLESSING),Lunas,masuk,6140000.0,6140000.0
18/12/2025,Faktur Pembelian,JL.2512.06422,CANDRA (BLESSING),Lunas,masuk,16640000.0,16640000.0
18/12/2025,Faktur Pembelian,17256,FIKTIF BELI,Lunas,"",760000.0,0.0
18/12/2025,Faktur Pembelian,17257,ONLINE,Lunas,"",645000.0,0.0
18/12/2025,Faktur Pembelian,JL.2512.06482,CANDRA (BLESSING),Lunas,BAYAR TGL 5 01 2025,570000.0,570000.0
18/12/2025,Faktur Pembelian,SO25120249,CV.MITRA TEGUH DISTRIBUSI EPRINT MATARAM,Lunas,BAYAR CASH 19 1,25112686.0,25112686.0
18/12/2025,Faktur Pembelian,SO25120291,CV.MITRA TEGUH DISTRIBUSI EPRINT MATARAM,Lunas,BAYAR CASH 19 1,4139913.999998,4139913.999998
18/12/2025,Faktur Pembelian,ONLINE SBY /INV/2025/254038,WULAN (DISCOUNT NOTEBOOK),Lunas,"",550000.0,550000.0
18/12/2025,Faktur Pembelian,002290,LILI (PLATINUM),Lunas,REFISI ADAPTOR ,8925000.0,8925000.0
18/12/2025,Faktur Pembelian,JL5525120724,YULI (HP CENTRE),Lunas,bayar 19 1,15199999.999896,15199999.999896
18/12/2025,Faktur Pembelian,PJL-25-12-00449,PT. Surya Makmur Kreasindo (HJ),Lunas,"",7519999.999999,0.0
18/12/2025,Faktur Pembelian,002291,LILI (PLATINUM),Lunas,MASUK,12800000.0,12800000.0
19/12/2025,Faktur Pembelian,17260,FIKTIF BELI,Lunas,"",128000.0,0.0
19/12/2025,Faktur Pembelian,17261,ONLINE,Lunas,"",1205400.0,0.0
19/12/2025,Faktur Pembelian,JL.2512.06752,CANDRA (BLESSING),Lunas,MASUK ,8675000.0,8675000.0
19/12/2025,Faktur Pembelian,FK 3533,BETA COM,Lunas,"",3025000.0,3025000.0
19/12/2025,Faktur Pembelian,JL.2512.06621,CANDRA (BLESSING),Lunas,"",2926000.0,2926000.0
19/12/2025,Faktur Pembelian,JL.2512.06841,CANDRA (BLESSING),Lunas,BAYAR TGL  5 01 2025,155000.0,155000.0
19/12/2025,Faktur Pembelian,JL.2512.06947,CANDRA (BLESSING),Lunas,BAYAR 12 01 ,2275000.0,2275000.0
19/12/2025,Faktur Pembelian,002293,LILI (PLATINUM),Lunas,"",10395000.0,10395000.0
19/12/2025,Faktur Pembelian,002292,LILI (PLATINUM),Lunas,"",3100000.0,3100000.0
19/12/2025,Faktur Pembelian,FK 3532,BETA COM,Lunas,"",4800000.0,4800000.0
20/12/2025,Faktur Pembelian,17262,FIKTIF BELI,Lunas,"",5250000.0,0.0
20/12/2025,Faktur Pembelian,JL.2512.07167,CANDRA (BLESSING),Lunas,BAYAR TGL  5 01 2025,596000.0,596000.0
20/12/2025,Faktur Pembelian,JL.2512.07234,CANDRA (BLESSING),Lunas,"",3884000.000001,3884000.000001
20/12/2025,Faktur Pembelian,JL.2512.07065,CANDRA (BLESSING),Lunas,BAYAR 22 1 ,14609999.999999,14609999.999999
20/12/2025,Faktur Pembelian,JL.2512.07123,CANDRA (BLESSING),Lunas,BAYAR TGL  5 01 2025,1090000.0,1090000.0
20/12/2025,Faktur Pembelian,JL.2512.07063,CANDRA (BLESSING),Lunas,BAYAR TGL  5 01 2025,1856000.0,1856000.0
20/12/2025,Faktur Pembelian,JL5525120785,YULI (HP CENTRE),Lunas,"",39374999.999999,39374999.999999
20/12/2025,Faktur Pembelian,FK 3546,BETA COM,Lunas,"",2955000.0,2955000.0
21/12/2025,Faktur Pembelian,17265,NUSA RACKINDO,Lunas,"",2060000.0,0.0
21/12/2025,Faktur Pembelian,17267,ONLINE,Lunas,"",1278000.0,0.0
22/12/2025,Faktur Pembelian,17268,ONLINE,Lunas,"",8800000.0,0.0
22/12/2025,Faktur Pembelian,17269,RIO MATRIX TOKO,Lunas,"",500000.0,0.0
22/12/2025,Faktur Pembelian,JL.2512.07447,CANDRA (BLESSING),Lunas,MASUK ,1995000.0,1995000.0
22/12/2025,Faktur Pembelian,JL.2512.07597,CANDRA (BLESSING),Lunas,MASUK ,2270000.0,2270000.0
22/12/2025,Faktur Pembelian,JL.2512.07411,CANDRA (BLESSING),Lunas,MASUK ,2965000.0,2965000.0
22/12/2025,Faktur Pembelian,17270,ONLINE,Lunas,"",870000.0,0.0
22/12/2025,Faktur Pembelian,002295,LILI (PLATINUM),Lunas,"",515000.0,515000.0
22/12/2025,Faktur Pembelian,00705148_036,PRIYO (K GALAXY),Lunas,BAYAR 6 1 26,3725000.0,3725000.0
22/12/2025,Faktur Pembelian,002294,LILI (PLATINUM),Lunas,"",4110000.0,4110000.0
23/12/2025,Faktur Pembelian,JL.2512.07838,CANDRA (BLESSING),Lunas,MASUK ,20140000.0,20140000.0
23/12/2025,Faktur Pembelian,17271,KENZ COMPUTER,Lunas,"",1400000.0,0.0
23/12/2025,Faktur Pembelian,17272,FIKTIF BELI,Lunas,"",128000.0,0.0
23/12/2025,Faktur Pembelian,17273,KETUT DUARAYASA SUPLAYER,Lunas,"",28125000.0,28125000.0
23/12/2025,Faktur Pembelian,00705275_036,PRIYO (K GALAXY),Lunas,"",1367500.0,1367500.0
23/12/2025,Faktur Pembelian,00705276_036,PRIYO (K GALAXY),Lunas,"",1875000.0,1875000.0
23/12/2025,Faktur Pembelian,ONLINE SBY / INV/2025/257275,WULAN (DISCOUNT NOTEBOOK),Lunas,"",3087500.0,3087500.0
24/12/2025,Faktur Pembelian,JL.2512.08218,CANDRA (BLESSING),Lunas,masuk ,22100000.0,22100000.0
24/12/2025,Faktur Pembelian,JL.2512.08237,CANDRA (BLESSING),Lunas,"masuk 
BAYAR 26 01",1192000.0,1192000.0
24/12/2025,Faktur Pembelian,17274,ONLINE,Lunas,ADE CCTV,1750000.0,0.0
24/12/2025,Faktur Pembelian,jl.2512.08389,CANDRA (BLESSING),Lunas,"",1045000.0,1045000.0
24/12/2025,Faktur Pembelian,JL.2512.08301,CANDRA (BLESSING),Lunas,"",13470000.0,13470000.0
24/12/2025,Faktur Pembelian,JL.2512.08299,CANDRA (BLESSING),Lunas,"",17030000.0,17030000.0
25/12/2025,Faktur Pembelian,17276,ONLINE,Lunas,"",6245000.0,0.0
25/12/2025,Faktur Pembelian,17277,ONLINE,Lunas,"",4260000.0,0.0
25/12/2025,Faktur Pembelian,JL/25/12/00000337,CV. NOAH SEJAHTERA ABADI,Lunas,"",6890000.0,6890000.0
26/12/2025,Faktur Pembelian,JL.2512.07861,CANDRA (BLESSING),Lunas,"",12120000.0,12120000.0
26/12/2025,Faktur Pembelian,17279,ONLINE,Lunas,"",645000.0,0.0
26/12/2025,Faktur Pembelian,0022296,LILI (PLATINUM),Lunas,MASUK,2060000.0,2060000.0
27/12/2025,Faktur Pembelian,17280,ENDRA TELKOMSEL,Lunas,"",5000000.0,0.0
27/12/2025,Faktur Pembelian,17281,DUAL RISKY,Lunas,"",400000.0,0.0
27/12/2025,Faktur Pembelian,17283,ONLINE,Lunas,"",955000.0,0.0
27/12/2025,Faktur Pembelian,122025170653,AGUS (DORAN),Lunas,MASUK,12500000.0,12500000.0
27/12/2025,Faktur Pembelian,JKT-JKT01A-PC25126636,AGRES IT,Lunas,MASUK,15500000.0,900000.0
28/12/2025,Faktur Pembelian,17284,RIO MATRIX TOKO,Lunas,"",8600000.0,0.0
29/12/2025,Faktur Pembelian,17285,ONLINE,Lunas,"",4700000.0,0.0
29/12/2025,Faktur Pembelian,JL.2512.09128,CANDRA (BLESSING),Lunas,MASUK,37005000.0,37005000.0
29/12/2025,Faktur Pembelian,JL.2512.09131,CANDRA (BLESSING),Lunas,MASUK,79525000.0,79525000.0
29/12/2025,Faktur Pembelian,JKT-JKT01A-PC25126854,AGRES IT,Lunas,MASUK,66000000.0,50500000.0
29/12/2025,Faktur Pembelian,ACJ01/01/FP/2512/BI00007,PT. ANGKASA CERAH JAYA,Lunas,"MASUK
bayar 19 1",28600000.0,28600000.0
29/12/2025,Faktur Pembelian,00705511_036,PRIYO (K GALAXY),Lunas,MASUK bayar 19 1,17097500.0,17097500.0
29/12/2025,Faktur Pembelian,17292,ONLINE,Lunas,"",8100000.0,0.0
29/12/2025,Faktur Pembelian,PJL-25-12-00612,PT. Surya Makmur Kreasindo (HJ),Lunas,"MASUK

VIA BPM",96249999.999987,96249999.999987
30/12/2025,Faktur Pembelian,17286,ONLINE,Lunas,"",3100000.0,0.0
30/12/2025,Faktur Pembelian,17287,ONLINE,Lunas,"",9400000.0,0.0
30/12/2025,Faktur Pembelian,JL.2512.09625,CANDRA (BLESSING),Lunas,"MASUK

VIA BSA

BAYAR ",43400000.0,43400000.0
30/12/2025,Faktur Pembelian,JL.2512.09616,CANDRA (BLESSING),Lunas,"MASUK

VIA BSA",19955000.0,500000.0
30/12/2025,Faktur Pembelian,JKT-JKT01A-PC25126989,AGRES IT,Lunas,"MASUK

BAYAR",44000000.0,44000000.0
30/12/2025,Faktur Pembelian,002297,LILI (PLATINUM),Lunas,MASUK,940000.0,940000.0
30/12/2025,Faktur Pembelian,17294,KETUT DUARAYASA SUPLAYER,Lunas,MASUK,8850000.0,0.0
31/12/2025,Faktur Pembelian,17288,ONLINE,Lunas,"",169240000.0,0.0
31/12/2025,Faktur Pembelian,17289,DYNAMICS MATARAM,Lunas,"",12050000.0,0.0
31/12/2025,Faktur Pembelian,002298,LILI (PLATINUM),Lunas,MASUK,15450000.0,15450000.0
