Tanggal,Tipe Transaksi,Nomor Transaksi,Nama Panggilan,Status Hari Ini,Memo,Total,Sisa Tagihan,Tanggal Jatuh Tempo,Jumlah Kena Pajak,Total Pajak,Pembayaran,Email,Alamat Penagihan,Alamat Pengiriman,No Ref,Tag,Gudang,Nama Produk,Kode Produk,Deskripsi,Kuantitas,Satuan,Harga per Unit,Diskon Per Baris %,Tarif Pajak,Jumlah Pajak,Jumlah Kena Pajak per Baris,Jumlah Per Baris,Diskon,Pesan,Biaya Pengiriman,Jumlah Pemotongan,Nama Perusahaan,Nomor Pajak,Nomor Ponsel,Nomor Telepon,Sisa Tagihan Hari Ini,Diskon %
01/07/2023,Faktur Pembelian,14490,TE2 COMPUTER SURABAYA,Lunas,VIA DUTA EXPRES BULE ,2970000.0,0.0,31/07/2023,2970000.0,0.0,2970000.0,"","","","","","",BRANKAS NASIONAL A1,"","",1.0,UNIT,2970000.0,0.00 %,"",0.0,2970000.0,2970000.0,0.0,"",0.0,0.0,"","","","",0.0,0.0
01/07/2023,Faktur Pembelian,0720230001,AGUS (DORAN),Lunas,CEK ,7750000.0,0.0,31/07/2023,7750000.0,0.0,7750000.0,"",SURABAYA,"","","","",USB WIFI TPLINK TL WN725N NANO SIZE,"","",30.0,PCS,75000.0,0.00 %,"",0.0,2250000.0,2250000.0,0.0,"",0.0,0.0,"","","","",0.0,0.0
01/07/2023,Faktur Pembelian,0720230001,AGUS (DORAN),Lunas,CEK ,7750000.0,0.0,31/07/2023,7750000.0,0.0,7750000.0,"",SURABAYA,"","","","",TPLINK TL WR844N,"","",40.0,UNIT,137500.0,0.00 %,"",0.0,5500000.0,5500000.0,0.0,"",0.0,0.0,"","","","",0.0,0.0
01/07/2023,Faktur Pembelian,00622301_044,PRIYO (K GALAXY),Lunas,"",630000.0,0.0,31/07/2023,630000.0,0.0,630000.0,"","","","","","","HDD NOTEBOOK 2,5"" SEAGATE SATA 500GB PI","","",6.0,PCS,105000.0,0.00 %,"",0.0,630000.0,630000.0,0.0,"",0.0,0.0,"","","","",0.0,0.0
01/07/2023,Faktur Pembelian,INV/2023/81000,WULAN (DISCOUNT NOTEBOOK),Lunas,???????,394999.999998,0.0,31/07/2023,394999.999998,0.0,394999.999998,"","","","","","",KEYBOARD LAPTOP ASUS E203 BLACK,"","",6.0,PCS,65833.333333,0.00 %,"",0.0,394999.999998,394999.999998,0.0,"",0.0,0.0,"","","","",0.0,0.0
02/07/2023,Faktur Pembelian,14491,ONLINE,Lunas,"",88000.0,0.0,01/08/2023,88000.0,0.0,88000.0,"","","","","","",ALAT TEMBAK CATRIDGE,"","",4.0,PCS,22000.0,0.00 %,"",0.0,88000.0,88000.0,0.0,"",0.0,0.0,"","","","",0.0,0.0
02/07/2023,Faktur Pembelian,14492,DARMA DJ COMP,Lunas,"",13800000.0,0.0,01/08/2023,13800000.0,0.0,13800000.0,"","","","","","",ASUS BR1100CKA INTEL N4500 4GB 128GB eMMC WIN 11,"","",4.0,UNIT,3450000.0,0.00 %,"",0.0,13800000.0,13800000.0,0.0,"",0.0,0.0,"","","",087876835295,0.0,0.0
02/07/2023,Faktur Pembelian,14493,ONLINE,Lunas,"",1147200.0,0.0,01/08/2023,1147200.0,0.0,1147200.0,"","","","","","",TRIPOT HP 3120A #,"","",24.0,PCS,47800.0,0.00 %,"",0.0,1147200.0,1147200.0,0.0,"",0.0,0.0,"","","","",0.0,0.0
03/07/2023,Faktur Pembelian,JL.2307.00279,CANDRA (BLESSING),Lunas,"",7849000.0,0.0,17/07/2023,7849000.0,0.0,7849000.0,"","","","",AGUS,"",PC BUILUP ACER TC 1650 CI3-10105 4GB 1TB + SSD 256GB 19 INCS LED,"","",1.0,UNIT,7849000.0,0.00 %,"",0.0,7849000.0,7849000.0,0.0,"",0.0,0.0,"","","","",0.0,0.0
03/07/2023,Faktur Pembelian,JL.2307.00328,CANDRA (BLESSING),Lunas,"",37712000.0,0.0,17/07/2023,37712000.0,0.0,37712000.0,"","","","",ARIES,"",SODIMM TEAM ELITE DDR3 8GB LOW VOLT PC 1600,"","",1.0,PCS,225000.0,0.00 %,"",0.0,225000.0,225000.0,0.0,"",0.0,0.0,"","","","",0.0,0.0
03/07/2023,Faktur Pembelian,JL.2307.00328,CANDRA (BLESSING),Lunas,"",37712000.0,0.0,17/07/2023,37712000.0,0.0,37712000.0,"","","","",ARIES,"",VGA CARD MSI GTX 1650 VENTUS XS 4GB OC,"","",1.0,PCS,2355000.0,0.00 %,"",0.0,2355000.0,2355000.0,0.0,"",0.0,0.0,"","","","",0.0,0.0
03/07/2023,Faktur Pembelian,JL.2307.00328,CANDRA (BLESSING),Lunas,"",37712000.0,0.0,17/07/2023,37712000.0,0.0,37712000.0,"","","","",ARIES,"",CARD READER 6 SLOT NYK,"","",2.0,PCS,106000.0,0.00 %,"",0.0,212000.0,212000.0,0.0,"",0.0,0.0,"","","","",0.0,0.0
03/07/2023,Faktur Pembelian,JL.2307.00328,CANDRA (BLESSING),Lunas,"",37712000.0,0.0,17/07/2023,37712000.0,0.0,37712000.0,"","","","",ARIES,"",PRINTER EPSON LQ 310 dot matrix,"","",2.0,UNIT,3085000.0,0.00 %,"",0.0,6170000.0,6170000.0,0.0,"",0.0,0.0,"","","","",0.0,0.0
03/07/2023,Faktur Pembelian,JL.2307.00328,CANDRA (BLESSING),Lunas,"",37712000.0,0.0,17/07/2023,37712000.0,0.0,37712000.0,"","","","",ARIES,"","SSD LEXAR 512GB LNS100-512RB VALUE 2,5 SATA","","",4.0,PCS,470000.0,0.00 %,"",0.0,1880000.0,1880000.0,0.0,"",0.0,0.0,"","","","",0.0,0.0
03/07/2023,Faktur Pembelian,JL.2307.00328,CANDRA (BLESSING),Lunas,"",37712000.0,0.0,17/07/2023,37712000.0,0.0,37712000.0,"","","","",ARIES,"",ASUS M415DAO-FHD RYZEN 3 3250U 8GB 256GB SSD #,"","",2.0,UNIT,5445000.0,0.00 %,"",0.0,10890000.0,10890000.0,0.0,"",0.0,0.0,"","","","",0.0,0.0
03/07/2023,Faktur Pembelian,JL.2307.00328,CANDRA (BLESSING),Lunas,"",37712000.0,0.0,17/07/2023,37712000.0,0.0,37712000.0,"","","","",ARIES,"","LED LG 24"" 24MR400-B FHD IPS (1920 X 1080) 100HZ 5ms #","","",1.0,UNIT,1440000.0,0.00 %,"",0.0,1440000.0,1440000.0,0.0,"",0.0,0.0,"","","","",0.0,0.0
03/07/2023,Faktur Pembelian,JL.2307.00328,CANDRA (BLESSING),Lunas,"",37712000.0,0.0,17/07/2023,37712000.0,0.0,37712000.0,"","","","",ARIES,"",SSD LEXAR 512GB NM620 M.2 2280 NVME PCIE GEN 3X4,"","",1.0,PCS,500000.0,0.00 %,"",0.0,500000.0,500000.0,0.0,"",0.0,0.0,"","","","",0.0,0.0
03/07/2023,Faktur Pembelian,JL.2307.00328,CANDRA (BLESSING),Lunas,"",37712000.0,0.0,17/07/2023,37712000.0,0.0,37712000.0,"","","","",ARIES,"",VGA COLOURFUL GT 710 2GD3-V,"","",1.0,PCS,550000.0,0.00 %,"",0.0,550000.0,550000.0,0.0,"",0.0,0.0,"","","","",0.0,0.0
03/07/2023,Faktur Pembelian,JL.2307.00328,CANDRA (BLESSING),Lunas,"",37712000.0,0.0,17/07/2023,37712000.0,0.0,37712000.0,"","","","",ARIES,"",ASUS A1403ZA OLED Ci7-12700H 8GB 512GB SSD WIN 11 RM,"","",1.0,PCS,13490000.0,0.00 %,"",0.0,13490000.0,13490000.0,0.0,"",0.0,0.0,"","","","",0.0,0.0
03/07/2023,Faktur Pembelian,JL.2307.00526,CANDRA (BLESSING),Lunas,"",7890000.0,0.0,17/07/2023,7890000.0,0.0,7890000.0,"","","","",AGUS,"",AIO HP 22 DD2010D CI3-1215U 4GB 512GB SSD WIN 11,"","",1.0,UNIT,7890000.0,0.00 %,"",0.0,7890000.0,7890000.0,0.0,"",0.0,0.0,"","","","",0.0,0.0
03/07/2023,Faktur Pembelian,14494,FIKTIF BELI,Lunas,"",230000.0,0.0,02/08/2023,230000.0,0.0,230000.0,"","","","","","",PROCESSOR INTEL I3 - 4170,"","",1.0,PCS,230000.0,0.00 %,"",0.0,230000.0,230000.0,0.0,"",0.0,0.0,"","","","",0.0,0.0
03/07/2023,Faktur Pembelian,14495,HARAPAN BARU,Lunas,"",2550000.0,0.0,02/08/2023,2550000.0,0.0,2550000.0,"","","","","","",TV POLYTRON 32 SMART ANDROID,"","",1.0,UNIT,2550000.0,0.00 %,"",0.0,2550000.0,2550000.0,0.0,"",0.0,0.0,"","","","",0.0,0.0
03/07/2023,Faktur Pembelian,14496,FIKTIF BELI,Lunas,"",850000.0,0.0,02/08/2023,850000.0,0.0,850000.0,"","","","","","",BINGKAI FOTO 12R,"","",50.0,PCS,17000.0,0.00 %,"",0.0,850000.0,850000.0,0.0,"",0.0,0.0,"","","","",0.0,0.0
03/07/2023,Faktur Pembelian,00642059_036,PRIYO (K GALAXY),Lunas,"",9003000.0,0.0,02/08/2023,9003000.0,0.0,9003000.0,"","","","","","",CASING PC SIMBADDA SIM V,"","",20.0,PCS,350000.0,0.00 %,"",0.0,7000000.0,7000000.0,0.0,"",0.0,0.0,"","","","",0.0,0.0
03/07/2023,Faktur Pembelian,00642059_036,PRIYO (K GALAXY),Lunas,"",9003000.0,0.0,02/08/2023,9003000.0,0.0,9003000.0,"","","","","","",RAM PC KINGSTONE DDR3 4GB,"","",10.0,PCS,68500.0,0.00 %,"",0.0,685000.0,685000.0,0.0,"",0.0,0.0,"","","","",0.0,0.0
03/07/2023,Faktur Pembelian,00642059_036,PRIYO (K GALAXY),Lunas,"",9003000.0,0.0,02/08/2023,9003000.0,0.0,9003000.0,"","","","","","",MB FAST H61,"","",2.0,PCS,440000.0,0.00 %,"",0.0,880000.0,880000.0,0.0,"",0.0,0.0,"","","","",0.0,0.0
03/07/2023,Faktur Pembelian,00642059_036,PRIYO (K GALAXY),Lunas,"",9003000.0,0.0,02/08/2023,9003000.0,0.0,9003000.0,"","","","","","",RAM PC KINGSTONE DDR3 8GB,"","",4.0,PCS,109500.0,0.00 %,"",0.0,438000.0,438000.0,0.0,"",0.0,0.0,"","","","",0.0,0.0
04/07/2023,Faktur Pembelian,14497,FIKTIF BELI,Lunas,"",150000.0,0.0,03/08/2023,150000.0,0.0,150000.0,"","","","","","",TINTA CANON ORI 790 BLACK NON PACK,"","",1.0,PCS,60000.0,0.00 %,"",0.0,60000.0,60000.0,0.0,"",0.0,0.0,"","","","",0.0,0.0
04/07/2023,Faktur Pembelian,14497,FIKTIF BELI,Lunas,"",150000.0,0.0,03/08/2023,150000.0,0.0,150000.0,"","","","","","",TINTA CANON ORI 790 CYAN NON PACK,"","",1.0,PCS,30000.0,0.00 %,"",0.0,30000.0,30000.0,0.0,"",0.0,0.0,"","","","",0.0,0.0
04/07/2023,Faktur Pembelian,14497,FIKTIF BELI,Lunas,"",150000.0,0.0,03/08/2023,150000.0,0.0,150000.0,"","","","","","",TINTA CANON ORI 790 YELLOW NON PACK,"","",1.0,PCS,30000.0,0.00 %,"",0.0,30000.0,30000.0,0.0,"",0.0,0.0,"","","","",0.0,0.0
04/07/2023,Faktur Pembelian,14497,FIKTIF BELI,Lunas,"",150000.0,0.0,03/08/2023,150000.0,0.0,150000.0,"","","","","","",TINTA CANON ORI 790 MAGENTA NON PACK,"","",1.0,PCS,30000.0,0.00 %,"",0.0,30000.0,30000.0,0.0,"",0.0,0.0,"","","","",0.0,0.0
04/07/2023,Faktur Pembelian,14498,GLOBAL FIBER OPTIC,Lunas,"",14350000.0,0.0,03/08/2023,14350000.0,0.0,14350000.0,"","","","","","",KABEL FIBER OPTIK GLOBAL 1KM 1000M CORE 3 SELING SPECIAL TYPE,"","",10.0,DUS,750000.0,0.00 %,"",0.0,7500000.0,7500000.0,0.0,"",0.0,0.0,"","","","",0.0,0.0
04/07/2023,Faktur Pembelian,14498,GLOBAL FIBER OPTIC,Lunas,"",14350000.0,0.0,03/08/2023,14350000.0,0.0,14350000.0,"","","","","","",KABEL FIBER OPTIK GLOBAL 1KM 1000M CORE 3 SELING NON DUS,"","",10.0,DUS,685000.0,0.00 %,"",0.0,6850000.0,6850000.0,0.0,"",0.0,0.0,"","","","",0.0,0.0
04/07/2023,Faktur Pembelian,14499,HARAPAN BARU,Lunas,"",700000.0,0.0,03/08/2023,700000.0,0.0,700000.0,"","","","","","",BRAKET TV,"","",10.0,PCS,70000.0,0.00 %,"",0.0,700000.0,700000.0,0.0,"",0.0,0.0,"","","","",0.0,0.0
04/07/2023,Faktur Pembelian,14500,TATIK (LEGENDA),Lunas,"",19500000.0,0.0,03/08/2023,19500000.0,0.0,19500000.0,"","","","","","",Epson EcoTank L15160 A3 Wi-Fi Duplex All-in-One Ink Tank Printer,"","",1.0,UNIT,19500000.0,0.00 %,"",0.0,19500000.0,19500000.0,0.0,"",0.0,0.0,"","","","",0.0,0.0
04/07/2023,Faktur Pembelian,14501,TATIK (LEGENDA),Lunas,VIA MUTIARA ,4100000.0,0.0,03/08/2023,4100000.0,0.0,4100000.0,"","","","","","",RIBBON CATRIDGE EPSON LX310,"","",100.0,PCS,41000.0,0.00 %,"",0.0,4100000.0,4100000.0,0.0,"",0.0,0.0,"","","","",0.0,0.0
04/07/2023,Faktur Pembelian,14502,YULI (HP CENTRE),Lunas,"",6400000.0,0.0,03/08/2023,6400000.0,0.0,6400000.0,"","","","","","",ACER 5 A514 CI3-1115G4 8gb 512GB SSD MX 350 2GB WIN 11,"","",1.0,UNIT,6400000.0,0.00 %,"",0.0,6400000.0,6400000.0,0.0,"",0.0,0.0,"","","","",0.0,0.0
04/07/2023,Faktur Pembelian,2307021,CV. BALI IT SOLUSI (ENY),Lunas,"",13495000.0,0.0,18/07/2023,13495000.0,0.0,13495000.0,"","","","","","",CCTV CAM DAHUA HAC B1A21 IR BULLET (OUTDOOR),"","",40.0,PCS,163000.0,0.00 %,"",0.0,6520000.0,6520000.0,0.0,"",0.0,0.0,"","","","",0.0,0.0
04/07/2023,Faktur Pembelian,2307021,CV. BALI IT SOLUSI (ENY),Lunas,"",13495000.0,0.0,18/07/2023,13495000.0,0.0,13495000.0,"","","","","","",CCTV CAM DAHUA HAC-T1A21 IR BULLET (INDOOR),"","",25.0,PCS,152000.0,0.00 %,"",0.0,3800000.0,3800000.0,0.0,"",0.0,0.0,"","","","",0.0,0.0
04/07/2023,Faktur Pembelian,2307021,CV. BALI IT SOLUSI (ENY),Lunas,"",13495000.0,0.0,18/07/2023,13495000.0,0.0,13495000.0,"","","","","","",CCTV DVR DAHUA 8CH XVR1B08-1 (MH),"","",5.0,UNIT,635000.0,0.00 %,"",0.0,3175000.0,3175000.0,0.0,"",0.0,0.0,"","","","",0.0,0.0
04/07/2023,Faktur Pembelian,JL.2307.00943,CANDRA (BLESSING),Lunas,"",7950000.0,0.0,18/07/2023,7950000.0,0.0,7950000.0,"","","","",AGUS,"","HDD EXTERNAL 2TB  SEAGATE 2,5""","","",2.0,PCS,1020000.0,0.00 %,"",0.0,2040000.0,2040000.0,0.0,"",0.0,0.0,"","","","",0.0,0.0
04/07/2023,Faktur Pembelian,JL.2307.00943,CANDRA (BLESSING),Lunas,"",7950000.0,0.0,18/07/2023,7950000.0,0.0,7950000.0,"","","","",AGUS,"",MB ASUS H110,"","",1.0,PCS,1095000.0,0.00 %,"",0.0,1095000.0,1095000.0,0.0,"",0.0,0.0,"","","","",0.0,0.0
04/07/2023,Faktur Pembelian,JL.2307.00943,CANDRA (BLESSING),Lunas,"",7950000.0,0.0,18/07/2023,7950000.0,0.0,7950000.0,"","","","",AGUS,"","LED LG 18,5 19M38A","","",4.0,UNIT,915000.0,0.00 %,"",0.0,3660000.0,3660000.0,0.0,"",0.0,0.0,"","","","",0.0,0.0
04/07/2023,Faktur Pembelian,JL.2307.00943,CANDRA (BLESSING),Lunas,"",7950000.0,0.0,18/07/2023,7950000.0,0.0,7950000.0,"","","","",AGUS,"",CASING SSD ORICO HM2-G2-BK-BP NVME M.2 SSD,"","",1.0,PCS,310000.0,0.00 %,"",0.0,310000.0,310000.0,0.0,"",0.0,0.0,"","","","",0.0,0.0
04/07/2023,Faktur Pembelian,JL.2307.00943,CANDRA (BLESSING),Lunas,"",7950000.0,0.0,18/07/2023,7950000.0,0.0,7950000.0,"","","","",AGUS,"",HDD PC SEAGATE 2TB BARACUDA,"","",1.0,PCS,845000.0,0.00 %,"",0.0,845000.0,845000.0,0.0,"",0.0,0.0,"","","","",0.0,0.0
04/07/2023,Faktur Pembelian,PJL-23-07-00045,PT. Surya Makmur Kreasindo (HJ),Lunas,"",25750000.000002,0.0,18/07/2023,23198198.1982,2551801.801802,25750000.000002,"",SURABAYA,"","",CV TIGA NUSA,"",* PROJECTOR EPSON EB E500 XVGAVGA HDMI,"","",5.0,UNIT,4639639.63964,0.00 %,11.0,2551801.80180199999997448198198198,23198198.1982,23198198.1982,0.0,"",0.0,0.0,PT. Surya Makmur Kreasindo,"",081515111951,"",0.0,0.0
04/07/2023,Faktur Pembelian,4486,GUDANG AKSESORIES SURABAYA (KURNIAWAN),Lunas,"",3850000.0,0.0,03/08/2023,3850000.0,0.0,3850000.0,"","","","","","",HUB USB 3.0 4 PORT,"","",100.0,PCS,38500.0,0.00 %,"",0.0,3850000.0,3850000.0,0.0,"",0.0,0.0,"","","","",0.0,0.0
04/07/2023,Faktur Pembelian,00642139_036,PRIYO (K GALAXY),Lunas,"",9000000.0,0.0,03/08/2023,9000000.0,0.0,9000000.0,"","","","","","","LED LG 18,5 19M38A","","",10.0,UNIT,900000.0,0.00 %,"",0.0,9000000.0,9000000.0,0.0,"",0.0,0.0,"","","","",0.0,0.0
05/07/2023,Faktur Pembelian,JL.2307.01165,CANDRA (BLESSING),Lunas,"",39580000.0,0.0,19/07/2023,35657657.657658,3922342.342342,39580000.0,"","","","",CV TIGA NUSA,"","* ASUS A416MAO INTEL N4020 4GB 256GB SSD 14""","","",4.0,UNIT,3846846.846847,0.00 %,11.0,1692612.6126126799999830738738738732,15387387.387388,15387387.387388,0.0,"",0.0,0.0,"","","","",0.0,0.0
05/07/2023,Faktur Pembelian,JL.2307.01165,CANDRA (BLESSING),Lunas,"",39580000.0,0.0,19/07/2023,35657657.657658,3922342.342342,39580000.0,"","","","",CV TIGA NUSA,"","* ACER 5 A514 - 54G - 32GJ Ci3-1115G4 8GB 512GB SSD MX 350 2GB WIN 11 14""","","",2.0,UNIT,5761261.261261,0.00 %,11.0,1267477.4774774199999873252252252258,11522522.522522,11522522.522522,0.0,"",0.0,0.0,"","","","",0.0,0.0
05/07/2023,Faktur Pembelian,JL.2307.01165,CANDRA (BLESSING),Lunas,"",39580000.0,0.0,19/07/2023,35657657.657658,3922342.342342,39580000.0,"","","","",CV TIGA NUSA,"",* ACER 5 A514 55 i5-1235U 8GB 512GB SSD MX 550 2GB WIN 11 nw,"","",1.0,UNIT,8747747.747748,0.00 %,11.0,962252.2522522799999903774774774772,8747747.747748,8747747.747748,0.0,"",0.0,0.0,"","","","",0.0,0.0
05/07/2023,Faktur Pembelian,JL.2307.01369,CANDRA (BLESSING),Lunas,"",6300000.0,0.0,19/07/2023,6300000.0,0.0,6300000.0,"","","","",RAHMAT,"",ACER 3 A314 36M Ci3-N305 8GB 512GB SSD WIN 11,"","",1.0,UNIT,6300000.0,0.00 %,"",0.0,6300000.0,6300000.0,0.0,"",0.0,0.0,"","","","",0.0,0.0
05/07/2023,Faktur Pembelian,14504,Karina Plustek,Lunas,"",5850000.0,0.0,04/08/2023,5850000.0,0.0,5850000.0,"","","","",CV TIGA NUSA,"",* PLUSTEK PN30U,"","",1.0,PCS,5850000.0,0.00 %,"",0.0,5850000.0,5850000.0,0.0,"",0.0,0.0,"","","",081703079329,0.0,0.0
05/07/2023,Faktur Pembelian,14505,TATIK (LEGENDA),Lunas,"",9375000.0,0.0,04/08/2023,9375000.0,0.0,9375000.0,"","","","","","",KERTAS FOTO STIKER DATA PRINT,"","",250.0,PCS,22750.0,0.00 %,"",0.0,5687500.0,5687500.0,0.0,"",0.0,0.0,"","","","",0.0,0.0
05/07/2023,Faktur Pembelian,14505,TATIK (LEGENDA),Lunas,"",9375000.0,0.0,04/08/2023,9375000.0,0.0,9375000.0,"","","","","","",KERTAS FOTO DATA PRINT GLOSSY  230 GSM (BURUNG),"","",250.0,PCS,14750.0,0.00 %,"",0.0,3687500.0,3687500.0,0.0,"",0.0,0.0,"","","","",0.0,0.0
05/07/2023,Faktur Pembelian,14506,Karina Plustek,Lunas,"",1791000.000001,1.0e-06,04/08/2023,1613513.513514,177486.486487,1791000.0,"","","","",CV TIGA NUSA,"",* PLUSTEK MOBILE OFFICE S410,"","",1.0,UNIT,1613513.513514,0.00 %,11.0,177486.4864865399999982251351351346,1613513.513514,1613513.513514,0.0,"",0.0,0.0,"","","",081703079329,1.0e-06,0.0
05/07/2023,Faktur Pembelian,14507,FIKTIF BELI,Lunas,"",0.0,0.0,04/08/2023,0.0,0.0,0.0,"","","","","","","KABEL DATA PRINTER 1,5 METER","","",1.0,PCS,0.0,0.00 %,"",0.0,0.0,0.0,0.0,"",0.0,0.0,"","","","",0.0,0.0
05/07/2023,Faktur Pembelian,JL.2307.01206,CANDRA (BLESSING),Lunas,"",1100000.0,0.0,19/07/2023,1100000.0,0.0,1100000.0,"","","","",AGUS,"",SODIMM KINGSTONE DDR4 FURY 16GB PC 3200,"","",2.0,PCS,550000.0,0.00 %,"",0.0,1100000.0,1100000.0,0.0,"",0.0,0.0,"","","","",0.0,0.0
05/07/2023,Faktur Pembelian,072023197574,AGUS (DORAN),Lunas,"",11595000.0,0.0,04/08/2023,11595000.0,0.0,11595000.0,"",SURABAYA,"","","","",MOUSE LOGITECH WIRELESS M170,"","",50.0,PCS,105000.0,0.00 %,"",0.0,5250000.0,5250000.0,0.0,"",0.0,0.0,"","","","",0.0,0.0
05/07/2023,Faktur Pembelian,072023197574,AGUS (DORAN),Lunas,"",11595000.0,0.0,04/08/2023,11595000.0,0.0,11595000.0,"",SURABAYA,"","","","",MOUSE LOGITECH M90,"","",60.0,PCS,44500.0,0.00 %,"",0.0,2670000.0,2670000.0,0.0,"",0.0,0.0,"","","","",0.0,0.0
05/07/2023,Faktur Pembelian,072023197574,AGUS (DORAN),Lunas,"",11595000.0,0.0,04/08/2023,11595000.0,0.0,11595000.0,"",SURABAYA,"","","","",LOGITECH MK 220 (WIRELESS KEYBOARD MOUSE),"","",15.0,SET,245000.0,0.00 %,"",0.0,3675000.0,3675000.0,0.0,"",0.0,0.0,"","","","",0.0,0.0
05/07/2023,Faktur Pembelian,JL5523070159,YULI (HP CENTRE),Lunas,"",24575000.0,0.0,04/08/2023,24575000.0,0.0,24575000.0,"","","","",RAHMAT,"",BLUEPRINT KERTAS FOTO MATAHARI 230GR,"","",250.0,PCS,22500.0,0.00 %,"",0.0,5625000.0,5625000.0,0.0,"",0.0,0.0,"","","","",0.0,0.0
05/07/2023,Faktur Pembelian,JL5523070159,YULI (HP CENTRE),Lunas,"",24575000.0,0.0,04/08/2023,24575000.0,0.0,24575000.0,"","","","",RAHMAT,"",BLUEPRINT PRINTABLE CARD (KERTAS ID CARD),"","",300.0,PCS,42750.0,0.00 %,"",0.0,12825000.0,12825000.0,0.0,"",0.0,0.0,"","","","",0.0,0.0
05/07/2023,Faktur Pembelian,JL5523070159,YULI (HP CENTRE),Lunas,"",24575000.0,0.0,04/08/2023,24575000.0,0.0,24575000.0,"","","","",RAHMAT,"",BLUEPRINT KERTAS FOTO STIKER A4,"","",250.0,PCS,24500.0,0.00 %,"",0.0,6125000.0,6125000.0,0.0,"",0.0,0.0,"","","","",0.0,0.0
06/07/2023,Faktur Pembelian,14508,FIKTIF BELI,Lunas,"",120000.0,0.0,05/08/2023,120000.0,0.0,120000.0,"","","","","","",TINTA CANON ORI 790 BLACK NON PACK,"","",1.0,PCS,30000.0,0.00 %,"",0.0,30000.0,30000.0,0.0,"",0.0,0.0,"","","","",0.0,0.0
06/07/2023,Faktur Pembelian,14508,FIKTIF BELI,Lunas,"",120000.0,0.0,05/08/2023,120000.0,0.0,120000.0,"","","","","","",TINTA CANON ORI 790 CYAN NON PACK,"","",1.0,PCS,30000.0,0.00 %,"",0.0,30000.0,30000.0,0.0,"",0.0,0.0,"","","","",0.0,0.0
06/07/2023,Faktur Pembelian,14508,FIKTIF BELI,Lunas,"",120000.0,0.0,05/08/2023,120000.0,0.0,120000.0,"","","","","","",TINTA CANON ORI 790 YELLOW NON PACK,"","",1.0,PCS,30000.0,0.00 %,"",0.0,30000.0,30000.0,0.0,"",0.0,0.0,"","","","",0.0,0.0
06/07/2023,Faktur Pembelian,14508,FIKTIF BELI,Lunas,"",120000.0,0.0,05/08/2023,120000.0,0.0,120000.0,"","","","","","",TINTA CANON ORI 790 MAGENTA NON PACK,"","",1.0,PCS,30000.0,0.00 %,"",0.0,30000.0,30000.0,0.0,"",0.0,0.0,"","","","",0.0,0.0
06/07/2023,Faktur Pembelian,14510,TATIK (LEGENDA),Lunas,"",5425000.000005,0.0,05/08/2023,5425000.000005,0.0,5425000.000005,"","","","","","",RIBBON CATRIDGE EPSON PLQ 20,"","",15.0,PCS,156666.666667,0.00 %,"",0.0,2350000.000005,2350000.000005,0.0,"",0.0,0.0,"","","","",0.0,0.0
06/07/2023,Faktur Pembelian,14510,TATIK (LEGENDA),Lunas,"",5425000.000005,0.0,05/08/2023,5425000.000005,0.0,5425000.000005,"","","","","","",RIBBON CATRIDGE ORI EPSON LQ 2190,"","",10.0,PCS,161000.0,0.00 %,"",0.0,1610000.0,1610000.0,0.0,"",0.0,0.0,"","","","",0.0,0.0
06/07/2023,Faktur Pembelian,14510,TATIK (LEGENDA),Lunas,"",5425000.000005,0.0,05/08/2023,5425000.000005,0.0,5425000.000005,"","","","","","",1 SET CATRIDGE HP 933,"","",1.0,SET,1465000.0,0.00 %,"",0.0,1465000.0,1465000.0,0.0,"",0.0,0.0,"","","","",0.0,0.0
06/07/2023,Faktur Pembelian,JL.2307.01768,CANDRA (BLESSING),Lunas,"",642000.0,0.0,20/07/2023,642000.0,0.0,642000.0,"","","","",RAHMAT,"",SODIMM VISIPRO DDR 3 8GB,"","",1.0,PCS,312000.0,0.00 %,"",0.0,312000.0,312000.0,0.0,"",0.0,0.0,"","","","",0.0,0.0
06/07/2023,Faktur Pembelian,JL.2307.01768,CANDRA (BLESSING),Lunas,"",642000.0,0.0,20/07/2023,642000.0,0.0,642000.0,"","","","",RAHMAT,"",SODIMM KINGSTONE DDR4 FURY 8GB PC 3200,"","",1.0,PCS,330000.0,0.00 %,"",0.0,330000.0,330000.0,0.0,"",0.0,0.0,"","","","",0.0,0.0
06/07/2023,Faktur Pembelian,JL.2307.01808,CANDRA (BLESSING),Lunas,"",2905000.0,0.0,20/07/2023,2905000.0,0.0,2905000.0,"","","","",ARIES,"",PRINTER EPSON LX 310,"","",1.0,PCS,2905000.0,0.00 %,"",0.0,2905000.0,2905000.0,0.0,"",0.0,0.0,"","","","",0.0,0.0
06/07/2023,Faktur Pembelian,JL.2307.01841,CANDRA (BLESSING),Lunas,"",5159999.999999,0.0,20/07/2023,4648648.648648,511351.351351,5159999.999999,"","","","",CV TIGA NUSA,"","* AXIOO MYBOOK 14E INTEL N4000 4GB 256GB SSD 14""","","",2.0,UNIT,2324324.324324,0.00 %,11.0,511351.3513512799999948864864864872,4648648.648648,4648648.648648,0.0,"",0.0,0.0,"","","","",0.0,0.0
06/07/2023,Faktur Pembelian,JL.2307.01641,CANDRA (BLESSING),Lunas,"",27005000.0,0.0,20/07/2023,27005000.0,0.0,27005000.0,"","","","",ARIES,"",PRINTER EPSON L5290,"","",1.0,UNIT,4115000.0,0.00 %,"",0.0,4115000.0,4115000.0,0.0,"",0.0,0.0,"","","","",0.0,0.0
06/07/2023,Faktur Pembelian,JL.2307.01641,CANDRA (BLESSING),Lunas,"",27005000.0,0.0,20/07/2023,27005000.0,0.0,27005000.0,"","","","",ARIES,"",ACER 5 SPIN 14 A5SP14 i5-1335U 16GB 512GB SSD INTEL IRIS XE WIN 11 AR,"","",2.0,UNIT,11445000.0,0.00 %,"",0.0,22890000.0,22890000.0,0.0,"",0.0,0.0,"","","","",0.0,0.0
06/07/2023,Faktur Pembelian,14511,FIKTIF BELI,Lunas,"",2620000.0,0.0,05/08/2023,2620000.0,0.0,2620000.0,"","","","","","",CATRIDGE CANON 740,"","",10.0,PCS,172000.0,0.00 %,"",0.0,1720000.0,1720000.0,0.0,"",0.0,0.0,"","","","",0.0,0.0
06/07/2023,Faktur Pembelian,14511,FIKTIF BELI,Lunas,"",2620000.0,0.0,05/08/2023,2620000.0,0.0,2620000.0,"","","","","","",CATRIDGE CANON 741,"","",3.0,PCS,300000.0,0.00 %,"",0.0,900000.0,900000.0,0.0,"",0.0,0.0,"","","","",0.0,0.0
06/07/2023,Faktur Pembelian,001540,LILI (PLATINUM),Lunas,"",12650000.0,0.0,05/08/2023,12650000.0,0.0,12650000.0,"","","","","","",PSU CCTV BOX 30A,"","",14.0,PCS,275000.0,0.00 %,"",0.0,3850000.0,3850000.0,0.0,"",0.0,0.0,"","","","",0.0,0.0
06/07/2023,Faktur Pembelian,001540,LILI (PLATINUM),Lunas,"",12650000.0,0.0,05/08/2023,12650000.0,0.0,12650000.0,"","","","","","",COOLINGPAD KEPITING,"","",400.0,PCS,22000.0,0.00 %,"",0.0,8800000.0,8800000.0,0.0,"",0.0,0.0,"","","","",0.0,0.0
06/07/2023,Faktur Pembelian,FK 3398,BETA COM,Lunas,"",18136000.0,0.0,20/07/2023,18136000.0,0.0,18136000.0,"","","","","","",TINTA CANON ORI 790 BLACK,"","",48.0,PCS,102000.0,0.00 %,"",0.0,4896000.0,4896000.0,0.0,"",0.0,0.0,"","","","",0.0,0.0
06/07/2023,Faktur Pembelian,FK 3398,BETA COM,Lunas,"",18136000.0,0.0,20/07/2023,18136000.0,0.0,18136000.0,"","","","","","",TINTA CANON ORI 790 MAGENTA,"","",40.0,PCS,93000.0,0.00 %,"",0.0,3720000.0,3720000.0,0.0,"",0.0,0.0,"","","","",0.0,0.0
06/07/2023,Faktur Pembelian,FK 3398,BETA COM,Lunas,"",18136000.0,0.0,20/07/2023,18136000.0,0.0,18136000.0,"","","","","","",TINTA CANON ORI 790 YELLOW,"","",40.0,PCS,93000.0,0.00 %,"",0.0,3720000.0,3720000.0,0.0,"",0.0,0.0,"","","","",0.0,0.0
06/07/2023,Faktur Pembelian,FK 3398,BETA COM,Lunas,"",18136000.0,0.0,20/07/2023,18136000.0,0.0,18136000.0,"","","","","","",TINTA CANON ORI 790 CYAN,"","",40.0,PCS,93000.0,0.00 %,"",0.0,3720000.0,3720000.0,0.0,"",0.0,0.0,"","","","",0.0,0.0
06/07/2023,Faktur Pembelian,FK 3398,BETA COM,Lunas,"",18136000.0,0.0,20/07/2023,18136000.0,0.0,18136000.0,"","","","","","","MAINTENANCE BOX G SERIES G1020, G2020 ( MCG02 )","","",20.0,PCS,104000.0,0.00 %,"",0.0,2080000.0,2080000.0,0.0,"",0.0,0.0,"","","","",0.0,0.0
06/07/2023,Faktur Pembelian,FK 3400,BETA COM,Lunas,"",24576000.0,0.0,20/07/2023,24576000.0,0.0,24576000.0,"","","","","","",CATRIDGE CANON 811 COLOUR,"","",96.0,PCS,256000.0,0.00 %,"",0.0,24576000.0,24576000.0,0.0,"",0.0,0.0,"","","","",0.0,0.0
06/07/2023,Faktur Pembelian,072023198187,AGUS (DORAN),Lunas,"",10500000.0,0.0,05/08/2023,10500000.0,0.0,10500000.0,"",SURABAYA,"","","","",FD BLADE CZ50 16GB SANDISK,"","",300.0,PCS,35000.0,0.00 %,"",0.0,10500000.0,10500000.0,0.0,"",0.0,0.0,"","","","",0.0,0.0
07/07/2023,Faktur Pembelian,14512,ONLINE,Lunas,"",2100000.0,0.0,06/08/2023,2100000.0,0.0,2100000.0,"","","","","","",TRIPOT SOMITA ST 3520,"","",10.0,UNIT,210000.0,0.00 %,"",0.0,2100000.0,2100000.0,0.0,"",0.0,0.0,"","","","",0.0,0.0
07/07/2023,Faktur Pembelian,14513,ONLINE,Lunas,"",597000.0,0.0,06/08/2023,597000.0,0.0,597000.0,"","","","","","",POMPA PURGE EPSON L3110 L3210 L3250,"","",3.0,PCS,199000.0,0.00 %,"",0.0,597000.0,597000.0,0.0,"",0.0,0.0,"","","","",0.0,0.0
07/07/2023,Faktur Pembelian,14514,FIKTIF BELI,Lunas,"",744999.9999,0.0,06/08/2023,744999.9999,0.0,744999.9999,"","","","","","",KABEL CCTV PERMETER,"","",300.0,METER,2483.333333,0.00 %,"",0.0,744999.9999,744999.9999,0.0,"",0.0,0.0,"","","","",0.0,0.0
07/07/2023,Faktur Pembelian,14515,IQ TRONIK,Lunas,hilang 100 pcs di dua putra,16712000.0,0.0,06/08/2023,16712000.0,0.0,16712000.0,"","","","","","",KERTAS FOTO SPECTRA GLOSSY 260,"","",60.0,PCS,52000.0,0.00 %,"",0.0,3120000.0,3120000.0,0.0,"",0.0,0.0,"","","","",0.0,0.0
07/07/2023,Faktur Pembelian,14515,IQ TRONIK,Lunas,hilang 100 pcs di dua putra,16712000.0,0.0,06/08/2023,16712000.0,0.0,16712000.0,"","","","","","",KERTAS FOTO SPECTRA SILKY 260,"","",40.0,PCS,52000.0,0.00 %,"",0.0,2080000.0,2080000.0,0.0,"",0.0,0.0,"","","","",0.0,0.0
07/07/2023,Faktur Pembelian,14515,IQ TRONIK,Lunas,hilang 100 pcs di dua putra,16712000.0,0.0,06/08/2023,16712000.0,0.0,16712000.0,"","","","","","",KERTAS FOTO SPECTRA SILKY 260,"","",100.0,PCS,52000.0,0.00 %,"",0.0,5200000.0,5200000.0,0.0,"",0.0,0.0,"","","","",0.0,0.0
07/07/2023,Faktur Pembelian,14515,IQ TRONIK,Lunas,hilang 100 pcs di dua putra,16712000.0,0.0,06/08/2023,16712000.0,0.0,16712000.0,"","","","","","",KERTAS FOTO SPECTRA SILKY 260,"","",96.0,PCS,52000.0,0.00 %,"",0.0,4992000.0,4992000.0,0.0,"",0.0,0.0,"","","","",0.0,0.0
07/07/2023,Faktur Pembelian,14515,IQ TRONIK,Lunas,hilang 100 pcs di dua putra,16712000.0,0.0,06/08/2023,16712000.0,0.0,16712000.0,"","","","","","",KERTAS FOTO TANPA MEREK,"","",120.0,PCS,11000.0,0.00 %,"",0.0,1320000.0,1320000.0,0.0,"",0.0,0.0,"","","","",0.0,0.0
07/07/2023,Faktur Pembelian,JL5523070282,YULI (HP CENTRE),Lunas,"",12600000.0,0.0,06/08/2023,12600000.0,0.0,12600000.0,"","","","",AGUS,"",ACER 3 A314 36M Ci3-N305 8GB 512GB SSD WIN 11,"","",2.0,UNIT,6300000.0,0.00 %,"",0.0,12600000.0,12600000.0,0.0,"",0.0,0.0,"","","","",0.0,0.0
07/07/2023,Faktur Pembelian,FK 3416,BETA COM,Lunas,"",14050000.0,0.0,21/07/2023,14050000.0,0.0,14050000.0,"","","","","","",PRINTER CANON G1010,"","",10.0,UNIT,1405000.0,0.00 %,"",0.0,14050000.0,14050000.0,0.0,"",0.0,0.0,"","","","",0.0,0.0
07/07/2023,Faktur Pembelian,FK 3409,BETA COM,Lunas,"",18500000.0,0.0,21/07/2023,18500000.0,0.0,18500000.0,"","","","","","",PRINTER CANON G2010,"","",10.0,UNIT,1850000.0,0.00 %,"",0.0,18500000.0,18500000.0,0.0,"",0.0,0.0,"","","","",0.0,0.0
08/07/2023,Faktur Pembelian,14516,ONLINE,Lunas,"",950000.0,0.0,07/08/2023,950000.0,0.0,950000.0,"","","","","","",POMPA PURGE EPSON L3110 L3210 L3250,"","",5.0,PCS,190000.0,0.00 %,"",0.0,950000.0,950000.0,0.0,"",0.0,0.0,"","","","",0.0,0.0
08/07/2023,Faktur Pembelian,14517,CANON BALI,Lunas,"",549450.0,0.0,07/08/2023,495000.0,54450.0,549450.0,"","","","",CV TIGA NUSA,"",* AUTO SHEET FEEDER UNIT G1020 / 2020,"","",1.0,PCS,495000.0,0.00 %,11.0,54449.9999999999999994555,495000.0,495000.0,0.0,"",0.0,0.0,"","","","",0.0,0.0
08/07/2023,Faktur Pembelian,14518,CANON BALI,Lunas,"",969030.0,0.0,07/08/2023,873000.0,96030.0,969030.0,"","","","",CV TIGA NUSA,"",* MB PRINTER CANON G2010 (QM5 3529 000 999),"","",1.0,PCS,378000.0,0.00 %,11.0,41579.9999999999999995842,378000.0,378000.0,0.0,"",0.0,0.0,"","","","",0.0,0.0
08/07/2023,Faktur Pembelian,14518,CANON BALI,Lunas,"",969030.0,0.0,07/08/2023,873000.0,96030.0,969030.0,"","","","",CV TIGA NUSA,"",* AUTO SHEET FEEDER UNIT G1020 / 2020,"","",1.0,PCS,495000.0,0.00 %,11.0,54449.9999999999999994555,495000.0,495000.0,0.0,"",0.0,0.0,"","","","",0.0,0.0
08/07/2023,Faktur Pembelian,14519,Karina Plustek,Lunas,"",3861000.0,0.0,07/08/2023,3478378.378378,382621.621622,3861000.0,"","","","",CV TIGA NUSA,"",* SCANNER PLUSTEK SMART OFFICE PS 283,"","",1.0,UNIT,3478378.378378,0.00 %,11.0,382621.6216215799999961737837837842,3478378.378378,3478378.378378,0.0,"",0.0,0.0,"","","",081703079329,0.0,0.0
08/07/2023,Faktur Pembelian,14520,LEGALA,Lunas,"",4525000.0,0.0,07/08/2023,4525000.0,0.0,4525000.0,"","","","","","",TINTA ART PAPER KOREA BLACK,"","",10.0,PCS,100600.0,0.00 %,"",0.0,1006000.0,1006000.0,0.0,"",0.0,0.0,"","","","",0.0,0.0
08/07/2023,Faktur Pembelian,14520,LEGALA,Lunas,"",4525000.0,0.0,07/08/2023,4525000.0,0.0,4525000.0,"","","","","","",TINTA ART PAPER KOREA CYAN,"","",5.0,PCS,100600.0,0.00 %,"",0.0,503000.0,503000.0,0.0,"",0.0,0.0,"","","","",0.0,0.0
08/07/2023,Faktur Pembelian,14520,LEGALA,Lunas,"",4525000.0,0.0,07/08/2023,4525000.0,0.0,4525000.0,"","","","","","",TINTA ART PAPER KOREA MAGENTA,"","",10.0,PCS,100600.0,0.00 %,"",0.0,1006000.0,1006000.0,0.0,"",0.0,0.0,"","","","",0.0,0.0
08/07/2023,Faktur Pembelian,14520,LEGALA,Lunas,"",4525000.0,0.0,07/08/2023,4525000.0,0.0,4525000.0,"","","","","","",TINTA ART PAPER KOREA YELLOW,"","",10.0,PCS,100600.0,0.00 %,"",0.0,1006000.0,1006000.0,0.0,"",0.0,0.0,"","","","",0.0,0.0
08/07/2023,Faktur Pembelian,14520,LEGALA,Lunas,"",4525000.0,0.0,07/08/2023,4525000.0,0.0,4525000.0,"","","","","","",TINTA ART PAPER KOREA LIGHT MAGENTA,"","",5.0,PCS,100200.0,0.00 %,"",0.0,501000.0,501000.0,0.0,"",0.0,0.0,"","","","",0.0,0.0
08/07/2023,Faktur Pembelian,14520,LEGALA,Lunas,"",4525000.0,0.0,07/08/2023,4525000.0,0.0,4525000.0,"","","","","","",TINTA ART PAPER KOREA LIGHT CYAN,"","",5.0,PCS,100600.0,0.00 %,"",0.0,503000.0,503000.0,0.0,"",0.0,0.0,"","","","",0.0,0.0
08/07/2023,Faktur Pembelian,14521,TK WIJAYA,Lunas,"",1527500.0,0.0,07/08/2023,1527500.0,0.0,1527500.0,"","","","","","",STIKER CAMEL GLOSSY A3,"","",20.0,PCS,76375.0,0.00 %,"",0.0,1527500.0,1527500.0,0.0,"",0.0,0.0,"","","","",0.0,0.0
08/07/2023,Faktur Pembelian,JL.2307.02536,CANDRA (BLESSING),Lunas,"",9270000.0,0.0,22/07/2023,9270000.0,0.0,9270000.0,"","","","",ARIES,"",HDD EXTERNAL SEAGATE EXPANSION 1TB #,"","",5.0,PCS,690000.0,0.00 %,"",0.0,3450000.0,3450000.0,0.0,"",0.0,0.0,"","","","",0.0,0.0
08/07/2023,Faktur Pembelian,JL.2307.02536,CANDRA (BLESSING),Lunas,"",9270000.0,0.0,22/07/2023,9270000.0,0.0,9270000.0,"","","","",ARIES,"","LED LG 18,5 19M38A","","",3.0,UNIT,915000.0,0.00 %,"",0.0,2745000.0,2745000.0,0.0,"",0.0,0.0,"","","","",0.0,0.0
08/07/2023,Faktur Pembelian,JL.2307.02536,CANDRA (BLESSING),Lunas,"",9270000.0,0.0,22/07/2023,9270000.0,0.0,9270000.0,"","","","",ARIES,"","MONITOR LED 19,5 ACER V206HQL","","",3.0,UNIT,1025000.0,0.00 %,"",0.0,3075000.0,3075000.0,0.0,"",0.0,0.0,"","","","",0.0,0.0
08/07/2023,Faktur Pembelian,JL.2307.02553,CANDRA (BLESSING),Lunas,"",36715000.0,0.0,22/07/2023,33076576.576577,3638423.423423,36715000.0,"","","","",CV TIGA NUSA,"",* PRINTER EPSON LQ 2190 DOT MATRIX,"","",1.0,UNIT,8027027.027027,0.00 %,11.0,882972.9729729699999911702702702703,8027027.027027,8027027.027027,0.0,"",0.0,0.0,"","","","",0.0,0.0
08/07/2023,Faktur Pembelian,JL.2307.02553,CANDRA (BLESSING),Lunas,"",36715000.0,0.0,22/07/2023,33076576.576577,3638423.423423,36715000.0,"","","","",CV TIGA NUSA,"",* ASUS A416JAO CI3-1005G1/8GB/256GB SSD WIN 11,"","",4.0,UNIT,4945945.945946,0.00 %,11.0,2176216.2162162399999782378378378376,19783783.783784,19783783.783784,0.0,"",0.0,0.0,"","","","",0.0,0.0
08/07/2023,Faktur Pembelian,JL.2307.02553,CANDRA (BLESSING),Lunas,"",36715000.0,0.0,22/07/2023,33076576.576577,3638423.423423,36715000.0,"","","","",CV TIGA NUSA,"",* HP 14S I3-1115G4 4GB 512GB SSD WIN 11 NW,"","",1.0,UNIT,5265765.765766,0.00 %,11.0,579234.2342342599999942076576576574,5265765.765766,5265765.765766,0.0,"",0.0,0.0,"","","","",0.0,0.0
08/07/2023,Faktur Pembelian,14523,TK WIJAYA,Lunas,"",7194910.0,0.0,07/08/2023,7194910.0,0.0,7194910.0,"","","","","","",SALMA ECO 1,"","",20.0,PCS,26265.0,0.00 %,"",0.0,525300.0,525300.0,0.0,"",0.0,0.0,"","","","",0.0,0.0
08/07/2023,Faktur Pembelian,14523,TK WIJAYA,Lunas,"",7194910.0,0.0,07/08/2023,7194910.0,0.0,7194910.0,"","","","","","",SALMA ECO 2,"","",24.0,PCS,26265.0,0.00 %,"",0.0,630360.0,630360.0,0.0,"",0.0,0.0,"","","","",0.0,0.0
08/07/2023,Faktur Pembelian,14523,TK WIJAYA,Lunas,"",7194910.0,0.0,07/08/2023,7194910.0,0.0,7194910.0,"","","","","","",UNDANGAN HC 185,"","",30.0,PCS,29750.0,0.00 %,"",0.0,892500.0,892500.0,0.0,"",0.0,0.0,"","","","",0.0,0.0
08/07/2023,Faktur Pembelian,14523,TK WIJAYA,Lunas,"",7194910.0,0.0,07/08/2023,7194910.0,0.0,7194910.0,"","","","","","",UNDANGAN HC 186,"","",28.0,PCS,29750.0,0.00 %,"",0.0,833000.0,833000.0,0.0,"",0.0,0.0,"","","","",0.0,0.0
08/07/2023,Faktur Pembelian,14523,TK WIJAYA,Lunas,"",7194910.0,0.0,07/08/2023,7194910.0,0.0,7194910.0,"","","","","","",UNDANGAN HC 187,"","",23.0,PCS,29750.0,0.00 %,"",0.0,684250.0,684250.0,0.0,"",0.0,0.0,"","","","",0.0,0.0
08/07/2023,Faktur Pembelian,14523,TK WIJAYA,Lunas,"",7194910.0,0.0,07/08/2023,7194910.0,0.0,7194910.0,"","","","","","",UNDANGAN HC 188,"","",19.0,PCS,29750.0,0.00 %,"",0.0,565250.0,565250.0,0.0,"",0.0,0.0,"","","","",0.0,0.0
08/07/2023,Faktur Pembelian,14523,TK WIJAYA,Lunas,"",7194910.0,0.0,07/08/2023,7194910.0,0.0,7194910.0,"","","","","","",UNDANGAN HC 189,"","",19.0,PCS,29750.0,0.00 %,"",0.0,565250.0,565250.0,0.0,"",0.0,0.0,"","","","",0.0,0.0
08/07/2023,Faktur Pembelian,14523,TK WIJAYA,Lunas,"",7194910.0,0.0,07/08/2023,7194910.0,0.0,7194910.0,"","","","","","",KERTAS UNDANGAN AVIS 123,"","",15.0,PCS,29750.0,0.00 %,"",0.0,446250.0,446250.0,0.0,"",0.0,0.0,"","","","",0.0,0.0
08/07/2023,Faktur Pembelian,14523,TK WIJAYA,Lunas,"",7194910.0,0.0,07/08/2023,7194910.0,0.0,7194910.0,"","","","","","",KERTAS UNDANGAN AVIS 124,"","",12.0,PCS,29750.0,0.00 %,"",0.0,357000.0,357000.0,0.0,"",0.0,0.0,"","","","",0.0,0.0
08/07/2023,Faktur Pembelian,14523,TK WIJAYA,Lunas,"",7194910.0,0.0,07/08/2023,7194910.0,0.0,7194910.0,"","","","","","",KERTAS UNDANGAN AVIS 125,"","",25.0,PCS,29750.0,0.00 %,"",0.0,743750.0,743750.0,0.0,"",0.0,0.0,"","","","",0.0,0.0
08/07/2023,Faktur Pembelian,14523,TK WIJAYA,Lunas,"",7194910.0,0.0,07/08/2023,7194910.0,0.0,7194910.0,"","","","","","",KERTAS UNDANGAN AVIS 127,"","",15.0,PCS,29750.0,0.00 %,"",0.0,446250.0,446250.0,0.0,"",0.0,0.0,"","","","",0.0,0.0
08/07/2023,Faktur Pembelian,14523,TK WIJAYA,Lunas,"",7194910.0,0.0,07/08/2023,7194910.0,0.0,7194910.0,"","","","","","",KERTAS UNDANGAN AVIS 126,"","",17.0,PCS,29750.0,0.00 %,"",0.0,505750.0,505750.0,0.0,"",0.0,0.0,"","","","",0.0,0.0
08/07/2023,Faktur Pembelian,14524,HINDARTO WIJAYA,Lunas,WIJAYA,3624570.0,0.0,07/08/2023,3624570.0,0.0,3624570.0,"","","","","","",SALMA ECO 3,"","",30.0,PCS,26265.0,0.00 %,"",0.0,787950.0,787950.0,0.0,"",0.0,0.0,"","","","",0.0,0.0
08/07/2023,Faktur Pembelian,14524,HINDARTO WIJAYA,Lunas,WIJAYA,3624570.0,0.0,07/08/2023,3624570.0,0.0,3624570.0,"","","","","","",SALMA ECO 4,"","",30.0,PCS,26265.0,0.00 %,"",0.0,787950.0,787950.0,0.0,"",0.0,0.0,"","","","",0.0,0.0
08/07/2023,Faktur Pembelian,14524,HINDARTO WIJAYA,Lunas,WIJAYA,3624570.0,0.0,07/08/2023,3624570.0,0.0,3624570.0,"","","","","","",SALMA ECO 5,"","",13.0,PCS,26265.0,0.00 %,"",0.0,341445.0,341445.0,0.0,"",0.0,0.0,"","","","",0.0,0.0
08/07/2023,Faktur Pembelian,14524,HINDARTO WIJAYA,Lunas,WIJAYA,3624570.0,0.0,07/08/2023,3624570.0,0.0,3624570.0,"","","","","","",SALMA ECO 6,"","",26.0,PCS,26265.0,0.00 %,"",0.0,682890.0,682890.0,0.0,"",0.0,0.0,"","","","",0.0,0.0
08/07/2023,Faktur Pembelian,14524,HINDARTO WIJAYA,Lunas,WIJAYA,3624570.0,0.0,07/08/2023,3624570.0,0.0,3624570.0,"","","","","","",SALMA ECO 7,"","",22.0,PCS,26265.0,0.00 %,"",0.0,577830.0,577830.0,0.0,"",0.0,0.0,"","","","",0.0,0.0
08/07/2023,Faktur Pembelian,14524,HINDARTO WIJAYA,Lunas,WIJAYA,3624570.0,0.0,07/08/2023,3624570.0,0.0,3624570.0,"","","","","","",SALMA ECO 8,"","",17.0,PCS,26265.0,0.00 %,"",0.0,446505.0,446505.0,0.0,"",0.0,0.0,"","","","",0.0,0.0
08/07/2023,Faktur Pembelian,14525,FIKTIF BELI,Lunas,"",249999.999999,0.0,07/08/2023,249999.999999,0.0,249999.999999,"","","","","","",ONGKIR JNE,"","",3.0,JASA,83333.333333,0.00 %,"",0.0,249999.999999,249999.999999,0.0,"",0.0,0.0,"","","","",0.0,0.0
08/07/2023,Faktur Pembelian,JL5523070293,YULI (HP CENTRE),Lunas,"",220000.0,0.0,07/08/2023,220000.0,0.0,220000.0,"","","","",RAHMAT,"","MESIN LAMINATING BLUE PRINT LITE HOT AND COLD, A4 & F4 125A","","",1.0,UNIT,220000.0,0.00 %,"",0.0,220000.0,220000.0,0.0,"",0.0,0.0,"","","","",0.0,0.0
08/07/2023,Faktur Pembelian,00642503_036,PRIYO (K GALAXY),Lunas,"",4250000.0,0.0,07/08/2023,4250000.0,0.0,4250000.0,"","","","","","",SPEAKER ADVANCE K1512H,"","",1.0,UNIT,1675000.0,0.00 %,"",0.0,1675000.0,1675000.0,0.0,"",0.0,0.0,"","","","",0.0,0.0
08/07/2023,Faktur Pembelian,00642503_036,PRIYO (K GALAXY),Lunas,"",4250000.0,0.0,07/08/2023,4250000.0,0.0,4250000.0,"","","","","","",SPEAKER ADVANCE K1512E,"","",1.0,UNIT,1625000.0,0.00 %,"",0.0,1625000.0,1625000.0,0.0,"",0.0,0.0,"","","","",0.0,0.0
08/07/2023,Faktur Pembelian,00642503_036,PRIYO (K GALAXY),Lunas,"",4250000.0,0.0,07/08/2023,4250000.0,0.0,4250000.0,"","","","","","",SPEAKER ADVANCE K1501,"","",1.0,UNIT,950000.0,0.00 %,"",0.0,950000.0,950000.0,0.0,"",0.0,0.0,"","","","",0.0,0.0
08/07/2023,Faktur Pembelian,14600,ANDRIANY MUSTIKA SARI (cencen),Lunas,"",15536000.0,0.0,07/08/2023,15536000.0,0.0,15536000.0,"","","","","","",KERTAS NCR PINK CFB (MIDDLE),"",( 1 DUS ISI 10 RIM ),100.0,PCS,58850.0,0.00 %,"",0.0,5885000.0,5885000.0,0.0,"",0.0,0.0,"","","","",0.0,0.0
08/07/2023,Faktur Pembelian,14600,ANDRIANY MUSTIKA SARI (cencen),Lunas,"",15536000.0,0.0,07/08/2023,15536000.0,0.0,15536000.0,"","","","","","",KERTAS NCR YELLOW CFB (MIDDLE),"",( 1 DUS ISI 10 RIM ),60.0,PCS,58850.0,0.00 %,"",0.0,3531000.0,3531000.0,0.0,"",0.0,0.0,"","","","",0.0,0.0
08/07/2023,Faktur Pembelian,14600,ANDRIANY MUSTIKA SARI (cencen),Lunas,"",15536000.0,0.0,07/08/2023,15536000.0,0.0,15536000.0,"","","","","","",KERTAS NCR WHITE CB (TOP),"",( 1 DUS ISI 10 RIM ),100.0,PCS,61200.0,0.00 %,"",0.0,6120000.0,6120000.0,0.0,"",0.0,0.0,"","","","",0.0,0.0
09/07/2023,Faktur Pembelian,14526,FIKTIF BELI,Lunas,"",200000.0,0.0,08/08/2023,200000.0,0.0,200000.0,"","","","","","",TINTA CANON ORI GI 71 BLACK NON PACK,"","",1.0,PCS,50000.0,0.00 %,"",0.0,50000.0,50000.0,0.0,"",0.0,0.0,"","","","",0.0,0.0
09/07/2023,Faktur Pembelian,14526,FIKTIF BELI,Lunas,"",200000.0,0.0,08/08/2023,200000.0,0.0,200000.0,"","","","","","",TINTA CANON ORI GI 71 MAGENTA NON PACK,"","",1.0,PCS,50000.0,0.00 %,"",0.0,50000.0,50000.0,0.0,"",0.0,0.0,"","","","",0.0,0.0
09/07/2023,Faktur Pembelian,14526,FIKTIF BELI,Lunas,"",200000.0,0.0,08/08/2023,200000.0,0.0,200000.0,"","","","","","",TINTA CANON ORI GI 71 YELLOW NON PACK,"","",1.0,PCS,50000.0,0.00 %,"",0.0,50000.0,50000.0,0.0,"",0.0,0.0,"","","","",0.0,0.0
09/07/2023,Faktur Pembelian,14526,FIKTIF BELI,Lunas,"",200000.0,0.0,08/08/2023,200000.0,0.0,200000.0,"","","","","","",TINTA CANON ORI GI 71 CYAN NON PACK,"","",1.0,PCS,50000.0,0.00 %,"",0.0,50000.0,50000.0,0.0,"",0.0,0.0,"","","","",0.0,0.0
09/07/2023,Faktur Pembelian,14527,KO AMIN PIGURA,Lunas,"",2475000.0,0.0,08/08/2023,2475000.0,0.0,2475000.0,"","","","","","",BINGKAI FOTO 20X30 (10R JUMBO),"","",150.0,PCS,16500.0,0.00 %,"",0.0,2475000.0,2475000.0,0.0,"",0.0,0.0,"","","","",0.0,0.0
09/07/2023,Faktur Pembelian,003371,PT. INDO WARNA MULIA ( ALFA INK ),Lunas,"",10400000.0,0.0,07/09/2023,10400000.0,0.0,10400000.0,"","","","","","",ALFA INK CANON BLACK 100CC,"","",300.0,PCS,26000.0,0.00 %,"",0.0,7800000.0,7800000.0,0.0,"",0.0,0.0,"","","","",0.0,0.0
09/07/2023,Faktur Pembelian,003371,PT. INDO WARNA MULIA ( ALFA INK ),Lunas,"",10400000.0,0.0,07/09/2023,10400000.0,0.0,10400000.0,"","","","","","",ALFA INK CANON YELLOW 100CC,"","",100.0,PCS,26000.0,0.00 %,"",0.0,2600000.0,2600000.0,0.0,"",0.0,0.0,"","","","",0.0,0.0
10/07/2023,Faktur Pembelian,14528,DYNAMICS MATARAM,Lunas,"",3895000.0,0.0,09/08/2023,3895000.0,0.0,3895000.0,"","","","","","",CATRIDGE CANON 810 BLACK,"","",19.0,PCS,205000.0,0.00 %,"",0.0,3895000.0,3895000.0,0.0,"",0.0,0.0,"","","","",0.0,0.0
10/07/2023,Faktur Pembelian,14529,KEVIN TELKOMSEL,Lunas,"",3360000.0,0.0,09/08/2023,3360000.0,0.0,3360000.0,"","","","","","",MODEM ORBIT STAR N2,"","",6.0,UNIT,560000.0,0.00 %,"",0.0,3360000.0,3360000.0,0.0,"",0.0,0.0,"","","","",0.0,0.0
10/07/2023,Faktur Pembelian,14530,FIKTIF BELI,Lunas,"",6850000.0,0.0,09/08/2023,6850000.0,0.0,6850000.0,"","","","","","",OPP 23 X 30 (PLASTIK 10R),"","",500.0,PCS,13700.0,0.00 %,"",0.0,6850000.0,6850000.0,0.0,"",0.0,0.0,"","","","",0.0,0.0
10/07/2023,Faktur Pembelian,14531,ONLINE,Lunas,"",300000.0,0.0,09/08/2023,300000.0,0.0,300000.0,"","","","","","",ROLLER BAWAH EPSON,"","",10.0,PCS,15000.0,0.00 %,"",0.0,150000.0,150000.0,0.0,"",0.0,0.0,"","","","",0.0,0.0
10/07/2023,Faktur Pembelian,14531,ONLINE,Lunas,"",300000.0,0.0,09/08/2023,300000.0,0.0,300000.0,"","","","","","",ROLLER ATAS EPSON,"","",10.0,PCS,15000.0,0.00 %,"",0.0,150000.0,150000.0,0.0,"",0.0,0.0,"","","","",0.0,0.0
10/07/2023,Faktur Pembelian,14532,EDISON ATK,Lunas,ERA DAMAI ,8800000.0,0.0,08/09/2023,8800000.0,0.0,8800000.0,"","","","","","",STIKER NAMA UNDANGAN POLOS (103),"",( 1 PACK ISI 25 PCS ),4000.0,PCS,2200.0,0.00 %,"",0.0,8800000.0,8800000.0,0.0,"",0.0,0.0,"","","","",0.0,0.0
10/07/2023,Faktur Pembelian,JL.2307.03071,CANDRA (BLESSING),Lunas,"",315000.0,0.0,24/07/2023,315000.0,0.0,315000.0,"","","","",RAHMAT,"",RAM PC TEAM ELITE PLUS DDR4 8GB PC 3200 PENDINGIN,"","",1.0,PCS,315000.0,0.00 %,"",0.0,315000.0,315000.0,0.0,"",0.0,0.0,"","","","",0.0,0.0
10/07/2023,Faktur Pembelian,JL.2307.02808,CANDRA (BLESSING),Lunas,"",48060000.000001,0.0,24/07/2023,43297297.297298,4762702.702703,48060000.000001,"","","","",CV TIGA NUSA,"","* ASUS A416MAO INTEL N4020 4GB 256GB SSD 14""","","",10.0,UNIT,3846846.846847,0.00 %,11.0,4231531.531531699999957684684684683,38468468.46847,38468468.46847,0.0,"",0.0,0.0,"","","","",0.0,0.0
10/07/2023,Faktur Pembelian,JL.2307.02808,CANDRA (BLESSING),Lunas,"",48060000.000001,0.0,24/07/2023,43297297.297298,4762702.702703,48060000.000001,"","","","",CV TIGA NUSA,"",* AXIOO MYBOOK 14F N4020 4GB 256GB SSD FHD 13,"","",2.0,UNIT,2414414.414414,0.00 %,11.0,531171.1711710799999946882882882892,4828828.828828,4828828.828828,0.0,"",0.0,0.0,"","","","",0.0,0.0
10/07/2023,Faktur Pembelian,JL.2307.02904,CANDRA (BLESSING),Lunas,"",6390000.0,0.0,24/07/2023,5756756.756757,633243.243243,6390000.0,"","","","",CV TIGA NUSA,"",* ASUS A1400EA VIPS352 i3-1115G4 8GB 512GB SSD WIN 11 #,"","",1.0,UNIT,5756756.756757,0.00 %,11.0,633243.2432432699999936675675675673,5756756.756757,5756756.756757,0.0,"",0.0,0.0,"","","","",0.0,0.0
10/07/2023,Faktur Pembelian,JL.2307.02812,CANDRA (BLESSING),Lunas,"",6480000.0,0.0,24/07/2023,6480000.0,0.0,6480000.0,"","","","",AGUS,"",HDD PC WD PURPLE 1 TB,"","",10.0,PCS,615000.0,0.00 %,"",0.0,6150000.0,6150000.0,0.0,"",0.0,0.0,"","","","",0.0,0.0
10/07/2023,Faktur Pembelian,JL.2307.02812,CANDRA (BLESSING),Lunas,"",6480000.0,0.0,24/07/2023,6480000.0,0.0,6480000.0,"","","","",AGUS,"",SODIMM KINGSTONE DDR4 FURY 8GB PC 3200,"","",1.0,PCS,330000.0,0.00 %,"",0.0,330000.0,330000.0,0.0,"",0.0,0.0,"","","","",0.0,0.0
10/07/2023,Faktur Pembelian,14533,TK WIJAYA,Lunas,"",5450000.0,0.0,09/08/2023,5450000.0,0.0,5450000.0,"","","","","","",STIKER CAMEL GLOSSY F4 CAST COAT,"","",50.0,PCS,59500.0,0.00 %,"",0.0,2975000.0,2975000.0,0.0,"",0.0,0.0,"","","","",0.0,0.0
10/07/2023,Faktur Pembelian,14533,TK WIJAYA,Lunas,"",5450000.0,0.0,09/08/2023,5450000.0,0.0,5450000.0,"","","","","","",STIKER CAMEL HVS f4,"","",50.0,PCS,49500.0,0.00 %,"",0.0,2475000.0,2475000.0,0.0,"",0.0,0.0,"","","","",0.0,0.0
10/07/2023,Faktur Pembelian,14534,HARAPAN BARU,Lunas,"",2250000.0,0.0,09/08/2023,2250000.0,0.0,2250000.0,"","","","","","",SPEAKER ADVANCE K1812,"","",1.0,UNIT,2250000.0,0.00 %,"",0.0,2250000.0,2250000.0,0.0,"",0.0,0.0,"","","","",0.0,0.0
10/07/2023,Faktur Pembelian,072023216914,AGUS (DORAN),Lunas,"",7000000.0,0.0,09/08/2023,7000000.0,0.0,7000000.0,"",SURABAYA,"","","","",FD BLADE CZ50 16GB SANDISK,"","",200.0,PCS,35000.0,0.00 %,"",0.0,7000000.0,7000000.0,0.0,"",0.0,0.0,"","","","",0.0,0.0
10/07/2023,Faktur Pembelian,1543,LILI (PLATINUM),Lunas,"",870000.0,0.0,09/08/2023,870000.0,0.0,870000.0,"","","","","","",BATERAI ACER ES1 432 AS16A8K / AS16A5K,"","",2.0,PCS,305000.0,0.00 %,"",0.0,610000.0,610000.0,0.0,"",0.0,0.0,"","","","",0.0,0.0
10/07/2023,Faktur Pembelian,1543,LILI (PLATINUM),Lunas,"",870000.0,0.0,09/08/2023,870000.0,0.0,870000.0,"","","","","","",KEYBOARD LENOVO IDEAPAD 3 SLIM 3,"","",1.0,PCS,260000.0,0.00 %,"",0.0,260000.0,260000.0,0.0,"",0.0,0.0,"","","","",0.0,0.0
10/07/2023,Faktur Pembelian,FK 3228,BETA COM,Lunas,"",50932000.0,0.0,24/07/2023,50932000.0,0.0,50932000.0,"","","","","","",CATRIDGE CANON 810 BLACK,"","",96.0,PCS,201000.0,0.00 %,"",0.0,19296000.0,19296000.0,0.0,"",0.0,0.0,"","","","",0.0,0.0
10/07/2023,Faktur Pembelian,FK 3228,BETA COM,Lunas,"",50932000.0,0.0,24/07/2023,50932000.0,0.0,50932000.0,"","","","","","",CATRIDGE CANON 811 COLOUR,"","",96.0,PCS,256000.0,0.00 %,"",0.0,24576000.0,24576000.0,0.0,"",0.0,0.0,"","","","",0.0,0.0
10/07/2023,Faktur Pembelian,FK 3228,BETA COM,Lunas,"",50932000.0,0.0,24/07/2023,50932000.0,0.0,50932000.0,"","","","","","",CATRDIGE CANON CA91 / BH7 (G2010),"","",20.0,PCS,353000.0,0.00 %,"",0.0,7060000.0,7060000.0,0.0,"",0.0,0.0,"","","","",0.0,0.0
10/07/2023,Faktur Pembelian,2307031,ANDY (JMK),Lunas,"",2496000.0,0.0,09/08/2023,2496000.0,0.0,2496000.0,"","","","","","",COOLINGPAD NC 32 1FAN BESAR,"","",104.0,PCS,24000.0,0.00 %,"",0.0,2496000.0,2496000.0,0.0,"",0.0,0.0,"","","","",0.0,0.0
10/07/2023,Faktur Pembelian,KARMEN / INV/2023/85798,WULAN (DISCOUNT NOTEBOOK),Lunas,"",660000.0,0.0,09/08/2023,660000.0,0.0,660000.0,"","","","","","",BATERAI LAPTOP ACER E5 - 473 (AL15A32),"","",2.0,PCS,330000.0,0.00 %,"",0.0,660000.0,660000.0,0.0,"",0.0,0.0,"","","","",0.0,0.0
10/07/2023,Faktur Pembelian,JL5523070358,YULI (HP CENTRE),Lunas,"",3975000.0,0.0,09/08/2023,3975000.0,0.0,3975000.0,"","","","",RAHMAT,"",THERMAL PAPER ROLL BP LITE 80 X 80,"","",250.0,PCS,12700.0,0.00 %,"",0.0,3175000.0,3175000.0,0.0,"",0.0,0.0,"","","","",0.0,0.0
10/07/2023,Faktur Pembelian,JL5523070358,YULI (HP CENTRE),Lunas,"",3975000.0,0.0,09/08/2023,3975000.0,0.0,3975000.0,"","","","",RAHMAT,"",BLUEPRINT KERTAS THERMAL 80 X 40,"","",200.0,PCS,4000.0,0.00 %,"",0.0,800000.0,800000.0,0.0,"",0.0,0.0,"","","","",0.0,0.0
11/07/2023,Faktur Pembelian,14535,PT IS PRATAMA ABADI JAKARTA,Lunas,"",18000000.0,0.0,10/08/2023,18000000.0,0.0,18000000.0,"","","","","","",TINTA EPSON 003 BLACK,"","",60.0,PCS,75000.0,0.00 %,"",0.0,4500000.0,4500000.0,0.0,"",0.0,0.0,"","","","",0.0,0.0
11/07/2023,Faktur Pembelian,14535,PT IS PRATAMA ABADI JAKARTA,Lunas,"",18000000.0,0.0,10/08/2023,18000000.0,0.0,18000000.0,"","","","","","",TINTA EPSON 003 MAGENTA,"","",60.0,PCS,75000.0,0.00 %,"",0.0,4500000.0,4500000.0,0.0,"",0.0,0.0,"","","","",0.0,0.0
11/07/2023,Faktur Pembelian,14535,PT IS PRATAMA ABADI JAKARTA,Lunas,"",18000000.0,0.0,10/08/2023,18000000.0,0.0,18000000.0,"","","","","","",TINTA EPSON 003 CYAN,"","",60.0,PCS,75000.0,0.00 %,"",0.0,4500000.0,4500000.0,0.0,"",0.0,0.0,"","","","",0.0,0.0
11/07/2023,Faktur Pembelian,14535,PT IS PRATAMA ABADI JAKARTA,Lunas,"",18000000.0,0.0,10/08/2023,18000000.0,0.0,18000000.0,"","","","","","",TINTA EPSON 003 YELLOW,"","",60.0,PCS,75000.0,0.00 %,"",0.0,4500000.0,4500000.0,0.0,"",0.0,0.0,"","","","",0.0,0.0
11/07/2023,Faktur Pembelian,14536,TATIK (LEGENDA),Lunas,"",13410000.0,0.0,10/08/2023,13410000.0,0.0,13410000.0,"","","","","","",TINTA EPSON 664 CYAN,"","",60.0,PCS,74500.0,0.00 %,"",0.0,4470000.0,4470000.0,0.0,"",0.0,0.0,"","","","",0.0,0.0
11/07/2023,Faktur Pembelian,14536,TATIK (LEGENDA),Lunas,"",13410000.0,0.0,10/08/2023,13410000.0,0.0,13410000.0,"","","","","","",TINTA EPSON 664 YELLOW,"","",60.0,PCS,74500.0,0.00 %,"",0.0,4470000.0,4470000.0,0.0,"",0.0,0.0,"","","","",0.0,0.0
11/07/2023,Faktur Pembelian,14536,TATIK (LEGENDA),Lunas,"",13410000.0,0.0,10/08/2023,13410000.0,0.0,13410000.0,"","","","","","",TINTA EPSON 664 BLACK,"","",60.0,PCS,74500.0,0.00 %,"",0.0,4470000.0,4470000.0,0.0,"",0.0,0.0,"","","","",0.0,0.0
11/07/2023,Faktur Pembelian,PJL-23-07-00180,PT. Surya Makmur Kreasindo (HJ),Lunas,"",43000000.000001,0.0,25/07/2023,38738738.73874,4261261.261261,43000000.000001,"",SURABAYA,"","",CV TIGA NUSA,"",* PRINTER EPSON L3210,"","",20.0,UNIT,1936936.936937,0.00 %,11.0,4261261.261261399999957387387387386,38738738.73874,38738738.73874,0.0,"",0.0,0.0,PT. Surya Makmur Kreasindo,"",081515111951,"",0.0,0.0
11/07/2023,Faktur Pembelian,14538,FIKTIF BELI,Lunas,"",1260000.0,0.0,10/08/2023,1260000.0,0.0,1260000.0,"","","","","","","PLASTIK OPP 13,5 X 24","","",200.0,PCS,6300.0,0.00 %,"",0.0,1260000.0,1260000.0,0.0,"",0.0,0.0,"","","","",0.0,0.0
11/07/2023,Faktur Pembelian,14539,TK WIJAYA,Lunas,HAMER AND LINEN 1 RIM JD 55 PCS,8332499.99998,0.0,10/08/2023,8332499.99998,0.0,8332499.99998,"","","JL. SOEKARNO HATTA RT. 012  RW. 004 PANE, RASANAE BARAT","","","",STIKER CAMEL HVS f4,"","",50.0,PCS,48000.0,0.00 %,"",0.0,2400000.0,2400000.0,0.0,"",232500.0,0.0,"","","","",0.0,0.0
11/07/2023,Faktur Pembelian,14539,TK WIJAYA,Lunas,HAMER AND LINEN 1 RIM JD 55 PCS,8332499.99998,0.0,10/08/2023,8332499.99998,0.0,8332499.99998,"","","JL. SOEKARNO HATTA RT. 012  RW. 004 PANE, RASANAE BARAT","","","",KERTAS LINEN 200 GR F4,"","",55.0,PCS,50909.090909,0.00 %,"",0.0,2799999.999995,2799999.999995,0.0,"",232500.0,0.0,"","","","",0.0,0.0
11/07/2023,Faktur Pembelian,14539,TK WIJAYA,Lunas,HAMER AND LINEN 1 RIM JD 55 PCS,8332499.99998,0.0,10/08/2023,8332499.99998,0.0,8332499.99998,"","","JL. SOEKARNO HATTA RT. 012  RW. 004 PANE, RASANAE BARAT","","","",KERTAS HAMER,"","",55.0,PCS,52727.272727,0.00 %,"",0.0,2899999.999985,2899999.999985,0.0,"",232500.0,0.0,"","","","",0.0,0.0
11/07/2023,Faktur Pembelian,JL.2307.03305,CANDRA (BLESSING),Lunas,"",63010000.0,0.0,25/07/2023,56765765.765766,6244234.234234,63010000.0,"","","","",CV TIGA NUSA,"","* AXIOO MYBOOK 14E INTEL N4000 4GB 256GB SSD 14""","","",2.0,UNIT,2324324.324324,0.00 %,11.0,511351.3513512799999948864864864872,4648648.648648,4648648.648648,0.0,"",0.0,0.0,"","","","",0.0,0.0
11/07/2023,Faktur Pembelian,JL.2307.03305,CANDRA (BLESSING),Lunas,"",63010000.0,0.0,25/07/2023,56765765.765766,6244234.234234,63010000.0,"","","","",CV TIGA NUSA,"","* ASUS A416MAO INTEL N4020 4GB 256GB SSD 14""","","",6.0,UNIT,3846846.846847,0.00 %,11.0,2538918.9189190199999746108108108098,23081081.081082,23081081.081082,0.0,"",0.0,0.0,"","","","",0.0,0.0
11/07/2023,Faktur Pembelian,JL.2307.03305,CANDRA (BLESSING),Lunas,"",63010000.0,0.0,25/07/2023,56765765.765766,6244234.234234,63010000.0,"","","","",CV TIGA NUSA,"",* AIO ASUS V222GAK INTEL J4025 4GB 256GB SSD #,"","",2.0,UNIT,4468468.468468,0.00 %,11.0,983063.0630629599999901693693693704,8936936.936936,8936936.936936,0.0,"",0.0,0.0,"","","","",0.0,0.0
11/07/2023,Faktur Pembelian,JL.2307.03305,CANDRA (BLESSING),Lunas,"",63010000.0,0.0,25/07/2023,56765765.765766,6244234.234234,63010000.0,"","","","",CV TIGA NUSA,"",* ACER 3 A314 36M Ci3-N305 / 8GB / 512GB SSD WIN 11,"","",2.0,UNIT,5675675.675676,0.00 %,11.0,1248648.6486487199999875135135135128,11351351.351352,11351351.351352,0.0,"",0.0,0.0,"","","","",0.0,0.0
11/07/2023,Faktur Pembelian,JL.2307.03305,CANDRA (BLESSING),Lunas,"",63010000.0,0.0,25/07/2023,56765765.765766,6244234.234234,63010000.0,"","","","",CV TIGA NUSA,"",* ACER 5 A514 55 i5-1235U 8GB 512GB SSD MX 550 2GB WIN 11 nw,"","",1.0,UNIT,8747747.747748,0.00 %,11.0,962252.2522522799999903774774774772,8747747.747748,8747747.747748,0.0,"",0.0,0.0,"","","","",0.0,0.0
11/07/2023,Faktur Pembelian,2307193,CV. BALI IT SOLUSI (ENY),Lunas,"",6300000.0,0.0,25/07/2023,6300000.0,0.0,6300000.0,"","","","","","",KABEL CCTV DAHUA RG 59 + POWER,"","",9.0,DUS,700000.0,0.00 %,"",0.0,6300000.0,6300000.0,0.0,"",0.0,0.0,"","","","",0.0,0.0
11/07/2023,Faktur Pembelian,KARMEN / INV/2023/88590,WULAN (DISCOUNT NOTEBOOK),Lunas,"",475000.0,0.0,10/08/2023,475000.0,0.0,475000.0,"","","JL. SOEKARNO HATTA RT. 012  RW. 004 PANE, RASANAE BARAT","","","",KEYBOARD LAPTOP ASUS X441 (BLACK),"","",5.0,PCS,60000.0,0.00 %,"",0.0,300000.0,300000.0,0.0,"",5000.0,0.0,"","","","",0.0,0.0
11/07/2023,Faktur Pembelian,KARMEN / INV/2023/88590,WULAN (DISCOUNT NOTEBOOK),Lunas,"",475000.0,0.0,10/08/2023,475000.0,0.0,475000.0,"","","JL. SOEKARNO HATTA RT. 012  RW. 004 PANE, RASANAE BARAT","","","",KEYBOARD TOSHIBA L510,"","",2.0,PCS,85000.0,0.00 %,"",0.0,170000.0,170000.0,0.0,"",5000.0,0.0,"","","","",0.0,0.0
11/07/2023,Faktur Pembelian,072023216952,AGUS (DORAN),Lunas,"",12790000.0,0.0,10/08/2023,12790000.0,0.0,12790000.0,"",SURABAYA,"","","","",TPLINK ROUTER TL WR840N,"","",20.0,PCS,148500.0,0.00 %,"",0.0,2970000.0,2970000.0,0.0,"",0.0,0.0,"","","","",0.0,0.0
11/07/2023,Faktur Pembelian,072023216952,AGUS (DORAN),Lunas,"",12790000.0,0.0,10/08/2023,12790000.0,0.0,12790000.0,"",SURABAYA,"","","","",RIBBON CATRIDGE ORI EPSON LQ 2190,"","",20.0,PCS,165000.0,0.00 %,"",0.0,3300000.0,3300000.0,0.0,"",0.0,0.0,"","","","",0.0,0.0
11/07/2023,Faktur Pembelian,072023216952,AGUS (DORAN),Lunas,"",12790000.0,0.0,10/08/2023,12790000.0,0.0,12790000.0,"",SURABAYA,"","","","",CAM CCTV EZVIZ C6N #,"","",6.0,UNIT,330000.0,0.00 %,"",0.0,1980000.0,1980000.0,0.0,"",0.0,0.0,"","","","",0.0,0.0
11/07/2023,Faktur Pembelian,072023216952,AGUS (DORAN),Lunas,"",12790000.0,0.0,10/08/2023,12790000.0,0.0,12790000.0,"",SURABAYA,"","","","",FD BLADE CZ50 32GB SANDISK,"","",100.0,PCS,38500.0,0.00 %,"",0.0,3850000.0,3850000.0,0.0,"",0.0,0.0,"","","","",0.0,0.0
11/07/2023,Faktur Pembelian,072023216952,AGUS (DORAN),Lunas,"",12790000.0,0.0,10/08/2023,12790000.0,0.0,12790000.0,"",SURABAYA,"","","","",CAM CCTV EZVIZ OUTDOOR H8C #,"","",1.0,UNIT,690000.0,0.00 %,"",0.0,690000.0,690000.0,0.0,"",0.0,0.0,"","","","",0.0,0.0
12/07/2023,Faktur Pembelian,PJL-23-07-00199,PT. Surya Makmur Kreasindo (HJ),Lunas,"",16900000.000002,0.0,26/07/2023,15225225.225227,1674774.774775,16900000.000002,"",SURABAYA,"","",CV TIGA NUSA,"",* PRINTER EPSON L5290,"","",1.0,UNIT,3648648.648649,0.00 %,11.0,401351.3513513899999959864864864861,3648648.648649,3648648.648649,0.0,"",0.0,0.0,PT. Surya Makmur Kreasindo,"",081515111951,"",0.0,0.0
12/07/2023,Faktur Pembelian,PJL-23-07-00199,PT. Surya Makmur Kreasindo (HJ),Lunas,"",16900000.000002,0.0,26/07/2023,15225225.225227,1674774.774775,16900000.000002,"",SURABAYA,"","",CV TIGA NUSA,"",* PRINTER EPSON L3250 WIFI PRINT SCAN COPY,"","",1.0,UNIT,2567567.567568,0.00 %,11.0,282432.4324324799999971756756756752,2567567.567568,2567567.567568,0.0,"",0.0,0.0,PT. Surya Makmur Kreasindo,"",081515111951,"",0.0,0.0
12/07/2023,Faktur Pembelian,PJL-23-07-00199,PT. Surya Makmur Kreasindo (HJ),Lunas,"",16900000.000002,0.0,26/07/2023,15225225.225227,1674774.774775,16900000.000002,"",SURABAYA,"","",CV TIGA NUSA,"",* PRINTER EPSON L1210,"","",5.0,UNIT,1801801.801802,0.00 %,11.0,990990.990991099999990090090090089,9009009.00901,9009009.00901,0.0,"",0.0,0.0,PT. Surya Makmur Kreasindo,"",081515111951,"",0.0,0.0
12/07/2023,Faktur Pembelian,14542,FIKTIF BELI,Lunas,"",120000.0,0.0,11/08/2023,120000.0,0.0,120000.0,"","","","","","",ADAPTOR NVR,"","",1.0,PCS,120000.0,0.00 %,"",0.0,120000.0,120000.0,0.0,"",0.0,0.0,"","","","",0.0,0.0
12/07/2023,Faktur Pembelian,JL.2307.03880,CANDRA (BLESSING),Lunas,"",27570000.0,0.0,26/07/2023,27570000.0,0.0,27570000.0,"","","","",ARIES,"",ACER 3 A314 36M Ci3-N305 8GB 512GB SSD WIN 11,"","",3.0,UNIT,6300000.0,0.00 %,"",0.0,18900000.0,18900000.0,0.0,"",0.0,0.0,"","","","",0.0,0.0
12/07/2023,Faktur Pembelian,JL.2307.03880,CANDRA (BLESSING),Lunas,"",27570000.0,0.0,26/07/2023,27570000.0,0.0,27570000.0,"","","","",ARIES,"",LENOVO IDEAPAD 1 14IGL7 N4020 8GB SSD 256GB #,"","",2.0,UNIT,4335000.0,0.00 %,"",0.0,8670000.0,8670000.0,0.0,"",0.0,0.0,"","","","",0.0,0.0
12/07/2023,Faktur Pembelian,14543,TERMINAL GAME,Lunas,"",3960000.0,0.0,11/08/2023,3960000.0,0.0,3960000.0,"","","","","","",STICK PS 2 HITAM,"","",60.0,PCS,31000.0,0.00 %,"",0.0,1860000.0,1860000.0,0.0,"",0.0,0.0,"","","","",0.0,0.0
12/07/2023,Faktur Pembelian,14543,TERMINAL GAME,Lunas,"",3960000.0,0.0,11/08/2023,3960000.0,0.0,3960000.0,"","","","","","",STICK PS 2 WARNA,"","",60.0,PCS,35000.0,0.00 %,"",0.0,2100000.0,2100000.0,0.0,"",0.0,0.0,"","","","",0.0,0.0
12/07/2023,Faktur Pembelian,JL.2307.03350,CANDRA (BLESSING),Lunas,"",4058000.0,0.0,26/07/2023,4058000.0,0.0,4058000.0,"","","","",AGUS,"",TINTA REFFIL BROTHER BTD60BK BLACK,"","",4.0,PCS,92000.0,0.00 %,"",0.0,368000.0,368000.0,0.0,"",0.0,0.0,"","","","",0.0,0.0
12/07/2023,Faktur Pembelian,JL.2307.03350,CANDRA (BLESSING),Lunas,"",4058000.0,0.0,26/07/2023,4058000.0,0.0,4058000.0,"","","","",AGUS,"",PSU AEROCOOL LUX 550W BRONZE (dus putih),"","",1.0,PCS,505000.0,0.00 %,"",0.0,505000.0,505000.0,0.0,"",0.0,0.0,"","","","",0.0,0.0
12/07/2023,Faktur Pembelian,JL.2307.03350,CANDRA (BLESSING),Lunas,"",4058000.0,0.0,26/07/2023,4058000.0,0.0,4058000.0,"","","","",AGUS,"",RAM PC TEAM ELITE PLUS DDR4 8GB PC 3200 PENDINGIN,"","",1.0,PCS,315000.0,0.00 %,"",0.0,315000.0,315000.0,0.0,"",0.0,0.0,"","","","",0.0,0.0
12/07/2023,Faktur Pembelian,JL.2307.03350,CANDRA (BLESSING),Lunas,"",4058000.0,0.0,26/07/2023,4058000.0,0.0,4058000.0,"","","","",AGUS,"",CASING INFINITY NEBULA V.4,"","",1.0,UNIT,430000.0,0.00 %,"",0.0,430000.0,430000.0,0.0,"",0.0,0.0,"","","","",0.0,0.0
12/07/2023,Faktur Pembelian,JL.2307.03350,CANDRA (BLESSING),Lunas,"",4058000.0,0.0,26/07/2023,4058000.0,0.0,4058000.0,"","","","",AGUS,"",MB MSI AMD B450M - A PRO MAX DDR 4,"","",1.0,PCS,920000.0,0.00 %,"",0.0,920000.0,920000.0,0.0,"",0.0,0.0,"","","","",0.0,0.0
12/07/2023,Faktur Pembelian,JL.2307.03350,CANDRA (BLESSING),Lunas,"",4058000.0,0.0,26/07/2023,4058000.0,0.0,4058000.0,"","","","",AGUS,"",PROC AMD RYZEN 5 4600G INCLUD FAN,"","",1.0,PCS,1520000.0,0.00 %,"",0.0,1520000.0,1520000.0,0.0,"",0.0,0.0,"","","","",0.0,0.0
12/07/2023,Faktur Pembelian,14544,HARAPAN BARU,Lunas,"",1675000.0,0.0,11/08/2023,1675000.0,0.0,1675000.0,"","","","","","",SPEAKER ADVANCE K1506,"","",1.0,UNIT,1200000.0,0.00 %,"",0.0,1200000.0,1200000.0,0.0,"",0.0,0.0,"","","","",0.0,0.0
12/07/2023,Faktur Pembelian,14544,HARAPAN BARU,Lunas,"",1675000.0,0.0,11/08/2023,1675000.0,0.0,1675000.0,"","","","","","",STAVOLT CALTECH,"","",1.0,UNIT,475000.0,0.00 %,"",0.0,475000.0,475000.0,0.0,"",0.0,0.0,"","","","",0.0,0.0
12/07/2023,Faktur Pembelian,JL.2307.04102,CANDRA (BLESSING),Lunas,"",8540000.0,0.0,26/07/2023,8540000.0,0.0,8540000.0,"","","","",AGUS,"",ASUS A416MAO INTEL N4020 4GB 256GB SSD #,"","",2.0,UNIT,4270000.0,0.00 %,"",0.0,8540000.0,8540000.0,0.0,"",0.0,0.0,"","","","",0.0,0.0
12/07/2023,Faktur Pembelian,KARMEN / INV/2023/87603,WULAN (DISCOUNT NOTEBOOK),Lunas,"",200000.0,0.0,11/08/2023,200000.0,0.0,200000.0,"","","","","","",BATERAI LAPTOP TOSHIBA PA5184U,"","",1.0,PCS,200000.0,0.00 %,"",0.0,200000.0,200000.0,0.0,"",0.0,0.0,"","","","",0.0,0.0
12/07/2023,Faktur Pembelian,JL/23/07/00000130,CV. NOAH SEJAHTERA ABADI,Lunas,"",4700000.0,0.0,26/07/2023,4700000.0,0.0,4700000.0,"","","","","","",SSD SATA OSCOO 256GB,"","",20.0,PCS,235000.0,0.00 %,"",0.0,4700000.0,4700000.0,0.0,"",0.0,0.0,"","","","",0.0,0.0
12/07/2023,Faktur Pembelian,001546,LILI (PLATINUM),Lunas,"",6955000.0,0.0,11/08/2023,6955000.0,0.0,6955000.0,"","","","","","",PASTA PROCESSOR  SUNTIK,"","",30.0,PCS,3500.0,0.00 %,"",0.0,105000.0,105000.0,0.0,"",0.0,0.0,"","","","",0.0,0.0
12/07/2023,Faktur Pembelian,001546,LILI (PLATINUM),Lunas,"",6955000.0,0.0,11/08/2023,6955000.0,0.0,6955000.0,"","","","","","",PASTA PROCESSOR  BOTOL,"","",30.0,PCS,6000.0,0.00 %,"",0.0,180000.0,180000.0,0.0,"",0.0,0.0,"","","","",0.0,0.0
12/07/2023,Faktur Pembelian,001546,LILI (PLATINUM),Lunas,"",6955000.0,0.0,11/08/2023,6955000.0,0.0,6955000.0,"","","","","","",ADAPTOR ACER OR 19V 3.42A (KUNING),"","",44.0,PCS,60000.0,0.00 %,"",0.0,2640000.0,2640000.0,0.0,"",0.0,0.0,"","","","",0.0,0.0
12/07/2023,Faktur Pembelian,001546,LILI (PLATINUM),Lunas,"",6955000.0,0.0,11/08/2023,6955000.0,0.0,6955000.0,"","","","","","",MOUSE WIRELESS BANDA,"","",100.0,PCS,30000.0,0.00 %,"",0.0,3000000.0,3000000.0,0.0,"",0.0,0.0,"","","","",0.0,0.0
12/07/2023,Faktur Pembelian,001546,LILI (PLATINUM),Lunas,"",6955000.0,0.0,11/08/2023,6955000.0,0.0,6955000.0,"","","","","","",CONNECTOR RJ45 BIASA,"","",20.0,PACK,21000.0,0.00 %,"",0.0,420000.0,420000.0,0.0,"",0.0,0.0,"","","","",0.0,0.0
12/07/2023,Faktur Pembelian,001546,LILI (PLATINUM),Lunas,"",6955000.0,0.0,11/08/2023,6955000.0,0.0,6955000.0,"","","","","","",BATERAI ACER ES1 432 AS16A8K / AS16A5K,"","",2.0,PCS,305000.0,0.00 %,"",0.0,610000.0,610000.0,0.0,"",0.0,0.0,"","","","",0.0,0.0
12/07/2023,Faktur Pembelian,072023221821,AGUS (DORAN),Lunas,"",4450000.0,0.0,11/08/2023,4450000.0,0.0,4450000.0,"",SURABAYA,"","","","",MOUSE LOGITECH M90,"","",100.0,PCS,44500.0,0.00 %,"",0.0,4450000.0,4450000.0,0.0,"",0.0,0.0,"","","","",0.0,0.0
12/07/2023,Faktur Pembelian,072023221817,AGUS (DORAN),Lunas,"",7380000.0,0.0,11/08/2023,7380000.0,0.0,7380000.0,"",SURABAYA,"","","","",TINTA EPSON 673 LM,"","",10.0,PCS,123000.0,0.00 %,"",0.0,1230000.0,1230000.0,0.0,"",0.0,0.0,"","","","",0.0,0.0
12/07/2023,Faktur Pembelian,072023221817,AGUS (DORAN),Lunas,"",7380000.0,0.0,11/08/2023,7380000.0,0.0,7380000.0,"",SURABAYA,"","","","",TINTA EPSON 673 MAGENTA,"","",10.0,PCS,123000.0,0.00 %,"",0.0,1230000.0,1230000.0,0.0,"",0.0,0.0,"","","","",0.0,0.0
12/07/2023,Faktur Pembelian,072023221817,AGUS (DORAN),Lunas,"",7380000.0,0.0,11/08/2023,7380000.0,0.0,7380000.0,"",SURABAYA,"","","","",TINTA EPSON 673 YELLOW,"","",10.0,PCS,123000.0,0.00 %,"",0.0,1230000.0,1230000.0,0.0,"",0.0,0.0,"","","","",0.0,0.0
12/07/2023,Faktur Pembelian,072023221817,AGUS (DORAN),Lunas,"",7380000.0,0.0,11/08/2023,7380000.0,0.0,7380000.0,"",SURABAYA,"","","","",TINTA EPSON 673 CYAN,"","",10.0,PCS,123000.0,0.00 %,"",0.0,1230000.0,1230000.0,0.0,"",0.0,0.0,"","","","",0.0,0.0
12/07/2023,Faktur Pembelian,072023221817,AGUS (DORAN),Lunas,"",7380000.0,0.0,11/08/2023,7380000.0,0.0,7380000.0,"",SURABAYA,"","","","",TINTA EPSON 673 LC,"","",10.0,PCS,123000.0,0.00 %,"",0.0,1230000.0,1230000.0,0.0,"",0.0,0.0,"","","","",0.0,0.0
12/07/2023,Faktur Pembelian,072023221817,AGUS (DORAN),Lunas,"",7380000.0,0.0,11/08/2023,7380000.0,0.0,7380000.0,"",SURABAYA,"","","","",TINTA EPSON 673 BLACK,"","",10.0,PCS,123000.0,0.00 %,"",0.0,1230000.0,1230000.0,0.0,"",0.0,0.0,"","","","",0.0,0.0
12/07/2023,Faktur Pembelian,JL/23/07/00000116,CV. NOAH SEJAHTERA ABADI,Lunas,"",5350000.0,0.0,26/07/2023,5350000.0,0.0,5350000.0,"","","","","","",MB POWER MAX H61,"","",8.0,PCS,375000.0,0.00 %,"",0.0,3000000.0,3000000.0,0.0,"",0.0,0.0,"","","","",0.0,0.0
12/07/2023,Faktur Pembelian,JL/23/07/00000116,CV. NOAH SEJAHTERA ABADI,Lunas,"",5350000.0,0.0,26/07/2023,5350000.0,0.0,5350000.0,"","","","","","",SSD SATA OSCOO 256GB,"","",10.0,PCS,235000.0,0.00 %,"",0.0,2350000.0,2350000.0,0.0,"",0.0,0.0,"","","","",0.0,0.0
13/07/2023,Faktur Pembelian,14545,HARAPAN BARU,Lunas,"",1200000.0,0.0,12/08/2023,1200000.0,0.0,1200000.0,"","","","","","",SPEAKER ADVANCE K1506,"","",1.0,UNIT,1200000.0,0.00 %,"",0.0,1200000.0,1200000.0,0.0,"",0.0,0.0,"","","","",0.0,0.0
13/07/2023,Faktur Pembelian,D/23/00760/NTB,PT SAMAMAJU PRIMA NTB,Lunas,"",3082415.0,0.0,12/08/2023,3082415.0,0.0,3082415.0,"","","","",AGUS,"",PAPERLINE 1 PLY A3 CF B1,"","",10.0,DUS,308241.5,0.00 %,"",0.0,3082415.0,3082415.0,0.0,"",0.0,0.0,"","","","",0.0,0.0
13/07/2023,Faktur Pembelian,D/23/00759/NTB,PT SAMAMAJU PRIMA NTB,Lunas,"",59850516.25,0.0,12/08/2023,59850516.25,0.0,59850516.25,"","","","",AGUS,"",SIDU A3 70GSM,"","",25.0,PCS,85344.15,0.00 %,"",0.0,2133603.75,2133603.75,0.0,"",0.0,0.0,"","","","",0.0,0.0
13/07/2023,Faktur Pembelian,D/23/00759/NTB,PT SAMAMAJU PRIMA NTB,Lunas,"",59850516.25,0.0,12/08/2023,59850516.25,0.0,59850516.25,"","","","",AGUS,"",SIDU F4 70,"","",750.0,PCS,48507.83,0.00 %,"",0.0,36380872.5,36380872.5,0.0,"",0.0,0.0,"","","","",0.0,0.0
13/07/2023,Faktur Pembelian,D/23/00759/NTB,PT SAMAMAJU PRIMA NTB,Lunas,"",59850516.25,0.0,12/08/2023,59850516.25,0.0,59850516.25,"","","","",AGUS,"",SIDU A4 70,"","",500.0,PCS,42672.08,0.00 %,"",0.0,21336040.0,21336040.0,0.0,"",0.0,0.0,"","","","",0.0,0.0
13/07/2023,Faktur Pembelian,14546,AGUS (DORAN),Lunas,"",475000.0,0.0,12/08/2023,475000.0,0.0,475000.0,"",SURABAYA,"","","","",MICRO SD 128GB A2 EXTREME SANDISK,"","",2.0,PCS,237500.0,0.00 %,"",0.0,475000.0,475000.0,0.0,"",0.0,0.0,"","","","",0.0,0.0
13/07/2023,Faktur Pembelian,14547,GENSET SURABAYA,Lunas,VIA DUTA EXPRES NAMA NAJWAN,5300000.0,0.0,12/08/2023,5300000.0,0.0,5300000.0,"","","","","","",GENSET HONDA STARKE 6800HE,"","",1.0,UNIT,5300000.0,0.00 %,"",0.0,5300000.0,5300000.0,0.0,"",0.0,0.0,"","","","",0.0,0.0
13/07/2023,Faktur Pembelian,JL.2307.04180,CANDRA (BLESSING),Lunas,"",39175000.0,0.0,27/07/2023,39175000.0,0.0,39175000.0,"","","","",ARIES,"",PROJECTOR ACER BS 020P DLP 4000 LUMENS + TAS,"","",3.0,PCS,4715000.0,0.00 %,"",0.0,14145000.0,14145000.0,0.0,"",0.0,0.0,"","","","",0.0,0.0
13/07/2023,Faktur Pembelian,JL.2307.04180,CANDRA (BLESSING),Lunas,"",39175000.0,0.0,27/07/2023,39175000.0,0.0,39175000.0,"","","","",ARIES,"","ACER 5 A514 - 55G i5-1235U 8GB 512GB SSD MX 550 2GB 14""","","",1.0,UNIT,9710000.0,0.00 %,"",0.0,9710000.0,9710000.0,0.0,"",0.0,0.0,"","","","",0.0,0.0
13/07/2023,Faktur Pembelian,JL.2307.04180,CANDRA (BLESSING),Lunas,"",39175000.0,0.0,27/07/2023,39175000.0,0.0,39175000.0,"","","","",ARIES,"",ACER 5 A514 CI3-1115G4 8gb 512GB SSD MX 350 2GB WIN 11,"","",2.0,UNIT,6395000.0,0.00 %,"",0.0,12790000.0,12790000.0,0.0,"",0.0,0.0,"","","","",0.0,0.0
13/07/2023,Faktur Pembelian,JL.2307.04180,CANDRA (BLESSING),Lunas,"",39175000.0,0.0,27/07/2023,39175000.0,0.0,39175000.0,"","","","",ARIES,"",PRINTER EPSON TMU 220B USB AUTO CUTTER,"","",1.0,Buah,2530000.0,0.00 %,"",0.0,2530000.0,2530000.0,0.0,"",0.0,0.0,"","","","",0.0,0.0
13/07/2023,Faktur Pembelian,14548,FIKTIF BELI,Lunas,"",150000.0,0.0,12/08/2023,150000.0,0.0,150000.0,"","","","","","",TINTA CANON ORI 790 BLACK NON PACK,"","",1.0,PCS,60000.0,0.00 %,"",0.0,60000.0,60000.0,0.0,"",0.0,0.0,"","","","",0.0,0.0
13/07/2023,Faktur Pembelian,14548,FIKTIF BELI,Lunas,"",150000.0,0.0,12/08/2023,150000.0,0.0,150000.0,"","","","","","",TINTA CANON ORI 790 CYAN NON PACK,"","",1.0,PCS,30000.0,0.00 %,"",0.0,30000.0,30000.0,0.0,"",0.0,0.0,"","","","",0.0,0.0
13/07/2023,Faktur Pembelian,14548,FIKTIF BELI,Lunas,"",150000.0,0.0,12/08/2023,150000.0,0.0,150000.0,"","","","","","",TINTA CANON ORI 790 YELLOW NON PACK,"","",1.0,PCS,30000.0,0.00 %,"",0.0,30000.0,30000.0,0.0,"",0.0,0.0,"","","","",0.0,0.0
13/07/2023,Faktur Pembelian,14548,FIKTIF BELI,Lunas,"",150000.0,0.0,12/08/2023,150000.0,0.0,150000.0,"","","","","","",TINTA CANON ORI 790 MAGENTA NON PACK,"","",1.0,PCS,30000.0,0.00 %,"",0.0,30000.0,30000.0,0.0,"",0.0,0.0,"","","","",0.0,0.0
13/07/2023,Faktur Pembelian,JL.2307.04452,CANDRA (BLESSING),Lunas,KONSI,11790000.0,0.0,27/07/2023,10621621.621622,1168378.378378,11790000.0,"","","","",CV TIGA NUSA,"",* LENOVO IDEAPAD 3 14ITL6 CI3-1115G4 8GB 256GB SSD WIN 11 KS,"","",2.0,UNIT,5310810.810811,0.00 %,11.0,1168378.3783784199999883162162162158,10621621.621622,10621621.621622,0.0,"",0.0,0.0,"","","","",0.0,0.0
13/07/2023,Faktur Pembelian,14549,TATIK (LEGENDA),Lunas,"",1127000.0,0.0,12/08/2023,1127000.0,0.0,1127000.0,"","","","","","",CATRIDGE PRINTER HP GT 51 (BLACK),"","",2.0,PCS,125000.0,0.00 %,"",0.0,250000.0,250000.0,0.0,"",0.0,0.0,"","","","",0.0,0.0
13/07/2023,Faktur Pembelian,14549,TATIK (LEGENDA),Lunas,"",1127000.0,0.0,12/08/2023,1127000.0,0.0,1127000.0,"","","","","","",CATRIDGE PRINTER HP GT 52 (COLOUR),"","",2.0,PCS,125000.0,0.00 %,"",0.0,250000.0,250000.0,0.0,"",0.0,0.0,"","","","",0.0,0.0
13/07/2023,Faktur Pembelian,14549,TATIK (LEGENDA),Lunas,"",1127000.0,0.0,12/08/2023,1127000.0,0.0,1127000.0,"","","","","","",CATRIDGE HP 680 BLACK,"","",2.0,PCS,125000.0,0.00 %,"",0.0,250000.0,250000.0,0.0,"",0.0,0.0,"","","","",0.0,0.0
13/07/2023,Faktur Pembelian,14549,TATIK (LEGENDA),Lunas,"",1127000.0,0.0,12/08/2023,1127000.0,0.0,1127000.0,"","","","","","",CATRIDGE HP 680 COLOUR,"","",1.0,PCS,125000.0,0.00 %,"",0.0,125000.0,125000.0,0.0,"",0.0,0.0,"","","","",0.0,0.0
13/07/2023,Faktur Pembelian,14549,TATIK (LEGENDA),Lunas,"",1127000.0,0.0,12/08/2023,1127000.0,0.0,1127000.0,"","","","","","",CATRIDGE HP 678 BLACK,"","",1.0,PCS,126000.0,0.00 %,"",0.0,126000.0,126000.0,0.0,"",0.0,0.0,"","","","",0.0,0.0
13/07/2023,Faktur Pembelian,14549,TATIK (LEGENDA),Lunas,"",1127000.0,0.0,12/08/2023,1127000.0,0.0,1127000.0,"","","","","","",CATRDIGE HP 678 COLOUR,"","",1.0,PCS,126000.0,0.00 %,"",0.0,126000.0,126000.0,0.0,"",0.0,0.0,"","","","",0.0,0.0
13/07/2023,Faktur Pembelian,14550,FIKTIF BELI,Lunas,"",785999.9999,0.0,12/08/2023,785999.9999,0.0,785999.9999,"","","","","","",KABEL LAN ZIMM LINK PERMETER,"","",610.0,METER,1288.52459,0.00 %,"",0.0,785999.9999,785999.9999,0.0,"",0.0,0.0,"","","","",0.0,0.0
13/07/2023,Faktur Pembelian,072023227908,AGUS (DORAN),Lunas,"",5750000.0,0.0,12/08/2023,5750000.0,0.0,5750000.0,"",SURABAYA,"","","","",FD SANDISK 16GB ULTRA DUAL DRIVE 3.0 (OTG MICRO),"","",100.0,PCS,57500.0,0.00 %,"",0.0,5750000.0,5750000.0,0.0,"",0.0,0.0,"","","","",0.0,0.0
13/07/2023,Faktur Pembelian,072023227890,AGUS (DORAN),Lunas,"",36480000.0,0.0,12/08/2023,36480000.0,0.0,36480000.0,"",SURABAYA,"","","","",TINTA EPSON 003 BLACK,"","",240.0,PCS,76000.0,0.00 %,"",0.0,18240000.0,18240000.0,0.0,"",0.0,0.0,"","","","",0.0,0.0
13/07/2023,Faktur Pembelian,072023227890,AGUS (DORAN),Lunas,"",36480000.0,0.0,12/08/2023,36480000.0,0.0,36480000.0,"",SURABAYA,"","","","",TINTA EPSON 003 MAGENTA,"","",60.0,PCS,76000.0,0.00 %,"",0.0,4560000.0,4560000.0,0.0,"",0.0,0.0,"","","","",0.0,0.0
13/07/2023,Faktur Pembelian,072023227890,AGUS (DORAN),Lunas,"",36480000.0,0.0,12/08/2023,36480000.0,0.0,36480000.0,"",SURABAYA,"","","","",TINTA EPSON 003 CYAN,"","",60.0,PCS,76000.0,0.00 %,"",0.0,4560000.0,4560000.0,0.0,"",0.0,0.0,"","","","",0.0,0.0
13/07/2023,Faktur Pembelian,072023227890,AGUS (DORAN),Lunas,"",36480000.0,0.0,12/08/2023,36480000.0,0.0,36480000.0,"",SURABAYA,"","","","",TINTA EPSON 003 YELLOW,"","",60.0,PCS,76000.0,0.00 %,"",0.0,4560000.0,4560000.0,0.0,"",0.0,0.0,"","","","",0.0,0.0
13/07/2023,Faktur Pembelian,072023227890,AGUS (DORAN),Lunas,"",36480000.0,0.0,12/08/2023,36480000.0,0.0,36480000.0,"",SURABAYA,"","","","",TINTA EPSON 664 MAGENTA,"","",60.0,PCS,76000.0,0.00 %,"",0.0,4560000.0,4560000.0,0.0,"",0.0,0.0,"","","","",0.0,0.0
13/07/2023,Faktur Pembelian,072023225226,AGUS (DORAN),Lunas,"",8850000.0,0.0,12/08/2023,8850000.0,0.0,8850000.0,"",SURABAYA,"","","","",USB WIFI TPLINK TL WN725N NANO SIZE,"","",50.0,PCS,75000.0,0.00 %,"",0.0,3750000.0,3750000.0,0.0,"",0.0,0.0,"","","","",0.0,0.0
13/07/2023,Faktur Pembelian,072023225226,AGUS (DORAN),Lunas,"",8850000.0,0.0,12/08/2023,8850000.0,0.0,8850000.0,"",SURABAYA,"","","","",USB WIFI TPLINK WN 722,"","",50.0,PCS,102000.0,0.00 %,"",0.0,5100000.0,5100000.0,0.0,"",0.0,0.0,"","","","",0.0,0.0
14/07/2023,Faktur Pembelian,14552,DARMA DJ COMP,Lunas,"",23125000.0,0.0,13/08/2023,23125000.0,0.0,23125000.0,"","","","","","",ACER A314 35 N5100 8GB SSD 256GB,"","",5.0,UNIT,4625000.0,0.00 %,"",0.0,23125000.0,23125000.0,0.0,"",0.0,0.0,"","","",087876835295,0.0,0.0
14/07/2023,Faktur Pembelian,PJL-23-07-00258,PT. Surya Makmur Kreasindo (HJ),Lunas,"",23999999.999993,0.0,28/07/2023,21621621.621615,2378378.378378,23999999.999993,"",SURABAYA,"","",CV TIGA NUSA,"",* PRINTER EPSON L121,"","",15.0,UNIT,1441441.441441,0.00 %,11.0,2378378.3783776499999762162162162235,21621621.621615,21621621.621615,0.0,"",0.0,0.0,PT. Surya Makmur Kreasindo,"",081515111951,"",0.0,0.0
14/07/2023,Faktur Pembelian,14554,IP COM TOKO,Lunas,KURANG KABEL DATA PRINTER 3 METER,2975000.0,0.0,13/08/2023,2975000.0,0.0,2975000.0,"","","","","","","FAN CASING CPU TRANSPARAN 12""","","",50.0,PCS,19500.0,0.00 %,"",0.0,975000.0,975000.0,0.0,"",0.0,0.0,"","","","",0.0,0.0
14/07/2023,Faktur Pembelian,14554,IP COM TOKO,Lunas,KURANG KABEL DATA PRINTER 3 METER,2975000.0,0.0,13/08/2023,2975000.0,0.0,2975000.0,"","","","","","","FAN CASING CPU TRANSPARAN 8""","","",50.0,PCS,16500.0,0.00 %,"",0.0,825000.0,825000.0,0.0,"",0.0,0.0,"","","","",0.0,0.0
14/07/2023,Faktur Pembelian,14554,IP COM TOKO,Lunas,KURANG KABEL DATA PRINTER 3 METER,2975000.0,0.0,13/08/2023,2975000.0,0.0,2975000.0,"","","","","","",KABEL DATA PRINTER 5 METER,"","",30.0,PCS,17500.0,0.00 %,"",0.0,525000.0,525000.0,0.0,"",0.0,0.0,"","","","",0.0,0.0
14/07/2023,Faktur Pembelian,14554,IP COM TOKO,Lunas,KURANG KABEL DATA PRINTER 3 METER,2975000.0,0.0,13/08/2023,2975000.0,0.0,2975000.0,"","","","","","",CLEANER LCD 3 IN 1,"","",100.0,PCS,6500.0,0.00 %,"",0.0,650000.0,650000.0,0.0,"",0.0,0.0,"","","","",0.0,0.0
14/07/2023,Faktur Pembelian,JL.2307.04825,CANDRA (BLESSING),Lunas,"",14915000.0,0.0,28/07/2023,14915000.0,0.0,14915000.0,"","","","",ARIES,"",MB GIGABYTE GA H81M DS2,"","",4.0,PCS,930000.0,0.00 %,"",0.0,3720000.0,3720000.0,0.0,"",0.0,0.0,"","","","",0.0,0.0
14/07/2023,Faktur Pembelian,JL.2307.04825,CANDRA (BLESSING),Lunas,"",14915000.0,0.0,28/07/2023,14915000.0,0.0,14915000.0,"","","","",ARIES,"",ASUS M415DAO-FHD RYZEN 3 3250U 8GB 256GB SSD #,"","",2.0,UNIT,5255000.0,0.00 %,"",0.0,10510000.0,10510000.0,0.0,"",0.0,0.0,"","","","",0.0,0.0
14/07/2023,Faktur Pembelian,JL.2307.04825,CANDRA (BLESSING),Lunas,"",14915000.0,0.0,28/07/2023,14915000.0,0.0,14915000.0,"","","","",ARIES,"",SPEAKER ADVANCE BT CLS - 201BT 2.1 CHANNEL,"","",5.0,UNIT,137000.0,0.00 %,"",0.0,685000.0,685000.0,0.0,"",0.0,0.0,"","","","",0.0,0.0
14/07/2023,Faktur Pembelian,JL.2307.04857,CANDRA (BLESSING),Lunas,"",18635000.0,0.0,28/07/2023,18635000.0,0.0,18635000.0,"","","","",ARIES,"",ACER 5 A514 CI3-1115G4 8gb 512GB SSD MX 350 2GB WIN 11,"","",2.0,UNIT,6395000.0,0.00 %,"",0.0,12790000.0,12790000.0,0.0,"",0.0,0.0,"","","","",0.0,0.0
14/07/2023,Faktur Pembelian,JL.2307.04857,CANDRA (BLESSING),Lunas,"",18635000.0,0.0,28/07/2023,18635000.0,0.0,18635000.0,"","","","",ARIES,"",HP 14S CI3 1115G4 4GB 512GB SSD WIN 11,"","",1.0,UNIT,5845000.0,0.00 %,"",0.0,5845000.0,5845000.0,0.0,"",0.0,0.0,"","","","",0.0,0.0
14/07/2023,Faktur Pembelian,14557,FIKTIF BELI,Lunas,"",200000.0,0.0,13/08/2023,200000.0,0.0,200000.0,"","","","","","",MAP BISNIS,"","",100.0,PCS,2000.0,0.00 %,"",0.0,200000.0,200000.0,0.0,"",0.0,0.0,"","","","",0.0,0.0
14/07/2023,Faktur Pembelian,001547,LILI (PLATINUM),Lunas,"",770000.0,0.0,13/08/2023,770000.0,0.0,770000.0,"","","","","","",BATERAI ACER  V5 431 (AL12A32),"","",1.0,PCS,230000.0,0.00 %,"",0.0,230000.0,230000.0,0.0,"",0.0,0.0,"","","","",0.0,0.0
14/07/2023,Faktur Pembelian,001547,LILI (PLATINUM),Lunas,"",770000.0,0.0,13/08/2023,770000.0,0.0,770000.0,"","","","","","",BATERAI LAPTOP ACER Z1402,"","",2.0,PCS,270000.0,0.00 %,"",0.0,540000.0,540000.0,0.0,"",0.0,0.0,"","","","",0.0,0.0
14/07/2023,Faktur Pembelian,00642890_036,PRIYO (K GALAXY),Lunas,"",425000.0,0.0,13/08/2023,425000.0,0.0,425000.0,"","","","","","",PROC INTEL CORE I3 GEN 2,"","",5.0,PCS,85000.0,0.00 %,"",0.0,425000.0,425000.0,0.0,"",0.0,0.0,"","","","",0.0,0.0
14/07/2023,Faktur Pembelian,KARMEN / INV/2023/88710,WULAN (DISCOUNT NOTEBOOK),Lunas,"",185000.000001,0.0,13/08/2023,185000.000001,0.0,185000.000001,"","","","","","",KEYBOARD LAPTOP ASUS E402,"","",3.0,PCS,61666.666667,0.00 %,"",0.0,185000.000001,185000.000001,0.0,"",0.0,0.0,"","","","",0.0,0.0
14/07/2023,Faktur Pembelian,JO-N/SBY/PO1/140723/001,PT. INDO WARNA MULIA ( ALFA INK ),Lunas,"",1679000.0,0.0,12/09/2023,1679000.0,0.0,1679000.0,"","","","","","",ALFA INK ART PAPER YELLOW,"","",10.0,PCS,83950.0,0.00 %,"",0.0,839500.0,839500.0,0.0,"",0.0,0.0,"","","","",0.0,0.0
14/07/2023,Faktur Pembelian,JO-N/SBY/PO1/140723/001,PT. INDO WARNA MULIA ( ALFA INK ),Lunas,"",1679000.0,0.0,12/09/2023,1679000.0,0.0,1679000.0,"","","","","","",ALFA INK ART PAPER MAGENTA,"","",10.0,PCS,83950.0,0.00 %,"",0.0,839500.0,839500.0,0.0,"",0.0,0.0,"","","","",0.0,0.0
14/07/2023,Faktur Pembelian,JL/23/07/00000161,CV. NOAH SEJAHTERA ABADI,Lunas,"",3200000.0,0.0,28/07/2023,3200000.0,0.0,3200000.0,"","","","","","",KEYBOARD USB MTECH STK01,"","",100.0,PCS,32000.0,0.00 %,"",0.0,3200000.0,3200000.0,0.0,"",0.0,0.0,"","","","",0.0,0.0
15/07/2023,Faktur Pembelian,14558,DARMA DJ COMP,Lunas,"",23125000.0,0.0,14/08/2023,23125000.0,0.0,23125000.0,"","","","","","",ACER A314 35 N5100 8GB SSD 256GB,"","",5.0,UNIT,4625000.0,0.00 %,"",0.0,23125000.0,23125000.0,0.0,"",0.0,0.0,"","","",087876835295,0.0,0.0
15/07/2023,Faktur Pembelian,14559,FIKTIF BELI,Lunas,"",120000.0,0.0,14/08/2023,120000.0,0.0,120000.0,"","","","","","",TINTA CANON ORI 790 BLACK NON PACK,"","",1.0,PCS,30000.0,0.00 %,"",0.0,30000.0,30000.0,0.0,"",0.0,0.0,"","","","",0.0,0.0
15/07/2023,Faktur Pembelian,14559,FIKTIF BELI,Lunas,"",120000.0,0.0,14/08/2023,120000.0,0.0,120000.0,"","","","","","",TINTA CANON ORI 790 CYAN NON PACK,"","",1.0,PCS,30000.0,0.00 %,"",0.0,30000.0,30000.0,0.0,"",0.0,0.0,"","","","",0.0,0.0
15/07/2023,Faktur Pembelian,14559,FIKTIF BELI,Lunas,"",120000.0,0.0,14/08/2023,120000.0,0.0,120000.0,"","","","","","",TINTA CANON ORI 790 YELLOW NON PACK,"","",1.0,PCS,30000.0,0.00 %,"",0.0,30000.0,30000.0,0.0,"",0.0,0.0,"","","","",0.0,0.0
15/07/2023,Faktur Pembelian,14559,FIKTIF BELI,Lunas,"",120000.0,0.0,14/08/2023,120000.0,0.0,120000.0,"","","","","","",TINTA CANON ORI 790 MAGENTA NON PACK,"","",1.0,PCS,30000.0,0.00 %,"",0.0,30000.0,30000.0,0.0,"",0.0,0.0,"","","","",0.0,0.0
15/07/2023,Faktur Pembelian,4518,GUDANG AKSESORIES SURABAYA (KURNIAWAN),Lunas,"",2875000.0,0.0,13/09/2023,2875000.0,0.0,2875000.0,"","","","","","",ADAPTOR TOSHIBA (ORI),"","",50.0,PCS,57500.0,0.00 %,"",0.0,2875000.0,2875000.0,0.0,"",0.0,0.0,"","","","",0.0,0.0
15/07/2023,Faktur Pembelian,00643007_036,PRIYO (K GALAXY),Lunas,"",1855000.0,0.0,14/08/2023,1855000.0,0.0,1855000.0,"","","","","","",MB GIGABYTE GA H81M DS2,"","",2.0,PCS,927500.0,0.00 %,"",0.0,1855000.0,1855000.0,0.0,"",0.0,0.0,"","","","",0.0,0.0
16/07/2023,Faktur Pembelian,00642898_036,PRIYO (K GALAXY),Lunas,"",4290000.0,0.0,15/08/2023,4290000.0,0.0,4290000.0,"","","","","","","TRIPOT LAYAR PROJECTOR 70"" 172cm x 172cm SCREEN PROJECTOR","","",12.0,PCS,357500.0,0.00 %,"",0.0,4290000.0,4290000.0,0.0,"",0.0,0.0,"","","","",0.0,0.0
16/07/2023,Faktur Pembelian,14561,FIKTIF BELI,Lunas,"",60000.0,0.0,15/08/2023,60000.0,0.0,60000.0,"","","","","","",TINTA CANON ORI 790 BLACK NON PACK,"","",1.0,PCS,60000.0,0.00 %,"",0.0,60000.0,60000.0,0.0,"",0.0,0.0,"","","","",0.0,0.0
16/07/2023,Faktur Pembelian,14561,FIKTIF BELI,Lunas,"",60000.0,0.0,15/08/2023,60000.0,0.0,60000.0,"","","","","","",TINTA CANON ORI 790 CYAN NON PACK,"","",1.0,PCS,0.0,0.00 %,"",0.0,0.0,0.0,0.0,"",0.0,0.0,"","","","",0.0,0.0
16/07/2023,Faktur Pembelian,14561,FIKTIF BELI,Lunas,"",60000.0,0.0,15/08/2023,60000.0,0.0,60000.0,"","","","","","",TINTA CANON ORI 790 YELLOW NON PACK,"","",1.0,PCS,0.0,0.00 %,"",0.0,0.0,0.0,0.0,"",0.0,0.0,"","","","",0.0,0.0
16/07/2023,Faktur Pembelian,14561,FIKTIF BELI,Lunas,"",60000.0,0.0,15/08/2023,60000.0,0.0,60000.0,"","","","","","",TINTA CANON ORI 790 MAGENTA NON PACK,"","",1.0,PCS,0.0,0.00 %,"",0.0,0.0,0.0,0.0,"",0.0,0.0,"","","","",0.0,0.0
17/07/2023,Faktur Pembelian,PJL-23-07-00287,PT. Surya Makmur Kreasindo (HJ),Lunas,"",32250000.000001,0.0,31/07/2023,29054054.054055,3195945.945946,32250000.000001,"",SURABAYA,"","",CV TIGA NUSA,"",* PRINTER EPSON L3210,"","",15.0,UNIT,1936936.936937,0.00 %,11.0,3195945.9459460499999680405405405395,29054054.054055,29054054.054055,0.0,"",0.0,0.0,PT. Surya Makmur Kreasindo,"",081515111951,"",0.0,0.0
17/07/2023,Faktur Pembelian,14563,ONLINE,Lunas,"",2650000.0,0.0,16/08/2023,2650000.0,0.0,2650000.0,"","","","","","","LCD LAYAR SENTUH OLED 13,3 ASUS ZENBOOK FLIP FHD JT","","",1.0,PCS,2650000.0,0.00 %,"",0.0,2650000.0,2650000.0,0.0,"",0.0,0.0,"","","","",0.0,0.0
17/07/2023,Faktur Pembelian,JL.2307.05622,CANDRA (BLESSING),Lunas,"",25620000.0,0.0,31/07/2023,25620000.0,0.0,25620000.0,"","","","",AGUS,"",ASUS A416MAO INTEL N4020 4GB 256GB SSD #,"","",6.0,UNIT,4270000.0,0.00 %,"",0.0,25620000.0,25620000.0,0.0,"",0.0,0.0,"","","","",0.0,0.0
17/07/2023,Faktur Pembelian,JL.2307.05474,CANDRA (BLESSING),Lunas,"",32430000.0,0.0,31/07/2023,32430000.0,0.0,32430000.0,"","","","",ARIES,"",PROJECTOR ACER BS 020P DLP 4000 LUMENS + TAS,"","",2.0,PCS,4715000.0,0.00 %,"",0.0,9430000.0,9430000.0,0.0,"",0.0,0.0,"","","","",0.0,0.0
17/07/2023,Faktur Pembelian,JL.2307.05474,CANDRA (BLESSING),Lunas,"",32430000.0,0.0,31/07/2023,32430000.0,0.0,32430000.0,"","","","",ARIES,"","LED LG 24MP60G - B 24 FHD IPS (1920 x 1080) 75Hz,5ms #","","",2.0,UNIT,1545000.0,0.00 %,"",0.0,3090000.0,3090000.0,0.0,"",0.0,0.0,"","","","",0.0,0.0
17/07/2023,Faktur Pembelian,JL.2307.05474,CANDRA (BLESSING),Lunas,"",32430000.0,0.0,31/07/2023,32430000.0,0.0,32430000.0,"","","","",ARIES,"",SODIMM DIGITAL ALLIANCE DDR3L 8GB,"","",1.0,PCS,180000.0,0.00 %,"",0.0,180000.0,180000.0,0.0,"",0.0,0.0,"","","","",0.0,0.0
17/07/2023,Faktur Pembelian,JL.2307.05474,CANDRA (BLESSING),Lunas,"",32430000.0,0.0,31/07/2023,32430000.0,0.0,32430000.0,"","","","",ARIES,"","ACER 5 A514 - 55G i5-1235U 8GB 512GB SSD MX 550 2GB 14""","","",2.0,UNIT,9710000.0,0.00 %,"",0.0,19420000.0,19420000.0,0.0,"",0.0,0.0,"","","","",0.0,0.0
17/07/2023,Faktur Pembelian,JL.2307.05474,CANDRA (BLESSING),Lunas,"",32430000.0,0.0,31/07/2023,32430000.0,0.0,32430000.0,"","","","",ARIES,"",CASING SSD ORICO HM2-G2-BK-BP NVME M.2 SSD,"","",1.0,PCS,310000.0,0.00 %,"",0.0,310000.0,310000.0,0.0,"",0.0,0.0,"","","","",0.0,0.0
17/07/2023,Faktur Pembelian,14564,TATIK (LEGENDA),Lunas,"",13410000.0,0.0,16/08/2023,13410000.0,0.0,13410000.0,"","","","","","",TINTA EPSON 003 BLACK,"","",180.0,PCS,74500.0,0.00 %,"",0.0,13410000.0,13410000.0,0.0,"",0.0,0.0,"","","","",0.0,0.0
17/07/2023,Faktur Pembelian,2303400,WAHANA,Lunas,"",17730000.0,0.0,16/08/2023,17730000.0,0.0,17730000.0,"","","","","","",CCTV CAM DAHUA HAC B1A21 IR BULLET (OUTDOOR),"","",30.0,PCS,163000.0,0.00 %,"",0.0,4890000.0,4890000.0,0.0,"",0.0,0.0,"","","","",0.0,0.0
17/07/2023,Faktur Pembelian,2303400,WAHANA,Lunas,"",17730000.0,0.0,16/08/2023,17730000.0,0.0,17730000.0,"","","","","","",CCTV DVR DAHUA XVR1B16H 16CH,"","",3.0,PCS,1200000.0,0.00 %,"",0.0,3600000.0,3600000.0,0.0,"",0.0,0.0,"","","","",0.0,0.0
17/07/2023,Faktur Pembelian,2303400,WAHANA,Lunas,"",17730000.0,0.0,16/08/2023,17730000.0,0.0,17730000.0,"","","","","","",CCTV CAM DAHUA HAC-T1A21 IR BULLET (INDOOR),"","",20.0,PCS,152000.0,0.00 %,"",0.0,3040000.0,3040000.0,0.0,"",0.0,0.0,"","","","",0.0,0.0
17/07/2023,Faktur Pembelian,2303400,WAHANA,Lunas,"",17730000.0,0.0,16/08/2023,17730000.0,0.0,17730000.0,"","","","","","",CCTV DVR DAHUA 8CH XVR1B08-1 (MH),"","",10.0,UNIT,620000.0,0.00 %,"",0.0,6200000.0,6200000.0,0.0,"",0.0,0.0,"","","","",0.0,0.0
17/07/2023,Faktur Pembelian,2307299,CV. BALI IT SOLUSI (ENY),Lunas,"",21575000.0,0.0,31/07/2023,21575000.0,0.0,21575000.0,"","","","","","",HP 14S INTEL N4500 4GB SSD 256GB WIN 11,"","",5.0,UNIT,4315000.0,0.00 %,"",0.0,21575000.0,21575000.0,0.0,"",0.0,0.0,"","","","",0.0,0.0
17/07/2023,Faktur Pembelian,001549,LILI (PLATINUM),Lunas,"",3100000.0,0.0,16/08/2023,3100000.0,0.0,3100000.0,"","","","","","",BATERAI ACER  V5 431 (AL12A32),"","",2.0,PCS,230000.0,0.00 %,"",0.0,460000.0,460000.0,0.0,"",0.0,0.0,"","","","",0.0,0.0
17/07/2023,Faktur Pembelian,001549,LILI (PLATINUM),Lunas,"",3100000.0,0.0,16/08/2023,3100000.0,0.0,3100000.0,"","","","","","",LCD LAPTOP 14 TIPIS 30 PIN,"","",5.0,PCS,480000.0,0.00 %,"",0.0,2400000.0,2400000.0,0.0,"",0.0,0.0,"","","","",0.0,0.0
17/07/2023,Faktur Pembelian,001549,LILI (PLATINUM),Lunas,"",3100000.0,0.0,16/08/2023,3100000.0,0.0,3100000.0,"","","","","","",BATERAI LAPTOP TOSHIBA PA 5185 U,"","",1.0,PCS,240000.0,0.00 %,"",0.0,240000.0,240000.0,0.0,"",0.0,0.0,"","","","",0.0,0.0
17/07/2023,Faktur Pembelian,JL5523070724,YULI (HP CENTRE),Lunas,"",18900000.0,0.0,16/08/2023,18900000.0,0.0,18900000.0,"","","","",ARIES,"",ACER 3 A314 36M Ci3-N305 8GB 512GB SSD WIN 11,"","",3.0,UNIT,6300000.0,0.00 %,"",0.0,18900000.0,18900000.0,0.0,"",0.0,0.0,"","","","",0.0,0.0
17/07/2023,Faktur Pembelian,JL5523070663,YULI (HP CENTRE),Lunas,"",19400000.0,0.0,16/08/2023,19400000.0,0.0,19400000.0,"","","","",ARIES,"",ASUS TUF F15 FX506 CI5-10300H 8GB 512GB SSD GTX 1650 4GB NW,"","",2.0,UNIT,9700000.0,0.00 %,"",0.0,19400000.0,19400000.0,0.0,"",0.0,0.0,"","","","",0.0,0.0
17/07/2023,Faktur Pembelian,JL5523070677,YULI (HP CENTRE),Lunas,"",29100000.000001,0.0,16/08/2023,26216216.216217,2883783.783784,29100000.000001,"","","","",CV TIGA NUSA,"",* ASUS TUF FX506LH-I565B6T GREY I5 10300H GTX 1650 512GB SSD #,"","",3.0,UNIT,8738738.738739,0.00 %,11.0,2883783.7837838699999711621621621613,26216216.216217,26216216.216217,0.0,"",0.0,0.0,"","","","",0.0,0.0
17/07/2023,Faktur Pembelian,KARMEN / INV/2023/90104,WULAN (DISCOUNT NOTEBOOK),Lunas,"",785000.0,0.0,16/08/2023,785000.0,0.0,785000.0,"","","","","","",BATERAI ACER  V5 431 (AL12A32),"","",1.0,PCS,315000.0,0.00 %,"",0.0,315000.0,315000.0,0.0,"",0.0,0.0,"","","","",0.0,0.0
17/07/2023,Faktur Pembelian,KARMEN / INV/2023/90104,WULAN (DISCOUNT NOTEBOOK),Lunas,"",785000.0,0.0,16/08/2023,785000.0,0.0,785000.0,"","","","","","",BATERAI SONY BPS22 BLACK,"","",1.0,PCS,470000.0,0.00 %,"",0.0,470000.0,470000.0,0.0,"",0.0,0.0,"","","","",0.0,0.0
17/07/2023,Faktur Pembelian,072023236496,AGUS (DORAN),Lunas,"",2070000.0,0.0,16/08/2023,2070000.0,0.0,2070000.0,"",SURABAYA,"","","","",RIBBON PACK EPSON LX 310 ( 8750 8755 8758 ),"","",60.0,PCS,34500.0,0.00 %,"",0.0,2070000.0,2070000.0,0.0,"",0.0,0.0,"","","","",0.0,0.0
17/07/2023,Faktur Pembelian,072023236499,AGUS (DORAN),Lunas,"",1497898.0,0.0,16/08/2023,1497898.0,0.0,1497898.0,"",SURABAYA,"","","","",HFB JETE 06 EXTREME SILVER BT,"","",2.0,PCS,227250.0,0.00 %,"",0.0,454500.0,454500.0,0.0,"",0.0,0.0,"","","","",0.0,0.0
17/07/2023,Faktur Pembelian,072023236499,AGUS (DORAN),Lunas,"",1497898.0,0.0,16/08/2023,1497898.0,0.0,1497898.0,"",SURABAYA,"","","","",HFB JETE 11 BT,"","",2.0,PCS,119900.0,0.00 %,"",0.0,239800.0,239800.0,0.0,"",0.0,0.0,"","","","",0.0,0.0
17/07/2023,Faktur Pembelian,072023236499,AGUS (DORAN),Lunas,"",1497898.0,0.0,16/08/2023,1497898.0,0.0,1497898.0,"",SURABAYA,"","","","",HFB JETE 12 BT,"","",2.0,PCS,201899.0,0.00 %,"",0.0,403798.0,403798.0,0.0,"",0.0,0.0,"","","","",0.0,0.0
17/07/2023,Faktur Pembelian,072023236499,AGUS (DORAN),Lunas,"",1497898.0,0.0,16/08/2023,1497898.0,0.0,1497898.0,"",SURABAYA,"","","","",HFB JETE 13 PRO BT,"","",2.0,PCS,199900.0,0.00 %,"",0.0,399800.0,399800.0,0.0,"",0.0,0.0,"","","","",0.0,0.0
17/07/2023,Faktur Pembelian,00643139_036,PRIYO (K GALAXY),Lunas,"",9000000.0,0.0,16/08/2023,9000000.0,0.0,9000000.0,"","","","","","","LED LG 18,5 19M38A","","",10.0,UNIT,900000.0,0.00 %,"",0.0,9000000.0,9000000.0,0.0,"",0.0,0.0,"","","","",0.0,0.0
18/07/2023,Faktur Pembelian,JL.2307.05999,CANDRA (BLESSING),Lunas,"",31650000.0,0.0,01/08/2023,31650000.0,0.0,31650000.0,"","","","",ARIES,"",AXIOO MYBOOK 14E INTEL N4000 4GB SSD 256GB #,"","",3.0,UNIT,2580000.0,0.00 %,"",0.0,7740000.0,7740000.0,0.0,"",0.0,0.0,"","","","",0.0,0.0
18/07/2023,Faktur Pembelian,JL.2307.05999,CANDRA (BLESSING),Lunas,"",31650000.0,0.0,01/08/2023,31650000.0,0.0,31650000.0,"","","","",ARIES,"",ASUS M415DAO-FHD RYZEN 3 3250U 8GB 256GB SSD #,"","",2.0,UNIT,5255000.0,0.00 %,"",0.0,10510000.0,10510000.0,0.0,"",0.0,0.0,"","","","",0.0,0.0
18/07/2023,Faktur Pembelian,JL.2307.05999,CANDRA (BLESSING),Lunas,"",31650000.0,0.0,01/08/2023,31650000.0,0.0,31650000.0,"","","","",ARIES,"","AXIOO 14F N4020/4GB/256GB SSD/13.3""","","",5.0,UNIT,2680000.0,0.00 %,"",0.0,13400000.0,13400000.0,0.0,"",0.0,0.0,"","","","",0.0,0.0
18/07/2023,Faktur Pembelian,JL.2307.06032,CANDRA (BLESSING),Lunas,"",8600000.0,0.0,01/08/2023,8600000.0,0.0,8600000.0,"","","","",ARIES,"",LENOVO IDEAPAD 1 14IGL7 N4020 8GB SSD 256GB #,"","",2.0,UNIT,4300000.0,0.00 %,"",0.0,8600000.0,8600000.0,0.0,"",0.0,0.0,"","","","",0.0,0.0
18/07/2023,Faktur Pembelian,14565,FIKTIF BELI,Lunas,"",185000.0,0.0,17/08/2023,185000.0,0.0,185000.0,"","","","","","",TINTA CANON ORI 790 BLACK NON PACK,"","",1.0,PCS,74000.0,0.00 %,"",0.0,74000.0,74000.0,0.0,"",0.0,0.0,"","","","",0.0,0.0
18/07/2023,Faktur Pembelian,14565,FIKTIF BELI,Lunas,"",185000.0,0.0,17/08/2023,185000.0,0.0,185000.0,"","","","","","",TINTA CANON ORI 790 CYAN NON PACK,"","",1.0,PCS,37000.0,0.00 %,"",0.0,37000.0,37000.0,0.0,"",0.0,0.0,"","","","",0.0,0.0
18/07/2023,Faktur Pembelian,14565,FIKTIF BELI,Lunas,"",185000.0,0.0,17/08/2023,185000.0,0.0,185000.0,"","","","","","",TINTA CANON ORI 790 YELLOW NON PACK,"","",1.0,PCS,37000.0,0.00 %,"",0.0,37000.0,37000.0,0.0,"",0.0,0.0,"","","","",0.0,0.0
18/07/2023,Faktur Pembelian,14565,FIKTIF BELI,Lunas,"",185000.0,0.0,17/08/2023,185000.0,0.0,185000.0,"","","","","","",TINTA CANON ORI 790 MAGENTA NON PACK,"","",1.0,PCS,37000.0,0.00 %,"",0.0,37000.0,37000.0,0.0,"",0.0,0.0,"","","","",0.0,0.0
18/07/2023,Faktur Pembelian,PJL-23-07-00319,PT. Surya Makmur Kreasindo (HJ),Lunas,"",41549999.999996,0.0,01/08/2023,37432432.432429,4117567.567567,41549999.999996,"",SURABAYA,"","",CV TIGA NUSA,"",* PRINTER EPSON L121,"","",10.0,UNIT,1441441.441441,0.00 %,11.0,1585585.585585099999984144144144149,14414414.41441,14414414.41441,0.0,"",0.0,0.0,PT. Surya Makmur Kreasindo,"",081515111951,"",0.0,0.0
18/07/2023,Faktur Pembelian,PJL-23-07-00319,PT. Surya Makmur Kreasindo (HJ),Lunas,"",41549999.999996,0.0,01/08/2023,37432432.432429,4117567.567567,41549999.999996,"",SURABAYA,"","",CV TIGA NUSA,"",* PRINTER EPSON L3210,"","",10.0,UNIT,1936936.936937,0.00 %,11.0,2130630.630630699999978693693693693,19369369.36937,19369369.36937,0.0,"",0.0,0.0,PT. Surya Makmur Kreasindo,"",081515111951,"",0.0,0.0
18/07/2023,Faktur Pembelian,PJL-23-07-00319,PT. Surya Makmur Kreasindo (HJ),Lunas,"",41549999.999996,0.0,01/08/2023,37432432.432429,4117567.567567,41549999.999996,"",SURABAYA,"","",CV TIGA NUSA,"",* PRINTER EPSON L5290,"","",1.0,UNIT,3648648.648649,0.00 %,11.0,401351.3513513899999959864864864861,3648648.648649,3648648.648649,0.0,"",0.0,0.0,PT. Surya Makmur Kreasindo,"",081515111951,"",0.0,0.0
18/07/2023,Faktur Pembelian,2307360,CV. BALI IT SOLUSI (ENY),Lunas,"",33000000.0,0.0,01/08/2023,33000000.0,0.0,33000000.0,"","","","","","",ASUS A416J I3 1005G1 8GB SSD 256GB WIN 11,"","",6.0,UNIT,5500000.0,0.00 %,"",0.0,33000000.0,33000000.0,0.0,"",0.0,0.0,"","","","",0.0,0.0
18/07/2023,Faktur Pembelian,KARMEN / INV/2023/90909,WULAN (DISCOUNT NOTEBOOK),Lunas,"",440000.0,0.0,17/08/2023,440000.0,0.0,440000.0,"","","","","","",BATERAI TOSHIBA C640 OR (PA3817U),"","",2.0,PCS,220000.0,0.00 %,"",0.0,440000.0,440000.0,0.0,"",0.0,0.0,"","","","",0.0,0.0
18/07/2023,Faktur Pembelian,KARMEN / INV/2023/91190,WULAN (DISCOUNT NOTEBOOK),Lunas,"",605000.0,0.0,17/08/2023,605000.0,0.0,605000.0,"","","","","","",KEYBOARD LAPTOP ASUS X441 (BLACK),"","",10.0,PCS,60500.0,0.00 %,"",0.0,605000.0,605000.0,0.0,"",0.0,0.0,"","","","",0.0,0.0
18/07/2023,Faktur Pembelian,KARMEN /  INV/2023/90842,WULAN (DISCOUNT NOTEBOOK),Lunas,"",330000.0,0.0,17/08/2023,330000.0,0.0,330000.0,"","","","","","",KEYBOARD LAPTOP ASUS A407,"","",5.0,PCS,66000.0,0.00 %,"",0.0,330000.0,330000.0,0.0,"",0.0,0.0,"","","","",0.0,0.0
18/07/2023,Faktur Pembelian,072023241271,AGUS (DORAN),Lunas,"",23364500.0,0.0,17/08/2023,23364500.0,0.0,23364500.0,"",SURABAYA,"","","","",SSD SANDISK PLUS 240GB,"","",80.0,PCS,280000.0,0.00 %,"",0.0,22400000.0,22400000.0,0.0,"",0.0,0.0,"","","","",0.0,0.0
18/07/2023,Faktur Pembelian,072023241271,AGUS (DORAN),Lunas,"",23364500.0,0.0,17/08/2023,23364500.0,0.0,23364500.0,"",SURABAYA,"","","","",SDHC 128GB CL 10 SANDISK,"","",5.0,PCS,192900.0,0.00 %,"",0.0,964500.0,964500.0,0.0,"",0.0,0.0,"","","","",0.0,0.0
18/07/2023,Faktur Pembelian,JL5523070760,YULI (HP CENTRE),Lunas,"",10940000.0,0.0,17/08/2023,10940000.0,0.0,10940000.0,"","","","",ARIES,"",BLUEPRINT CANON BLACK (100ML),"","",300.0,PCS,35000.0,0.00 %,"",0.0,10500000.0,10500000.0,0.0,"",0.0,0.0,"","","","",0.0,0.0
18/07/2023,Faktur Pembelian,JL5523070760,YULI (HP CENTRE),Lunas,"",10940000.0,0.0,17/08/2023,10940000.0,0.0,10940000.0,"","","","",ARIES,"","MESIN LAMINATING BLUE PRINT LITE HOT AND COLD, A4 & F4 125A","","",2.0,UNIT,220000.0,0.00 %,"",0.0,440000.0,440000.0,0.0,"",0.0,0.0,"","","","",0.0,0.0
19/07/2023,Faktur Pembelian,14567,YULI (HP CENTRE),Lunas,"",6400000.0,0.0,18/08/2023,6400000.0,0.0,6400000.0,"","","","","","",ACER 5 A514 CI3-1115G4 8gb 512GB SSD MX 350 2GB WIN 11,"","",1.0,UNIT,6400000.0,0.00 %,"",0.0,6400000.0,6400000.0,0.0,"",0.0,0.0,"","","","",0.0,0.0
19/07/2023,Faktur Pembelian,001550,LILI (PLATINUM),Lunas,"",880000.0,0.0,18/08/2023,880000.0,0.0,880000.0,"","","","","","",KEYBOARD ACER V5 431,"","",5.0,PCS,70000.0,0.00 %,"",0.0,350000.0,350000.0,0.0,"",0.0,0.0,"","","","",0.0,0.0
19/07/2023,Faktur Pembelian,001550,LILI (PLATINUM),Lunas,"",880000.0,0.0,18/08/2023,880000.0,0.0,880000.0,"","","","","","",keyboard acer es1 132 tombol on off,"","",3.0,PCS,90000.0,0.00 %,"",0.0,270000.0,270000.0,0.0,"",0.0,0.0,"","","","",0.0,0.0
19/07/2023,Faktur Pembelian,001550,LILI (PLATINUM),Lunas,"",880000.0,0.0,18/08/2023,880000.0,0.0,880000.0,"","","","","","",KEYBOARD LENOVO IDEAPAD 3 SLIM 3,"","",1.0,PCS,260000.0,0.00 %,"",0.0,260000.0,260000.0,0.0,"",0.0,0.0,"","","","",0.0,0.0
20/07/2023,Faktur Pembelian,14568,TIMBUL SUBUR PLASTIK,Lunas,"",7894000.0,0.0,19/08/2023,7894000.0,0.0,7894000.0,"","","","","","","PLASTIK OPP 11,5 X 24","","",600.0,PCS,5000.0,0.00 %,"",0.0,3000000.0,3000000.0,0.0,"",0.0,0.0,"","","","",0.0,0.0
20/07/2023,Faktur Pembelian,14568,TIMBUL SUBUR PLASTIK,Lunas,"",7894000.0,0.0,19/08/2023,7894000.0,0.0,7894000.0,"","","","","","","PLASTIK OPP 10,5 X 24","","",700.0,PCS,4600.0,0.00 %,"",0.0,3220000.0,3220000.0,0.0,"",0.0,0.0,"","","","",0.0,0.0
20/07/2023,Faktur Pembelian,14568,TIMBUL SUBUR PLASTIK,Lunas,"",7894000.0,0.0,19/08/2023,7894000.0,0.0,7894000.0,"","","","","","","OPP 14,5 X 24","","",270.0,PCS,6200.0,0.00 %,"",0.0,1674000.0,1674000.0,0.0,"",0.0,0.0,"","","","",0.0,0.0
20/07/2023,Faktur Pembelian,JL.2307.06440,CANDRA (BLESSING),Lunas,"",5860000.0,0.0,03/08/2023,5860000.0,0.0,5860000.0,"","","","",ARIES,"",BROTHER DCP L2540 DW,"","",2.0,PCS,2930000.0,0.00 %,"",0.0,5860000.0,5860000.0,0.0,"",0.0,0.0,"","","","",0.0,0.0
20/07/2023,Faktur Pembelian,JL.2307.06442,CANDRA (BLESSING),Lunas,"",11585000.0,0.0,03/08/2023,11585000.0,0.0,11585000.0,"","","","",ARIES,"",ASUS TUF A15 FA606I AMD RYZEN 7 4800H 8GB 512GB SSD RTX 3050 4GB WIN 11,"","",1.0,UNIT,11585000.0,0.00 %,"",0.0,11585000.0,11585000.0,0.0,"",0.0,0.0,"","","","",0.0,0.0
20/07/2023,Faktur Pembelian,JL.2307.06439,CANDRA (BLESSING),Lunas,"",42700000.0,0.0,03/08/2023,42700000.0,0.0,42700000.0,"","","","",ARIES,"",ASUS A416MAO INTEL N4020 4GB 256GB SSD #,"","",10.0,UNIT,4270000.0,0.00 %,"",0.0,42700000.0,42700000.0,0.0,"",0.0,0.0,"","","","",0.0,0.0
20/07/2023,Faktur Pembelian,14569,FIKTIF BELI,Lunas,"",249000.0,0.0,19/08/2023,249000.0,0.0,249000.0,"","","","","","",NACHI LAKBAN HITAM 35 X 12M,"","",30.0,PCS,8300.0,0.00 %,"",0.0,249000.0,249000.0,0.0,"",0.0,0.0,"","","","",0.0,0.0
20/07/2023,Faktur Pembelian,KARMEN / INV/2023/92308,WULAN (DISCOUNT NOTEBOOK),Lunas,"",1155000.0,0.0,19/08/2023,1155000.0,0.0,1155000.0,"","","","","","",LCD LAPTOP 14 30 PIN SMALL FRAME NO BR,"","",2.0,PCS,370000.0,0.00 %,"",0.0,736810.6,740000.0,5000.0,"",0.0,0.0,"","","","",0.0,0.43
20/07/2023,Faktur Pembelian,KARMEN / INV/2023/92308,WULAN (DISCOUNT NOTEBOOK),Lunas,"",1155000.0,0.0,19/08/2023,1155000.0,0.0,1155000.0,"","","","","","","LCD 15,6 TEBAL 40 PIN","","",1.0,PCS,420000.0,0.00 %,"",0.0,418189.8,420000.0,5000.0,"",0.0,0.0,"","","","",0.0,0.43
21/07/2023,Faktur Pembelian,2307032,ANDY (JMK),Lunas,"",3744000.0,0.0,20/08/2023,3744000.0,0.0,3744000.0,"","","","","","",COOLINGPAD NC 32 1FAN BESAR,"","",156.0,PCS,24000.0,0.00 %,"",0.0,3744000.0,3744000.0,0.0,"",0.0,0.0,"","","","",0.0,0.0
21/07/2023,Faktur Pembelian,14570,FIKTIF BELI,Lunas,"",208000.0,0.0,20/08/2023,208000.0,0.0,208000.0,"","","","","","",RJ45 COMMSCOPE,"","",100.0,BIJI,2080.0,0.00 %,"",0.0,208000.0,208000.0,0.0,"",0.0,0.0,"","","","",0.0,0.0
21/07/2023,Faktur Pembelian,14571,HARAPAN BARU,Lunas,"",1865000.0,0.0,20/08/2023,1865000.0,0.0,1865000.0,"","","","","","",LED TV SHAR 32 INCS,"","",1.0,UNIT,1865000.0,0.00 %,"",0.0,1865000.0,1865000.0,0.0,"",0.0,0.0,"","","","",0.0,0.0
21/07/2023,Faktur Pembelian,14572,KEVIN TELKOMSEL,Lunas,"",3360000.0,0.0,20/08/2023,3360000.0,0.0,3360000.0,"","","","","","",MODEM ORBIT STAR N2,"","",6.0,UNIT,560000.0,0.00 %,"",0.0,3360000.0,3360000.0,0.0,"",0.0,0.0,"","","","",0.0,0.0
21/07/2023,Faktur Pembelian,JL.2307.07104,CANDRA (BLESSING),Lunas,"",20065000.0,0.0,04/08/2023,20065000.0,0.0,20065000.0,"","","","",ARIES,"",LED SAMSUNG LS22A336NHEXXD 22FHD VGA+HDMI,"","",2.0,UNIT,1240000.0,0.00 %,"",0.0,2480000.0,2480000.0,0.0,"",0.0,0.0,"","","","",0.0,0.0
21/07/2023,Faktur Pembelian,JL.2307.07104,CANDRA (BLESSING),Lunas,"",20065000.0,0.0,04/08/2023,20065000.0,0.0,20065000.0,"","","","",ARIES,"",CASING INFINITY NEBULA V.4,"","",1.0,UNIT,410000.0,0.00 %,"",0.0,410000.0,410000.0,0.0,"",0.0,0.0,"","","","",0.0,0.0
21/07/2023,Faktur Pembelian,JL.2307.07104,CANDRA (BLESSING),Lunas,"",20065000.0,0.0,04/08/2023,20065000.0,0.0,20065000.0,"","","","",ARIES,"",ACER 5 A514 CI3-1115G4 8gb 512GB SSD MX 350 2GB WIN 11,"","",1.0,UNIT,6395000.0,0.00 %,"",0.0,6395000.0,6395000.0,0.0,"",0.0,0.0,"","","","",0.0,0.0
21/07/2023,Faktur Pembelian,JL.2307.07104,CANDRA (BLESSING),Lunas,"",20065000.0,0.0,04/08/2023,20065000.0,0.0,20065000.0,"","","","",ARIES,"",ASUS A1400EA FHD I3 - 1115G4 4GB 256GB SSD WIN 11,"","",2.0,UNIT,5390000.0,0.00 %,"",0.0,10780000.0,10780000.0,0.0,"",0.0,0.0,"","","","",0.0,0.0
21/07/2023,Faktur Pembelian,14573,IQ TRONIK,Lunas,"",10400000.0,0.0,20/08/2023,10400000.0,0.0,10400000.0,"","","","","","",KERTAS FOTO SPECTRA SILKY 260,"","",200.0,PCS,52000.0,0.00 %,"",0.0,10400000.0,10400000.0,0.0,"",0.0,0.0,"","","","",0.0,0.0
21/07/2023,Faktur Pembelian,14574,LEGALA,Lunas,"",9500000.0,0.0,20/08/2023,9500000.0,0.0,9500000.0,"","","","","","",TINTA ART PAPER KOREA BLACK,"","",20.0,PCS,100000.0,0.00 %,"",0.0,2000000.0,2000000.0,0.0,"",0.0,0.0,"","","","",0.0,0.0
21/07/2023,Faktur Pembelian,14574,LEGALA,Lunas,"",9500000.0,0.0,20/08/2023,9500000.0,0.0,9500000.0,"","","","","","",TINTA ART PAPER KOREA CYAN,"","",10.0,PCS,100000.0,0.00 %,"",0.0,1000000.0,1000000.0,0.0,"",0.0,0.0,"","","","",0.0,0.0
21/07/2023,Faktur Pembelian,14574,LEGALA,Lunas,"",9500000.0,0.0,20/08/2023,9500000.0,0.0,9500000.0,"","","","","","",TINTA ART PAPER KOREA MAGENTA,"","",25.0,PCS,100000.0,0.00 %,"",0.0,2500000.0,2500000.0,0.0,"",0.0,0.0,"","","","",0.0,0.0
21/07/2023,Faktur Pembelian,14574,LEGALA,Lunas,"",9500000.0,0.0,20/08/2023,9500000.0,0.0,9500000.0,"","","","","","",TINTA ART PAPER KOREA YELLOW,"","",25.0,PCS,100000.0,0.00 %,"",0.0,2500000.0,2500000.0,0.0,"",0.0,0.0,"","","","",0.0,0.0
21/07/2023,Faktur Pembelian,14574,LEGALA,Lunas,"",9500000.0,0.0,20/08/2023,9500000.0,0.0,9500000.0,"","","","","","",TINTA ART PAPER KOREA LIGHT MAGENTA,"","",5.0,PCS,100000.0,0.00 %,"",0.0,500000.0,500000.0,0.0,"",0.0,0.0,"","","","",0.0,0.0
21/07/2023,Faktur Pembelian,14574,LEGALA,Lunas,"",9500000.0,0.0,20/08/2023,9500000.0,0.0,9500000.0,"","","","","","",TINTA ART PAPER KOREA LIGHT CYAN,"","",10.0,PCS,100000.0,0.00 %,"",0.0,1000000.0,1000000.0,0.0,"",0.0,0.0,"","","","",0.0,0.0
21/07/2023,Faktur Pembelian,14575,FIKTIF BELI,Lunas,"",1500000.0,0.0,20/08/2023,1500000.0,0.0,1500000.0,"","","","","","",OJEK,"","",10.0,JASA,150000.0,0.00 %,"",0.0,1500000.0,1500000.0,0.0,"",0.0,0.0,"","","","",0.0,0.0
21/07/2023,Faktur Pembelian,2307444,CV. BALI IT SOLUSI (ENY),Lunas,"",25200000.0,0.0,04/08/2023,25200000.0,0.0,25200000.0,"","","","","","",ACER 3 A314 36M Ci3-N305 8GB 512GB SSD WIN 11,"","",4.0,UNIT,6300000.0,0.00 %,"",0.0,25200000.0,25200000.0,0.0,"",0.0,0.0,"","","","",0.0,0.0
21/07/2023,Faktur Pembelian,00643421_036,PRIYO (K GALAXY),Lunas,"",1910000.0,0.0,20/08/2023,1910000.0,0.0,1910000.0,"","","","","","",RAM PC KINGSTONE DDR3 4GB,"","",5.0,PCS,70000.0,0.00 %,"",0.0,350000.0,350000.0,0.0,"",0.0,0.0,"","","","",0.0,0.0
21/07/2023,Faktur Pembelian,00643421_036,PRIYO (K GALAXY),Lunas,"",1910000.0,0.0,20/08/2023,1910000.0,0.0,1910000.0,"","","","","","",PROCESSOR  INTEL I5 - GEN 4,"","",4.0,PCS,287500.0,0.00 %,"",0.0,1150000.0,1150000.0,0.0,"",0.0,0.0,"","","","",0.0,0.0
21/07/2023,Faktur Pembelian,00643421_036,PRIYO (K GALAXY),Lunas,"",1910000.0,0.0,20/08/2023,1910000.0,0.0,1910000.0,"","","","","","",RAM PC KINGSTONE DDR3 8GB,"","",4.0,PCS,102500.0,0.00 %,"",0.0,410000.0,410000.0,0.0,"",0.0,0.0,"","","","",0.0,0.0
21/07/2023,Faktur Pembelian,072023245409,AGUS (DORAN),Lunas,"",7360000.0,0.0,20/08/2023,7360000.0,0.0,7360000.0,"",SURABAYA,"","","","",TPLINK ROUTER TL WR840N,"","",20.0,PCS,148500.0,0.00 %,"",0.0,2970000.0,2970000.0,0.0,"",0.0,0.0,"","","","",0.0,0.0
21/07/2023,Faktur Pembelian,072023245409,AGUS (DORAN),Lunas,"",7360000.0,0.0,20/08/2023,7360000.0,0.0,7360000.0,"",SURABAYA,"","","","",CAM CCTV EZVIZ C6N #,"","",5.0,UNIT,350000.0,0.00 %,"",0.0,1750000.0,1750000.0,0.0,"",0.0,0.0,"","","","",0.0,0.0
21/07/2023,Faktur Pembelian,072023245409,AGUS (DORAN),Lunas,"",7360000.0,0.0,20/08/2023,7360000.0,0.0,7360000.0,"",SURABAYA,"","","","",CAM CCTV EZVIZ OUTDOOR H8C #,"","",4.0,UNIT,660000.0,0.00 %,"",0.0,2640000.0,2640000.0,0.0,"",0.0,0.0,"","","","",0.0,0.0
22/07/2023,Faktur Pembelian,JL.2307.07471,CANDRA (BLESSING),Lunas,KONSILIASI,11790000.0,0.0,05/08/2023,10621621.621622,1168378.378378,11790000.0,"","","","",CV TIGA NUSA,"",* LENOVO IDEAPAD 3 14ITL6 CI3-1115G4 8GB 256GB SSD WIN 11 KS,"","",2.0,UNIT,5310810.810811,0.00 %,11.0,1168378.3783784199999883162162162158,10621621.621622,10621621.621622,0.0,"",0.0,0.0,"","","","",0.0,0.0
22/07/2023,Faktur Pembelian,14576,ONLINE,Lunas,"",46150000.0,0.0,21/08/2023,46150000.0,0.0,46150000.0,"","","","","","",ACER A314 35 N5100 8GB SSD 256GB,"","",10.0,UNIT,4615000.0,0.00 %,"",0.0,46150000.0,46150000.0,0.0,"",0.0,0.0,"","","","",0.0,0.0
22/07/2023,Faktur Pembelian,14577,DARMA DJ COMP,Lunas,"",22375000.0,0.0,21/08/2023,22375000.0,0.0,22375000.0,"","","","","","",ACER A314-35-C2T9 N5100 4GB 256GB SSD #,"","",5.0,UNIT,4475000.0,0.00 %,"",0.0,22375000.0,22375000.0,0.0,"",0.0,0.0,"","","",087876835295,0.0,0.0
22/07/2023,Faktur Pembelian,JL.2307.06969,CANDRA (BLESSING),Lunas,"",13790000.0,0.0,05/08/2023,13790000.0,0.0,13790000.0,"","","","",ARIES,"",ASUS M6500QC OLEDS551 AMD RYZEN 5 5600H 16GB 512GB SSD RTX 3050 4GB WIN 11,"","",1.0,UNIT,13790000.0,0.00 %,"",0.0,13790000.0,13790000.0,0.0,"",0.0,0.0,"","","","",0.0,0.0
22/07/2023,Faktur Pembelian,JL.2307.07377,CANDRA (BLESSING),Lunas,"",36275000.0,0.0,05/08/2023,36275000.0,0.0,36275000.0,"","","","",ARIES,"",BATERAI UPS 12V 7 AH KIJO,"","",10.0,PCS,145000.0,0.00 %,"",0.0,1450000.0,1450000.0,0.0,"",0.0,0.0,"","","","",0.0,0.0
22/07/2023,Faktur Pembelian,JL.2307.07377,CANDRA (BLESSING),Lunas,"",36275000.0,0.0,05/08/2023,36275000.0,0.0,36275000.0,"","","","",ARIES,"",BRAKET GANTUNG PROJECTOR,"","",5.0,PCS,95000.0,0.00 %,"",0.0,475000.0,475000.0,0.0,"",0.0,0.0,"","","","",0.0,0.0
22/07/2023,Faktur Pembelian,JL.2307.07377,CANDRA (BLESSING),Lunas,"",36275000.0,0.0,05/08/2023,36275000.0,0.0,36275000.0,"","","","",ARIES,"",CASING INFINITY NEBULA V.4,"","",1.0,UNIT,430000.0,0.00 %,"",0.0,430000.0,430000.0,0.0,"",0.0,0.0,"","","","",0.0,0.0
22/07/2023,Faktur Pembelian,JL.2307.07377,CANDRA (BLESSING),Lunas,"",36275000.0,0.0,05/08/2023,36275000.0,0.0,36275000.0,"","","","",ARIES,"",LENOVO IDEAPAD 1 14IGL7 N4020 8GB SSD 256GB #,"","",5.0,UNIT,4300000.0,0.00 %,"",0.0,21500000.0,21500000.0,0.0,"",0.0,0.0,"","","","",0.0,0.0
22/07/2023,Faktur Pembelian,JL.2307.07377,CANDRA (BLESSING),Lunas,"",36275000.0,0.0,05/08/2023,36275000.0,0.0,36275000.0,"","","","",ARIES,"",STAVOLT MOTOR 500VA,"","",2.0,PCS,315000.0,0.00 %,"",0.0,630000.0,630000.0,0.0,"",0.0,0.0,"","","","",0.0,0.0
22/07/2023,Faktur Pembelian,JL.2307.07377,CANDRA (BLESSING),Lunas,"",36275000.0,0.0,05/08/2023,36275000.0,0.0,36275000.0,"","","","",ARIES,"",LENOVO IDEAPAD 3 14ITL6 Ci3 - 1115G4 8GB 256GB SSD WIN 11,"","",2.0,PCS,5895000.0,0.00 %,"",0.0,11790000.0,11790000.0,0.0,"",0.0,0.0,"","","","",0.0,0.0
22/07/2023,Faktur Pembelian,14579,DANISH COMPUTER,Lunas,"",2205000.0,0.0,21/08/2023,2205000.0,0.0,2205000.0,"","","","","","",CATRIDGE TONER BROTHER L2540 DW,"","",7.0,PCS,315000.0,0.00 %,"",0.0,2205000.0,2205000.0,0.0,"",0.0,0.0,"","","",082232721033,0.0,0.0
22/07/2023,Faktur Pembelian,14580,FIKTIF BELI,Lunas,"",380000.0,0.0,21/08/2023,380000.0,0.0,380000.0,"","","","","","",BATERAI LAPTOP ACER 725 SLIM (AL121332),"","",1.0,PCS,380000.0,0.00 %,"",0.0,380000.0,380000.0,0.0,"",0.0,0.0,"","","","",0.0,0.0
22/07/2023,Faktur Pembelian,14581,FIKTIF BELI,Lunas,"",684999.9999,0.0,21/08/2023,684999.9999,0.0,684999.9999,"","","","","","",KABEL CCTV PERMETER,"","",300.0,METER,2283.333333,0.00 %,"",0.0,684999.9999,684999.9999,0.0,"",0.0,0.0,"","","","",0.0,0.0
22/07/2023,Faktur Pembelian,JO-N / SBY / P01 / 05072B/004,PT. INDO WARNA MULIA ( ALFA INK ),Lunas,"",9500000.0,0.0,20/09/2023,9500000.0,0.0,9500000.0,"","","","","","",ALFA INK KERTAS FOTO RC SATIN 260G,"","",250.0,PCS,38000.0,0.00 %,"",0.0,9500000.0,9500000.0,0.0,"",0.0,0.0,"","","","",0.0,0.0
22/07/2023,Faktur Pembelian,14582,FIKTIF BELI,Lunas,"",90000.0,0.0,21/08/2023,90000.0,0.0,90000.0,"","","","","","",KEYBOARD HP 430 G1 BLACK,"","",1.0,PCS,90000.0,0.00 %,"",0.0,90000.0,90000.0,0.0,"",0.0,0.0,"","","","",0.0,0.0
22/07/2023,Faktur Pembelian,2307463,CV. BALI IT SOLUSI (ENY),Lunas,"",25890000.0,0.0,05/08/2023,25890000.0,0.0,25890000.0,"","","","","","",HP 14S INTEL N4500 4GB SSD 256GB WIN 11,"","",6.0,UNIT,4315000.0,0.00 %,"",0.0,25890000.0,25890000.0,0.0,"",0.0,0.0,"","","","",0.0,0.0
22/07/2023,Faktur Pembelian,JL5523070974,YULI (HP CENTRE),Lunas,"",40475000.0,0.0,21/08/2023,40475000.0,0.0,40475000.0,"","","","",ARIES,"",ACER 3 A314 36M Ci3-N305 8GB 512GB SSD WIN 11,"","",3.0,UNIT,6300000.0,0.00 %,"",0.0,18900000.0,18900000.0,0.0,"",0.0,0.0,"","","","",0.0,0.0
22/07/2023,Faktur Pembelian,JL5523070974,YULI (HP CENTRE),Lunas,"",40475000.0,0.0,21/08/2023,40475000.0,0.0,40475000.0,"","","","",ARIES,"",HP 14S INTEL N4500 4GB SSD 256GB WIN 11,"","",5.0,UNIT,4315000.0,0.00 %,"",0.0,21575000.0,21575000.0,0.0,"",0.0,0.0,"","","","",0.0,0.0
23/07/2023,Faktur Pembelian,14583,ONLINE,Lunas,"",180000.0,0.0,22/08/2023,180000.0,0.0,180000.0,"","","","","","",PLAT SENG LX 310,"","",5.0,PCS,20000.0,0.00 %,"",0.0,100000.0,100000.0,0.0,"",0.0,0.0,"","","","",0.0,0.0
23/07/2023,Faktur Pembelian,14583,ONLINE,Lunas,"",180000.0,0.0,22/08/2023,180000.0,0.0,180000.0,"","","","","","",RIBBON MASK LX 310,"","",5.0,PCS,16000.0,0.00 %,"",0.0,80000.0,80000.0,0.0,"",0.0,0.0,"","","","",0.0,0.0
23/07/2023,Faktur Pembelian,14584,FIKTIF BELI,Lunas,"",120000.0,0.0,22/08/2023,120000.0,0.0,120000.0,"","","","","","",TINTA CANON ORI 790 BLACK NON PACK,"","",1.0,PCS,30000.0,0.00 %,"",0.0,30000.0,30000.0,0.0,"",0.0,0.0,"","","","",0.0,0.0
23/07/2023,Faktur Pembelian,14584,FIKTIF BELI,Lunas,"",120000.0,0.0,22/08/2023,120000.0,0.0,120000.0,"","","","","","",TINTA CANON ORI 790 CYAN NON PACK,"","",1.0,PCS,30000.0,0.00 %,"",0.0,30000.0,30000.0,0.0,"",0.0,0.0,"","","","",0.0,0.0
23/07/2023,Faktur Pembelian,14584,FIKTIF BELI,Lunas,"",120000.0,0.0,22/08/2023,120000.0,0.0,120000.0,"","","","","","",TINTA CANON ORI 790 YELLOW NON PACK,"","",1.0,PCS,30000.0,0.00 %,"",0.0,30000.0,30000.0,0.0,"",0.0,0.0,"","","","",0.0,0.0
23/07/2023,Faktur Pembelian,14584,FIKTIF BELI,Lunas,"",120000.0,0.0,22/08/2023,120000.0,0.0,120000.0,"","","","","","",TINTA CANON ORI 790 MAGENTA NON PACK,"","",1.0,PCS,30000.0,0.00 %,"",0.0,30000.0,30000.0,0.0,"",0.0,0.0,"","","","",0.0,0.0
23/07/2023,Faktur Pembelian,14585,YULI (HP CENTRE),Lunas,"",6200000.0,0.0,22/08/2023,6200000.0,0.0,6200000.0,"","","","","","",ACER 3 A314 36M Ci3-N305 8GB 512GB SSD WIN 11,"","",1.0,UNIT,6200000.0,0.00 %,"",0.0,6200000.0,6200000.0,0.0,"",0.0,0.0,"","","","",0.0,0.0
23/07/2023,Faktur Pembelian,14586,FIKTIF BELI,Lunas,"",850000.0,0.0,22/08/2023,850000.0,0.0,850000.0,"","","","","","",TINTA CANON ORI 790 BLACK NON PACK,"","",1.0,PCS,142000.0,0.00 %,"",0.0,141666.726,142000.0,2000.0,"",0.0,0.0,"","","","",0.0,0.23
23/07/2023,Faktur Pembelian,14586,FIKTIF BELI,Lunas,"",850000.0,0.0,22/08/2023,850000.0,0.0,850000.0,"","","","","","",TINTA CANON ORI 790 CYAN NON PACK,"","",1.0,PCS,142000.0,0.00 %,"",0.0,141666.726,142000.0,2000.0,"",0.0,0.0,"","","","",0.0,0.23
23/07/2023,Faktur Pembelian,14586,FIKTIF BELI,Lunas,"",850000.0,0.0,22/08/2023,850000.0,0.0,850000.0,"","","","","","",TINTA CANON ORI 790 YELLOW NON PACK,"","",1.0,PCS,142000.0,0.00 %,"",0.0,141666.726,142000.0,2000.0,"",0.0,0.0,"","","","",0.0,0.23
23/07/2023,Faktur Pembelian,14586,FIKTIF BELI,Lunas,"",850000.0,0.0,22/08/2023,850000.0,0.0,850000.0,"","","","","","",TINTA CANON ORI 790 MAGENTA NON PACK,"","",1.0,PCS,142000.0,0.00 %,"",0.0,141666.726,142000.0,2000.0,"",0.0,0.0,"","","","",0.0,0.23
23/07/2023,Faktur Pembelian,14586,FIKTIF BELI,Lunas,"",850000.0,0.0,22/08/2023,850000.0,0.0,850000.0,"","","","","","",CATRDIGE CANON CA91 / BH7 (G2010),"","",1.0,PCS,142000.0,0.00 %,"",0.0,141666.726,142000.0,2000.0,"",0.0,0.0,"","","","",0.0,0.23
23/07/2023,Faktur Pembelian,14586,FIKTIF BELI,Lunas,"",850000.0,0.0,22/08/2023,850000.0,0.0,850000.0,"","","","","","",CATRIDGE CANON CA92 / CH7 (G2010),"","",1.0,PCS,142000.0,0.00 %,"",0.0,141666.726,142000.0,2000.0,"",0.0,0.0,"","","","",0.0,0.23
23/07/2023,Faktur Pembelian,14587,FIKTIF BELI,Lunas,"",295000.0,0.0,22/08/2023,295000.0,0.0,295000.0,"","","","","","",SODIMM KINGSTONE DDR4 4GB PC3200,"","",1.0,PCS,295000.0,0.00 %,"",0.0,295000.0,295000.0,0.0,"",0.0,0.0,"","","","",0.0,0.0
24/07/2023,Faktur Pembelian,JL.2307.07663,CANDRA (BLESSING),Lunas,"",7995000.0,0.0,07/08/2023,7995000.0,0.0,7995000.0,"","","","",ARIES,"",LENOVO IDEPAD SLIM 3 AMD RYZEN 5 7520U 8GB 512GB SSD WIN 11,"","",1.0,UNIT,7995000.0,0.00 %,"",0.0,7995000.0,7995000.0,0.0,"",0.0,0.0,"","","","",0.0,0.0
24/07/2023,Faktur Pembelian,JL.2307.07660,CANDRA (BLESSING),Lunas,"",53275000.0,0.0,07/08/2023,53275000.0,0.0,53275000.0,"","","","",ARIES,"",SODIMM KINGSTONE DDR4 8GB PC 3200,"","",1.0,PCS,310000.0,0.00 %,"",0.0,310000.0,310000.0,0.0,"",0.0,0.0,"","","","",0.0,0.0
24/07/2023,Faktur Pembelian,JL.2307.07660,CANDRA (BLESSING),Lunas,"",53275000.0,0.0,07/08/2023,53275000.0,0.0,53275000.0,"","","","",ARIES,"",ACER 5 A514 CI3-1115G4 8gb 512GB SSD MX 350 2GB WIN 11,"","",6.0,UNIT,6395000.0,0.00 %,"",0.0,38370000.0,38370000.0,0.0,"",0.0,0.0,"","","","",0.0,0.0
24/07/2023,Faktur Pembelian,JL.2307.07660,CANDRA (BLESSING),Lunas,"",53275000.0,0.0,07/08/2023,53275000.0,0.0,53275000.0,"","","","",ARIES,"",HP 14S INTEL N4500  8GB 256GB SSD #,"","",2.0,UNIT,4550000.0,0.00 %,"",0.0,9100000.0,9100000.0,0.0,"",0.0,0.0,"","","","",0.0,0.0
24/07/2023,Faktur Pembelian,JL.2307.07660,CANDRA (BLESSING),Lunas,"",53275000.0,0.0,07/08/2023,53275000.0,0.0,53275000.0,"","","","",ARIES,"",HP 240 I3 - 1115G4 8GB 256GB WIN 11 #,"","",1.0,UNIT,5495000.0,0.00 %,"",0.0,5495000.0,5495000.0,0.0,"",0.0,0.0,"","","","",0.0,0.0
24/07/2023,Faktur Pembelian,JL.2307.07906,CANDRA (BLESSING),Lunas,"",4670000.0,0.0,07/08/2023,4670000.0,0.0,4670000.0,"","","","",AGUS,"","AXIOO 11G N4000/4GB/256GB SSD/11,6""","","",2.0,UNIT,2335000.0,0.00 %,"",0.0,4670000.0,4670000.0,0.0,"",0.0,0.0,"","","","",0.0,0.0
24/07/2023,Faktur Pembelian,JL.2307.07886,CANDRA (BLESSING),Lunas,"",430000.0,0.0,07/08/2023,430000.0,0.0,430000.0,"","","","",AGUS,"",CASING INFINITY NEBULA V.4,"","",1.0,UNIT,430000.0,0.00 %,"",0.0,430000.0,430000.0,0.0,"",0.0,0.0,"","","","",0.0,0.0
24/07/2023,Faktur Pembelian,14588,GLOBAL FIBER OPTIC,Lunas,"",6850000.0,0.0,23/08/2023,6850000.0,0.0,6850000.0,"","","","","","",KABEL FIBER OPTIK GLOBAL 1KM 1000M CORE 3 SELING NON DUS,"","",10.0,DUS,685000.0,0.00 %,"",0.0,6850000.0,6850000.0,0.0,"",0.0,0.0,"","","","",0.0,0.0
24/07/2023,Faktur Pembelian,JL.2307.07980,CANDRA (BLESSING),Lunas,"",6490000.0,0.0,07/08/2023,6490000.0,0.0,6490000.0,"","","","",RAHMAT,"",PRINTER EPSON L1300,"","",1.0,PCS,6490000.0,0.00 %,"",0.0,6490000.0,6490000.0,0.0,"",0.0,0.0,"","","","",0.0,0.0
24/07/2023,Faktur Pembelian,JL.2307.07989,CANDRA (BLESSING),Lunas,"",9350000.0,0.0,07/08/2023,9350000.0,0.0,9350000.0,"","","","",RAHMAT,"",ASUS A1502ZA-VIPS552 CI5-1235U 8GB 512GB SSD INTEL IRIS XE WIN 11 (TOUCH),"","",1.0,UNIT,9350000.0,0.00 %,"",0.0,9350000.0,9350000.0,0.0,"",0.0,0.0,"","","","",0.0,0.0
24/07/2023,Faktur Pembelian,14589,HINDARTO WIJAYA,Lunas,"",8425000.0,0.0,23/08/2023,8425000.0,0.0,8425000.0,"","","","","","",STIKER CAMEL GLOSSY F4 CAST COAT,"","",100.0,PCS,56000.0,0.00 %,"",0.0,5600000.0,5600000.0,0.0,"",0.0,0.0,"","","","",0.0,0.0
24/07/2023,Faktur Pembelian,14589,HINDARTO WIJAYA,Lunas,"",8425000.0,0.0,23/08/2023,8425000.0,0.0,8425000.0,"","","","","","",STIKER CAMEL HVS f4,"","",50.0,PCS,56500.0,0.00 %,"",0.0,2825000.0,2825000.0,0.0,"",0.0,0.0,"","","","",0.0,0.0
24/07/2023,Faktur Pembelian,14590,ONLINE,Lunas,"",640000.0,0.0,23/08/2023,640000.0,0.0,640000.0,"","","","","","",SPEAKER LAPTOP INTERNAL,"","",16.0,PCS,40000.0,0.00 %,"",0.0,640000.0,640000.0,0.0,"",0.0,0.0,"","","","",0.0,0.0
24/07/2023,Faktur Pembelian,JL.2307.07783,CANDRA (BLESSING),Lunas,"",10520000.0,0.0,07/08/2023,10520000.0,0.0,10520000.0,"","","","",AGUS,"",AXIOO MYBOOK 14E INTEL N4000 4GB SSD 256GB #,"","",2.0,UNIT,2580000.0,0.00 %,"",0.0,5160000.0,5160000.0,0.0,"",0.0,0.0,"","","","",0.0,0.0
24/07/2023,Faktur Pembelian,JL.2307.07783,CANDRA (BLESSING),Lunas,"",10520000.0,0.0,07/08/2023,10520000.0,0.0,10520000.0,"","","","",AGUS,"","AXIOO 14F N4020/4GB/256GB SSD/13.3""","","",2.0,UNIT,2680000.0,0.00 %,"",0.0,5360000.0,5360000.0,0.0,"",0.0,0.0,"","","","",0.0,0.0
24/07/2023,Faktur Pembelian,2303502,WAHANA,Lunas,"",3600000.0,0.0,23/08/2023,3600000.0,0.0,3600000.0,"","","","","","",CCTV DVR DAHUA XVR1B16H 16CH,"","",3.0,PCS,1200000.0,0.00 %,"",0.0,3600000.0,3600000.0,0.0,"",0.0,0.0,"","","","",0.0,0.0
24/07/2023,Faktur Pembelian,2303499,WAHANA,Lunas,"",11680000.0,0.0,23/08/2023,11680000.0,0.0,11680000.0,"","","","","","",CCTV CAM DAHUA HAC B1A21 IR BULLET (OUTDOOR),"","",20.0,PCS,163000.0,0.00 %,"",0.0,3260000.0,3260000.0,0.0,"",0.0,0.0,"","","","",0.0,0.0
24/07/2023,Faktur Pembelian,2303499,WAHANA,Lunas,"",11680000.0,0.0,23/08/2023,11680000.0,0.0,11680000.0,"","","","","","",CCTV CAM DAHUA HAC-T1A21 IR BULLET (INDOOR),"","",10.0,PCS,152000.0,0.00 %,"",0.0,1520000.0,1520000.0,0.0,"",0.0,0.0,"","","","",0.0,0.0
24/07/2023,Faktur Pembelian,2303499,WAHANA,Lunas,"",11680000.0,0.0,23/08/2023,11680000.0,0.0,11680000.0,"","","","","","",CCTV DVR DAHUA DH-XVR1B04-I 4CH,"","",15.0,UNIT,460000.0,0.00 %,"",0.0,6900000.0,6900000.0,0.0,"",0.0,0.0,"","","","",0.0,0.0
24/07/2023,Faktur Pembelian,2307492,CV. BALI IT SOLUSI (ENY),Lunas,"",21575000.0,0.0,07/08/2023,21575000.0,0.0,21575000.0,"","","","","","",HP 14S INTEL N4500 4GB SSD 256GB WIN 11,"","",5.0,UNIT,4315000.0,0.00 %,"",0.0,21575000.0,21575000.0,0.0,"",0.0,0.0,"","","","",0.0,0.0
24/07/2023,Faktur Pembelian,2307499,CV. BALI IT SOLUSI (ENY),Lunas,REFISI HARGA ,5600000.0,0.0,07/08/2023,5600000.0,0.0,5600000.0,"","","","","","",KABEL CCTV DAHUA RG 59 + POWER,"","",8.0,DUS,700000.0,0.00 %,"",0.0,5600000.0,5600000.0,0.0,"",0.0,0.0,"","","","",0.0,0.0
24/07/2023,Faktur Pembelian,PJL-23-07-00414,PT. Surya Makmur Kreasindo (HJ),Lunas,"",58999999.999997,0.0,07/08/2023,53153153.15315,5846846.846847,58999999.999997,"",SURABAYA,"","",CV TIGA NUSA,"",* PRINTER EPSON L121,"","",10.0,UNIT,1441441.441441,0.00 %,11.0,1585585.585585099999984144144144149,14414414.41441,14414414.41441,0.0,"",0.0,0.0,PT. Surya Makmur Kreasindo,"",081515111951,"",0.0,0.0
24/07/2023,Faktur Pembelian,PJL-23-07-00414,PT. Surya Makmur Kreasindo (HJ),Lunas,"",58999999.999997,0.0,07/08/2023,53153153.15315,5846846.846847,58999999.999997,"",SURABAYA,"","",CV TIGA NUSA,"",* PRINTER EPSON L3210,"","",20.0,UNIT,1936936.936937,0.00 %,11.0,4261261.261261399999957387387387386,38738738.73874,38738738.73874,0.0,"",0.0,0.0,PT. Surya Makmur Kreasindo,"",081515111951,"",0.0,0.0
24/07/2023,Faktur Pembelian,2307093,ANDY (JMK),Lunas,"",4350000.0,0.0,23/08/2023,4350000.0,0.0,4350000.0,"","","","","","",SPEAKER ADVAN DUO 050,"","",50.0,PCS,56000.0,0.00 %,"",0.0,2800000.0,2800000.0,0.0,"",0.0,0.0,"","","","",0.0,0.0
24/07/2023,Faktur Pembelian,2307093,ANDY (JMK),Lunas,"",4350000.0,0.0,23/08/2023,4350000.0,0.0,4350000.0,"","","","","","",KABEL HDMI 20 METER 4K,"","",10.0,PCS,155000.0,0.00 %,"",0.0,1550000.0,1550000.0,0.0,"",0.0,0.0,"","","","",0.0,0.0
24/07/2023,Faktur Pembelian,J0-N/SBY/P01/240723/001,PT. INDO WARNA MULIA ( ALFA INK ),Lunas,"",3358000.0,0.0,22/09/2023,3358000.0,0.0,3358000.0,"","","","","","",ALFA INK ART PAPER BLACK,"","",10.0,PCS,83950.0,0.00 %,"",0.0,839500.0,839500.0,0.0,"",0.0,0.0,"","","","",0.0,0.0
24/07/2023,Faktur Pembelian,J0-N/SBY/P01/240723/001,PT. INDO WARNA MULIA ( ALFA INK ),Lunas,"",3358000.0,0.0,22/09/2023,3358000.0,0.0,3358000.0,"","","","","","",ALFA INK ART PAPER CYAN,"","",10.0,PCS,83950.0,0.00 %,"",0.0,839500.0,839500.0,0.0,"",0.0,0.0,"","","","",0.0,0.0
24/07/2023,Faktur Pembelian,J0-N/SBY/P01/240723/001,PT. INDO WARNA MULIA ( ALFA INK ),Lunas,"",3358000.0,0.0,22/09/2023,3358000.0,0.0,3358000.0,"","","","","","",ALFA INK ART PAPER YELLOW,"","",10.0,PCS,83950.0,0.00 %,"",0.0,839500.0,839500.0,0.0,"",0.0,0.0,"","","","",0.0,0.0
24/07/2023,Faktur Pembelian,J0-N/SBY/P01/240723/001,PT. INDO WARNA MULIA ( ALFA INK ),Lunas,"",3358000.0,0.0,22/09/2023,3358000.0,0.0,3358000.0,"","","","","","",ALFA INK ART PAPER MAGENTA,"","",10.0,PCS,83950.0,0.00 %,"",0.0,839500.0,839500.0,0.0,"",0.0,0.0,"","","","",0.0,0.0
24/07/2023,Faktur Pembelian,2307092,ANDY (JMK),Lunas,"",8035000.0,0.0,23/08/2023,8035000.0,0.0,8035000.0,"","","","","","",SPEAKER ADVAN DUO 050,"","",60.0,PCS,56000.0,0.00 %,"",0.0,3360000.0,3360000.0,0.0,"",0.0,0.0,"","","","",0.0,0.0
24/07/2023,Faktur Pembelian,2307092,ANDY (JMK),Lunas,"",8035000.0,0.0,23/08/2023,8035000.0,0.0,8035000.0,"","","","","","",MOUSE GENIUS WIRELESS NX-7005 / NX-7015,"","",50.0,PCS,93500.0,0.00 %,"",0.0,4675000.0,4675000.0,0.0,"",0.0,0.0,"","","","",0.0,0.0
24/07/2023,Faktur Pembelian,FK 3602,BETA COM,Lunas,"",8616000.0,0.0,07/08/2023,8616000.0,0.0,8616000.0,"","","","","","",TINTA CANON ORI 790 BLACK,"","",48.0,PCS,102000.0,0.00 %,"",0.0,4896000.0,4896000.0,0.0,"",0.0,0.0,"","","","",0.0,0.0
24/07/2023,Faktur Pembelian,FK 3602,BETA COM,Lunas,"",8616000.0,0.0,07/08/2023,8616000.0,0.0,8616000.0,"","","","","","",TINTA CANON ORI 790 BLACK,"","",40.0,PCS,0.0,0.00 %,"",0.0,0.0,0.0,0.0,"",0.0,0.0,"","","","",0.0,0.0
24/07/2023,Faktur Pembelian,FK 3602,BETA COM,Lunas,"",8616000.0,0.0,07/08/2023,8616000.0,0.0,8616000.0,"","","","","","",TINTA CANON ORI 790 YELLOW,"","",40.0,PCS,93000.0,0.00 %,"",0.0,3720000.0,3720000.0,0.0,"",0.0,0.0,"","","","",0.0,0.0
24/07/2023,Faktur Pembelian,FK 3604,BETA COM,Lunas,"",64050000.0,0.0,07/08/2023,64050000.0,0.0,64050000.0,"","","","","","",PRINTER CANON G2010,"","",35.0,UNIT,1830000.0,0.00 %,"",0.0,64050000.0,64050000.0,0.0,"",0.0,0.0,"","","","",0.0,0.0
25/07/2023,Faktur Pembelian,14591,ONLINE,Lunas,ANANDAM COMPUTER JOGJA,46450000.0,0.0,24/08/2023,46450000.0,0.0,46450000.0,"","","","","","",ACER A314 35 N5100 8GB SSD 256GB,"","",10.0,UNIT,4645000.0,0.00 %,"",0.0,46450000.0,46450000.0,0.0,"",0.0,0.0,"","","","",0.0,0.0
25/07/2023,Faktur Pembelian,14592,DARMA DJ COMP,Lunas,"",5200000.0,0.0,24/08/2023,5200000.0,0.0,5200000.0,"","","","","","",ACER 3 A314-22 AMD RYZEN3-3250U 4GB 256GB SSD #,"","",1.0,UNIT,5200000.0,0.00 %,"",0.0,5200000.0,5200000.0,0.0,"",0.0,0.0,"","","",087876835295,0.0,0.0
25/07/2023,Faktur Pembelian,14593,DARMA DJ COMP,Lunas,"",15000000.0,0.0,24/08/2023,15000000.0,0.0,15000000.0,"","","","","","","ACER Aspire 3 Slim A314-36P Intel N100 8GB SSD 512GB 14"" W11","","",3.0,UNIT,5000000.0,0.00 %,"",0.0,15000000.0,15000000.0,0.0,"",0.0,0.0,"","","",087876835295,0.0,0.0
25/07/2023,Faktur Pembelian,14594,KO ROBBY,Lunas,"",288005.000016,0.0,24/08/2023,288005.000016,0.0,288005.000016,"","","","","","",BATERAI PANASONIC / ENR POWER/ ABC  ALKALINE AA,"","",48.0,PCS,6000.104167,0.00 %,"",0.0,288005.000016,288005.000016,0.0,"",0.0,0.0,"","","","",0.0,0.0
25/07/2023,Faktur Pembelian,JL.2307.08397,CANDRA (BLESSING),Lunas,"",7120000.0,0.0,08/08/2023,7120000.0,0.0,7120000.0,"","","","",ARIES,"",AIO LENOVO IDEACENTRE 3 22IAP7 CI3-1215U 8GB 256GB SSD #,"","",1.0,UNIT,7120000.0,0.00 %,"",0.0,7120000.0,7120000.0,0.0,"",0.0,0.0,"","","","",0.0,0.0
25/07/2023,Faktur Pembelian,JL.2307.08418,CANDRA (BLESSING),Lunas,"",8350000.0,0.0,08/08/2023,8350000.0,0.0,8350000.0,"","","","",AGUS,"",ASUS A1400EA - VIPS551 I5-1135G7 8GB 512GB SSD WIN11,"","",1.0,UNIT,8350000.0,0.00 %,"",0.0,8350000.0,8350000.0,0.0,"",0.0,0.0,"","","","",0.0,0.0
25/07/2023,Faktur Pembelian,JL.2307.08231,CANDRA (BLESSING),Lunas,"",8915000.0,0.0,08/08/2023,8915000.0,0.0,8915000.0,"","","","",RAHMAT,"",VGA CARD MSI GTX 1650 VENTUS XS 4GB OC,"","",1.0,PCS,2270000.0,0.00 %,"",0.0,2270000.0,2270000.0,0.0,"",0.0,0.0,"","","","",0.0,0.0
25/07/2023,Faktur Pembelian,JL.2307.08231,CANDRA (BLESSING),Lunas,"",8915000.0,0.0,08/08/2023,8915000.0,0.0,8915000.0,"","","","",RAHMAT,"",PROC INTEL i7 10700 COMET LAKE INCLUD FAN,"","",1.0,UNIT,3620000.0,0.00 %,"",0.0,3620000.0,3620000.0,0.0,"",0.0,0.0,"","","","",0.0,0.0
25/07/2023,Faktur Pembelian,JL.2307.08231,CANDRA (BLESSING),Lunas,"",8915000.0,0.0,08/08/2023,8915000.0,0.0,8915000.0,"","","","",RAHMAT,"",MB MSI H510M PRO,"","",1.0,UNIT,950000.0,0.00 %,"",0.0,950000.0,950000.0,0.0,"",0.0,0.0,"","","","",0.0,0.0
25/07/2023,Faktur Pembelian,JL.2307.08231,CANDRA (BLESSING),Lunas,"",8915000.0,0.0,08/08/2023,8915000.0,0.0,8915000.0,"","","","",RAHMAT,"",RAM PC TEAM ELITE PLUS DDR4 16GB PC 3200 PENDINGIN,"","",1.0,UNIT,545000.0,0.00 %,"",0.0,545000.0,545000.0,0.0,"",0.0,0.0,"","","","",0.0,0.0
25/07/2023,Faktur Pembelian,JL.2307.08231,CANDRA (BLESSING),Lunas,"",8915000.0,0.0,08/08/2023,8915000.0,0.0,8915000.0,"","","","",RAHMAT,"",SSD LEXAR 512GB NM620 M.2 2280 NVME PCIE GEN 3X4,"","",1.0,PCS,485000.0,0.00 %,"",0.0,485000.0,485000.0,0.0,"",0.0,0.0,"","","","",0.0,0.0
25/07/2023,Faktur Pembelian,JL.2307.08231,CANDRA (BLESSING),Lunas,"",8915000.0,0.0,08/08/2023,8915000.0,0.0,8915000.0,"","","","",RAHMAT,"",CASING INFINITY NEBULA V.4,"","",1.0,UNIT,410000.0,0.00 %,"",0.0,410000.0,410000.0,0.0,"",0.0,0.0,"","","","",0.0,0.0
25/07/2023,Faktur Pembelian,JL.2307.08231,CANDRA (BLESSING),Lunas,"",8915000.0,0.0,08/08/2023,8915000.0,0.0,8915000.0,"","","","",RAHMAT,"",PSU TT LITE POWER 650,"","",1.0,PCS,635000.0,0.00 %,"",0.0,635000.0,635000.0,0.0,"",0.0,0.0,"","","","",0.0,0.0
25/07/2023,Faktur Pembelian,MD/INV2307/0395,CV.MITRA TEGUH DISTRIBUSI EPRINT MATARAM,Lunas,"",9870262.5,0.0,24/08/2023,9870262.5,0.0,9870262.5,"","","","",RAHMAT,"",TINTA EPRINT CANON 100ML BK,"","",120.0,PCS,27562.5,0.00 %,"",0.0,3307500.0,3307500.0,0.0,"",0.0,0.0,"","","","",0.0,0.0
25/07/2023,Faktur Pembelian,MD/INV2307/0395,CV.MITRA TEGUH DISTRIBUSI EPRINT MATARAM,Lunas,"",9870262.5,0.0,24/08/2023,9870262.5,0.0,9870262.5,"","","","",RAHMAT,"",TINTA EPRINT CANON 100ML M,"","",120.0,PCS,27562.5,0.00 %,"",0.0,3307500.0,3307500.0,0.0,"",0.0,0.0,"","","","",0.0,0.0
25/07/2023,Faktur Pembelian,MD/INV2307/0395,CV.MITRA TEGUH DISTRIBUSI EPRINT MATARAM,Lunas,"",9870262.5,0.0,24/08/2023,9870262.5,0.0,9870262.5,"","","","",RAHMAT,"",EPRINT HEAD CLEANER,"","",32.0,PCS,10000.0,0.00 %,"",0.0,320000.0,320000.0,0.0,"",0.0,0.0,"","","","",0.0,0.0
25/07/2023,Faktur Pembelian,MD/INV2307/0395,CV.MITRA TEGUH DISTRIBUSI EPRINT MATARAM,Lunas,"",9870262.5,0.0,24/08/2023,9870262.5,0.0,9870262.5,"","","","",RAHMAT,"",PLASTIK LAMINATING EPRINT F4,"","",10.0,PCS,89713.25,0.00 %,"",0.0,897132.5,897132.5,0.0,"",0.0,0.0,"","","","",0.0,0.0
25/07/2023,Faktur Pembelian,MD/INV2307/0395,CV.MITRA TEGUH DISTRIBUSI EPRINT MATARAM,Lunas,"",9870262.5,0.0,24/08/2023,9870262.5,0.0,9870262.5,"","","","",RAHMAT,"",PLASTIK LAMINATING EPRINT A4,"","",10.0,PCS,86725.5,0.00 %,"",0.0,867255.0,867255.0,0.0,"",0.0,0.0,"","","","",0.0,0.0
25/07/2023,Faktur Pembelian,MD/INV2307/0395,CV.MITRA TEGUH DISTRIBUSI EPRINT MATARAM,Lunas,"",9870262.5,0.0,24/08/2023,9870262.5,0.0,9870262.5,"","","","",RAHMAT,"",PLASTIK LAMINATING EPRINT KTP,"","",100.0,PCS,11708.75,0.00 %,"",0.0,1170875.0,1170875.0,0.0,"",0.0,0.0,"","","","",0.0,0.0
25/07/2023,Faktur Pembelian,001554,LILI (PLATINUM),Lunas,"",2155000.0,0.0,24/08/2023,2155000.0,0.0,2155000.0,"","","","","","","LCD LAPTOP 11,6 30 PIN (KK)","","",5.0,PCS,380000.0,0.00 %,"",0.0,1900000.0,1900000.0,0.0,"",0.0,0.0,"","","","",0.0,0.0
25/07/2023,Faktur Pembelian,001554,LILI (PLATINUM),Lunas,"",2155000.0,0.0,24/08/2023,2155000.0,0.0,2155000.0,"","","","","","",KEYBOARD LAPTOP ASUS A407,"","",3.0,PCS,85000.0,0.00 %,"",0.0,255000.0,255000.0,0.0,"",0.0,0.0,"","","","",0.0,0.0
25/07/2023,Faktur Pembelian,JL/23/07/00000267,CV. NOAH SEJAHTERA ABADI,Lunas,"",10500000.0,0.0,08/08/2023,10500000.0,0.0,10500000.0,"","","","","","","LED MONITOR PIXEL 19""","","",10.0,UNIT,750000.0,0.00 %,"",0.0,7500000.0,7500000.0,0.0,"",0.0,0.0,"","","","",0.0,0.0
25/07/2023,Faktur Pembelian,JL/23/07/00000267,CV. NOAH SEJAHTERA ABADI,Lunas,"",10500000.0,0.0,08/08/2023,10500000.0,0.0,10500000.0,"","","","","","",SPEAKER LAD 1030 RGB,"","",60.0,PCS,50000.0,0.00 %,"",0.0,3000000.0,3000000.0,0.0,"",0.0,0.0,"","","","",0.0,0.0
25/07/2023,Faktur Pembelian,072023258004,AGUS (DORAN),Lunas,"",5720000.0,0.0,24/08/2023,5720000.0,0.0,5720000.0,"",SURABAYA,"","","","",TPLINK ROUTER TL WR840N,"","",20.0,PCS,148500.0,0.00 %,"",0.0,2970000.0,2970000.0,0.0,"",0.0,0.0,"","","","",0.0,0.0
25/07/2023,Faktur Pembelian,072023258004,AGUS (DORAN),Lunas,"",5720000.0,0.0,24/08/2023,5720000.0,0.0,5720000.0,"",SURABAYA,"","","","",TPLINK TL WR844N,"","",20.0,UNIT,137500.0,0.00 %,"",0.0,2750000.0,2750000.0,0.0,"",0.0,0.0,"","","","",0.0,0.0
26/07/2023,Faktur Pembelian,14597,FIKTIF BELI,Lunas,"",350000.0,0.0,25/08/2023,350000.0,0.0,350000.0,"","","","","","",RAM PC TEAM ELITE DDR4 8GB,"","",1.0,PCS,350000.0,0.00 %,"",0.0,350000.0,350000.0,0.0,"",0.0,0.0,"","","","",0.0,0.0
26/07/2023,Faktur Pembelian,JL.2307.08611,CANDRA (BLESSING),Lunas,"",973000.0,0.0,09/08/2023,973000.0,0.0,973000.0,"","","","",AGUS,"",TPLINK ROUTER TL WR840N,"","",3.0,PCS,150000.0,0.00 %,"",0.0,450000.0,450000.0,0.0,"",0.0,0.0,"","","","",0.0,0.0
26/07/2023,Faktur Pembelian,JL.2307.08611,CANDRA (BLESSING),Lunas,"",973000.0,0.0,09/08/2023,973000.0,0.0,973000.0,"","","","",AGUS,"",RAM PC TEAM ELITE PLUS DDR4 16GB PC 3200 PENDINGIN,"","",1.0,UNIT,308000.0,0.00 %,"",0.0,308000.0,308000.0,0.0,"",0.0,0.0,"","","","",0.0,0.0
26/07/2023,Faktur Pembelian,JL.2307.08611,CANDRA (BLESSING),Lunas,"",973000.0,0.0,09/08/2023,973000.0,0.0,973000.0,"","","","",AGUS,"",RAM PC NETAC BASIC DDR4 4GB,"","",1.0,PCS,215000.0,0.00 %,"",0.0,215000.0,215000.0,0.0,"",0.0,0.0,"","","","",0.0,0.0
26/07/2023,Faktur Pembelian,JL.2307.08609,CANDRA (BLESSING),Lunas,"",18260000.0,0.0,09/08/2023,18260000.0,0.0,18260000.0,"","","","",ARIES,"",AXIOO MYBOOK 14E INTEL N4000 4GB SSD 256GB #,"","",5.0,UNIT,2580000.0,0.00 %,"",0.0,12900000.0,12900000.0,0.0,"",0.0,0.0,"","","","",0.0,0.0
26/07/2023,Faktur Pembelian,JL.2307.08609,CANDRA (BLESSING),Lunas,"",18260000.0,0.0,09/08/2023,18260000.0,0.0,18260000.0,"","","","",ARIES,"","AXIOO 14F N4020/4GB/256GB SSD/13.3""","","",2.0,UNIT,2680000.0,0.00 %,"",0.0,5360000.0,5360000.0,0.0,"",0.0,0.0,"","","","",0.0,0.0
26/07/2023,Faktur Pembelian,14598,ONLINE,Lunas,"",760000.0,0.0,25/08/2023,760000.0,0.0,760000.0,"","","","","","",DRUM KIT BROTHER L2540 DW,"","",4.0,UNIT,190000.0,0.00 %,"",0.0,760000.0,760000.0,0.0,"",0.0,0.0,"","","","",0.0,0.0
26/07/2023,Faktur Pembelian,14599,ONLINE,Lunas,ANANDAM JOGJA COMPUTER,46150000.0,0.0,25/08/2023,46150000.0,0.0,46150000.0,"","","","","","",ACER A314 35 N5100 8GB SSD 256GB,"","",10.0,UNIT,4615000.0,0.00 %,"",0.0,46150000.0,46150000.0,0.0,"",0.0,0.0,"","","","",0.0,0.0
26/07/2023,Faktur Pembelian,MD/INV2307/0407,CV.MITRA TEGUH DISTRIBUSI EPRINT MATARAM,Lunas,"",20245500.0,0.0,25/08/2023,20245500.0,0.0,20245500.0,"","","","",RAHMAT,"",SPIDOL SNOWMAN WHITE BOARD (WB-BG-12 HT),"",(1 KOTAK ISI 12PCS),720.0,PCS,6187.5,0.00 %,"",0.0,4455000.0,4455000.0,0.0,"",0.0,0.0,"","","","",0.0,0.0
26/07/2023,Faktur Pembelian,MD/INV2307/0407,CV.MITRA TEGUH DISTRIBUSI EPRINT MATARAM,Lunas,"",20245500.0,0.0,25/08/2023,20245500.0,0.0,20245500.0,"","","","",RAHMAT,"",TINTA SPIDOL SNOWMAN WBI-20 HT ( WHITE BOARD ),"",(1 KOTAK ISI 12PCS),1200.0,PCS,13158.75,0.00 %,"",0.0,15790500.0,15790500.0,0.0,"",0.0,0.0,"","","","",0.0,0.0
26/07/2023,Faktur Pembelian,JL.2307.08638,CANDRA (BLESSING),Lunas,"",8910000.0,0.0,09/08/2023,8910000.0,0.0,8910000.0,"","","","",RAHMAT,"",PRINTER EPSON LQ2190 dot matrix,"","",1.0,UNIT,8910000.0,0.00 %,"",0.0,8910000.0,8910000.0,0.0,"",0.0,0.0,"","","","",0.0,0.0
26/07/2023,Faktur Pembelian,KARMEN / INV/2023/95869,WULAN (DISCOUNT NOTEBOOK),Lunas,"",590000.0,0.0,25/08/2023,590000.0,0.0,590000.0,"","","","","","",BATERAI ACER 4741 OR,"","",2.0,PCS,220000.0,0.00 %,"",0.0,440000.0,440000.0,0.0,"",0.0,0.0,"","","","",0.0,0.0
26/07/2023,Faktur Pembelian,KARMEN / INV/2023/95869,WULAN (DISCOUNT NOTEBOOK),Lunas,"",590000.0,0.0,25/08/2023,590000.0,0.0,590000.0,"","","","","","",KEYBOARD LAPTOP LENOVO YOGA 530,"","",1.0,PCS,150000.0,0.00 %,"",0.0,150000.0,150000.0,0.0,"",0.0,0.0,"","","","",0.0,0.0
26/07/2023,Faktur Pembelian,00643741_036,PRIYO (K GALAXY),Lunas,"",625000.0,0.0,25/08/2023,625000.0,0.0,625000.0,"","","","","","",SODIMM KINGSTONE / HYNIX DDR3L 8GB,"","",2.0,PCS,102500.0,0.00 %,"",0.0,205000.0,205000.0,0.0,"",0.0,0.0,"","","","",0.0,0.0
26/07/2023,Faktur Pembelian,00643741_036,PRIYO (K GALAXY),Lunas,"",625000.0,0.0,25/08/2023,625000.0,0.0,625000.0,"","","","","","",SODIMM KINGSTONE DDR3L 4GB,"","",6.0,PCS,70000.0,0.00 %,"",0.0,420000.0,420000.0,0.0,"",0.0,0.0,"","","","",0.0,0.0
26/07/2023,Faktur Pembelian,001555,LILI (PLATINUM),Lunas,"",845000.0,0.0,25/08/2023,845000.0,0.0,845000.0,"","","","","","",BATERAI ACER  V5 431 (AL12A32),"","",1.0,PCS,230000.0,0.00 %,"",0.0,230000.0,230000.0,0.0,"",0.0,0.0,"","","","",0.0,0.0
26/07/2023,Faktur Pembelian,001555,LILI (PLATINUM),Lunas,"",845000.0,0.0,25/08/2023,845000.0,0.0,845000.0,"","","","","","",BATERAI ACER ES1 432 AS16A8K / AS16A5K,"","",1.0,PCS,305000.0,0.00 %,"",0.0,305000.0,305000.0,0.0,"",0.0,0.0,"","","","",0.0,0.0
26/07/2023,Faktur Pembelian,001555,LILI (PLATINUM),Lunas,"",845000.0,0.0,25/08/2023,845000.0,0.0,845000.0,"","","","","","",BATERAI ACER E5 471 (AL14A32),"","",1.0,PCS,310000.0,0.00 %,"",0.0,310000.0,310000.0,0.0,"",0.0,0.0,"","","","",0.0,0.0
27/07/2023,Faktur Pembelian,PJL-23-07-00480,PT. Surya Makmur Kreasindo (HJ),Lunas,"",32250000.000001,0.0,10/08/2023,29054054.054055,3195945.945946,32250000.000001,"",SURABAYA,"","",CV TIGA NUSA,"",* PRINTER EPSON L3210,"","",15.0,UNIT,1936936.936937,0.00 %,11.0,3195945.9459460499999680405405405395,29054054.054055,29054054.054055,0.0,"",0.0,0.0,PT. Surya Makmur Kreasindo,"",081515111951,"",0.0,0.0
27/07/2023,Faktur Pembelian,JL.2307.09247,CANDRA (BLESSING),Lunas,"",10890000.0,0.0,10/08/2023,10890000.0,0.0,10890000.0,"","","","",ARIES,"",HDD EXTERNAL TOSHIBA BASIC 1 TB,"","",6.0,PCS,650000.0,0.00 %,"",0.0,3900000.0,3900000.0,0.0,"",0.0,0.0,"","","","",0.0,0.0
27/07/2023,Faktur Pembelian,JL.2307.09247,CANDRA (BLESSING),Lunas,"",10890000.0,0.0,10/08/2023,10890000.0,0.0,10890000.0,"","","","",ARIES,"","AXIOO 11G N4000/4GB/256GB SSD/11,6""","","",3.0,UNIT,2330000.0,0.00 %,"",0.0,6990000.0,6990000.0,0.0,"",0.0,0.0,"","","","",0.0,0.0
27/07/2023,Faktur Pembelian,JL.2307.09398,CANDRA (BLESSING),Lunas,"",7503000.0,0.0,10/08/2023,7503000.0,0.0,7503000.0,"","","","",RAHMAT,"",AIO ACER C24 - 1650 CI3 1115G4 4GB 512GB SSD,"","",1.0,UNIT,7503000.0,0.00 %,"",0.0,7503000.0,7503000.0,0.0,"",0.0,0.0,"","","","",0.0,0.0
27/07/2023,Faktur Pembelian,001553,LILI (PLATINUM),Lunas,"",12270000.0,0.0,26/08/2023,12270000.0,0.0,12270000.0,"","","","","","",ADAPTOR LENOVO 20V 3.25A (S),"","",22.0,PCS,85000.0,0.00 %,"",0.0,1870000.0,1870000.0,0.0,"",0.0,0.0,"","","","",0.0,0.0
27/07/2023,Faktur Pembelian,001553,LILI (PLATINUM),Lunas,"",12270000.0,0.0,26/08/2023,12270000.0,0.0,12270000.0,"","","","","","",ADAPTOR ACER 12V 2A (1410),"","",10.0,PCS,90000.0,0.00 %,"",0.0,900000.0,900000.0,0.0,"",0.0,0.0,"","","","",0.0,0.0
27/07/2023,Faktur Pembelian,001553,LILI (PLATINUM),Lunas,"",12270000.0,0.0,26/08/2023,12270000.0,0.0,12270000.0,"","","","","","",KABEL HDMI 3 METER,"","",50.0,PCS,20000.0,0.00 %,"",0.0,1000000.0,1000000.0,0.0,"",0.0,0.0,"","","","",0.0,0.0
27/07/2023,Faktur Pembelian,001553,LILI (PLATINUM),Lunas,"",12270000.0,0.0,26/08/2023,12270000.0,0.0,12270000.0,"","","","","","",ADAPTOR ACER 19V 2.1A (TO),"","",15.0,PCS,75000.0,0.00 %,"",0.0,1125000.0,1125000.0,0.0,"",0.0,0.0,"","","","",0.0,0.0
27/07/2023,Faktur Pembelian,001553,LILI (PLATINUM),Lunas,"",12270000.0,0.0,26/08/2023,12270000.0,0.0,12270000.0,"","","","","","",ADAPTOR ACER Z476,"","",20.0,PCS,80000.0,0.00 %,"",0.0,1600000.0,1600000.0,0.0,"",0.0,0.0,"","","","",0.0,0.0
27/07/2023,Faktur Pembelian,001553,LILI (PLATINUM),Lunas,"",12270000.0,0.0,26/08/2023,12270000.0,0.0,12270000.0,"","","","","","",ADAPTOR ASUS 19V 2.37A (X441),"","",35.0,PCS,80000.0,0.00 %,"",0.0,2800000.0,2800000.0,0.0,"",0.0,0.0,"","","","",0.0,0.0
27/07/2023,Faktur Pembelian,001553,LILI (PLATINUM),Lunas,"",12270000.0,0.0,26/08/2023,12270000.0,0.0,12270000.0,"","","","","","",CONVERTER USB TO VGA,"","",10.0,PCS,80000.0,0.00 %,"",0.0,800000.0,800000.0,0.0,"",0.0,0.0,"","","","",0.0,0.0
27/07/2023,Faktur Pembelian,001553,LILI (PLATINUM),Lunas,"",12270000.0,0.0,26/08/2023,12270000.0,0.0,12270000.0,"","","","","","",BATERAI LAPTOP ASUS X441,"","",1.0,PCS,240000.0,0.00 %,"",0.0,240000.0,240000.0,0.0,"",0.0,0.0,"","","","",0.0,0.0
27/07/2023,Faktur Pembelian,001553,LILI (PLATINUM),Lunas,"",12270000.0,0.0,26/08/2023,12270000.0,0.0,12270000.0,"","","","","","",HDMI SPLITER 4 PORT GAINTECH / SANURPRO,"","",3.0,PCS,255000.0,0.00 %,"",0.0,765000.0,765000.0,0.0,"",0.0,0.0,"","","","",0.0,0.0
27/07/2023,Faktur Pembelian,001553,LILI (PLATINUM),Lunas,"",12270000.0,0.0,26/08/2023,12270000.0,0.0,12270000.0,"","","","","","",ADAPTOR LENOVO TYPE C 20V 3.25A,"","",2.0,PCS,165000.0,0.00 %,"",0.0,330000.0,330000.0,0.0,"",0.0,0.0,"","","","",0.0,0.0
27/07/2023,Faktur Pembelian,001553,LILI (PLATINUM),Lunas,"",12270000.0,0.0,26/08/2023,12270000.0,0.0,12270000.0,"","","","","","",CONVERTER FIBER OPTIC TO LAN HTB 3100 A,"","",6.0,PCS,140000.0,0.00 %,"",0.0,840000.0,840000.0,0.0,"",0.0,0.0,"","","","",0.0,0.0
27/07/2023,Faktur Pembelian,14603,ONLINE,Lunas,"",220000.0,0.0,26/08/2023,220000.0,0.0,220000.0,"","","","","","",BATERAI CAMERA CANON LP E10,"","",2.0,PCS,110000.0,0.00 %,"",0.0,220000.0,220000.0,0.0,"",0.0,0.0,"","","","",0.0,0.0
27/07/2023,Faktur Pembelian,JL5523071148,YULI (HP CENTRE),Lunas,BAYAR ,7446000.0,0.0,26/08/2023,7446000.0,0.0,7446000.0,"","","","",RAHMAT,"",BLUEPRINT SCANNER BARCODE OMNI,"","",4.0,PCS,637500.0,0.00 %,"",0.0,2550000.0,2550000.0,0.0,"",0.0,0.0,"","","","",0.0,0.0
27/07/2023,Faktur Pembelian,JL5523071148,YULI (HP CENTRE),Lunas,BAYAR ,7446000.0,0.0,26/08/2023,7446000.0,0.0,7446000.0,"","","","",RAHMAT,"",BLUEPRINT PRINTER LITE DEKSTOP USB - LITE80L,"","",6.0,UNIT,816000.0,0.00 %,"",0.0,4896000.0,4896000.0,0.0,"",0.0,0.0,"","","","",0.0,0.0
27/07/2023,Faktur Pembelian,14625,GUDANG AKSESORIES SURABAYA (KURNIAWAN),Lunas,"",2750000.0,0.0,25/09/2023,2750000.0,0.0,2750000.0,"","","","","","",ADAPTOR ACER OR 19V 3.42A (KUNING),"","",50.0,PCS,55000.0,0.00 %,"",0.0,2750000.0,2750000.0,0.0,"",0.0,0.0,"","","","",0.0,0.0
27/07/2023,Faktur Pembelian,2307113,ANDY (JMK),Lunas,"",4675000.0,0.0,26/08/2023,4675000.0,0.0,4675000.0,"","","","","","",MOUSE GENIUS WIRELESS NX-7005 / NX-7015,"","",50.0,PCS,93500.0,0.00 %,"",0.0,4675000.0,4675000.0,0.0,"",0.0,0.0,"","","","",0.0,0.0
27/07/2023,Faktur Pembelian,2307115,ANDY (JMK),Lunas,"",12000000.0,0.0,26/08/2023,12000000.0,0.0,12000000.0,"","","","","","",KABEL LAN ZIMM LINK,"","",30.0,DUS,400000.0,0.00 %,"",0.0,12000000.0,12000000.0,0.0,"",0.0,0.0,"","","","",0.0,0.0
28/07/2023,Faktur Pembelian,14604,ONLINE,Lunas,anandam computer jogja,45950000.0,0.0,27/08/2023,45950000.0,0.0,45950000.0,"","","","","","",ACER A314 35 N5100 8GB SSD 256GB,"","",10.0,UNIT,4595000.0,0.00 %,"",0.0,45950000.0,45950000.0,0.0,"",0.0,0.0,"","","","",0.0,0.0
28/07/2023,Faktur Pembelian,JL.2307.09462,CANDRA (BLESSING),Lunas,"",25620000.0,0.0,11/08/2023,25620000.0,0.0,25620000.0,"","","","",RAHMAT,"",ASUS A416MAO INTEL N4020 4GB 256GB SSD #,"","",6.0,UNIT,4270000.0,0.00 %,"",0.0,25620000.0,25620000.0,0.0,"",0.0,0.0,"","","","",0.0,0.0
28/07/2023,Faktur Pembelian,ACJ01/01/FP/2308/BH00012,PT. ANGKASA CERAH JAYA,Lunas,"",12824999.999999,0.0,11/08/2023,11554054.054053,1270945.945946,12824999.999999,"",SURABAYA,"","",CV TIGA NUSA,"","* ASUS A416MAO INTEL N4020 4GB 256GB SSD 14""","","",3.0,UNIT,3851351.351351,0.00 %,11.0,1270945.9459458299999872905405405417,11554054.054053,11554054.054053,0.0,"",0.0,0.0,PT. ANGKASA CERAH JAYA,"",0815 5395 1313,"",0.0,0.0
28/07/2023,Faktur Pembelian,ACJ01/01/FP/2307/BH00008,PT. ANGKASA CERAH JAYA,Lunas,"",18599999.999999,0.0,11/08/2023,16756756.756756,1843243.243243,18599999.999999,"",SURABAYA,"","",CV TIGA NUSA,"",* ACER 5 A514 55 i5-1235U 8GB 512GB SSD MX 550 2GB WIN 11 nw,"","",2.0,UNIT,8378378.378378,0.00 %,11.0,1843243.2432431599999815675675675684,16756756.756756,16756756.756756,0.0,"",0.0,0.0,PT. ANGKASA CERAH JAYA,"",0815 5395 1313,"",0.0,0.0
28/07/2023,Faktur Pembelian,14605,ONLINE,Lunas,"",1560000.0,0.0,27/08/2023,1560000.0,0.0,1560000.0,"","","","","","",POMPA PURGE EPSON L3110 L3210 L3250,"","",8.0,PCS,195000.0,0.00 %,"",0.0,1560000.0,1560000.0,0.0,"",0.0,0.0,"","","","",0.0,0.0
28/07/2023,Faktur Pembelian,14606,EDO VGEN,Lunas,"",3400000.0,0.0,11/08/2023,3400000.0,0.0,3400000.0,"","","","","","",FD V-GEN 8GB,"","",100.0,PCS,34000.0,0.00 %,"",0.0,3400000.0,3400000.0,0.0,"",0.0,0.0,"","","","",0.0,0.0
28/07/2023,Faktur Pembelian,14607,PT TERA DATA INDONUSA,Lunas,"",650000.0,0.0,27/08/2023,585585.585586,64414.414414,650000.0,"","","","",CV TIGA NUSA,"","* PANEL LCD HD 11,6 IPS MYBOOK 11G","","",1.0,PCS,585585.585586,0.00 %,11.0,64414.4144144599999993558558558554,585585.585586,585585.585586,0.0,"",0.0,0.0,"","","","",0.0,0.0
28/07/2023,Faktur Pembelian,14608,FIKTIF BELI,Lunas,"",1599999.999895,0.0,27/08/2023,1599999.999895,0.0,1599999.999895,"","","","","","",KABEL LAN BELDEN / COMSCAPE CAT 5 PERMETER,"","",305.0,METER,5245.901639,0.00 %,"",0.0,1599999.999895,1599999.999895,0.0,"",0.0,0.0,"","","","",0.0,0.0
28/07/2023,Faktur Pembelian,JL.2307.09745,CANDRA (BLESSING),Lunas,"",12060000.0,0.0,11/08/2023,12060000.0,0.0,12060000.0,"","","","",AGUS,"",ASUS A1400EA I3-1115G4 8GB 512GB SSD WIN 11,"","",2.0,UNIT,6030000.0,0.00 %,"",0.0,12060000.0,12060000.0,0.0,"",0.0,0.0,"","","","",0.0,0.0
28/07/2023,Faktur Pembelian,JL.2307.09362,CANDRA (BLESSING),Lunas,"",23575000.0,0.0,11/08/2023,23575000.0,0.0,23575000.0,"","","","",ARIES,"",PROJECTOR ACER BS 020P DLP 4000 LUMENS + TAS,"","",5.0,PCS,4715000.0,0.00 %,"",0.0,23575000.0,23575000.0,0.0,"",0.0,0.0,"","","","",0.0,0.0
28/07/2023,Faktur Pembelian,001560,LILI (PLATINUM),Lunas,"",11365500.0,0.0,27/08/2023,11365500.0,0.0,11365500.0,"","","","","","",KEYBOARD LAPTOP ASUS X441 (BLACK),"","",20.0,PCS,80000.0,0.00 %,"",0.0,1600000.0,1600000.0,0.0,"",0.0,0.0,"","","","",0.0,0.0
28/07/2023,Faktur Pembelian,001560,LILI (PLATINUM),Lunas,"",11365500.0,0.0,27/08/2023,11365500.0,0.0,11365500.0,"","","","","","",CARD READER 4 SLOT PUTAR,"","",61.0,PCS,5500.0,0.00 %,"",0.0,335500.0,335500.0,0.0,"",0.0,0.0,"","","","",0.0,0.0
28/07/2023,Faktur Pembelian,001560,LILI (PLATINUM),Lunas,"",11365500.0,0.0,27/08/2023,11365500.0,0.0,11365500.0,"","","","","","",ADAPTOR ACER 19V 3.0*1.1 SWIFT,"","",20.0,PCS,115000.0,0.00 %,"",0.0,2300000.0,2300000.0,0.0,"",0.0,0.0,"","","","",0.0,0.0
28/07/2023,Faktur Pembelian,001560,LILI (PLATINUM),Lunas,"",11365500.0,0.0,27/08/2023,11365500.0,0.0,11365500.0,"","","","","","",ADAPTOR HP 19V 3.5A (BUNDAR JARUM),"","",6.0,PCS,75000.0,0.00 %,"",0.0,450000.0,450000.0,0.0,"",0.0,0.0,"","","","",0.0,0.0
28/07/2023,Faktur Pembelian,001560,LILI (PLATINUM),Lunas,"",11365500.0,0.0,27/08/2023,11365500.0,0.0,11365500.0,"","","","","","",ADAPTOR HP BIRU 19.5V 3.33A,"","",10.0,PCS,75000.0,0.00 %,"",0.0,750000.0,750000.0,0.0,"",0.0,0.0,"","","","",0.0,0.0
28/07/2023,Faktur Pembelian,001560,LILI (PLATINUM),Lunas,"",11365500.0,0.0,27/08/2023,11365500.0,0.0,11365500.0,"","","","","","",ADAPTOR ACER OR 19V 3.42A (KUNING),"","",50.0,PCS,60000.0,0.00 %,"",0.0,3000000.0,3000000.0,0.0,"",0.0,0.0,"","","","",0.0,0.0
28/07/2023,Faktur Pembelian,001560,LILI (PLATINUM),Lunas,"",11365500.0,0.0,27/08/2023,11365500.0,0.0,11365500.0,"","","","","","",ADAPTOR ASUS 3.42A (A407),"","",20.0,PCS,85000.0,0.00 %,"",0.0,1700000.0,1700000.0,0.0,"",0.0,0.0,"","","","",0.0,0.0
28/07/2023,Faktur Pembelian,001560,LILI (PLATINUM),Lunas,"",11365500.0,0.0,27/08/2023,11365500.0,0.0,11365500.0,"","","","","","",BATERAI ACER E5 471 (AL14A32),"","",1.0,PCS,310000.0,0.00 %,"",0.0,310000.0,310000.0,0.0,"",0.0,0.0,"","","","",0.0,0.0
28/07/2023,Faktur Pembelian,001560,LILI (PLATINUM),Lunas,"",11365500.0,0.0,27/08/2023,11365500.0,0.0,11365500.0,"","","","","","",CONVERTER USB TO HDMI,"","",6.0,PCS,95000.0,0.00 %,"",0.0,570000.0,570000.0,0.0,"",0.0,0.0,"","","","",0.0,0.0
28/07/2023,Faktur Pembelian,001560,LILI (PLATINUM),Lunas,"",11365500.0,0.0,27/08/2023,11365500.0,0.0,11365500.0,"","","","","","",ADAPTOR ASUS TUF 20V 7.5A,"","",1.0,PCS,350000.0,0.00 %,"",0.0,350000.0,350000.0,0.0,"",0.0,0.0,"","","","",0.0,0.0
28/07/2023,Faktur Pembelian,2307117,ANDY (JMK),Lunas,SALAH KIRIM 25 PCS 4GB ,2750000.0,0.0,27/08/2023,2750000.0,0.0,2750000.0,"","","","","","",FD JOINT / INDILINX 4GB,"","",25.0,PCS,26000.0,0.00 %,"",0.0,650000.0,650000.0,0.0,"",0.0,0.0,"","","","",0.0,0.0
28/07/2023,Faktur Pembelian,2307117,ANDY (JMK),Lunas,SALAH KIRIM 25 PCS 4GB ,2750000.0,0.0,27/08/2023,2750000.0,0.0,2750000.0,"","","","","","",FD JOINT / INDILINX 8GB,"","",75.0,PCS,28000.0,0.00 %,"",0.0,2100000.0,2100000.0,0.0,"",0.0,0.0,"","","","",0.0,0.0
28/07/2023,Faktur Pembelian,KARMEN / INV/2023/97179,WULAN (DISCOUNT NOTEBOOK),Lunas,"",330000.0,0.0,27/08/2023,330000.0,0.0,330000.0,"","","","","","",KEYBOARD LAPTOP LENOVO 330 ON OFF,"","",5.0,PCS,66000.0,0.00 %,"",0.0,330000.0,330000.0,0.0,"",0.0,0.0,"","","","",0.0,0.0
28/07/2023,Faktur Pembelian,JL5523071206,YULI (HP CENTRE),Lunas,BAYAR,28350000.0,0.0,27/08/2023,28350000.0,0.0,28350000.0,"","","","",RAHMAT,"","ACER 5 A514 - 55G i5-1235U 8GB 512GB SSD MX 550 2GB 14""","","",3.0,UNIT,9450000.0,0.00 %,"",0.0,28350000.0,28350000.0,0.0,"",0.0,0.0,"","","","",0.0,0.0
28/07/2023,Faktur Pembelian,JL5523071229,YULI (HP CENTRE),Lunas,"",18900000.000001,0.0,27/08/2023,17027027.027028,1872972.972973,18900000.000001,"","","","",CV TIGA NUSA,"",* ACER 5 A514 55 i5-1235U 8GB 512GB SSD MX 550 2GB WIN 11 nw,"","",2.0,UNIT,8513513.513514,0.00 %,11.0,1872972.9729730799999812702702702692,17027027.027028,17027027.027028,0.0,"",0.0,0.0,"","","","",0.0,0.0
29/07/2023,Faktur Pembelian,JL.2307.09878,CANDRA (BLESSING),Lunas,"",38645000.0,0.0,12/08/2023,38645000.0,0.0,38645000.0,"","","","",RAHMAT,"",HDD PC WD PURPLE 1 TB,"","",10.0,PCS,630000.0,0.00 %,"",0.0,6300000.0,6300000.0,0.0,"",0.0,0.0,"","","","",0.0,0.0
29/07/2023,Faktur Pembelian,JL.2307.09878,CANDRA (BLESSING),Lunas,"",38645000.0,0.0,12/08/2023,38645000.0,0.0,38645000.0,"","","","",RAHMAT,"",ACER 3 A314 36M Ci3-N305 8GB 512GB SSD WIN 11,"","",5.0,UNIT,6300000.0,0.00 %,"",0.0,31500000.0,31500000.0,0.0,"",0.0,0.0,"","","","",0.0,0.0
29/07/2023,Faktur Pembelian,JL.2307.09878,CANDRA (BLESSING),Lunas,"",38645000.0,0.0,12/08/2023,38645000.0,0.0,38645000.0,"","","","",RAHMAT,"",HDD PC SEAGATE 2TB BARACUDA,"","",1.0,PCS,845000.0,0.00 %,"",0.0,845000.0,845000.0,0.0,"",0.0,0.0,"","","","",0.0,0.0
29/07/2023,Faktur Pembelian,14609,TATIK (LEGENDA),Lunas,"",7625000.0,0.0,28/08/2023,7625000.0,0.0,7625000.0,"","","","","","",DATA PRINT DP 41,"","",100.0,PCS,24750.0,0.00 %,"",0.0,2475000.0,2475000.0,0.0,"",0.0,0.0,"","","","",0.0,0.0
29/07/2023,Faktur Pembelian,14609,TATIK (LEGENDA),Lunas,"",7625000.0,0.0,28/08/2023,7625000.0,0.0,7625000.0,"","","","","","",DATA PRINT DP 40,"","",200.0,PCS,25750.0,0.00 %,"",0.0,5150000.0,5150000.0,0.0,"",0.0,0.0,"","","","",0.0,0.0
29/07/2023,Faktur Pembelian,JL.2307.09984,CANDRA (BLESSING),Lunas,"",18045000.0,0.0,12/08/2023,18045000.0,0.0,18045000.0,"","","","",ARIES,"",LENOVO IDEAPAD 1 14IGL7 N4020 8GB SSD 256GB #,"","",4.0,UNIT,4300000.0,0.00 %,"",0.0,17200000.0,17200000.0,0.0,"",0.0,0.0,"","","","",0.0,0.0
29/07/2023,Faktur Pembelian,JL.2307.09984,CANDRA (BLESSING),Lunas,"",18045000.0,0.0,12/08/2023,18045000.0,0.0,18045000.0,"","","","",ARIES,"",HDD PC SEAGATE 2TB BARACUDA,"","",1.0,PCS,845000.0,0.00 %,"",0.0,845000.0,845000.0,0.0,"",0.0,0.0,"","","","",0.0,0.0
29/07/2023,Faktur Pembelian,D/23/00865/NTB,PT SAMAMAJU PRIMA NTB,Lunas,"",11623140.0,0.0,28/08/2023,11623140.0,0.0,11623140.0,"","","","",RAHMAT,"",SIDU F4 WARNA MERAH MUDA,"","",50.0,PCS,63839.36,0.00 %,"",0.0,3168749.624768,3191968.0,85165.0,"",0.0,0.0,"","","","",0.0,0.73
29/07/2023,Faktur Pembelian,D/23/00865/NTB,PT SAMAMAJU PRIMA NTB,Lunas,"",11623140.0,0.0,28/08/2023,11623140.0,0.0,11623140.0,"","","","",RAHMAT,"",SIDU A4  WARNA BIRU,"","",50.0,PCS,56775.58,0.00 %,"",0.0,2818129.721554,2838779.0,85165.0,"",0.0,0.0,"","","","",0.0,0.73
29/07/2023,Faktur Pembelian,D/23/00865/NTB,PT SAMAMAJU PRIMA NTB,Lunas,"",11623140.0,0.0,28/08/2023,11623140.0,0.0,11623140.0,"","","","",RAHMAT,"",SIDU A4 WARNA KUNING,"","",50.0,PCS,56775.58,0.00 %,"",0.0,2818129.721554,2838779.0,85165.0,"",0.0,0.0,"","","","",0.0,0.73
29/07/2023,Faktur Pembelian,D/23/00865/NTB,PT SAMAMAJU PRIMA NTB,Lunas,"",11623140.0,0.0,28/08/2023,11623140.0,0.0,11623140.0,"","","","",RAHMAT,"",SIDU A4 WARNA MERAH,"","",50.0,PCS,56775.58,0.00 %,"",0.0,2818129.721554,2838779.0,85165.0,"",0.0,0.0,"","","","",0.0,0.73
29/07/2023,Faktur Pembelian,D/23/00866/NTB,PT SAMAMAJU PRIMA NTB,Lunas,"",14894554.0,0.0,28/08/2023,14894554.0,0.0,14894554.0,"","","","",RAHMAT,"",KERTAS 2 PLY PRS,"","",50.0,DUS,297891.08,0.00 %,"",0.0,14894554.0,14894554.0,0.0,"",0.0,0.0,"","","","",0.0,0.0
29/07/2023,Faktur Pembelian,D/23/00864/NTB,PT SAMAMAJU PRIMA NTB,Lunas,"",45589954.0,0.0,28/08/2023,45589954.0,0.0,45589954.0,"","","","",RAHMAT,"",SIDU F4 70,"","",500.0,PCS,48507.83,0.00 %,"",0.0,24253915.0,24253915.0,1.0,"",0.0,0.0,"","","","",0.0,0.0
29/07/2023,Faktur Pembelian,D/23/00864/NTB,PT SAMAMAJU PRIMA NTB,Lunas,"",45589954.0,0.0,28/08/2023,45589954.0,0.0,45589954.0,"","","","",RAHMAT,"",SIDU A4 70,"","",500.0,PCS,42672.08,0.00 %,"",0.0,21336040.0,21336040.0,1.0,"",0.0,0.0,"","","","",0.0,0.0
29/07/2023,Faktur Pembelian,FK 3686,BETA COM,Lunas,"",38592000.0,0.0,12/08/2023,38592000.0,0.0,38592000.0,"","","","","","",CATRIDGE CANON 810 BLACK,"","",192.0,PCS,201000.0,0.00 %,"",0.0,38592000.0,38592000.0,0.0,"",0.0,0.0,"","","","",0.0,0.0
30/07/2023,Faktur Pembelian,14610,PT WOOK GLOBAL TECHNOLOGY,Lunas,"",3179999.999972,0.0,29/08/2023,2864864.86484,315135.135132,3179999.999972,"","","","",CV TIGA NUSA,"",* ROBOT Mouse Wireless M210S Silent Click,"","",10.0,PCS,51351.351351,0.00 %,11.0,56486.486486099999999435135135139,513513.51351,513513.51351,0.0,"",0.0,0.0,"","","","",0.0,0.0
30/07/2023,Faktur Pembelian,14610,PT WOOK GLOBAL TECHNOLOGY,Lunas,"",3179999.999972,0.0,29/08/2023,2864864.86484,315135.135132,3179999.999972,"","","","",CV TIGA NUSA,"",* ROBOT MOUSE M130 WIRED MOUSE COLORFUL LED,"","",20.0,PCS,34234.234234,0.00 %,11.0,75315.315314799999999246846846852,684684.68468,684684.68468,0.0,"",0.0,0.0,"","","","",0.0,0.0
30/07/2023,Faktur Pembelian,14610,PT WOOK GLOBAL TECHNOLOGY,Lunas,"",3179999.999972,0.0,29/08/2023,2864864.86484,315135.135132,3179999.999972,"","","","",CV TIGA NUSA,"",* ROBOT HUB USB H140-80,"","",50.0,PCS,33333.333333,0.00 %,11.0,183333.333331499999998166666666685,1666666.66665,1666666.66665,0.0,"",0.0,0.0,"","","","",0.0,0.0
30/07/2023,Faktur Pembelian,14611,DARMA DJ COMP,Lunas,"",18630000.0,0.0,29/08/2023,18630000.0,0.0,18630000.0,"","","","","","",ACER A314-35-C2T9 N5100 4GB 256GB SSD #,"","",1.0,UNIT,4530000.0,0.00 %,"",0.0,4530000.0,4530000.0,0.0,"",0.0,0.0,"","","",087876835295,0.0,0.0
30/07/2023,Faktur Pembelian,14611,DARMA DJ COMP,Lunas,"",18630000.0,0.0,29/08/2023,18630000.0,0.0,18630000.0,"","","","","","",ACER A314 35 N5100 8GB SSD 256GB,"","",3.0,UNIT,4700000.0,0.00 %,"",0.0,14100000.0,14100000.0,0.0,"",0.0,0.0,"","","",087876835295,0.0,0.0
30/07/2023,Faktur Pembelian,14612,DARMA DJ COMP,Lunas,"",13930000.0,0.0,29/08/2023,13930000.0,0.0,13930000.0,"","","","","","",ACER A314-35-C2T9 N5100 4GB 256GB SSD #,"","",1.0,UNIT,4530000.0,0.00 %,"",0.0,4530000.0,4530000.0,0.0,"",0.0,0.0,"","","",087876835295,0.0,0.0
30/07/2023,Faktur Pembelian,14612,DARMA DJ COMP,Lunas,"",13930000.0,0.0,29/08/2023,13930000.0,0.0,13930000.0,"","","","","","",ACER A314 35 N5100 8GB SSD 256GB,"","",2.0,UNIT,4700000.0,0.00 %,"",0.0,9400000.0,9400000.0,0.0,"",0.0,0.0,"","","",087876835295,0.0,0.0
30/07/2023,Faktur Pembelian,14613,FIKTIF BELI,Lunas,"",105000.0,0.0,29/08/2023,105000.0,0.0,105000.0,"","","","","","",CHARGER CANON LC E8,"","",1.0,PCS,105000.0,0.00 %,"",0.0,105000.0,105000.0,0.0,"",0.0,0.0,"","","","",0.0,0.0
30/07/2023,Faktur Pembelian,14614,FIKTIF BELI,Lunas,"",1080000.0,0.0,29/08/2023,1080000.0,0.0,1080000.0,"","","","","","",HEAD PRINTER CANON IX 6770,"","",1.0,PCS,1080000.0,0.00 %,"",0.0,1080000.0,1080000.0,0.0,"",0.0,0.0,"","","","",0.0,0.0
31/07/2023,Faktur Pembelian,JL.2307.10175,CANDRA (BLESSING),Lunas,"",1600000.0,0.0,14/08/2023,1441441.441441,158558.558559,1600000.0,"","","","",CV TIGA NUSA,"",* PRINTER HP 315 PSC INK TANK,"","",1.0,UNIT,1441441.441441,0.00 %,11.0,158558.5585585099999984144144144149,1441441.441441,1441441.441441,0.0,"",0.0,0.0,"","","","",0.0,0.0
31/07/2023,Faktur Pembelian,JL.2307.10173,CANDRA (BLESSING),Lunas,"",48595000.0,0.0,14/08/2023,48595000.0,0.0,48595000.0,"","","","",AGUS,"",BROTHER DCP L2540 DW,"","",2.0,PCS,2920000.0,0.00 %,"",0.0,5840000.0,5840000.0,0.0,"",0.0,0.0,"","","","",0.0,0.0
31/07/2023,Faktur Pembelian,JL.2307.10173,CANDRA (BLESSING),Lunas,"",48595000.0,0.0,14/08/2023,48595000.0,0.0,48595000.0,"","","","",AGUS,"",SODIMM TEAM ELITE DDR4 8GB @,"","",1.0,PCS,285000.0,0.00 %,"",0.0,285000.0,285000.0,0.0,"",0.0,0.0,"","","","",0.0,0.0
31/07/2023,Faktur Pembelian,JL.2307.10173,CANDRA (BLESSING),Lunas,"",48595000.0,0.0,14/08/2023,48595000.0,0.0,48595000.0,"","","","",AGUS,"",ASUS A416MAO INTEL N4020 4GB 256GB SSD #,"","",4.0,UNIT,4270000.0,0.00 %,"",0.0,17080000.0,17080000.0,0.0,"",0.0,0.0,"","","","",0.0,0.0
31/07/2023,Faktur Pembelian,JL.2307.10173,CANDRA (BLESSING),Lunas,"",48595000.0,0.0,14/08/2023,48595000.0,0.0,48595000.0,"","","","",AGUS,"",ACER 5 A514 CI3-1115G4 8gb 512GB SSD MX 350 2GB WIN 11,"","",2.0,UNIT,6395000.0,0.00 %,"",0.0,12790000.0,12790000.0,0.0,"",0.0,0.0,"","","","",0.0,0.0
31/07/2023,Faktur Pembelian,JL.2307.10173,CANDRA (BLESSING),Lunas,"",48595000.0,0.0,14/08/2023,48595000.0,0.0,48595000.0,"","","","",AGUS,"",ACER 3 A314 36M Ci3-N305 8GB 512GB SSD WIN 11,"","",2.0,UNIT,6300000.0,0.00 %,"",0.0,12600000.0,12600000.0,0.0,"",0.0,0.0,"","","","",0.0,0.0
31/07/2023,Faktur Pembelian,JL.2307.10170,CANDRA (BLESSING),Lunas,"",42740000.0,0.0,14/08/2023,42740000.0,0.0,42740000.0,"","","","",RAHMAT,"",ASUS M415DAO-FHD RYZEN 3 3250U 8GB 256GB SSD #,"","",4.0,UNIT,5255000.0,0.00 %,"",0.0,21020000.0,21020000.0,0.0,"",0.0,0.0,"","","","",0.0,0.0
31/07/2023,Faktur Pembelian,JL.2307.10170,CANDRA (BLESSING),Lunas,"",42740000.0,0.0,14/08/2023,42740000.0,0.0,42740000.0,"","","","",RAHMAT,"",ASUS A416J I3 1005G1 8GB SSD 256GB WIN 11,"","",2.0,UNIT,5470000.0,0.00 %,"",0.0,10940000.0,10940000.0,0.0,"",0.0,0.0,"","","","",0.0,0.0
31/07/2023,Faktur Pembelian,JL.2307.10170,CANDRA (BLESSING),Lunas,"",42740000.0,0.0,14/08/2023,42740000.0,0.0,42740000.0,"","","","",RAHMAT,"",ASUS A1400EA FHD I3 - 1115G4 4GB 256GB SSD WIN 11,"","",2.0,UNIT,5390000.0,0.00 %,"",0.0,10780000.0,10780000.0,0.0,"",0.0,0.0,"","","","",0.0,0.0
31/07/2023,Faktur Pembelian,JL.2307.10167,CANDRA (BLESSING),Lunas,"",15220000.0,0.0,14/08/2023,15220000.0,0.0,15220000.0,"","","","",ARIES,"",KABEL LAN BELDEN USA CAT 5,"","",3.0,DUS,1600000.0,0.00 %,"",0.0,4800000.0,4800000.0,0.0,"",0.0,0.0,"","","","",0.0,0.0
31/07/2023,Faktur Pembelian,JL.2307.10167,CANDRA (BLESSING),Lunas,"",15220000.0,0.0,14/08/2023,15220000.0,0.0,15220000.0,"","","","",ARIES,"",KABEL LAN BELDEN USA CAT 6,"","",1.0,DUS,2070000.0,0.00 %,"",0.0,2070000.0,2070000.0,0.0,"",0.0,0.0,"","","","",0.0,0.0
31/07/2023,Faktur Pembelian,JL.2307.10167,CANDRA (BLESSING),Lunas,"",15220000.0,0.0,14/08/2023,15220000.0,0.0,15220000.0,"","","","",ARIES,"",ASUS A1400EA - VIPS551 I5-1135G7 8GB 512GB SSD WIN11,"","",1.0,UNIT,8350000.0,0.00 %,"",0.0,8350000.0,8350000.0,0.0,"",0.0,0.0,"","","","",0.0,0.0
31/07/2023,Faktur Pembelian,14615,PT. PRIMALAYAN CITRA MANDIRI,Lunas,"",839160.0,0.0,30/08/2023,756000.0,83160.0,839160.0,"","","","",CV TIGA NUSA,"",* MB PRINTER CANON G2010 (QM5 3529 000 999),"","",2.0,PCS,378000.0,0.00 %,11.0,83159.9999999999999991684,756000.0,756000.0,0.0,"",0.0,0.0,"","","","",0.0,0.0
31/07/2023,Faktur Pembelian,PJL-23-07-00554,PT. Surya Makmur Kreasindo (HJ),Lunas,"",42400000.000002,0.0,14/08/2023,38198198.1982,4201801.801802,42400000.000002,"",SURABAYA,"","",CV TIGA NUSA,"",* PRINTER EPSON L3210,"","",16.0,UNIT,1936936.936937,0.00 %,11.0,3409009.0090091199999659099099099088,30990990.990992,30990990.990992,0.0,"",0.0,0.0,PT. Surya Makmur Kreasindo,"",081515111951,"",0.0,0.0
31/07/2023,Faktur Pembelian,PJL-23-07-00554,PT. Surya Makmur Kreasindo (HJ),Lunas,"",42400000.000002,0.0,14/08/2023,38198198.1982,4201801.801802,42400000.000002,"",SURABAYA,"","",CV TIGA NUSA,"",* PRINTER EPSON L1210,"","",4.0,UNIT,1801801.801802,0.00 %,11.0,792792.7927928799999920720720720712,7207207.207208,7207207.207208,0.0,"",0.0,0.0,PT. Surya Makmur Kreasindo,"",081515111951,"",0.0,0.0
31/07/2023,Faktur Pembelian,14617,FIKTIF BELI,Lunas,"",150000.0,0.0,30/08/2023,150000.0,0.0,150000.0,"","","","","","",TINTA CANON ORI 790 BLACK NON PACK,"","",1.0,PCS,60000.0,0.00 %,"",0.0,60000.0,60000.0,0.0,"",0.0,0.0,"","","","",0.0,0.0
31/07/2023,Faktur Pembelian,14617,FIKTIF BELI,Lunas,"",150000.0,0.0,30/08/2023,150000.0,0.0,150000.0,"","","","","","",TINTA CANON ORI 790 CYAN NON PACK,"","",1.0,PCS,30000.0,0.00 %,"",0.0,30000.0,30000.0,0.0,"",0.0,0.0,"","","","",0.0,0.0
31/07/2023,Faktur Pembelian,14617,FIKTIF BELI,Lunas,"",150000.0,0.0,30/08/2023,150000.0,0.0,150000.0,"","","","","","",TINTA CANON ORI 790 YELLOW NON PACK,"","",1.0,PCS,30000.0,0.00 %,"",0.0,30000.0,30000.0,0.0,"",0.0,0.0,"","","","",0.0,0.0
31/07/2023,Faktur Pembelian,14617,FIKTIF BELI,Lunas,"",150000.0,0.0,30/08/2023,150000.0,0.0,150000.0,"","","","","","",TINTA CANON ORI 790 MAGENTA NON PACK,"","",1.0,PCS,30000.0,0.00 %,"",0.0,30000.0,30000.0,0.0,"",0.0,0.0,"","","","",0.0,0.0
31/07/2023,Faktur Pembelian,14619,ONLINE,Lunas,"",780000.0,0.0,30/08/2023,780000.0,0.0,780000.0,"","","","","","",UGREEN LASER POINTER,"","",6.0,PCS,130000.0,0.00 %,"",0.0,780000.0,780000.0,0.0,"",0.0,0.0,"","","","",0.0,0.0
31/07/2023,Faktur Pembelian,JL.2307.10504,CANDRA (BLESSING),Lunas,"",37720000.0,0.0,14/08/2023,37720000.0,0.0,37720000.0,"","","","",ARIES,"",PROJECTOR ACER BS 020P DLP 4000 LUMENS + TAS,"","",8.0,PCS,4715000.0,0.00 %,"",0.0,37720000.0,37720000.0,0.0,"",0.0,0.0,"","","","",0.0,0.0
31/07/2023,Faktur Pembelian,001562,LILI (PLATINUM),Lunas,"",3180000.0,0.0,30/08/2023,3180000.0,0.0,3180000.0,"","","","","","","LCD LAPTOP 15,6 40 PIN","","",1.0,PCS,630000.0,0.00 %,"",0.0,630000.0,630000.0,0.0,"",0.0,0.0,"","","","",0.0,0.0
31/07/2023,Faktur Pembelian,001562,LILI (PLATINUM),Lunas,"",3180000.0,0.0,30/08/2023,3180000.0,0.0,3180000.0,"","","","","","",LCD LAPTOP 14 TIPIS 40 PIN,"","",3.0,PCS,480000.0,0.00 %,"",0.0,1440000.0,1440000.0,0.0,"",0.0,0.0,"","","","",0.0,0.0
31/07/2023,Faktur Pembelian,001562,LILI (PLATINUM),Lunas,"",3180000.0,0.0,30/08/2023,3180000.0,0.0,3180000.0,"","","","","","","LCD Laptop 15,6 SLIM 30PIN","","",1.0,PCS,580000.0,0.00 %,"",0.0,580000.0,580000.0,0.0,"",0.0,0.0,"","","","",0.0,0.0
31/07/2023,Faktur Pembelian,001562,LILI (PLATINUM),Lunas,"",3180000.0,0.0,30/08/2023,3180000.0,0.0,3180000.0,"","","","","","","LCD 15,6 TEBAL 40 PIN","","",1.0,PCS,530000.0,0.00 %,"",0.0,530000.0,530000.0,0.0,"",0.0,0.0,"","","","",0.0,0.0
31/07/2023,Faktur Pembelian,001564,LILI (PLATINUM),Lunas,"",300000.0,0.0,30/08/2023,300000.0,0.0,300000.0,"","","","","","",BATERAI ASUS A41N 1421 RH,"","",1.0,PCS,300000.0,0.00 %,"",0.0,300000.0,300000.0,0.0,"",0.0,0.0,"","","","",0.0,0.0
31/07/2023,Faktur Pembelian,JL5523071361,YULI (HP CENTRE),Lunas,BAYAR,25650000.0,0.0,30/08/2023,25650000.0,0.0,25650000.0,"","","","",RAHMAT,"",LENOVO IDEAPAD 1 14IGL7 N4020 8GB SSD 256GB #,"","",6.0,UNIT,4275000.0,0.00 %,"",0.0,25650000.0,25650000.0,0.0,"",0.0,0.0,"","","","",0.0,0.0
31/07/2023,Faktur Pembelian,001561,LILI (PLATINUM),Lunas,"",6900000.0,0.0,30/08/2023,6900000.0,0.0,6900000.0,"","","","","","",CONVERTER HDMI TO VGA (KABEL),"","",50.0,PCS,20000.0,0.00 %,"",0.0,1000000.0,1000000.0,0.0,"",0.0,0.0,"","","","",0.0,0.0
31/07/2023,Faktur Pembelian,001561,LILI (PLATINUM),Lunas,"",6900000.0,0.0,30/08/2023,6900000.0,0.0,6900000.0,"","","","","","",KABEL HDMI 3 METER,"","",20.0,PCS,20000.0,0.00 %,"",0.0,400000.0,400000.0,0.0,"",0.0,0.0,"","","","",0.0,0.0
31/07/2023,Faktur Pembelian,001561,LILI (PLATINUM),Lunas,"",6900000.0,0.0,30/08/2023,6900000.0,0.0,6900000.0,"","","","","","","KABEL HDMI 1,5 METER","","",70.0,PCS,12000.0,0.00 %,"",0.0,840000.0,840000.0,0.0,"",0.0,0.0,"","","","",0.0,0.0
31/07/2023,Faktur Pembelian,001561,LILI (PLATINUM),Lunas,"",6900000.0,0.0,30/08/2023,6900000.0,0.0,6900000.0,"","","","","","",KABEL HDMI 5 METER,"","",50.0,PCS,27000.0,0.00 %,"",0.0,1350000.0,1350000.0,0.0,"",0.0,0.0,"","","","",0.0,0.0
31/07/2023,Faktur Pembelian,001561,LILI (PLATINUM),Lunas,"",6900000.0,0.0,30/08/2023,6900000.0,0.0,6900000.0,"","","","","","",KABEL HDMI 20 METER,"","",5.0,PCS,110000.0,0.00 %,"",0.0,550000.0,550000.0,0.0,"",0.0,0.0,"","","","",0.0,0.0
31/07/2023,Faktur Pembelian,001561,LILI (PLATINUM),Lunas,"",6900000.0,0.0,30/08/2023,6900000.0,0.0,6900000.0,"","","","","","",KABEL HDMI 25 METER,"","",5.0,PCS,160000.0,0.00 %,"",0.0,800000.0,800000.0,0.0,"",0.0,0.0,"","","","",0.0,0.0
31/07/2023,Faktur Pembelian,001561,LILI (PLATINUM),Lunas,"",6900000.0,0.0,30/08/2023,6900000.0,0.0,6900000.0,"","","","","","",GAMEPAD DOUBLE BLACK,"","",20.0,PCS,68000.0,0.00 %,"",0.0,1360000.0,1360000.0,0.0,"",0.0,0.0,"","","","",0.0,0.0
31/07/2023,Faktur Pembelian,001561,LILI (PLATINUM),Lunas,"",6900000.0,0.0,30/08/2023,6900000.0,0.0,6900000.0,"","","","","","",BATERAI ACER ES1 432 AS16A8K / AS16A5K,"","",2.0,PCS,300000.0,0.00 %,"",0.0,600000.0,600000.0,0.0,"",0.0,0.0,"","","","",0.0,0.0
31/07/2023,Faktur Pembelian,FK 3713,BETA COM,Lunas,"",6910000.0,0.0,14/08/2023,6910000.0,0.0,6910000.0,"","","","","","",PRINTER CANON IX 6770,"","",2.0,UNIT,3455000.0,0.00 %,"",0.0,6910000.0,6910000.0,0.0,"",0.0,0.0,"","","","",0.0,0.0
31/07/2023,Faktur Pembelian,14663,ANDRIANY MUSTIKA SARI (cencen),Lunas,"",7590000.0,0.0,30/08/2023,7590000.0,0.0,7590000.0,"","","","","","",BUFFALO HIJAU TUA (NO 6),"","",90.0,PCS,23000.0,0.00 %,"",0.0,2070000.0,2070000.0,0.0,"",0.0,0.0,"","","","",0.0,0.0
31/07/2023,Faktur Pembelian,14663,ANDRIANY MUSTIKA SARI (cencen),Lunas,"",7590000.0,0.0,30/08/2023,7590000.0,0.0,7590000.0,"","","","","","",KERTAS BUFFALO  HIJAU MUDA (NO 08),"","",60.0,PCS,23000.0,0.00 %,"",0.0,1380000.0,1380000.0,0.0,"",0.0,0.0,"","","","",0.0,0.0
31/07/2023,Faktur Pembelian,14663,ANDRIANY MUSTIKA SARI (cencen),Lunas,"",7590000.0,0.0,30/08/2023,7590000.0,0.0,7590000.0,"","","","","","",KERTAS BUFFALO CROWN BIRU MUDA (NO 14),"","",90.0,PACK,23000.0,0.00 %,"",0.0,2070000.0,2070000.0,0.0,"",0.0,0.0,"","","","",0.0,0.0
31/07/2023,Faktur Pembelian,14663,ANDRIANY MUSTIKA SARI (cencen),Lunas,"",7590000.0,0.0,30/08/2023,7590000.0,0.0,7590000.0,"","","","","","",KERTAS BUFFALO CROWN BIRU MUDA (NO 11),"","",90.0,PACK,23000.0,0.00 %,"",0.0,2070000.0,2070000.0,0.0,"",0.0,0.0,"","","","",0.0,0.0
01/08/2023,Faktur Pembelian,14621,IQ TRONIK,Lunas,"",6900000.0,0.0,31/08/2023,6900000.0,0.0,6900000.0,"","","","","","",KERTAS FOTO KODAK 270GR GLOSSY,"","",150.0,PCS,46000.0,0.00 %,"",0.0,6900000.0,6900000.0,0.0,"",0.0,0.0,"","","","",0.0,0.0
01/08/2023,Faktur Pembelian,14623,EDISON ATK,Lunas,"",11286000.0,0.0,30/09/2023,11286000.0,0.0,11286000.0,"","","","","","",KERTAS BUFFALO PUTIH,"","",600.0,PCS,19000.0,0.00 %,"",0.0,11286000.0,11400000.0,114000.0,"",0.0,0.0,"","","","",0.0,1.0
01/08/2023,Faktur Pembelian,14624,TIMBUL SUBUR PLASTIK,Lunas,"",5324000.0,0.0,31/08/2023,5324000.0,0.0,5324000.0,"","","","","","","PLASTIK OPP 11,5 X 24","","",260.0,PCS,4900.0,0.00 %,"",0.0,1274000.0,1274000.0,0.0,"",0.0,0.0,"","","","",0.0,0.0
01/08/2023,Faktur Pembelian,14624,TIMBUL SUBUR PLASTIK,Lunas,"",5324000.0,0.0,31/08/2023,5324000.0,0.0,5324000.0,"","","","","","","PLASTIK OPP 10,5 X 24","","",900.0,PCS,4500.0,0.00 %,"",0.0,4050000.0,4050000.0,0.0,"",0.0,0.0,"","","","",0.0,0.0
01/08/2023,Faktur Pembelian,14626,ONLINE,Lunas,"",1230000.0,0.0,31/08/2023,1230000.0,0.0,1230000.0,"","","","","","",MB CANON 287,"","",6.0,PCS,205000.0,0.00 %,"",0.0,1230000.0,1230000.0,0.0,"",0.0,0.0,"","","","",0.0,0.0
01/08/2023,Faktur Pembelian,001567,LILI (PLATINUM),Lunas,"",5260000.0,0.0,31/08/2023,5260000.0,0.0,5260000.0,"","","","","","",BATERAI ACER E5 471 (AL14A32),"","",2.0,PCS,310000.0,0.00 %,"",0.0,620000.0,620000.0,0.0,"",0.0,0.0,"","","","",0.0,0.0
01/08/2023,Faktur Pembelian,001567,LILI (PLATINUM),Lunas,"",5260000.0,0.0,31/08/2023,5260000.0,0.0,5260000.0,"","","","","","",MOUSEPAD LOGITECH / MICROSOFT,"","",1000.0,PCS,4000.0,0.00 %,"",0.0,4000000.0,4000000.0,0.0,"",0.0,0.0,"","","","",0.0,0.0
01/08/2023,Faktur Pembelian,001567,LILI (PLATINUM),Lunas,"",5260000.0,0.0,31/08/2023,5260000.0,0.0,5260000.0,"","","","","","",BATERAI ACER AL12B32 SLIM,"","",2.0,PCS,320000.0,0.00 %,"",0.0,640000.0,640000.0,0.0,"",0.0,0.0,"","","","",0.0,0.0
02/08/2023,Faktur Pembelian,14628,HARAPAN BARU,Lunas,"",1715000.0,0.0,01/09/2023,1715000.0,0.0,1715000.0,"","","","","","",SPEAKER ADVANCE K1512,"","",1.0,PCS,1715000.0,0.00 %,"",0.0,1715000.0,1715000.0,0.0,"",0.0,0.0,"","","","",0.0,0.0
02/08/2023,Faktur Pembelian,14629,FIKTIF BELI,Lunas,"",720000.0,0.0,01/09/2023,720000.0,0.0,720000.0,"","","","","","",KABEL CCTV PERMETER,"","",300.0,METER,2400.0,0.00 %,"",0.0,720000.0,720000.0,0.0,"",0.0,0.0,"","","","",0.0,0.0
02/08/2023,Faktur Pembelian,14630,HARAPAN BARU,Lunas,"",3400000.0,0.0,01/09/2023,3400000.0,0.0,3400000.0,"","","","","","",SPEAKER ADVANCE K1512,"","",2.0,PCS,1700000.0,0.00 %,"",0.0,3400000.0,3400000.0,0.0,"",0.0,0.0,"","","","",0.0,0.0
02/08/2023,Faktur Pembelian,14631,FIKTIF BELI,Lunas,"",200000.0,0.0,01/09/2023,200000.0,0.0,200000.0,"","","","","","",KEYBOARD ACER A314 33 (LM),"","",2.0,PCS,100000.0,0.00 %,"",0.0,200000.0,200000.0,0.0,"",0.0,0.0,"","","","",0.0,0.0
02/08/2023,Faktur Pembelian,14632,FIKTIF BELI,Lunas,"",1740000.0,0.0,01/09/2023,1740000.0,0.0,1740000.0,"","","","","","","OPP 12,5","","",300.0,PCS,5800.0,0.00 %,"",0.0,1740000.0,1740000.0,0.0,"",0.0,0.0,"","","","",0.0,0.0
02/08/2023,Faktur Pembelian,14633,FIKTIF BELI,Lunas,"",1125000.0,0.0,01/09/2023,1125000.0,0.0,1125000.0,"","","","","","",OTG IPHONE,"","",15.0,PCS,75000.0,0.00 %,"",0.0,1125000.0,1125000.0,0.0,"",0.0,0.0,"","","","",0.0,0.0
02/08/2023,Faktur Pembelian,PJL-23-08-00031,PT. Surya Makmur Kreasindo (HJ),Lunas,"",10300000.000001,0.0,16/08/2023,9279279.27928,1020720.720721,10300000.000001,"",SURABAYA,"","",CV TIGA NUSA,"",* PROJECTOR EPSON EB E500 XVGAVGA HDMI,"","",2.0,UNIT,4639639.63964,0.00 %,11.0,1020720.720720799999989792792792792,9279279.27928,9279279.27928,0.0,"",0.0,0.0,PT. Surya Makmur Kreasindo,"",081515111951,"",0.0,0.0
03/08/2023,Faktur Pembelian,14634,FIKTIF BELI,Lunas,"",300000.0,0.0,02/09/2023,300000.0,0.0,300000.0,"","","","","","",TINTA CANON ORI GI 71 BLACK NON PACK,"","",2.0,PCS,60000.0,0.00 %,"",0.0,120000.0,120000.0,0.0,"",0.0,0.0,"","","","",0.0,0.0
03/08/2023,Faktur Pembelian,14634,FIKTIF BELI,Lunas,"",300000.0,0.0,02/09/2023,300000.0,0.0,300000.0,"","","","","","",TINTA CANON ORI GI 71 MAGENTA NON PACK,"","",2.0,PCS,30000.0,0.00 %,"",0.0,60000.0,60000.0,0.0,"",0.0,0.0,"","","","",0.0,0.0
03/08/2023,Faktur Pembelian,14634,FIKTIF BELI,Lunas,"",300000.0,0.0,02/09/2023,300000.0,0.0,300000.0,"","","","","","",TINTA CANON ORI GI 71 YELLOW NON PACK,"","",2.0,PCS,30000.0,0.00 %,"",0.0,60000.0,60000.0,0.0,"",0.0,0.0,"","","","",0.0,0.0
03/08/2023,Faktur Pembelian,14634,FIKTIF BELI,Lunas,"",300000.0,0.0,02/09/2023,300000.0,0.0,300000.0,"","","","","","",TINTA CANON ORI GI 71 CYAN NON PACK,"","",2.0,PCS,30000.0,0.00 %,"",0.0,60000.0,60000.0,0.0,"",0.0,0.0,"","","","",0.0,0.0
03/08/2023,Faktur Pembelian,14635,ONLINE,Lunas,"",1650000.0,0.0,02/09/2023,1650000.0,0.0,1650000.0,"","","","","","",LCD AIO,"","",1.0,UNIT,1650000.0,0.00 %,"",0.0,1650000.0,1650000.0,0.0,"",0.0,0.0,"","","","",0.0,0.0
03/08/2023,Faktur Pembelian,14636,ONLINE,Lunas,anandam jogja,46450000.0,0.0,02/09/2023,46450000.0,0.0,46450000.0,"","","","","","",ACER A314 35 N5100 8GB SSD 256GB,"","",10.0,UNIT,4645000.0,0.00 %,"",0.0,46450000.0,46450000.0,0.0,"",0.0,0.0,"","","","",0.0,0.0
03/08/2023,Faktur Pembelian,JL.2308.00089,CANDRA (BLESSING),Lunas,"",20410000.0,0.0,17/08/2023,20410000.0,0.0,20410000.0,"","","","",AGUS,"",BROTHER DCP L2540 DW,"","",1.0,PCS,2920000.0,0.00 %,"",0.0,2920000.0,2920000.0,0.0,"",0.0,0.0,"","","","",0.0,0.0
03/08/2023,Faktur Pembelian,JL.2308.00089,CANDRA (BLESSING),Lunas,"",20410000.0,0.0,17/08/2023,20410000.0,0.0,20410000.0,"","","","",AGUS,"",ASUS A416MAO INTEL N4020 4GB 256GB SSD #,"","",4.0,UNIT,4270000.0,0.00 %,"",0.0,17080000.0,17080000.0,0.0,"",0.0,0.0,"","","","",0.0,0.0
03/08/2023,Faktur Pembelian,JL.2308.00089,CANDRA (BLESSING),Lunas,"",20410000.0,0.0,17/08/2023,20410000.0,0.0,20410000.0,"","","","",AGUS,"",CASING INFINITY NEBULA V.4,"","",1.0,UNIT,410000.0,0.00 %,"",0.0,410000.0,410000.0,0.0,"",0.0,0.0,"","","","",0.0,0.0
03/08/2023,Faktur Pembelian,D/23/00881/NTB,PT SAMAMAJU PRIMA NTB,Lunas,"",31145911.999996,0.0,02/09/2023,31145911.999996,0.0,31145911.999996,"","","","",AGUS,"",PAPERLINE CF K3 W PRS ( 3 PLY PRS ),"","",68.0,DUS,458028.117647,0.00 %,"",0.0,31145911.999996,31145911.999996,0.0,"",0.0,0.0,"","","","",0.0,0.0
03/08/2023,Faktur Pembelian,JL.2308.00041,CANDRA (BLESSING),Lunas,"",39295000.0,0.0,17/08/2023,39295000.0,0.0,39295000.0,"","","","",RAHMAT,"",HP 14S INTEL N4500  8GB 256GB SSD #,"","",1.0,UNIT,4550000.0,0.00 %,"",0.0,4550000.0,4550000.0,0.0,"",0.0,0.0,"","","","",0.0,0.0
03/08/2023,Faktur Pembelian,JL.2308.00041,CANDRA (BLESSING),Lunas,"",39295000.0,0.0,17/08/2023,39295000.0,0.0,39295000.0,"","","","",RAHMAT,"",ASUS M1403QA-OLEDS751 AMD Ryzen 7-5800H 2x8GB 512GB W11,"","",1.0,UNIT,10295000.0,0.00 %,"",0.0,10295000.0,10295000.0,0.0,"",0.0,0.0,"","","","",0.0,0.0
03/08/2023,Faktur Pembelian,JL.2308.00041,CANDRA (BLESSING),Lunas,"",39295000.0,0.0,17/08/2023,39295000.0,0.0,39295000.0,"","","","",RAHMAT,"",ASUS A1400EA - VIPS551 I5-1135G7 8GB 512GB SSD WIN11,"","",1.0,UNIT,8650000.0,0.00 %,"",0.0,8650000.0,8650000.0,0.0,"",0.0,0.0,"","","","",0.0,0.0
03/08/2023,Faktur Pembelian,JL.2308.00041,CANDRA (BLESSING),Lunas,"",39295000.0,0.0,17/08/2023,39295000.0,0.0,39295000.0,"","","","",RAHMAT,"",ASUS TUF DASH F15 FX517ZE-I7R5B7T-O CI7-12650H 2x8GB 1TB SSD RTX 3050 Ti 4GB W11 Home + OHS 2021 Off Black + Tuf  Gaming Backpack include Inside Box,"","",1.0,UNIT,15800000.0,0.00 %,"",0.0,15800000.0,15800000.0,0.0,"",0.0,0.0,"","","","",0.0,0.0
03/08/2023,Faktur Pembelian,JL.2308.00025,CANDRA (BLESSING),Lunas,"",8225000.0,0.0,17/08/2023,8225000.0,0.0,8225000.0,"","","","",RAHMAT,"",ASUS A1502ZA VIPS Ci3-1215U 2X4 512GB SSD WIN 11 TOUCH SCREEN,"","",1.0,UNIT,8225000.0,0.00 %,"",0.0,8225000.0,8225000.0,0.0,"",0.0,0.0,"","","","",0.0,0.0
03/08/2023,Faktur Pembelian,14638,AGUS (DORAN),Lunas,"",5940000.0,0.0,02/09/2023,5940000.0,0.0,5940000.0,"",SURABAYA,"","","","",TPLINK ROUTER TL WR840N,"","",40.0,PCS,148500.0,0.00 %,"",0.0,5940000.0,5940000.0,0.0,"",0.0,0.0,"","","","",0.0,0.0
03/08/2023,Faktur Pembelian,14639,BETA COM,Lunas,"",7146000.0,0.0,17/08/2023,7146000.0,0.0,7146000.0,"","","","","","",TINTA CANON ORI GI - 71 Y,"","",6.0,PCS,99000.0,0.00 %,"",0.0,594000.0,594000.0,0.0,"",0.0,0.0,"","","","",0.0,0.0
03/08/2023,Faktur Pembelian,14639,BETA COM,Lunas,"",7146000.0,0.0,17/08/2023,7146000.0,0.0,7146000.0,"","","","","","",TINTA CANON ORI GI - 71 C,"","",24.0,PCS,99000.0,0.00 %,"",0.0,2376000.0,2376000.0,0.0,"",0.0,0.0,"","","","",0.0,0.0
03/08/2023,Faktur Pembelian,14639,BETA COM,Lunas,"",7146000.0,0.0,17/08/2023,7146000.0,0.0,7146000.0,"","","","","","",TINTA CANON ORI GI - 71 M,"","",24.0,PCS,99000.0,0.00 %,"",0.0,2376000.0,2376000.0,0.0,"",0.0,0.0,"","","","",0.0,0.0
03/08/2023,Faktur Pembelian,14639,BETA COM,Lunas,"",7146000.0,0.0,17/08/2023,7146000.0,0.0,7146000.0,"","","","","","",TINTA CANON ORI GI 71S BK,"","",24.0,PCS,75000.0,0.00 %,"",0.0,1800000.0,1800000.0,0.0,"",0.0,0.0,"","","","",0.0,0.0
03/08/2023,Faktur Pembelian,14640,FIKTIF BELI,Lunas,"",1240000.0,0.0,02/09/2023,1240000.0,0.0,1240000.0,"","","","","","",SODIMM KINGSTONE DDR4 4GB PC3200,"","",4.0,PCS,310000.0,0.00 %,"",0.0,1240000.0,1240000.0,0.0,"",0.0,0.0,"","","","",0.0,0.0
03/08/2023,Faktur Pembelian,14641,FIKTIF BELI,Lunas,"",150000.0,0.0,02/09/2023,150000.0,0.0,150000.0,"","","","","","",TINTA CANON ORI 790 BLACK NON PACK,"","",1.0,PCS,60000.0,0.00 %,"",0.0,60000.0,60000.0,0.0,"",0.0,0.0,"","","","",0.0,0.0
03/08/2023,Faktur Pembelian,14641,FIKTIF BELI,Lunas,"",150000.0,0.0,02/09/2023,150000.0,0.0,150000.0,"","","","","","",TINTA CANON ORI 790 CYAN NON PACK,"","",1.0,PCS,30000.0,0.00 %,"",0.0,30000.0,30000.0,0.0,"",0.0,0.0,"","","","",0.0,0.0
03/08/2023,Faktur Pembelian,14641,FIKTIF BELI,Lunas,"",150000.0,0.0,02/09/2023,150000.0,0.0,150000.0,"","","","","","",TINTA CANON ORI 790 YELLOW NON PACK,"","",1.0,PCS,30000.0,0.00 %,"",0.0,30000.0,30000.0,0.0,"",0.0,0.0,"","","","",0.0,0.0
03/08/2023,Faktur Pembelian,14641,FIKTIF BELI,Lunas,"",150000.0,0.0,02/09/2023,150000.0,0.0,150000.0,"","","","","","",TINTA CANON ORI 790 MAGENTA NON PACK,"","",1.0,PCS,30000.0,0.00 %,"",0.0,30000.0,30000.0,0.0,"",0.0,0.0,"","","","",0.0,0.0
03/08/2023,Faktur Pembelian,001569,LILI (PLATINUM),Lunas,"",9371000.0,0.0,02/09/2023,9371000.0,0.0,9371000.0,"","","","","","",KONEKTOR DC MALE,"","",300.0,PCS,2000.0,0.00 %,"",0.0,600000.0,600000.0,0.0,"",0.0,0.0,"","","","",0.0,0.0
03/08/2023,Faktur Pembelian,001569,LILI (PLATINUM),Lunas,"",9371000.0,0.0,02/09/2023,9371000.0,0.0,9371000.0,"","","","","","",ADAPTOR ASUS 19V 3.42A (KT),"","",5.0,PCS,85000.0,0.00 %,"",0.0,425000.0,425000.0,0.0,"",0.0,0.0,"","","","",0.0,0.0
03/08/2023,Faktur Pembelian,001569,LILI (PLATINUM),Lunas,"",9371000.0,0.0,02/09/2023,9371000.0,0.0,9371000.0,"","","","","","",PSU CCTV SN 120 20A (JARING),"","",72.0,PCS,103000.0,0.00 %,"",0.0,7416000.0,7416000.0,0.0,"",0.0,0.0,"","","","",0.0,0.0
03/08/2023,Faktur Pembelian,001569,LILI (PLATINUM),Lunas,"",9371000.0,0.0,02/09/2023,9371000.0,0.0,9371000.0,"","","","","","",BATERAI LAPTOP ACER D260 AL10B31,"","",2.0,PCS,320000.0,0.00 %,"",0.0,640000.0,640000.0,0.0,"",0.0,0.0,"","","","",0.0,0.0
03/08/2023,Faktur Pembelian,001569,LILI (PLATINUM),Lunas,"",9371000.0,0.0,02/09/2023,9371000.0,0.0,9371000.0,"","","","","","",BATERAI LAPTOP LENOVO G40,"","",1.0,PCS,290000.0,0.00 %,"",0.0,290000.0,290000.0,0.0,"",0.0,0.0,"","","","",0.0,0.0
03/08/2023,Faktur Pembelian,JN-N/SBY/P01/030823/001,PT. INDO WARNA MULIA ( ALFA INK ),Lunas,"",1767000.0,0.0,02/10/2023,1767000.0,0.0,1767000.0,"","","","","","",ALFA INK TONER 100 GRAM HP,"","",50.0,PCS,35340.0,0.00 %,"",0.0,1767000.0,1767000.0,0.0,"",0.0,0.0,"","","","",0.0,0.0
03/08/2023,Faktur Pembelian,082023270778,AGUS (DORAN),Lunas,"",14950000.0,0.0,02/09/2023,14950000.0,0.0,14950000.0,"",SURABAYA,"","","","",MOUSE LOGITECH WIRELESS M170,"","",100.0,PCS,105000.0,0.00 %,"",0.0,10500000.0,10500000.0,0.0,"",0.0,0.0,"","","","",0.0,0.0
03/08/2023,Faktur Pembelian,082023270778,AGUS (DORAN),Lunas,"",14950000.0,0.0,02/09/2023,14950000.0,0.0,14950000.0,"",SURABAYA,"","","","",MOUSE LOGITECH M90,"","",100.0,PCS,44500.0,0.00 %,"",0.0,4450000.0,4450000.0,0.0,"",0.0,0.0,"","","","",0.0,0.0
03/08/2023,Faktur Pembelian,FK 3768,BETA COM,Lunas,"",65000000.0,0.0,17/08/2023,65000000.0,0.0,65000000.0,"","","","","","",PRINTER CANON PIXMA IP 2770,"","",100.0,UNIT,650000.0,0.00 %,"",0.0,65000000.0,65000000.0,0.0,"",0.0,0.0,"","","","",0.0,0.0
03/08/2023,Faktur Pembelian,JN-N/SBY/PO1/030823/002,PT. INDO WARNA MULIA ( ALFA INK ),Lunas,"",5200000.0,0.0,02/10/2023,5200000.0,0.0,5200000.0,"","","","","","",ALFA INK CANON BLACK 100CC,"","",200.0,PCS,26000.0,0.00 %,"",0.0,5200000.0,5200000.0,0.0,"",0.0,0.0,"","","","",0.0,0.0
04/08/2023,Faktur Pembelian,14642,FIKTIF BELI,Lunas,"",728000.0,0.0,03/09/2023,728000.0,0.0,728000.0,"","","","","","",KERTAS FOTO SPECTRA GLOSSY 260,"","",14.0,PCS,52000.0,0.00 %,"",0.0,728000.0,728000.0,0.0,"",0.0,0.0,"","","","",0.0,0.0
04/08/2023,Faktur Pembelian,14644,TATIK (LEGENDA),Lunas,"",17880000.0,0.0,03/09/2023,17880000.0,0.0,17880000.0,"","","","","","",TINTA EPSON 664 BLACK,"","",240.0,PCS,74500.0,0.00 %,"",0.0,17880000.0,17880000.0,0.0,"",0.0,0.0,"","","","",0.0,0.0
04/08/2023,Faktur Pembelian,14645,HARAPAN BARU,Lunas,"",1700000.0,0.0,03/09/2023,1700000.0,0.0,1700000.0,"","","","","","",SPEAKER ADVANCE K1512,"","",1.0,PCS,1700000.0,0.00 %,"",0.0,1700000.0,1700000.0,0.0,"",0.0,0.0,"","","","",0.0,0.0
04/08/2023,Faktur Pembelian,JL.2308.00575,CANDRA (BLESSING),Lunas,"",10940000.0,0.0,18/08/2023,10940000.0,0.0,10940000.0,"","","","",RAHMAT,"",ASUS A416J I3 1005G1 8GB SSD 256GB WIN 11,"","",2.0,UNIT,5470000.0,0.00 %,"",0.0,10940000.0,10940000.0,0.0,"",0.0,0.0,"","","","",0.0,0.0
04/08/2023,Faktur Pembelian,JL.2308.00524,CANDRA (BLESSING),Lunas,"",1280000.0,0.0,18/08/2023,1280000.0,0.0,1280000.0,"","","","",RAHMAT,"",SSD SANDISK ULTRA 1TB 3D,"","",1.0,PCS,1280000.0,0.00 %,"",0.0,1280000.0,1280000.0,0.0,"",0.0,0.0,"","","","",0.0,0.0
04/08/2023,Faktur Pembelian,JL.2308.00471,CANDRA (BLESSING),Lunas,"",2467000.0,0.0,18/08/2023,2467000.0,0.0,2467000.0,"","","","",AGUS,"",SSD APACER 240GB M.2 AST280,"","",4.0,PCS,205000.0,0.00 %,"",0.0,820000.0,820000.0,0.0,"",0.0,0.0,"","","","",0.0,0.0
04/08/2023,Faktur Pembelian,JL.2308.00471,CANDRA (BLESSING),Lunas,"",2467000.0,0.0,18/08/2023,2467000.0,0.0,2467000.0,"","","","",AGUS,"",SPEAKER ADVANCE BT CLS - 201BT 2.1 CHANNEL,"","",6.0,UNIT,137000.0,0.00 %,"",0.0,822000.0,822000.0,0.0,"",0.0,0.0,"","","","",0.0,0.0
04/08/2023,Faktur Pembelian,JL.2308.00471,CANDRA (BLESSING),Lunas,"",2467000.0,0.0,18/08/2023,2467000.0,0.0,2467000.0,"","","","",AGUS,"",PSU MSI MAG A650BN 650W 80+ BRONZE,"","",1.0,PCS,825000.0,0.00 %,"",0.0,825000.0,825000.0,0.0,"",0.0,0.0,"","","","",0.0,0.0
04/08/2023,Faktur Pembelian,JL.2308.00468,CANDRA (BLESSING),Lunas,"",43130000.0,0.0,18/08/2023,43130000.0,0.0,43130000.0,"","","","",RAHMAT,"",ASUS A416MAO INTEL N4020 4GB 256GB SSD #,"","",4.0,UNIT,4270000.0,0.00 %,"",0.0,17080000.0,17080000.0,0.0,"",0.0,0.0,"","","","",0.0,0.0
04/08/2023,Faktur Pembelian,JL.2308.00468,CANDRA (BLESSING),Lunas,"",43130000.0,0.0,18/08/2023,43130000.0,0.0,43130000.0,"","","","",RAHMAT,"",HP 14S INTEL N4500  8GB 256GB SSD #,"","",1.0,UNIT,4550000.0,0.00 %,"",0.0,4550000.0,4550000.0,0.0,"",0.0,0.0,"","","","",0.0,0.0
04/08/2023,Faktur Pembelian,JL.2308.00468,CANDRA (BLESSING),Lunas,"",43130000.0,0.0,18/08/2023,43130000.0,0.0,43130000.0,"","","","",RAHMAT,"",LENOVO IDEAPAD 1 14IGL7 N4020 8GB SSD 256GB #,"","",5.0,UNIT,4300000.0,0.00 %,"",0.0,21500000.0,21500000.0,0.0,"",0.0,0.0,"","","","",0.0,0.0
04/08/2023,Faktur Pembelian,14647,FIKTIF BELI,Lunas,"",150000.0,0.0,03/09/2023,150000.0,0.0,150000.0,"","","","","","",TINTA CANON ORI 790 BLACK NON PACK,"","",1.0,PCS,60000.0,0.00 %,"",0.0,60000.0,60000.0,0.0,"",0.0,0.0,"","","","",0.0,0.0
04/08/2023,Faktur Pembelian,14647,FIKTIF BELI,Lunas,"",150000.0,0.0,03/09/2023,150000.0,0.0,150000.0,"","","","","","",TINTA CANON ORI 790 CYAN NON PACK,"","",1.0,PCS,30000.0,0.00 %,"",0.0,30000.0,30000.0,0.0,"",0.0,0.0,"","","","",0.0,0.0
04/08/2023,Faktur Pembelian,14647,FIKTIF BELI,Lunas,"",150000.0,0.0,03/09/2023,150000.0,0.0,150000.0,"","","","","","",TINTA CANON ORI 790 YELLOW NON PACK,"","",1.0,PCS,30000.0,0.00 %,"",0.0,30000.0,30000.0,0.0,"",0.0,0.0,"","","","",0.0,0.0
04/08/2023,Faktur Pembelian,14647,FIKTIF BELI,Lunas,"",150000.0,0.0,03/09/2023,150000.0,0.0,150000.0,"","","","","","",TINTA CANON ORI 790 MAGENTA NON PACK,"","",1.0,PCS,30000.0,0.00 %,"",0.0,30000.0,30000.0,0.0,"",0.0,0.0,"","","","",0.0,0.0
04/08/2023,Faktur Pembelian,JL.2308.00640,CANDRA (BLESSING),Lunas,"",8125000.0,0.0,18/08/2023,8125000.0,0.0,8125000.0,"","","","",RAHMAT,"",PRINTER EPSON L1800 A3,"","",1.0,UNIT,8125000.0,0.00 %,"",0.0,8125000.0,8125000.0,0.0,"",0.0,0.0,"","","","",0.0,0.0
04/08/2023,Faktur Pembelian,PJL-23-08-00127,PT. Surya Makmur Kreasindo (HJ),Lunas,"",21500000.000001,0.0,18/08/2023,19369369.36937,2130630.630631,21500000.000001,"",SURABAYA,"","",CV TIGA NUSA,"",* PRINTER EPSON L3210,"","",10.0,UNIT,1936936.936937,0.00 %,11.0,2130630.630630699999978693693693693,19369369.36937,19369369.36937,0.0,"",0.0,0.0,PT. Surya Makmur Kreasindo,"",081515111951,"",0.0,0.0
04/08/2023,Faktur Pembelian,001563,LILI (PLATINUM),Lunas,"",800000.0,0.0,03/09/2023,800000.0,0.0,800000.0,"","","","","","",KEYBOARD ACER A314-22 RYZEN,"","",10.0,PCS,80000.0,0.00 %,"",0.0,800000.0,800000.0,0.0,"",0.0,0.0,"","","","",0.0,0.0
04/08/2023,Faktur Pembelian,14650,AIRAV,Lunas,"",567833.000016,0.0,03/09/2023,567833.000016,0.0,567833.000016,"","","","","","",BATERAI PANASONIC / ENR POWER/ ABC  ALKALINE AA,"","",48.0,PCS,6100.6875,0.00 %,"",0.0,292833.0,292833.0,0.0,"",0.0,0.0,"","","","",0.0,0.0
04/08/2023,Faktur Pembelian,14650,AIRAV,Lunas,"",567833.000016,0.0,03/09/2023,567833.000016,0.0,567833.000016,"","","","","","",BATERAI PANASONIC / ABC ALKALINE AAA,"","",48.0,PCS,5729.166667,0.00 %,"",0.0,275000.000016,275000.000016,0.0,"",0.0,0.0,"","","","",0.0,0.0
04/08/2023,Faktur Pembelian,FK 3788,BETA COM,Lunas,"",4670000.0,0.0,18/08/2023,4670000.0,0.0,4670000.0,"","","","","","",PRINTER CANON G3010 WIFI PSC,"","",2.0,UNIT,2335000.0,0.00 %,"",0.0,4670000.0,4670000.0,0.0,"",0.0,0.0,"","","","",0.0,0.0
04/08/2023,Faktur Pembelian,1557/JL/UTM/0823,ATC,Lunas,"",74100000.0,0.0,18/08/2023,74100000.0,0.0,74100000.0,"","","","","","",ACER A314 35 INTEL N5100 8GB 512GB SSD WIN 11,"","",15.0,UNIT,4940000.0,0.00 %,"",0.0,74100000.0,74100000.0,0.0,"",0.0,0.0,"","","","",0.0,0.0
04/08/2023,Faktur Pembelian,JJ-N/SBY//150823/003,PT. INDO WARNA MULIA ( ALFA INK ),Lunas,"",10400000.0,0.0,03/10/2023,10400000.0,0.0,10400000.0,"","","","","","",ALFA INK CANON BLACK 100CC,"","",400.0,PCS,26000.0,0.00 %,"",0.0,10400000.0,10400000.0,0.0,"",0.0,0.0,"","","","",0.0,0.0
05/08/2023,Faktur Pembelian,14651,ONLINE,Lunas,ANANDAM KOMPUTER,69750000.0,0.0,04/09/2023,69750000.0,0.0,69750000.0,"","","","","","",ACER A314 35 N5100 8GB SSD 256GB,"","",15.0,UNIT,4650000.0,0.00 %,"",0.0,69750000.0,69750000.0,0.0,"",0.0,0.0,"","","","",0.0,0.0
05/08/2023,Faktur Pembelian,14652,FIKTIF BELI,Lunas,"",60000.0,0.0,04/09/2023,60000.0,0.0,60000.0,"","","","","","",TINTA CANON ORI 790 BLACK NON PACK,"","",1.0,PCS,60000.0,0.00 %,"",0.0,60000.0,60000.0,0.0,"",0.0,0.0,"","","","",0.0,0.0
05/08/2023,Faktur Pembelian,14652,FIKTIF BELI,Lunas,"",60000.0,0.0,04/09/2023,60000.0,0.0,60000.0,"","","","","","",TINTA CANON ORI 790 CYAN NON PACK,"","",1.0,PCS,0.0,0.00 %,"",0.0,0.0,0.0,0.0,"",0.0,0.0,"","","","",0.0,0.0
05/08/2023,Faktur Pembelian,14652,FIKTIF BELI,Lunas,"",60000.0,0.0,04/09/2023,60000.0,0.0,60000.0,"","","","","","",TINTA CANON ORI 790 YELLOW NON PACK,"","",1.0,PCS,0.0,0.00 %,"",0.0,0.0,0.0,0.0,"",0.0,0.0,"","","","",0.0,0.0
05/08/2023,Faktur Pembelian,14652,FIKTIF BELI,Lunas,"",60000.0,0.0,04/09/2023,60000.0,0.0,60000.0,"","","","","","",TINTA CANON ORI 790 MAGENTA NON PACK,"","",1.0,PCS,0.0,0.00 %,"",0.0,0.0,0.0,0.0,"",0.0,0.0,"","","","",0.0,0.0
05/08/2023,Faktur Pembelian,14653,FIKTIF BELI,Lunas,"",238000.0,0.0,04/09/2023,238000.0,0.0,238000.0,"","","","","","",UNDANGAN HC 168,"","",8.0,PCS,29750.0,0.00 %,"",0.0,238000.0,238000.0,0.0,"",0.0,0.0,"","","","",0.0,0.0
05/08/2023,Faktur Pembelian,JL.2308.00847,CANDRA (BLESSING),Lunas,TURUN HARGA ACER I3 ,46580000.0,0.0,19/08/2023,46580000.0,0.0,46580000.0,"","","","",AGUS,"",ACER 3 A314 36M Ci3-N305 8GB 512GB SSD WIN 11,"","",3.0,UNIT,6150000.0,0.00 %,"",0.0,18450000.0,18450000.0,0.0,"",0.0,0.0,"","","","",0.0,0.0
05/08/2023,Faktur Pembelian,JL.2308.00847,CANDRA (BLESSING),Lunas,TURUN HARGA ACER I3 ,46580000.0,0.0,19/08/2023,46580000.0,0.0,46580000.0,"","","","",AGUS,"",ASUS A1400EA FHD I3 - 1115G4 4GB 256GB SSD WIN 11,"","",4.0,UNIT,5440000.0,0.00 %,"",0.0,21760000.0,21760000.0,0.0,"",0.0,0.0,"","","","",0.0,0.0
05/08/2023,Faktur Pembelian,JL.2308.00847,CANDRA (BLESSING),Lunas,TURUN HARGA ACER I3 ,46580000.0,0.0,19/08/2023,46580000.0,0.0,46580000.0,"","","","",AGUS,"",SCANNER FUJITSU SCANSNAP IX1300 BLACK,"","",1.0,UNIT,6370000.0,0.00 %,"",0.0,6370000.0,6370000.0,0.0,"",0.0,0.0,"","","","",0.0,0.0
05/08/2023,Faktur Pembelian,JL.2308.00864,CANDRA (BLESSING),Lunas,"",8125000.0,0.0,19/08/2023,8125000.0,0.0,8125000.0,"","","","",RAHMAT,"",PRINTER EPSON L1800 A3,"","",1.0,UNIT,8125000.0,0.00 %,"",0.0,8125000.0,8125000.0,0.0,"",0.0,0.0,"","","","",0.0,0.0
05/08/2023,Faktur Pembelian,JL.2308.00990,CANDRA (BLESSING),Lunas,"",17845000.0,0.0,19/08/2023,16076576.576577,1768423.423423,17845000.0,"","","","",CV TIGA NUSA,"",* ACER 3 A314 36M Ci3-N305 / 8GB / 512GB SSD WIN 11,"","",2.0,UNIT,5540540.540541,0.00 %,11.0,1218918.9189190199999878108108108098,11081081.081082,11081081.081082,0.0,"",0.0,0.0,"","","","",0.0,0.0
05/08/2023,Faktur Pembelian,JL.2308.00990,CANDRA (BLESSING),Lunas,"",17845000.0,0.0,19/08/2023,16076576.576577,1768423.423423,17845000.0,"","","","",CV TIGA NUSA,"",* ASUS VIVOBOOK FLIP TP1400KA HD421 INTEL N4500 4GB 256GB SSD WIN 11,"","",1.0,UNIT,4995495.495495,0.00 %,11.0,549504.5045044499999945049549549555,4995495.495495,4995495.495495,0.0,"",0.0,0.0,"","","","",0.0,0.0
05/08/2023,Faktur Pembelian,2308045,CV. BALI IT SOLUSI (ENY),Lunas,"",13260000.0,13260000.0,19/08/2023,13260000.0,0.0,0.0,"","","","","","",CCTV CAM DAHUA HAC B1A21 IR BULLET (OUTDOOR),"","",30.0,PCS,168000.0,0.00 %,"",0.0,5040000.0,5040000.0,0.0,"",0.0,0.0,"","","","",0.0,0.0
05/08/2023,Faktur Pembelian,2308045,CV. BALI IT SOLUSI (ENY),Lunas,"",13260000.0,13260000.0,19/08/2023,13260000.0,0.0,0.0,"","","","","","",CCTV CAM DAHUA HAC-T1A21 IR BULLET (INDOOR),"","",20.0,PCS,157000.0,0.00 %,"",0.0,3140000.0,3140000.0,0.0,"",0.0,0.0,"","","","",0.0,0.0
05/08/2023,Faktur Pembelian,2308045,CV. BALI IT SOLUSI (ENY),Lunas,"",13260000.0,13260000.0,19/08/2023,13260000.0,0.0,0.0,"","","","","","",CCTV DVR DAHUA 8CH XVR1B08-1 (MH),"","",8.0,UNIT,635000.0,0.00 %,"",0.0,5080000.0,5080000.0,0.0,"",0.0,0.0,"","","","",0.0,0.0
05/08/2023,Faktur Pembelian,082023275554,AGUS (DORAN),Lunas,"",8753000.0,0.0,04/09/2023,8753000.0,0.0,8753000.0,"",SURABAYA,"","","","",TPLINK SWITCH 8 PORT TL SF1008D HUB ( HUB LAN 8 PORT B ),"","",29.0,PCS,107000.0,0.00 %,"",0.0,3103000.0,3103000.0,0.0,"",0.0,0.0,"","","","",0.0,0.0
05/08/2023,Faktur Pembelian,082023275554,AGUS (DORAN),Lunas,"",8753000.0,0.0,04/09/2023,8753000.0,0.0,8753000.0,"",SURABAYA,"","","","",TPLINK SWITCH 8 PORT LS1008 (HUB LAN 8 PORT K),"","",30.0,PCS,80000.0,0.00 %,"",0.0,2400000.0,2400000.0,0.0,"",0.0,0.0,"","","","",0.0,0.0
05/08/2023,Faktur Pembelian,082023275554,AGUS (DORAN),Lunas,"",8753000.0,0.0,04/09/2023,8753000.0,0.0,8753000.0,"",SURABAYA,"","","","",TPLINK SWITCH 5 PORT LS1005 ( HUB LAN 5 PORT K ),"","",50.0,UNIT,65000.0,0.00 %,"",0.0,3250000.0,3250000.0,0.0,"",0.0,0.0,"","","","",0.0,0.0
06/08/2023,Faktur Pembelian,14656,IP COM TOKO,Lunas,"",10295000.0,0.0,05/09/2023,10295000.0,0.0,10295000.0,"","","","","","",CONVERTER HDMI TO VGA (KABEL),"","",100.0,PCS,17000.0,0.00 %,"",0.0,1700000.0,1700000.0,0.0,"",0.0,0.0,"","","","",0.0,0.0
06/08/2023,Faktur Pembelian,14656,IP COM TOKO,Lunas,"",10295000.0,0.0,05/09/2023,10295000.0,0.0,10295000.0,"","","","","","",KABEL HDMI 5 METER 4K,"","",20.0,PCS,43000.0,0.00 %,"",0.0,860000.0,860000.0,0.0,"",0.0,0.0,"","","","",0.0,0.0
06/08/2023,Faktur Pembelian,14656,IP COM TOKO,Lunas,"",10295000.0,0.0,05/09/2023,10295000.0,0.0,10295000.0,"","","","","","",KABEL HDMI 3 METER 4K,"","",30.0,PCS,32000.0,0.00 %,"",0.0,960000.0,960000.0,0.0,"",0.0,0.0,"","","","",0.0,0.0
06/08/2023,Faktur Pembelian,14656,IP COM TOKO,Lunas,"",10295000.0,0.0,05/09/2023,10295000.0,0.0,10295000.0,"","","","","","",KABEL HDMI 20 METER 4K,"","",15.0,PCS,162000.0,0.00 %,"",0.0,2430000.0,2430000.0,0.0,"",0.0,0.0,"","","","",0.0,0.0
06/08/2023,Faktur Pembelian,14656,IP COM TOKO,Lunas,"",10295000.0,0.0,05/09/2023,10295000.0,0.0,10295000.0,"","","","","","","KABEL HDMI 1,5 METER 4K","","",30.0,PCS,24000.0,0.00 %,"",0.0,720000.0,720000.0,0.0,"",0.0,0.0,"","","","",0.0,0.0
06/08/2023,Faktur Pembelian,14656,IP COM TOKO,Lunas,"",10295000.0,0.0,05/09/2023,10295000.0,0.0,10295000.0,"","","","","","",KABEL HDMI 10 METER  4K,"","",20.0,PCS,80000.0,0.00 %,"",0.0,1600000.0,1600000.0,0.0,"",0.0,0.0,"","","","",0.0,0.0
06/08/2023,Faktur Pembelian,14656,IP COM TOKO,Lunas,"",10295000.0,0.0,05/09/2023,10295000.0,0.0,10295000.0,"","","","","","","KABEL HDMI 1,5 MR","","",50.0,PCS,7500.0,0.00 %,"",0.0,375000.0,375000.0,0.0,"",0.0,0.0,"","","","",0.0,0.0
06/08/2023,Faktur Pembelian,14656,IP COM TOKO,Lunas,"",10295000.0,0.0,05/09/2023,10295000.0,0.0,10295000.0,"","","","","","",MOUSE WIRELESS DATAFAST,"","",50.0,PCS,33000.0,0.00 %,"",0.0,1650000.0,1650000.0,0.0,"",0.0,0.0,"","","","",0.0,0.0
06/08/2023,Faktur Pembelian,14657,FIKTIF BELI,Lunas,"",250000.0,0.0,05/09/2023,250000.0,0.0,250000.0,"","","","","","",SODIMM DDR4 COPOTAN,"","",1.0,PCS,250000.0,0.00 %,"",0.0,250000.0,250000.0,0.0,"",0.0,0.0,"","","","",0.0,0.0
07/08/2023,Faktur Pembelian,14658,FIKTIF BELI,Lunas,"",350000.0,0.0,06/09/2023,350000.0,0.0,350000.0,"","","","","","",SODIMM DDR4 COPOTAN,"","",1.0,PCS,350000.0,0.00 %,"",0.0,350000.0,350000.0,0.0,"",0.0,0.0,"","","","",0.0,0.0
07/08/2023,Faktur Pembelian,JL.2308.01304,CANDRA (BLESSING),Lunas,"",9350000.0,0.0,21/08/2023,9350000.0,0.0,9350000.0,"","","","",RAHMAT,"",ASUS A1502ZA-VIPS552 CI5-1235U 8GB 512GB SSD INTEL IRIS XE WIN 11 (TOUCH),"","",1.0,UNIT,9350000.0,0.00 %,"",0.0,9350000.0,9350000.0,0.0,"",0.0,0.0,"","","","",0.0,0.0
07/08/2023,Faktur Pembelian,14659,FIKTIF BELI,Lunas,"",120000.0,0.0,06/09/2023,120000.0,0.0,120000.0,"","","","","","",TINTA CANON ORI 790 BLACK NON PACK,"","",1.0,PCS,30000.0,0.00 %,"",0.0,30000.0,30000.0,0.0,"",0.0,0.0,"","","","",0.0,0.0
07/08/2023,Faktur Pembelian,14659,FIKTIF BELI,Lunas,"",120000.0,0.0,06/09/2023,120000.0,0.0,120000.0,"","","","","","",TINTA CANON ORI 790 CYAN NON PACK,"","",1.0,PCS,30000.0,0.00 %,"",0.0,30000.0,30000.0,0.0,"",0.0,0.0,"","","","",0.0,0.0
07/08/2023,Faktur Pembelian,14659,FIKTIF BELI,Lunas,"",120000.0,0.0,06/09/2023,120000.0,0.0,120000.0,"","","","","","",TINTA CANON ORI 790 YELLOW NON PACK,"","",1.0,PCS,30000.0,0.00 %,"",0.0,30000.0,30000.0,0.0,"",0.0,0.0,"","","","",0.0,0.0
07/08/2023,Faktur Pembelian,14659,FIKTIF BELI,Lunas,"",120000.0,0.0,06/09/2023,120000.0,0.0,120000.0,"","","","","","",TINTA CANON ORI 790 MAGENTA NON PACK,"","",1.0,PCS,30000.0,0.00 %,"",0.0,30000.0,30000.0,0.0,"",0.0,0.0,"","","","",0.0,0.0
07/08/2023,Faktur Pembelian,14660,FIKTIF BELI,Lunas,"",120000.0,0.0,06/09/2023,120000.0,0.0,120000.0,"","","","","","",TAS LAPTOP ACER,"","",1.0,PCS,120000.0,0.00 %,"",0.0,120000.0,120000.0,0.0,"",0.0,0.0,"","","","",0.0,0.0
07/08/2023,Faktur Pembelian,14661,DUTA SARANA,Lunas,"",1700000.0,0.0,06/09/2023,1700000.0,0.0,1700000.0,"","","","","","",TINTA CANON ORI GI 71S BK,"","",20.0,PCS,85000.0,0.00 %,"",0.0,1700000.0,1700000.0,0.0,"",0.0,0.0,"","","","",0.0,0.0
07/08/2023,Faktur Pembelian,14662,ONLINE,Lunas,"",1150000.0,0.0,06/09/2023,1150000.0,0.0,1150000.0,"","","","","","",MESIN HITUNG UANG KONZURE MC-101,"","",1.0,PCS,1150000.0,0.00 %,"",0.0,1150000.0,1150000.0,0.0,"",0.0,0.0,"","","","",0.0,0.0
07/08/2023,Faktur Pembelian,JL.2308.01488,CANDRA (BLESSING),Lunas,"",168700000.0,0.0,21/08/2023,168700000.0,0.0,168700000.0,"","","","",RAHMAT,"",ACER A314 35 INTEL N5100 8GB 512GB SSD WIN 11,"","",35.0,UNIT,4820000.0,0.00 %,"",0.0,168700000.0,168700000.0,0.0,"",0.0,0.0,"","","","",0.0,0.0
07/08/2023,Faktur Pembelian,JL.2308.01494,CANDRA (BLESSING),Lunas,"",96399999.999992,0.0,21/08/2023,86846846.84684,9553153.153152,96399999.999992,"","","","",CV TIGA NUSA,"",* ACER A314 35 INTEL - N5100 SSD 8GB 512GB WIN 11 #,"","",20.0,UNIT,4342342.342342,0.00 %,11.0,9553153.15315240099990446846846847599,86846846.84684,86846846.84684,0.0,"",0.0,0.0,"","","","",0.0,0.0
07/08/2023,Faktur Pembelian,JL.2308.01492,CANDRA (BLESSING),Lunas,"",72300000.0,0.0,21/08/2023,72300000.0,0.0,72300000.0,"","","","",AGUS,"",ACER A314 35 INTEL N5100 8GB 512GB SSD WIN 11,"","",15.0,UNIT,4820000.0,0.00 %,"",0.0,72300000.0,72300000.0,0.0,"",0.0,0.0,"","","","",0.0,0.0
07/08/2023,Faktur Pembelian,JL.2308.01114,CANDRA (BLESSING),Lunas,"",1710000.0,0.0,21/08/2023,1710000.0,0.0,1710000.0,"","","","",AGUS,"",SODIMM LEXAR DDR4 4GB 3200,"","",5.0,PCS,280000.0,0.00 %,"",0.0,1400000.0,1400000.0,0.0,"",0.0,0.0,"","","","",0.0,0.0
07/08/2023,Faktur Pembelian,JL.2308.01114,CANDRA (BLESSING),Lunas,"",1710000.0,0.0,21/08/2023,1710000.0,0.0,1710000.0,"","","","",AGUS,"",SODIMM ADATA DDR4 8GB PC 3200,"","",1.0,PCS,310000.0,0.00 %,"",0.0,310000.0,310000.0,0.0,"",0.0,0.0,"","","","",0.0,0.0
07/08/2023,Faktur Pembelian,KARMEN / INV/2023/103800,WULAN (DISCOUNT NOTEBOOK),Lunas,"",325000.0,0.0,06/09/2023,325000.0,0.0,325000.0,"","","","","","",BATERAI HP 14-CE HT03XL AG,"","",1.0,PCS,325000.0,0.00 %,"",0.0,325000.0,325000.0,0.0,"",0.0,0.0,"","","","",0.0,0.0
07/08/2023,Faktur Pembelian,JL5523080299,YULI (HP CENTRE),Lunas,"",27900000.0,0.0,06/09/2023,27900000.0,0.0,27900000.0,"","","","",ARIES,"",HP VICTUS 15-fa0008TX-6G1L2PA Ci7-12700H 8GB 512GB SSD RTX 3050 4GB WIN 11,"","",2.0,UNIT,13950000.0,0.00 %,"",0.0,27900000.0,27900000.0,0.0,"",0.0,0.0,"","","","",0.0,0.0
07/08/2023,Faktur Pembelian,JL5523080323,YULI (HP CENTRE),Lunas,"",220000.0,0.0,06/09/2023,220000.0,0.0,220000.0,"","","","",ARIES,"","MESIN LAMINATING BLUE PRINT LITE HOT AND COLD, A4 & F4 125A","","",1.0,UNIT,220000.0,0.00 %,"",0.0,220000.0,220000.0,0.0,"",0.0,0.0,"","","","",0.0,0.0
08/08/2023,Faktur Pembelian,14664,AGUS (DORAN),Lunas,"",23800000.0,0.0,07/09/2023,23800000.0,0.0,23800000.0,"",SURABAYA,"","","","",MEMORY MICRO SD SANDISK ULTRA 32GB (C10),"","",100.0,PCS,48000.0,0.00 %,"",0.0,4800000.0,4800000.0,0.0,"",0.0,0.0,"","","","",0.0,0.0
08/08/2023,Faktur Pembelian,14664,AGUS (DORAN),Lunas,"",23800000.0,0.0,07/09/2023,23800000.0,0.0,23800000.0,"",SURABAYA,"","","","",MEMORY MICRO SD SANDISK ULTRA 64GB (C10),"","",100.0,PCS,70000.0,0.00 %,"",0.0,7000000.0,7000000.0,0.0,"",0.0,0.0,"","","","",0.0,0.0
08/08/2023,Faktur Pembelian,14664,AGUS (DORAN),Lunas,"",23800000.0,0.0,07/09/2023,23800000.0,0.0,23800000.0,"",SURABAYA,"","","","",FD SANDISK CZ600 128 GB,"","",100.0,PCS,120000.0,0.00 %,"",0.0,12000000.0,12000000.0,0.0,"",0.0,0.0,"","","","",0.0,0.0
08/08/2023,Faktur Pembelian,14665,ONLINE,Lunas,"",24700000.0,0.0,07/09/2023,24700000.0,0.0,24700000.0,"","","","","","",ACER A314 35 INTEL N5100 8GB 512GB SSD WIN 11,"","",5.0,UNIT,4940000.0,0.00 %,"",0.0,24700000.0,24700000.0,0.0,"",0.0,0.0,"","","","",0.0,0.0
08/08/2023,Faktur Pembelian,JL.2308.01891,CANDRA (BLESSING),Lunas,"",45305000.0,0.0,22/08/2023,45305000.0,0.0,45305000.0,"","","","",RAHMAT,"",ACER 5 A514 CI3-1115G4 8gb 512GB SSD MX 350 2GB WIN 11,"","",3.0,UNIT,6295000.0,0.00 %,"",0.0,18885000.0,18885000.0,0.0,"",0.0,0.0,"","","","",0.0,0.0
08/08/2023,Faktur Pembelian,JL.2308.01891,CANDRA (BLESSING),Lunas,"",45305000.0,0.0,22/08/2023,45305000.0,0.0,45305000.0,"","","","",RAHMAT,"",ASUS A1405ZA Ci3-1215U 8GB 512GB SSD WIN 11,"","",1.0,UNIT,7970000.0,0.00 %,"",0.0,7970000.0,7970000.0,0.0,"",0.0,0.0,"","","","",0.0,0.0
08/08/2023,Faktur Pembelian,JL.2308.01891,CANDRA (BLESSING),Lunas,"",45305000.0,0.0,22/08/2023,45305000.0,0.0,45305000.0,"","","","",RAHMAT,"",ACER 3 A314 36M Ci3-N305 8GB 512GB SSD WIN 11,"","",3.0,UNIT,6150000.0,0.00 %,"",0.0,18450000.0,18450000.0,0.0,"",0.0,0.0,"","","","",0.0,0.0
08/08/2023,Faktur Pembelian,14667,FIKTIF BELI,Lunas,"",150000.0,0.0,07/09/2023,150000.0,0.0,150000.0,"","","","","","",TINTA CANON ORI 790 BLACK NON PACK,"","",1.0,PCS,60000.0,0.00 %,"",0.0,60000.0,60000.0,0.0,"",0.0,0.0,"","","","",0.0,0.0
08/08/2023,Faktur Pembelian,14667,FIKTIF BELI,Lunas,"",150000.0,0.0,07/09/2023,150000.0,0.0,150000.0,"","","","","","",TINTA CANON ORI 790 CYAN NON PACK,"","",1.0,PCS,30000.0,0.00 %,"",0.0,30000.0,30000.0,0.0,"",0.0,0.0,"","","","",0.0,0.0
08/08/2023,Faktur Pembelian,14667,FIKTIF BELI,Lunas,"",150000.0,0.0,07/09/2023,150000.0,0.0,150000.0,"","","","","","",TINTA CANON ORI 790 YELLOW NON PACK,"","",1.0,PCS,30000.0,0.00 %,"",0.0,30000.0,30000.0,0.0,"",0.0,0.0,"","","","",0.0,0.0
08/08/2023,Faktur Pembelian,14667,FIKTIF BELI,Lunas,"",150000.0,0.0,07/09/2023,150000.0,0.0,150000.0,"","","","","","",TINTA CANON ORI 790 MAGENTA NON PACK,"","",1.0,PCS,30000.0,0.00 %,"",0.0,30000.0,30000.0,0.0,"",0.0,0.0,"","","","",0.0,0.0
08/08/2023,Faktur Pembelian,14668,FIKTIF BELI,Lunas,"",150000.0,0.0,07/09/2023,150000.0,0.0,150000.0,"","","","","","",TINTA CANON ORI 790 BLACK NON PACK,"","",1.0,PCS,60000.0,0.00 %,"",0.0,60000.0,60000.0,0.0,"",0.0,0.0,"","","","",0.0,0.0
08/08/2023,Faktur Pembelian,14668,FIKTIF BELI,Lunas,"",150000.0,0.0,07/09/2023,150000.0,0.0,150000.0,"","","","","","",TINTA CANON ORI 790 CYAN NON PACK,"","",1.0,PCS,30000.0,0.00 %,"",0.0,30000.0,30000.0,0.0,"",0.0,0.0,"","","","",0.0,0.0
08/08/2023,Faktur Pembelian,14668,FIKTIF BELI,Lunas,"",150000.0,0.0,07/09/2023,150000.0,0.0,150000.0,"","","","","","",TINTA CANON ORI 790 YELLOW NON PACK,"","",1.0,PCS,30000.0,0.00 %,"",0.0,30000.0,30000.0,0.0,"",0.0,0.0,"","","","",0.0,0.0
08/08/2023,Faktur Pembelian,14668,FIKTIF BELI,Lunas,"",150000.0,0.0,07/09/2023,150000.0,0.0,150000.0,"","","","","","",TINTA CANON ORI 790 MAGENTA NON PACK,"","",1.0,PCS,30000.0,0.00 %,"",0.0,30000.0,30000.0,0.0,"",0.0,0.0,"","","","",0.0,0.0
08/08/2023,Faktur Pembelian,JL.2308.01718,CANDRA (BLESSING),Lunas,"",19840000.0,0.0,22/08/2023,19840000.0,0.0,19840000.0,"","","","",AGUS,"",AIO ASUS V222GAK INTEL J4025 4GB 256GB SSD #,"","",4.0,UNIT,4960000.0,0.00 %,"",0.0,19840000.0,19840000.0,0.0,"",0.0,0.0,"","","","",0.0,0.0
08/08/2023,Faktur Pembelian,C513,IP COM TOKO,Lunas,"",726000.0,0.0,07/09/2023,726000.0,0.0,726000.0,"","","JL. SOEKARNO HATTA RT. 012  RW. 004 PANE, RASANAE BARAT","","","",FD JOINT / INDILINX 8GB,"","",25.0,PCS,28000.0,0.00 %,"",0.0,700000.0,700000.0,0.0,"",26000.0,0.0,"","","","",0.0,0.0
08/08/2023,Faktur Pembelian,JKT-667455,AGUS (DORAN),Lunas,"",22800000.0,0.0,07/09/2023,22800000.0,0.0,22800000.0,"",SURABAYA,"","","","",TINTA EPSON 664 MAGENTA,"","",60.0,PCS,76000.0,0.00 %,"",0.0,4560000.0,4560000.0,0.0,"",0.0,0.0,"","","","",0.0,0.0
08/08/2023,Faktur Pembelian,JKT-667455,AGUS (DORAN),Lunas,"",22800000.0,0.0,07/09/2023,22800000.0,0.0,22800000.0,"",SURABAYA,"","","","",TINTA EPSON 664 YELLOW,"","",120.0,PCS,76000.0,0.00 %,"",0.0,9120000.0,9120000.0,0.0,"",0.0,0.0,"","","","",0.0,0.0
08/08/2023,Faktur Pembelian,JKT-667455,AGUS (DORAN),Lunas,"",22800000.0,0.0,07/09/2023,22800000.0,0.0,22800000.0,"",SURABAYA,"","","","",TINTA EPSON 664 BLACK,"","",120.0,PCS,76000.0,0.00 %,"",0.0,9120000.0,9120000.0,0.0,"",0.0,0.0,"","","","",0.0,0.0
08/08/2023,Faktur Pembelian,JO-N/SBY/PO1/080823/003,PT. INDO WARNA MULIA ( ALFA INK ),Lunas,"",1674000.0,0.0,07/10/2023,1674000.0,0.0,1674000.0,"","","","","","",TABUNG INFUS 4 WARNA,"","",93.0,PCS,18000.0,0.00 %,"",0.0,1674000.0,1674000.0,0.0,"",0.0,0.0,"","","","",0.0,0.0
08/08/2023,Faktur Pembelian,PJL-23-08-00206,PT. Surya Makmur Kreasindo (HJ),Lunas,"",7950000.0,0.0,22/08/2023,7162162.162162,787837.837838,7950000.0,"",SURABAYA,"","",CV TIGA NUSA,"",* PRINTER EPSON L5290,"","",2.0,UNIT,3581081.081081,0.00 %,11.0,787837.837837820099992121621621621799,7162162.162162,7162162.162162,0.0,"",0.0,0.0,PT. Surya Makmur Kreasindo,"",081515111951,"",0.0,0.0
08/08/2023,Faktur Pembelian,JL5523080374,YULI (HP CENTRE),Lunas,BAYAR ,1740000.0,0.0,07/09/2023,1740000.0,0.0,1740000.0,"","","","",RAHMAT,"",KERTAS THERMAL 57 X 38 MM (EDC),"",1 PACK ISI 10 PCS,1000.0,PCS,1740.0,0.00 %,"",0.0,1740000.0,1740000.0,0.0,"",0.0,0.0,"","","","",0.0,0.0
09/08/2023,Faktur Pembelian,JL.2308.02224,CANDRA (BLESSING),Lunas,"",7980000.0,0.0,23/08/2023,7980000.0,0.0,7980000.0,"","","","",AGUS,"",AIO LENOVO IDEACENTRE 3 22IAP7 CI3-1215U 8GB 256GB SSD #,"","",1.0,UNIT,7120000.0,0.00 %,"",0.0,7120000.0,7120000.0,0.0,"",0.0,0.0,"","","","",0.0,0.0
09/08/2023,Faktur Pembelian,JL.2308.02224,CANDRA (BLESSING),Lunas,"",7980000.0,0.0,23/08/2023,7980000.0,0.0,7980000.0,"","","","",AGUS,"",HDD PC WD BLUE 2TB,"","",1.0,PCS,860000.0,0.00 %,"",0.0,860000.0,860000.0,0.0,"",0.0,0.0,"","","","",0.0,0.0
09/08/2023,Faktur Pembelian,JL.2308.02217,CANDRA (BLESSING),Lunas,"",5495000.000001,0.0,23/08/2023,4950450.450451,544549.54955,5495000.000001,"","","","",CV TIGA NUSA,"",* MB MSI H510M PRO,"","",1.0,PCS,855855.855856,0.00 %,11.0,94144.1441441599999990585585585584,855855.855856,855855.855856,0.0,"",0.0,0.0,"","","","",0.0,0.0
09/08/2023,Faktur Pembelian,JL.2308.02217,CANDRA (BLESSING),Lunas,"",5495000.000001,0.0,23/08/2023,4950450.450451,544549.54955,5495000.000001,"","","","",CV TIGA NUSA,"",* PROC INTEL CORE I3 - 10105 COMET LAKE,"","",1.0,UNIT,1540540.540541,0.00 %,11.0,169459.4594595099999983054054054049,1540540.540541,1540540.540541,0.0,"",0.0,0.0,"","","","",0.0,0.0
09/08/2023,Faktur Pembelian,JL.2308.02217,CANDRA (BLESSING),Lunas,"",5495000.000001,0.0,23/08/2023,4950450.450451,544549.54955,5495000.000001,"","","","",CV TIGA NUSA,"","* LED MONITOR ACER K202HQL BI 19,5 INCS","","",1.0,UNIT,954954.954955,0.00 %,11.0,105045.0450450499999989495495495495,954954.954955,954954.954955,0.0,"",0.0,0.0,"","","","",0.0,0.0
09/08/2023,Faktur Pembelian,JL.2308.02217,CANDRA (BLESSING),Lunas,"",5495000.000001,0.0,23/08/2023,4950450.450451,544549.54955,5495000.000001,"","","","",CV TIGA NUSA,"",* SSD MSI SPATIUM M371 500GB OCIE 3.0 X 4 NVME M.2,"","",1.0,PCS,382882.882883,0.00 %,11.0,42117.1171171299999995788288288287,382882.882883,382882.882883,0.0,"",0.0,0.0,"","","","",0.0,0.0
09/08/2023,Faktur Pembelian,JL.2308.02217,CANDRA (BLESSING),Lunas,"",5495000.000001,0.0,23/08/2023,4950450.450451,544549.54955,5495000.000001,"","","","",CV TIGA NUSA,"",* CASING PC COOLER PLATINUM LM300 ARGB BLACK,"","",1.0,PCS,405405.405405,0.00 %,11.0,44594.5945945499999995540540540545,405405.405405,405405.405405,0.0,"",0.0,0.0,"","","","",0.0,0.0
09/08/2023,Faktur Pembelian,JL.2308.02217,CANDRA (BLESSING),Lunas,"",5495000.000001,0.0,23/08/2023,4950450.450451,544549.54955,5495000.000001,"","","","",CV TIGA NUSA,"",* PSU COOLER MASTER ELITE V3 P500 500W,"","",1.0,PCS,427927.927928,0.00 %,11.0,47072.0720720799999995292792792792,427927.927928,427927.927928,0.0,"",0.0,0.0,"","","","",0.0,0.0
09/08/2023,Faktur Pembelian,JL.2308.02217,CANDRA (BLESSING),Lunas,"",5495000.000001,0.0,23/08/2023,4950450.450451,544549.54955,5495000.000001,"","","","",CV TIGA NUSA,"",* RAM CORSAIR DDR4 PC 1X8GB VENGEANCE LPX,"","",1.0,PCS,382882.882883,0.00 %,11.0,42117.1171171299999995788288288287,382882.882883,382882.882883,0.0,"",0.0,0.0,"","","","",0.0,0.0
09/08/2023,Faktur Pembelian,14669,IP COM TOKO,Lunas,"",8121000.0,0.0,08/09/2023,8121000.0,0.0,8121000.0,"","","","","","","CASING HDD 2,5"" TRANSPARAN 3.0","","",91.0,PCS,45000.0,0.00 %,"",0.0,4095000.0,4095000.0,0.0,"",0.0,0.0,"","","","",0.0,0.0
09/08/2023,Faktur Pembelian,14669,IP COM TOKO,Lunas,"",8121000.0,0.0,08/09/2023,8121000.0,0.0,8121000.0,"","","","","","",KABEL DATA PRINTER 3 METER,"","",32.0,PCS,14000.0,0.00 %,"",0.0,448000.0,448000.0,0.0,"",0.0,0.0,"","","","",0.0,0.0
09/08/2023,Faktur Pembelian,14669,IP COM TOKO,Lunas,"",8121000.0,0.0,08/09/2023,8121000.0,0.0,8121000.0,"","","","","","","KABEL DATA PRINTER 1,5 METER","","",28.0,PCS,8500.0,0.00 %,"",0.0,238000.0,238000.0,0.0,"",0.0,0.0,"","","","",0.0,0.0
09/08/2023,Faktur Pembelian,14669,IP COM TOKO,Lunas,"",8121000.0,0.0,08/09/2023,8121000.0,0.0,8121000.0,"","","","","","",FD JOINT / INDILINX 8GB,"","",60.0,PCS,28000.0,0.00 %,"",0.0,1680000.0,1680000.0,0.0,"",0.0,0.0,"","","","",0.0,0.0
09/08/2023,Faktur Pembelian,14669,IP COM TOKO,Lunas,"",8121000.0,0.0,08/09/2023,8121000.0,0.0,8121000.0,"","","","","","",CARD READER 6 SLOT DATAFAST,"","",10.0,PCS,26000.0,0.00 %,"",0.0,260000.0,260000.0,0.0,"",0.0,0.0,"","","","",0.0,0.0
09/08/2023,Faktur Pembelian,14669,IP COM TOKO,Lunas,"",8121000.0,0.0,08/09/2023,8121000.0,0.0,8121000.0,"","","","","","",PSU VARRO CHRONOS 500 W,"","",10.0,PCS,140000.0,0.00 %,"",0.0,1400000.0,1400000.0,0.0,"",0.0,0.0,"","","","",0.0,0.0
09/08/2023,Faktur Pembelian,14670,FIKTIF BELI,Lunas,"",150000.0,0.0,08/09/2023,150000.0,0.0,150000.0,"","","","","","",TINTA CANON ORI 790 BLACK NON PACK,"","",1.0,PCS,60000.0,0.00 %,"",0.0,60000.0,60000.0,0.0,"",0.0,0.0,"","","","",0.0,0.0
09/08/2023,Faktur Pembelian,14670,FIKTIF BELI,Lunas,"",150000.0,0.0,08/09/2023,150000.0,0.0,150000.0,"","","","","","",TINTA CANON ORI 790 CYAN NON PACK,"","",1.0,PCS,30000.0,0.00 %,"",0.0,30000.0,30000.0,0.0,"",0.0,0.0,"","","","",0.0,0.0
09/08/2023,Faktur Pembelian,14670,FIKTIF BELI,Lunas,"",150000.0,0.0,08/09/2023,150000.0,0.0,150000.0,"","","","","","",TINTA CANON ORI 790 YELLOW NON PACK,"","",1.0,PCS,30000.0,0.00 %,"",0.0,30000.0,30000.0,0.0,"",0.0,0.0,"","","","",0.0,0.0
09/08/2023,Faktur Pembelian,14670,FIKTIF BELI,Lunas,"",150000.0,0.0,08/09/2023,150000.0,0.0,150000.0,"","","","","","",TINTA CANON ORI 790 MAGENTA NON PACK,"","",1.0,PCS,30000.0,0.00 %,"",0.0,30000.0,30000.0,0.0,"",0.0,0.0,"","","","",0.0,0.0
09/08/2023,Faktur Pembelian,14671,FIKTIF BELI,Lunas,"",148000.0,0.0,08/09/2023,148000.0,0.0,148000.0,"","","","","","",TINTA CANON ORI 790 BLACK NON PACK,"","",1.0,PCS,37000.0,0.00 %,"",0.0,37000.0,37000.0,0.0,"",0.0,0.0,"","","","",0.0,0.0
09/08/2023,Faktur Pembelian,14671,FIKTIF BELI,Lunas,"",148000.0,0.0,08/09/2023,148000.0,0.0,148000.0,"","","","","","",TINTA CANON ORI 790 CYAN NON PACK,"","",1.0,PCS,37000.0,0.00 %,"",0.0,37000.0,37000.0,0.0,"",0.0,0.0,"","","","",0.0,0.0
09/08/2023,Faktur Pembelian,14671,FIKTIF BELI,Lunas,"",148000.0,0.0,08/09/2023,148000.0,0.0,148000.0,"","","","","","",TINTA CANON ORI 790 YELLOW NON PACK,"","",1.0,PCS,37000.0,0.00 %,"",0.0,37000.0,37000.0,0.0,"",0.0,0.0,"","","","",0.0,0.0
09/08/2023,Faktur Pembelian,14671,FIKTIF BELI,Lunas,"",148000.0,0.0,08/09/2023,148000.0,0.0,148000.0,"","","","","","",TINTA CANON ORI 790 MAGENTA NON PACK,"","",1.0,PCS,37000.0,0.00 %,"",0.0,37000.0,37000.0,0.0,"",0.0,0.0,"","","","",0.0,0.0
09/08/2023,Faktur Pembelian,14672,CANON BALI,Lunas,"",3696299.999993,0.0,08/09/2023,3329999.999994,366299.999999,3696299.999993,"","","","",CV TIGA NUSA,"",* AUTO SHEET FEEDER FOR G1010 / G2010,"","",6.0,UNIT,224669.669669,0.00 %,11.0,148281.9819815399999985171801801846,1348018.018014,1348018.018014,0.0,"",0.0,0.0,"","","","",0.0,0.0
09/08/2023,Faktur Pembelian,14672,CANON BALI,Lunas,"",3696299.999993,0.0,08/09/2023,3329999.999994,366299.999999,3696299.999993,"","","","",CV TIGA NUSA,"",* AUTO SHEET FEEDER UNIT G1020 / 2020,"","",4.0,PCS,495495.495495,0.00 %,11.0,218018.018017799999997819819819822,1981981.98198,1981981.98198,0.0,"",0.0,0.0,"","","","",0.0,0.0
09/08/2023,Faktur Pembelian,JL/23/08/00000134,CV. NOAH SEJAHTERA ABADI,Lunas,"",3290000.0,0.0,23/08/2023,3290000.0,0.0,3290000.0,"","","","","","",SSD SATA OSCOO 256GB,"","",14.0,PCS,235000.0,0.00 %,"",0.0,3290000.0,3290000.0,0.0,"",0.0,0.0,"","","","",0.0,0.0
10/08/2023,Faktur Pembelian,14673,IQ TRONIK,Lunas,"",10400000.0,0.0,09/09/2023,10400000.0,0.0,10400000.0,"","","","","","",KERTAS FOTO SPECTRA GLOSSY 260,"","",140.0,PCS,52000.0,0.00 %,"",0.0,7280000.0,7280000.0,0.0,"",0.0,0.0,"","","","",0.0,0.0
10/08/2023,Faktur Pembelian,14673,IQ TRONIK,Lunas,"",10400000.0,0.0,09/09/2023,10400000.0,0.0,10400000.0,"","","","","","",KERTAS FOTO SPECTRA SILKY 260,"","",60.0,PCS,52000.0,0.00 %,"",0.0,3120000.0,3120000.0,0.0,"",0.0,0.0,"","","","",0.0,0.0
10/08/2023,Faktur Pembelian,14674,FIKTIF BELI,Lunas,"",148000.0,0.0,09/09/2023,148000.0,0.0,148000.0,"","","","","","",TINTA CANON ORI 790 BLACK NON PACK,"","",1.0,PCS,37000.0,0.00 %,"",0.0,37000.0,37000.0,0.0,"",0.0,0.0,"","","","",0.0,0.0
10/08/2023,Faktur Pembelian,14674,FIKTIF BELI,Lunas,"",148000.0,0.0,09/09/2023,148000.0,0.0,148000.0,"","","","","","",TINTA CANON ORI 790 CYAN NON PACK,"","",1.0,PCS,37000.0,0.00 %,"",0.0,37000.0,37000.0,0.0,"",0.0,0.0,"","","","",0.0,0.0
10/08/2023,Faktur Pembelian,14674,FIKTIF BELI,Lunas,"",148000.0,0.0,09/09/2023,148000.0,0.0,148000.0,"","","","","","",TINTA CANON ORI 790 YELLOW NON PACK,"","",1.0,PCS,37000.0,0.00 %,"",0.0,37000.0,37000.0,0.0,"",0.0,0.0,"","","","",0.0,0.0
10/08/2023,Faktur Pembelian,14674,FIKTIF BELI,Lunas,"",148000.0,0.0,09/09/2023,148000.0,0.0,148000.0,"","","","","","",TINTA CANON ORI 790 MAGENTA NON PACK,"","",1.0,PCS,37000.0,0.00 %,"",0.0,37000.0,37000.0,0.0,"",0.0,0.0,"","","","",0.0,0.0
10/08/2023,Faktur Pembelian,PJL-23-08-00262,PT. Surya Makmur Kreasindo (HJ),Lunas,"",23399999.999993,0.0,24/08/2023,21081081.081075,2318918.918918,23399999.999993,"",SURABAYA,"","",CV TIGA NUSA,"",* PRINTER EPSON L121,"","",15.0,UNIT,1405405.405405,0.00 %,11.0,2318918.9189182499999768108108108175,21081081.081075,21081081.081075,0.0,"",0.0,0.0,PT. Surya Makmur Kreasindo,"",081515111951,"",0.0,0.0
10/08/2023,Faktur Pembelian,JL.2308.02780,CANDRA (BLESSING),Lunas,"",29380000.0,0.0,24/08/2023,29380000.0,0.0,29380000.0,"","","","",AGUS,"",ASUS A416MAO INTEL N4020 4GB 256GB SSD #,"","",4.0,UNIT,4270000.0,0.00 %,"",0.0,17080000.0,17080000.0,0.0,"",0.0,0.0,"","","","",0.0,0.0
10/08/2023,Faktur Pembelian,JL.2308.02780,CANDRA (BLESSING),Lunas,"",29380000.0,0.0,24/08/2023,29380000.0,0.0,29380000.0,"","","","",AGUS,"",ACER 3 A314 36M Ci3-N305 8GB 512GB SSD WIN 11,"","",2.0,UNIT,6150000.0,0.00 %,"",0.0,12300000.0,12300000.0,0.0,"",0.0,0.0,"","","","",0.0,0.0
10/08/2023,Faktur Pembelian,JL.2308.02632,CANDRA (BLESSING),Lunas,"",5810000.0,0.0,24/08/2023,5810000.0,0.0,5810000.0,"","","","",AGUS,"",MSI MODRN 14 C11M-005ID i3-1115G4 8GB 512GB SSD WIN 11 RA,"","",1.0,UNIT,5810000.0,0.00 %,"",0.0,5810000.0,5810000.0,0.0,"",0.0,0.0,"","","","",0.0,0.0
10/08/2023,Faktur Pembelian,14676,FIKTIF BELI,Lunas,"",400000.0,0.0,09/09/2023,400000.0,0.0,400000.0,"","","","","","",CATRIDGE 811 COPOTAN,"","",1.0,PCS,200000.0,0.00 %,"",0.0,200000.0,200000.0,0.0,"",0.0,0.0,"","","","",0.0,0.0
10/08/2023,Faktur Pembelian,14676,FIKTIF BELI,Lunas,"",400000.0,0.0,09/09/2023,400000.0,0.0,400000.0,"","","","","","",CATRIDGE 810 COPOTAN,"","",1.0,PCS,200000.0,0.00 %,"",0.0,200000.0,200000.0,0.0,"",0.0,0.0,"","","","",0.0,0.0
10/08/2023,Faktur Pembelian,JL.2308.01421,CANDRA (BLESSING),Lunas,"",17080000.0,0.0,24/08/2023,17080000.0,0.0,17080000.0,"","","","",RAHMAT,"",ASUS A416MAO INTEL N4020 4GB 256GB SSD #,"","",4.0,UNIT,4270000.0,0.00 %,"",0.0,17080000.0,17080000.0,0.0,"",0.0,0.0,"","","","",0.0,0.0
10/08/2023,Faktur Pembelian,JL5523080537,YULI (HP CENTRE),Lunas,BAYAR ,19620000.0,0.0,09/09/2023,19620000.0,0.0,19620000.0,"","","","",RAHMAT,"",ASUS TUF F15 FX506 CI5-10300H 8GB 512GB SSD GTX 1650 4GB NW,"","",2.0,UNIT,9700000.0,0.00 %,"",0.0,19400000.0,19400000.0,0.0,"",0.0,0.0,"","","","",0.0,0.0
10/08/2023,Faktur Pembelian,JL5523080537,YULI (HP CENTRE),Lunas,BAYAR ,19620000.0,0.0,09/09/2023,19620000.0,0.0,19620000.0,"","","","",RAHMAT,"","MESIN LAMINATING BLUE PRINT LITE HOT AND COLD, A4 & F4 125A","","",1.0,UNIT,220000.0,0.00 %,"",0.0,220000.0,220000.0,0.0,"",0.0,0.0,"","","","",0.0,0.0
11/08/2023,Faktur Pembelian,JL.2308.03050,CANDRA (BLESSING),Lunas,"",47460000.0,0.0,25/08/2023,47460000.0,0.0,47460000.0,"","","","",AGUS,"",HDD PC WD PURPLE 1 TB,"","",5.0,PCS,670000.0,0.00 %,"",0.0,3350000.0,3350000.0,0.0,"",0.0,0.0,"","","","",0.0,0.0
11/08/2023,Faktur Pembelian,JL.2308.03050,CANDRA (BLESSING),Lunas,"",47460000.0,0.0,25/08/2023,47460000.0,0.0,47460000.0,"","","","",AGUS,"",ACER 3 A314 36M Ci3-N305 8GB 512GB SSD WIN 11,"","",3.0,UNIT,6150000.0,0.00 %,"",0.0,18450000.0,18450000.0,0.0,"",0.0,0.0,"","","","",0.0,0.0
11/08/2023,Faktur Pembelian,JL.2308.03050,CANDRA (BLESSING),Lunas,"",47460000.0,0.0,25/08/2023,47460000.0,0.0,47460000.0,"","","","",AGUS,"",ASUS A1400EA I3-1115G4 8GB 512GB SSD WIN 11,"","",2.0,UNIT,5840000.0,0.00 %,"",0.0,11680000.0,11680000.0,0.0,"",0.0,0.0,"","","","",0.0,0.0
11/08/2023,Faktur Pembelian,JL.2308.03050,CANDRA (BLESSING),Lunas,"",47460000.0,0.0,25/08/2023,47460000.0,0.0,47460000.0,"","","","",AGUS,"",HP 240 G8 I3-1115G4 4GB 256GB SSD WIN 11,"","",1.0,UNIT,5295000.0,0.00 %,"",0.0,5295000.0,5295000.0,0.0,"",0.0,0.0,"","","","",0.0,0.0
11/08/2023,Faktur Pembelian,JL.2308.03050,CANDRA (BLESSING),Lunas,"",47460000.0,0.0,25/08/2023,47460000.0,0.0,47460000.0,"","","","",AGUS,"",SCANNER BROTHER ADS 1700 W,"","",1.0,UNIT,4295000.0,0.00 %,"",0.0,4295000.0,4295000.0,0.0,"",0.0,0.0,"","","","",0.0,0.0
11/08/2023,Faktur Pembelian,JL.2308.03050,CANDRA (BLESSING),Lunas,"",47460000.0,0.0,25/08/2023,47460000.0,0.0,47460000.0,"","","","",AGUS,"",PROJECTOR VIEW SONIC PA503SE SVGA 4000 LEMENS,"","",1.0,UNIT,4390000.0,0.00 %,"",0.0,4390000.0,4390000.0,0.0,"",0.0,0.0,"","","","",0.0,0.0
11/08/2023,Faktur Pembelian,14678,EKO HASAN,Lunas,"",1380999.99999,0.0,10/09/2023,1380999.99999,0.0,1380999.99999,"","","","","","",KABEL FLEXY HEAD EPSON,"","",30.0,PCS,46033.333333,0.00 %,"",0.0,1380999.99999,1380999.99999,0.0,"",0.0,0.0,"","","","",0.0,0.0
11/08/2023,Faktur Pembelian,JL.2308.03223,CANDRA (BLESSING),Lunas,"",14145000.0,0.0,25/08/2023,14145000.0,0.0,14145000.0,"","","","",AGUS,"",PROJECTOR ACER BS 020P DLP 4000 LUMENS + TAS,"","",3.0,PCS,4715000.0,0.00 %,"",0.0,14145000.0,14145000.0,0.0,"",0.0,0.0,"","","","",0.0,0.0
11/08/2023,Faktur Pembelian,JL.2308.03154,CANDRA (BLESSING),Lunas,"",9920000.0,0.0,25/08/2023,9920000.0,0.0,9920000.0,"","","","",AGUS,"",AIO ASUS V222GAK INTEL J4025 4GB 256GB SSD #,"","",2.0,UNIT,4960000.0,0.00 %,"",0.0,9920000.0,9920000.0,0.0,"",0.0,0.0,"","","","",0.0,0.0
11/08/2023,Faktur Pembelian,ACJ01/01/FP/2308/AA00022,PT. ANGKASA CERAH JAYA,Lunas,"",70200000.000001,0.0,25/08/2023,63243243.243244,6956756.756757,70200000.000001,"",SURABAYA,"","",CV TIGA NUSA,"","* ACER 5 A514 - 54G - 32GJ Ci3-1115G4 8GB 512GB SSD MX 350 2GB WIN 11 14""","","",8.0,UNIT,5720720.720721,0.00 %,11.0,5034234.2342344799999496576576576552,45765765.765768,45765765.765768,0.0,"",0.0,0.0,PT. ANGKASA CERAH JAYA,"",0815 5395 1313,"",0.0,0.0
11/08/2023,Faktur Pembelian,ACJ01/01/FP/2308/AA00022,PT. ANGKASA CERAH JAYA,Lunas,"",70200000.000001,0.0,25/08/2023,63243243.243244,6956756.756757,70200000.000001,"",SURABAYA,"","",CV TIGA NUSA,"",* ACER A314 35 INTEL - N5100 SSD 8GB 512GB WIN 11 #,"","",4.0,UNIT,4369369.369369,0.00 %,11.0,1922522.5225223599999807747747747764,17477477.477476,17477477.477476,0.0,"",0.0,0.0,PT. ANGKASA CERAH JAYA,"",0815 5395 1313,"",0.0,0.0
11/08/2023,Faktur Pembelian,14679,FIKTIF BELI,Lunas,"",150000.0,0.0,10/09/2023,150000.0,0.0,150000.0,"","","","","","",TINTA CANON ORI 790 BLACK NON PACK,"","",1.0,PCS,60000.0,0.00 %,"",0.0,60000.0,60000.0,0.0,"",0.0,0.0,"","","","",0.0,0.0
11/08/2023,Faktur Pembelian,14679,FIKTIF BELI,Lunas,"",150000.0,0.0,10/09/2023,150000.0,0.0,150000.0,"","","","","","",TINTA CANON ORI 790 CYAN NON PACK,"","",1.0,PCS,30000.0,0.00 %,"",0.0,30000.0,30000.0,0.0,"",0.0,0.0,"","","","",0.0,0.0
11/08/2023,Faktur Pembelian,14679,FIKTIF BELI,Lunas,"",150000.0,0.0,10/09/2023,150000.0,0.0,150000.0,"","","","","","",TINTA CANON ORI 790 YELLOW NON PACK,"","",1.0,PCS,30000.0,0.00 %,"",0.0,30000.0,30000.0,0.0,"",0.0,0.0,"","","","",0.0,0.0
11/08/2023,Faktur Pembelian,14679,FIKTIF BELI,Lunas,"",150000.0,0.0,10/09/2023,150000.0,0.0,150000.0,"","","","","","",TINTA CANON ORI 790 MAGENTA NON PACK,"","",1.0,PCS,30000.0,0.00 %,"",0.0,30000.0,30000.0,0.0,"",0.0,0.0,"","","","",0.0,0.0
11/08/2023,Faktur Pembelian,001573,LILI (PLATINUM),Lunas,"",800000.0,0.0,10/09/2023,800000.0,0.0,800000.0,"","","","","","",KEYBOARD ACER A314 33 (LM),"","",10.0,PCS,80000.0,0.00 %,"",0.0,800000.0,800000.0,0.0,"",0.0,0.0,"","","","",0.0,0.0
11/08/2023,Faktur Pembelian,14680,ATM SURABAYA,Lunas,"",5950000.0,0.0,10/09/2023,5950000.0,0.0,5950000.0,"","","","","","",CAMERA CANON EOS 3000D 18-55MM III RSM,"","",1.0,UNIT,5950000.0,0.00 %,"",0.0,5950000.0,5950000.0,0.0,"",0.0,0.0,"","","","",0.0,0.0
11/08/2023,Faktur Pembelian,14681,FIKTIF BELI,Lunas,"",699999.9999,0.0,10/09/2023,699999.9999,0.0,699999.9999,"","","","","","",KABEL CCTV PERMETER,"","",300.0,METER,2333.333333,0.00 %,"",0.0,699999.9999,699999.9999,0.0,"",0.0,0.0,"","","","",0.0,0.0
11/08/2023,Faktur Pembelian,14682,IQ TRONIK,Lunas,"",10400000.0,0.0,10/09/2023,10400000.0,0.0,10400000.0,"","","","","","",KERTAS FOTO SPECTRA GLOSSY 260,"","",100.0,PCS,52000.0,0.00 %,"",0.0,5200000.0,5200000.0,0.0,"",0.0,0.0,"","","","",0.0,0.0
11/08/2023,Faktur Pembelian,14682,IQ TRONIK,Lunas,"",10400000.0,0.0,10/09/2023,10400000.0,0.0,10400000.0,"","","","","","",KERTAS FOTO SPECTRA SILKY 260,"","",100.0,PCS,52000.0,0.00 %,"",0.0,5200000.0,5200000.0,0.0,"",0.0,0.0,"","","","",0.0,0.0
11/08/2023,Faktur Pembelian,14683,FIKTIF BELI,Lunas,"",90000.0,0.0,10/09/2023,90000.0,0.0,90000.0,"","","","","","",TINTA CANON ORI 790 BLACK NON PACK,"","",1.0,PCS,30000.0,0.00 %,"",0.0,30000.0,30000.0,0.0,"",0.0,0.0,"","","","",0.0,0.0
11/08/2023,Faktur Pembelian,14683,FIKTIF BELI,Lunas,"",90000.0,0.0,10/09/2023,90000.0,0.0,90000.0,"","","","","","",TINTA CANON ORI 790 CYAN NON PACK,"","",1.0,PCS,30000.0,0.00 %,"",0.0,30000.0,30000.0,0.0,"",0.0,0.0,"","","","",0.0,0.0
11/08/2023,Faktur Pembelian,14683,FIKTIF BELI,Lunas,"",90000.0,0.0,10/09/2023,90000.0,0.0,90000.0,"","","","","","",TINTA CANON ORI 790 YELLOW NON PACK,"","",1.0,PCS,0.0,0.00 %,"",0.0,0.0,0.0,0.0,"",0.0,0.0,"","","","",0.0,0.0
11/08/2023,Faktur Pembelian,14683,FIKTIF BELI,Lunas,"",90000.0,0.0,10/09/2023,90000.0,0.0,90000.0,"","","","","","",TINTA CANON ORI 790 MAGENTA NON PACK,"","",1.0,PCS,30000.0,0.00 %,"",0.0,30000.0,30000.0,0.0,"",0.0,0.0,"","","","",0.0,0.0
11/08/2023,Faktur Pembelian,MD/INV2308/0156,CV.MITRA TEGUH DISTRIBUSI EPRINT MATARAM,Lunas,"",30127680.0,30127680.0,10/09/2023,30127680.0,0.0,0.0,"","","","",RAHMAT,"",SPIDOL SNOWMAN WHITE BOARD (WB-BG-12 HT),"",(1 KOTAK ISI 12PCS),2880.0,PCS,6121.5,0.00 %,"",0.0,17629920.0,17629920.0,0.0,"",0.0,0.0,"","","","",0.0,0.0
11/08/2023,Faktur Pembelian,MD/INV2308/0156,CV.MITRA TEGUH DISTRIBUSI EPRINT MATARAM,Lunas,"",30127680.0,30127680.0,10/09/2023,30127680.0,0.0,0.0,"","","","",RAHMAT,"",TINTA SPIDOL SNOWMAN WBI-20 HT ( WHITE BOARD ),"",(1 KOTAK ISI 12PCS),960.0,PCS,13018.5,0.00 %,"",0.0,12497760.0,12497760.0,0.0,"",0.0,0.0,"","","","",0.0,0.0
11/08/2023,Faktur Pembelian,JL.2308.03086,CANDRA (BLESSING),Lunas,"",22590000.0,0.0,25/08/2023,22590000.0,0.0,22590000.0,"","","","",RAHMAT,"",HP 14S INTEL N4500  8GB 256GB SSD #,"","",3.0,UNIT,4550000.0,0.00 %,"",0.0,13650000.0,13650000.0,0.0,"",0.0,0.0,"","","","",0.0,0.0
11/08/2023,Faktur Pembelian,JL.2308.03086,CANDRA (BLESSING),Lunas,"",22590000.0,0.0,25/08/2023,22590000.0,0.0,22590000.0,"","","","",RAHMAT,"",ASUS A416M N4020 8GB 256GB SSD #,"","",2.0,UNIT,4470000.0,0.00 %,"",0.0,8940000.0,8940000.0,0.0,"",0.0,0.0,"","","","",0.0,0.0
11/08/2023,Faktur Pembelian,00645083_036,PRIYO (K GALAXY),Lunas,"",13375000.0,0.0,10/09/2023,13375000.0,0.0,13375000.0,"","","","","","",CASING PC SIMBADDA SIM V,"",BELUM MASUK ,20.0,PCS,352500.0,0.00 %,"",0.0,7050000.0,7050000.0,0.0,"",0.0,0.0,"","","","",0.0,0.0
11/08/2023,Faktur Pembelian,00645083_036,PRIYO (K GALAXY),Lunas,"",13375000.0,0.0,10/09/2023,13375000.0,0.0,13375000.0,"","","","","","",DVD RW INTERNAL LG,"","",10.0,PCS,200000.0,0.00 %,"",0.0,2000000.0,2000000.0,0.0,"",0.0,0.0,"","","","",0.0,0.0
11/08/2023,Faktur Pembelian,00645083_036,PRIYO (K GALAXY),Lunas,"",13375000.0,0.0,10/09/2023,13375000.0,0.0,13375000.0,"","","","","","","TRIPOT LAYAR PROJECTOR 70"" 172cm x 172cm SCREEN PROJECTOR","","",10.0,PCS,355000.0,0.00 %,"",0.0,3550000.0,3550000.0,0.0,"",0.0,0.0,"","","","",0.0,0.0
11/08/2023,Faktur Pembelian,00645083_036,PRIYO (K GALAXY),Lunas,"",13375000.0,0.0,10/09/2023,13375000.0,0.0,13375000.0,"","","","","","",PROC INTEL CORE I3 GEN 2,"","",10.0,PCS,77500.0,0.00 %,"",0.0,775000.0,775000.0,0.0,"",0.0,0.0,"","","","",0.0,0.0
11/08/2023,Faktur Pembelian,00645119_036,PRIYO (K GALAXY),Lunas,"",3300000.0,0.0,10/09/2023,3300000.0,0.0,3300000.0,"","","","","","",PSU SIMBADDA 400W BOX,"","",15.0,PCS,220000.0,0.00 %,"",0.0,3300000.0,3300000.0,0.0,"",0.0,0.0,"","","","",0.0,0.0
11/08/2023,Faktur Pembelian,00645109_036,PRIYO (K GALAXY),Lunas,"",6250000.0,0.0,10/09/2023,6250000.0,0.0,6250000.0,"","","","","","",RAM PC KINGSTONE DDR3 4GB,"","",20.0,PCS,66000.0,0.00 %,"",0.0,1320000.0,1320000.0,0.0,"",0.0,0.0,"","","","",0.0,0.0
11/08/2023,Faktur Pembelian,00645109_036,PRIYO (K GALAXY),Lunas,"",6250000.0,0.0,10/09/2023,6250000.0,0.0,6250000.0,"","","","","","",MB FAST H61,"","",10.0,PCS,430000.0,0.00 %,"",0.0,4300000.0,4300000.0,0.0,"",0.0,0.0,"","","","",0.0,0.0
11/08/2023,Faktur Pembelian,00645109_036,PRIYO (K GALAXY),Lunas,"",6250000.0,0.0,10/09/2023,6250000.0,0.0,6250000.0,"","","","","","",RAM PC KINGSTONE DDR3 8GB,"","",6.0,PCS,105000.0,0.00 %,"",0.0,630000.0,630000.0,0.0,"",0.0,0.0,"","","","",0.0,0.0
12/08/2023,Faktur Pembelian,fk 3802,BETA COM,Lunas,"",18520000.0,0.0,26/08/2023,18520000.0,0.0,18520000.0,"","","","","","",PRINTER CANON G1730,"","",2.0,UNIT,1455000.0,0.00 %,"",0.0,2910000.0,2910000.0,0.0,"",0.0,0.0,"","","","",0.0,0.0
12/08/2023,Faktur Pembelian,fk 3802,BETA COM,Lunas,"",18520000.0,0.0,26/08/2023,18520000.0,0.0,18520000.0,"","","","","","",PRINTER CANON G2730,"","",7.0,UNIT,1880000.0,0.00 %,"",0.0,13160000.0,13160000.0,0.0,"",0.0,0.0,"","","","",0.0,0.0
12/08/2023,Faktur Pembelian,fk 3802,BETA COM,Lunas,"",18520000.0,0.0,26/08/2023,18520000.0,0.0,18520000.0,"","","","","","",PRINTER CANON G3730,"","",1.0,UNIT,2450000.0,0.00 %,"",0.0,2450000.0,2450000.0,0.0,"",0.0,0.0,"","","","",0.0,0.0
12/08/2023,Faktur Pembelian,14685,HAMDAN MELATI TOKO,Lunas,"",4800000.0,0.0,11/09/2023,4800000.0,0.0,4800000.0,"","","","","","",MEJA PINGPONG TENIS MEJA POWER SPIN,"","",1.0,UNIT,4800000.0,0.00 %,"",0.0,4800000.0,4800000.0,0.0,"",0.0,0.0,"","","","",0.0,0.0
12/08/2023,Faktur Pembelian,14686,HARAPAN BARU,Lunas,"",2965000.0,0.0,11/09/2023,2965000.0,0.0,2965000.0,"","","","","","",SPEAKER ADVANCE K1512,"","",1.0,PCS,1725000.0,0.00 %,"",0.0,1725000.0,1725000.0,0.0,"",0.0,0.0,"","","","",0.0,0.0
12/08/2023,Faktur Pembelian,14686,HARAPAN BARU,Lunas,"",2965000.0,0.0,11/09/2023,2965000.0,0.0,2965000.0,"","","","","","",SPEAKER ADVANCE K1506,"","",1.0,UNIT,1240000.0,0.00 %,"",0.0,1240000.0,1240000.0,0.0,"",0.0,0.0,"","","","",0.0,0.0
12/08/2023,Faktur Pembelian,14688,HARAPAN BARU,Lunas,"",1240000.0,0.0,11/09/2023,1240000.0,0.0,1240000.0,"","","","","","",SPEAKER ADVANCE K1506,"","",1.0,UNIT,1240000.0,0.00 %,"",0.0,1240000.0,1240000.0,0.0,"",0.0,0.0,"","","","",0.0,0.0
12/08/2023,Faktur Pembelian,14689,HOUSE OF FRAME SURABAYA,Lunas,"",4707000.0,0.0,11/09/2023,4707000.0,0.0,4707000.0,"","","JL. SOEKARNO HATTA RT. 012  RW. 004 PANE, RASANAE BARAT","","","",BINGKAI FOTO 20X30 (10R JUMBO),"","",232.0,PCS,16500.0,0.00 %,"",0.0,3828000.0,3828000.0,0.0,"",104000.0,0.0,"","","","",0.0,0.0
12/08/2023,Faktur Pembelian,14689,HOUSE OF FRAME SURABAYA,Lunas,"",4707000.0,0.0,11/09/2023,4707000.0,0.0,4707000.0,"","","JL. SOEKARNO HATTA RT. 012  RW. 004 PANE, RASANAE BARAT","","","",BINGKAI FOTO 10R,"","",50.0,PCS,15500.0,0.00 %,"",0.0,775000.0,775000.0,0.0,"",104000.0,0.0,"","","","",0.0,0.0
12/08/2023,Faktur Pembelian,14690,FIKTIF BELI,Lunas,"",300000.0,0.0,11/09/2023,300000.0,0.0,300000.0,"","","","","","",SODIMM DDR4 COPOTAN,"","",1.0,PCS,300000.0,0.00 %,"",0.0,300000.0,300000.0,0.0,"",0.0,0.0,"","","","",0.0,0.0
12/08/2023,Faktur Pembelian,14691,FIKTIF BELI,Lunas,"",360000.0,0.0,11/09/2023,360000.0,0.0,360000.0,"","","","","","",CATRIDGE 811 COPOTAN,"","",1.0,PCS,180000.0,0.00 %,"",0.0,180000.0,180000.0,0.0,"",0.0,0.0,"","","","",0.0,0.0
12/08/2023,Faktur Pembelian,14691,FIKTIF BELI,Lunas,"",360000.0,0.0,11/09/2023,360000.0,0.0,360000.0,"","","","","","",CATRIDGE 810 COPOTAN,"","",1.0,PCS,180000.0,0.00 %,"",0.0,180000.0,180000.0,0.0,"",0.0,0.0,"","","","",0.0,0.0
12/08/2023,Faktur Pembelian,14692,PT IS PRATAMA ABADI JAKARTA,Lunas,"",18060000.0,0.0,11/09/2023,18060000.0,0.0,18060000.0,"","","","","","",TINTA EPSON 003 BLACK,"","",60.0,PCS,76000.0,0.00 %,"",0.0,4560000.0,4560000.0,0.0,"",0.0,0.0,"","","","",0.0,0.0
12/08/2023,Faktur Pembelian,14692,PT IS PRATAMA ABADI JAKARTA,Lunas,"",18060000.0,0.0,11/09/2023,18060000.0,0.0,18060000.0,"","","","","","",TINTA EPSON 003 MAGENTA,"","",60.0,PCS,75000.0,0.00 %,"",0.0,4500000.0,4500000.0,0.0,"",0.0,0.0,"","","","",0.0,0.0
12/08/2023,Faktur Pembelian,14692,PT IS PRATAMA ABADI JAKARTA,Lunas,"",18060000.0,0.0,11/09/2023,18060000.0,0.0,18060000.0,"","","","","","",TINTA EPSON 003 CYAN,"","",60.0,PCS,75000.0,0.00 %,"",0.0,4500000.0,4500000.0,0.0,"",0.0,0.0,"","","","",0.0,0.0
12/08/2023,Faktur Pembelian,14692,PT IS PRATAMA ABADI JAKARTA,Lunas,"",18060000.0,0.0,11/09/2023,18060000.0,0.0,18060000.0,"","","","","","",TINTA EPSON 003 YELLOW,"","",60.0,PCS,75000.0,0.00 %,"",0.0,4500000.0,4500000.0,0.0,"",0.0,0.0,"","","","",0.0,0.0
12/08/2023,Faktur Pembelian,14693,TATIK (LEGENDA),Lunas,"",22350000.0,0.0,11/09/2023,22350000.0,0.0,22350000.0,"","","","","","",TINTA EPSON 003 BLACK,"","",300.0,PCS,74500.0,0.00 %,"",0.0,22350000.0,22350000.0,0.0,"",0.0,0.0,"","","","",0.0,0.0
12/08/2023,Faktur Pembelian,14694,FIKTIF BELI,Lunas,"",120000.0,0.0,11/09/2023,120000.0,0.0,120000.0,"","","","","","",TINTA CANON ORI 790 BLACK NON PACK,"","",1.0,PCS,30000.0,0.00 %,"",0.0,30000.0,30000.0,0.0,"",0.0,0.0,"","","","",0.0,0.0
12/08/2023,Faktur Pembelian,14694,FIKTIF BELI,Lunas,"",120000.0,0.0,11/09/2023,120000.0,0.0,120000.0,"","","","","","",TINTA CANON ORI 790 CYAN NON PACK,"","",1.0,PCS,30000.0,0.00 %,"",0.0,30000.0,30000.0,0.0,"",0.0,0.0,"","","","",0.0,0.0
12/08/2023,Faktur Pembelian,14694,FIKTIF BELI,Lunas,"",120000.0,0.0,11/09/2023,120000.0,0.0,120000.0,"","","","","","",TINTA CANON ORI 790 YELLOW NON PACK,"","",1.0,PCS,30000.0,0.00 %,"",0.0,30000.0,30000.0,0.0,"",0.0,0.0,"","","","",0.0,0.0
12/08/2023,Faktur Pembelian,14694,FIKTIF BELI,Lunas,"",120000.0,0.0,11/09/2023,120000.0,0.0,120000.0,"","","","","","",TINTA CANON ORI 790 MAGENTA NON PACK,"","",1.0,PCS,30000.0,0.00 %,"",0.0,30000.0,30000.0,0.0,"",0.0,0.0,"","","","",0.0,0.0
12/08/2023,Faktur Pembelian,JL.2308.03313,CANDRA (BLESSING),Lunas,"",14420000.0,0.0,26/08/2023,14420000.0,0.0,14420000.0,"","","","",RAHMAT,"","SSD LEXAR 512GB LNS100-512RB VALUE 2,5 SATA","","",5.0,PCS,420000.0,0.00 %,"",0.0,2100000.0,2100000.0,0.0,"",0.0,0.0,"","","","",0.0,0.0
12/08/2023,Faktur Pembelian,JL.2308.03313,CANDRA (BLESSING),Lunas,"",14420000.0,0.0,26/08/2023,14420000.0,0.0,14420000.0,"","","","",RAHMAT,"",HP PAVILION AERO 13 BE2001AU AMD RYZEN 5 7535U 2X8GB 512GB SSD WIN,"","",1.0,UNIT,12320000.0,0.00 %,"",0.0,12320000.0,12320000.0,0.0,"",0.0,0.0,"","","","",0.0,0.0
13/08/2023,Faktur Pembelian,14695,FIKTIF BELI,Lunas,"",150000.0,0.0,12/09/2023,150000.0,0.0,150000.0,"","","","","","",TINTA CANON ORI 790 BLACK NON PACK,"","",1.0,PCS,60000.0,0.00 %,"",0.0,60000.0,60000.0,0.0,"",0.0,0.0,"","","","",0.0,0.0
13/08/2023,Faktur Pembelian,14695,FIKTIF BELI,Lunas,"",150000.0,0.0,12/09/2023,150000.0,0.0,150000.0,"","","","","","",TINTA CANON ORI 790 CYAN NON PACK,"","",1.0,PCS,30000.0,0.00 %,"",0.0,30000.0,30000.0,0.0,"",0.0,0.0,"","","","",0.0,0.0
13/08/2023,Faktur Pembelian,14695,FIKTIF BELI,Lunas,"",150000.0,0.0,12/09/2023,150000.0,0.0,150000.0,"","","","","","",TINTA CANON ORI 790 YELLOW NON PACK,"","",1.0,PCS,30000.0,0.00 %,"",0.0,30000.0,30000.0,0.0,"",0.0,0.0,"","","","",0.0,0.0
13/08/2023,Faktur Pembelian,14695,FIKTIF BELI,Lunas,"",150000.0,0.0,12/09/2023,150000.0,0.0,150000.0,"","","","","","",TINTA CANON ORI 790 MAGENTA NON PACK,"","",1.0,PCS,30000.0,0.00 %,"",0.0,30000.0,30000.0,0.0,"",0.0,0.0,"","","","",0.0,0.0
13/08/2023,Faktur Pembelian,14696,FIKTIF BELI,Lunas,"",300000.0,0.0,12/09/2023,300000.0,0.0,300000.0,"","","","","","",SODIMM DDR4 COPOTAN,"","",1.0,PCS,300000.0,0.00 %,"",0.0,300000.0,300000.0,0.0,"",0.0,0.0,"","","","",0.0,0.0
13/08/2023,Faktur Pembelian,14697,IQ TRONIK,Lunas,"",10400000.0,0.0,12/09/2023,10400000.0,0.0,10400000.0,"","","","","","",KERTAS FOTO SPECTRA GLOSSY 260,"","",100.0,PCS,52000.0,0.00 %,"",0.0,5200000.0,5200000.0,0.0,"",0.0,0.0,"","","","",0.0,0.0
13/08/2023,Faktur Pembelian,14697,IQ TRONIK,Lunas,"",10400000.0,0.0,12/09/2023,10400000.0,0.0,10400000.0,"","","","","","",KERTAS FOTO SPECTRA SILKY 260,"","",100.0,PCS,52000.0,0.00 %,"",0.0,5200000.0,5200000.0,0.0,"",0.0,0.0,"","","","",0.0,0.0
13/08/2023,Faktur Pembelian,14698,FIKTIF BELI,Lunas,"",630000.0,0.0,12/09/2023,630000.0,0.0,630000.0,"","","","","","",CHARGER CANON LC E10,"","",6.0,PCS,105000.0,0.00 %,"",0.0,630000.0,630000.0,0.0,"",0.0,0.0,"","","","",0.0,0.0
13/08/2023,Faktur Pembelian,14699,FIKTIF BELI,Lunas,"",550000.0,0.0,12/09/2023,550000.0,0.0,550000.0,"","","","","","",BATERAI CAMERA CANON LP E10,"","",5.0,PCS,110000.0,0.00 %,"",0.0,550000.0,550000.0,0.0,"",0.0,0.0,"","","","",0.0,0.0
13/08/2023,Faktur Pembelian,14700,DARMA DJ COMP,Lunas,"",24000000.0,0.0,12/09/2023,24000000.0,0.0,24000000.0,"","","","","","",ACER A314 35 N5100 8GB SSD 256GB,"","",3.0,UNIT,4700000.0,0.00 %,"",0.0,14100000.0,14100000.0,0.0,"",0.0,0.0,"","","",087876835295,0.0,0.0
13/08/2023,Faktur Pembelian,14700,DARMA DJ COMP,Lunas,"",24000000.0,0.0,12/09/2023,24000000.0,0.0,24000000.0,"","","","","","",ACER A314 35 INTEL N5100 8GB 512GB SSD WIN 11,"","",2.0,UNIT,4950000.0,0.00 %,"",0.0,9900000.0,9900000.0,0.0,"",0.0,0.0,"","","",087876835295,0.0,0.0
13/08/2023,Faktur Pembelian,14701,FIKTIF BELI,Lunas,"",1215000.0,0.0,12/09/2023,1215000.0,0.0,1215000.0,"","","","","","",KERTAS FOTO DATA PRINT SILKY,"","",30.0,PCS,40500.0,0.00 %,"",0.0,1215000.0,1215000.0,0.0,"",0.0,0.0,"","","","",0.0,0.0
13/08/2023,Faktur Pembelian,14702,LILI (PLATINUM),Lunas,"",560000.0,0.0,12/09/2023,560000.0,0.0,560000.0,"","","","","","",BATERAI LAPTOP ACER E5 - 473 (AL15A32),"","",1.0,PCS,320000.0,0.00 %,"",0.0,320000.0,320000.0,0.0,"",0.0,0.0,"","","","",0.0,0.0
13/08/2023,Faktur Pembelian,14702,LILI (PLATINUM),Lunas,"",560000.0,0.0,12/09/2023,560000.0,0.0,560000.0,"","","","","","",BATERAI ASUS A32 AG,"","",1.0,PCS,240000.0,0.00 %,"",0.0,240000.0,240000.0,0.0,"",0.0,0.0,"","","","",0.0,0.0
14/08/2023,Faktur Pembelian,JL.2308.03748,CANDRA (BLESSING),Lunas,"",54585000.0,0.0,28/08/2023,54585000.0,0.0,54585000.0,"","","","",AGUS,"",HDD PC WD PURPLE 2TB,"","",2.0,PCS,905000.0,0.00 %,"",0.0,1810000.0,1810000.0,0.0,"",0.0,0.0,"","","","",0.0,0.0
14/08/2023,Faktur Pembelian,JL.2308.03748,CANDRA (BLESSING),Lunas,"",54585000.0,0.0,28/08/2023,54585000.0,0.0,54585000.0,"","","","",AGUS,"",CONNECTOR RJ45 COMMSCOPE CAT 5E (PACK),"","",50.0,PACK,104000.0,0.00 %,"",0.0,5200000.0,5200000.0,0.0,"",0.0,0.0,"","","","",0.0,0.0
14/08/2023,Faktur Pembelian,JL.2308.03748,CANDRA (BLESSING),Lunas,"",54585000.0,0.0,28/08/2023,54585000.0,0.0,54585000.0,"","","","",AGUS,"",MB GIGABYTE GA H81M DS2,"","",4.0,PCS,930000.0,0.00 %,"",0.0,3720000.0,3720000.0,0.0,"",0.0,0.0,"","","","",0.0,0.0
14/08/2023,Faktur Pembelian,JL.2308.03748,CANDRA (BLESSING),Lunas,"",54585000.0,0.0,28/08/2023,54585000.0,0.0,54585000.0,"","","","",AGUS,"",PSU AEROCOOL LUX 550W BRONZE (dus putih),"","",2.0,PCS,485000.0,0.00 %,"",0.0,970000.0,970000.0,0.0,"",0.0,0.0,"","","","",0.0,0.0
14/08/2023,Faktur Pembelian,JL.2308.03748,CANDRA (BLESSING),Lunas,"",54585000.0,0.0,28/08/2023,54585000.0,0.0,54585000.0,"","","","",AGUS,"",PSU AEROCOOL LUX RGB MODULAR 650W #,"","",1.0,PCS,655000.0,0.00 %,"",0.0,655000.0,655000.0,0.0,"",0.0,0.0,"","","","",0.0,0.0
14/08/2023,Faktur Pembelian,JL.2308.03748,CANDRA (BLESSING),Lunas,"",54585000.0,0.0,28/08/2023,54585000.0,0.0,54585000.0,"","","","",AGUS,"",SSD LEXAR 256GB NM620 M.2 2280 NVME PCI GEN3X4,"","",4.0,PCS,270000.0,0.00 %,"",0.0,1080000.0,1080000.0,0.0,"",0.0,0.0,"","","","",0.0,0.0
14/08/2023,Faktur Pembelian,JL.2308.03748,CANDRA (BLESSING),Lunas,"",54585000.0,0.0,28/08/2023,54585000.0,0.0,54585000.0,"","","","",AGUS,"",ACER 3 A314 36M Ci3-N305 8GB 512GB SSD WIN 11,"","",4.0,UNIT,6150000.0,0.00 %,"",0.0,24600000.0,24600000.0,0.0,"",0.0,0.0,"","","","",0.0,0.0
14/08/2023,Faktur Pembelian,JL.2308.03748,CANDRA (BLESSING),Lunas,"",54585000.0,0.0,28/08/2023,54585000.0,0.0,54585000.0,"","","","",AGUS,"",HP 240 I3 - 1115G4 8GB 256GB WIN 11 #,"","",2.0,UNIT,5495000.0,0.00 %,"",0.0,10990000.0,10990000.0,0.0,"",0.0,0.0,"","","","",0.0,0.0
14/08/2023,Faktur Pembelian,JL.2308.03748,CANDRA (BLESSING),Lunas,"",54585000.0,0.0,28/08/2023,54585000.0,0.0,54585000.0,"","","","",AGUS,"",AXIOO 14F INTEL N4020 6GB 256GB SSD FHD #,"","",2.0,UNIT,2780000.0,0.00 %,"",0.0,5560000.0,5560000.0,0.0,"",0.0,0.0,"","","","",0.0,0.0
14/08/2023,Faktur Pembelian,14703,IQ TRONIK,Lunas,"",10400000.0,0.0,13/09/2023,10400000.0,0.0,10400000.0,"","","","","","",KERTAS FOTO SPECTRA GLOSSY 260,"","",100.0,PCS,52000.0,0.00 %,"",0.0,5200000.0,5200000.0,0.0,"",0.0,0.0,"","","","",0.0,0.0
14/08/2023,Faktur Pembelian,14703,IQ TRONIK,Lunas,"",10400000.0,0.0,13/09/2023,10400000.0,0.0,10400000.0,"","","","","","",KERTAS FOTO SPECTRA SILKY 260,"","",100.0,PCS,52000.0,0.00 %,"",0.0,5200000.0,5200000.0,0.0,"",0.0,0.0,"","","","",0.0,0.0
14/08/2023,Faktur Pembelian,14704,AIRAV,Lunas,"",585667.000032,0.0,13/09/2023,585667.000032,0.0,585667.000032,"","","","","","",BATERAI PANASONIC / ENR POWER/ ABC  ALKALINE AA,"","",96.0,PCS,6100.697917,0.00 %,"",0.0,585667.000032,585667.000032,0.0,"",0.0,0.0,"","","","",0.0,0.0
14/08/2023,Faktur Pembelian,14705,OBOR MAS,Lunas,"",96000.0,0.0,13/09/2023,96000.0,0.0,96000.0,"","","","","","",LEM POVINAL TANGGUNG,"","",24.0,PCS,4000.0,0.00 %,"",0.0,96000.0,96000.0,0.0,"",0.0,0.0,"","","","",0.0,0.0
14/08/2023,Faktur Pembelian,14706,FIKTIF BELI,Lunas,"",150000.0,0.0,13/09/2023,150000.0,0.0,150000.0,"","","","","","",TINTA CANON ORI 790 BLACK NON PACK,"","",1.0,PCS,60000.0,0.00 %,"",0.0,60000.0,60000.0,0.0,"",0.0,0.0,"","","","",0.0,0.0
14/08/2023,Faktur Pembelian,14706,FIKTIF BELI,Lunas,"",150000.0,0.0,13/09/2023,150000.0,0.0,150000.0,"","","","","","",TINTA CANON ORI 790 CYAN NON PACK,"","",1.0,PCS,30000.0,0.00 %,"",0.0,30000.0,30000.0,0.0,"",0.0,0.0,"","","","",0.0,0.0
14/08/2023,Faktur Pembelian,14706,FIKTIF BELI,Lunas,"",150000.0,0.0,13/09/2023,150000.0,0.0,150000.0,"","","","","","",TINTA CANON ORI 790 YELLOW NON PACK,"","",1.0,PCS,30000.0,0.00 %,"",0.0,30000.0,30000.0,0.0,"",0.0,0.0,"","","","",0.0,0.0
14/08/2023,Faktur Pembelian,14706,FIKTIF BELI,Lunas,"",150000.0,0.0,13/09/2023,150000.0,0.0,150000.0,"","","","","","",TINTA CANON ORI 790 MAGENTA NON PACK,"","",1.0,PCS,30000.0,0.00 %,"",0.0,30000.0,30000.0,0.0,"",0.0,0.0,"","","","",0.0,0.0
14/08/2023,Faktur Pembelian,PJL-23-08-00348,PT. Surya Makmur Kreasindo (HJ),Lunas,"",64349999.999986,0.0,28/08/2023,57972972.97296,6377027.027026,64349999.999986,"",SURABAYA,"","",CV TIGA NUSA,"",* PRINTER EPSON L3210,"","",30.0,UNIT,1932432.432432,0.00 %,11.0,6377027.027025599999936229729729744,57972972.97296,57972972.97296,0.0,"",0.0,0.0,PT. Surya Makmur Kreasindo,"",081515111951,"",0.0,0.0
14/08/2023,Faktur Pembelian,KARMEN / INV/2023/108253,WULAN (DISCOUNT NOTEBOOK),Lunas,"",650000.0,0.0,13/09/2023,650000.0,0.0,650000.0,"","","","","","",KEYBOARD ACER V5 132,"","",10.0,PCS,65000.0,0.00 %,"",0.0,650000.0,650000.0,0.0,"",0.0,0.0,"","","","",0.0,0.0
14/08/2023,Faktur Pembelian,001584,LILI (PLATINUM),Lunas,"",6600000.0,0.0,13/09/2023,6600000.0,0.0,6600000.0,"","","","","","",COOLINGPAD KEPITING,"","",300.0,PCS,22000.0,0.00 %,"",0.0,6600000.0,6600000.0,0.0,"",0.0,0.0,"","","","",0.0,0.0
14/08/2023,Faktur Pembelian,JL/23/08/00000189,CV. NOAH SEJAHTERA ABADI,Lunas,"",7500000.0,0.0,28/08/2023,7500000.0,0.0,7500000.0,"","","","","","","LED MONITOR PIXEL 19""","","",10.0,UNIT,750000.0,0.00 %,"",0.0,7500000.0,7500000.0,0.0,"",0.0,0.0,"","","","",0.0,0.0
14/08/2023,Faktur Pembelian,00645329_036,PRIYO (K GALAXY),Lunas,"",16720000.0,0.0,13/09/2023,16720000.0,0.0,16720000.0,"","","","","","",UPS PROLINK PRO 700 (650 VA),"","",16.0,PCS,545000.0,0.00 %,"",0.0,8720000.0,8720000.0,0.0,"",0.0,0.0,"","","","",0.0,0.0
14/08/2023,Faktur Pembelian,00645329_036,PRIYO (K GALAXY),Lunas,"",16720000.0,0.0,13/09/2023,16720000.0,0.0,16720000.0,"","","","","","",UPS PROLINK PRO 1210 (1200VA),"","",8.0,PCS,1000000.0,0.00 %,"",0.0,8000000.0,8000000.0,0.0,"",0.0,0.0,"","","","",0.0,0.0
15/08/2023,Faktur Pembelian,JL.2308.04386,CANDRA (BLESSING),Lunas,"",19980000.0,0.0,29/08/2023,19980000.0,0.0,19980000.0,"","","","",RAHMAT,"",HP 14S Ci5-1235U 8GB 512GB SSD INTEL XE WIN 11,"","",1.0,UNIT,8340000.0,0.00 %,"",0.0,8340000.0,8340000.0,0.0,"",0.0,0.0,"","","","",0.0,0.0
15/08/2023,Faktur Pembelian,JL.2308.04386,CANDRA (BLESSING),Lunas,"",19980000.0,0.0,29/08/2023,19980000.0,0.0,19980000.0,"","","","",RAHMAT,"",APPLE MACBOOK AIR 13 M1 8GB 256GB,"","",1.0,UNIT,11640000.0,0.00 %,"",0.0,11640000.0,11640000.0,0.0,"",0.0,0.0,"","","","",0.0,0.0
15/08/2023,Faktur Pembelian,JL.2308.04307,CANDRA (BLESSING),Lunas,"",19204000.0,0.0,29/08/2023,19204000.0,0.0,19204000.0,"","","","",ARIES,"",SWITCH LAN TPLINK TL-SG1008D GIGABIT 8 PORT #,"","",4.0,PCS,270000.0,0.00 %,"",0.0,1080000.0,1080000.0,0.0,"",0.0,0.0,"","","","",0.0,0.0
15/08/2023,Faktur Pembelian,JL.2308.04307,CANDRA (BLESSING),Lunas,"",19204000.0,0.0,29/08/2023,19204000.0,0.0,19204000.0,"","","","",ARIES,"","LED SAMSUNG 24"" LS24R350FZEXXD FHD 75HZ #","","",1.0,UNIT,1550000.0,0.00 %,"",0.0,1550000.0,1550000.0,0.0,"",0.0,0.0,"","","","",0.0,0.0
15/08/2023,Faktur Pembelian,JL.2308.04307,CANDRA (BLESSING),Lunas,"",19204000.0,0.0,29/08/2023,19204000.0,0.0,19204000.0,"","","","",ARIES,"",MB MSI INTEL H310M PRO - VDH,"","",1.0,PCS,865000.0,0.00 %,"",0.0,865000.0,865000.0,0.0,"",0.0,0.0,"","","","",0.0,0.0
15/08/2023,Faktur Pembelian,JL.2308.04307,CANDRA (BLESSING),Lunas,"",19204000.0,0.0,29/08/2023,19204000.0,0.0,19204000.0,"","","","",ARIES,"",SODIMM KINGSTONE DDR4 FURY 8GB PC 3200,"","",5.0,PCS,315000.0,0.00 %,"",0.0,1575000.0,1575000.0,0.0,"",0.0,0.0,"","","","",0.0,0.0
15/08/2023,Faktur Pembelian,JL.2308.04307,CANDRA (BLESSING),Lunas,"",19204000.0,0.0,29/08/2023,19204000.0,0.0,19204000.0,"","","","",ARIES,"",ASUS M1403QA-VIPS AMD Ryzen 5 5600H 8GB 512GB SSD W11 Home + OHS 2021 #,"","",1.0,UNIT,7790000.0,0.00 %,"",0.0,7790000.0,7790000.0,0.0,"",0.0,0.0,"","","","",0.0,0.0
15/08/2023,Faktur Pembelian,JL.2308.04307,CANDRA (BLESSING),Lunas,"",19204000.0,0.0,29/08/2023,19204000.0,0.0,19204000.0,"","","","",ARIES,"",ASUS A1400EA I3-1115G4 8GB 512GB SSD WIN 11,"","",1.0,UNIT,5840000.0,0.00 %,"",0.0,5840000.0,5840000.0,0.0,"",0.0,0.0,"","","","",0.0,0.0
15/08/2023,Faktur Pembelian,JL.2308.04307,CANDRA (BLESSING),Lunas,"",19204000.0,0.0,29/08/2023,19204000.0,0.0,19204000.0,"","","","",ARIES,"",SWITCH LAN TPLINK 5 PORT LS105G 10/100/1000Mbps,"","",3.0,PCS,168000.0,0.00 %,"",0.0,504000.0,504000.0,0.0,"",0.0,0.0,"","","","",0.0,0.0
15/08/2023,Faktur Pembelian,JL.2308.04406,CANDRA (BLESSING),Lunas,"",12300000.0,0.0,29/08/2023,12300000.0,0.0,12300000.0,"","","","",AGUS,"",ACER 3 A314 36M Ci3-N305 8GB 512GB SSD WIN 11,"","",2.0,UNIT,6150000.0,0.00 %,"",0.0,12300000.0,12300000.0,0.0,"",0.0,0.0,"","","","",0.0,0.0
15/08/2023,Faktur Pembelian,14709,FIKTIF BELI,Lunas,"",120000.0,0.0,14/09/2023,120000.0,0.0,120000.0,"","","","","","",TINTA CANON ORI 790 BLACK NON PACK,"","",1.0,PCS,30000.0,0.00 %,"",0.0,30000.0,30000.0,0.0,"",0.0,0.0,"","","","",0.0,0.0
15/08/2023,Faktur Pembelian,14709,FIKTIF BELI,Lunas,"",120000.0,0.0,14/09/2023,120000.0,0.0,120000.0,"","","","","","",TINTA CANON ORI 790 CYAN NON PACK,"","",1.0,PCS,30000.0,0.00 %,"",0.0,30000.0,30000.0,0.0,"",0.0,0.0,"","","","",0.0,0.0
15/08/2023,Faktur Pembelian,14709,FIKTIF BELI,Lunas,"",120000.0,0.0,14/09/2023,120000.0,0.0,120000.0,"","","","","","",TINTA CANON ORI 790 YELLOW NON PACK,"","",1.0,PCS,30000.0,0.00 %,"",0.0,30000.0,30000.0,0.0,"",0.0,0.0,"","","","",0.0,0.0
15/08/2023,Faktur Pembelian,14709,FIKTIF BELI,Lunas,"",120000.0,0.0,14/09/2023,120000.0,0.0,120000.0,"","","","","","",TINTA CANON ORI 790 MAGENTA NON PACK,"","",1.0,PCS,30000.0,0.00 %,"",0.0,30000.0,30000.0,0.0,"",0.0,0.0,"","","","",0.0,0.0
15/08/2023,Faktur Pembelian,14710,FIKTIF BELI,Lunas,"",150000.0,0.0,14/09/2023,150000.0,0.0,150000.0,"","","","","","",TINTA CANON ORI 790 BLACK NON PACK,"","",1.0,PCS,60000.0,0.00 %,"",0.0,60000.0,60000.0,0.0,"",0.0,0.0,"","","","",0.0,0.0
15/08/2023,Faktur Pembelian,14710,FIKTIF BELI,Lunas,"",150000.0,0.0,14/09/2023,150000.0,0.0,150000.0,"","","","","","",TINTA CANON ORI 790 CYAN NON PACK,"","",1.0,PCS,30000.0,0.00 %,"",0.0,30000.0,30000.0,0.0,"",0.0,0.0,"","","","",0.0,0.0
15/08/2023,Faktur Pembelian,14710,FIKTIF BELI,Lunas,"",150000.0,0.0,14/09/2023,150000.0,0.0,150000.0,"","","","","","",TINTA CANON ORI 790 YELLOW NON PACK,"","",1.0,PCS,30000.0,0.00 %,"",0.0,30000.0,30000.0,0.0,"",0.0,0.0,"","","","",0.0,0.0
15/08/2023,Faktur Pembelian,14710,FIKTIF BELI,Lunas,"",150000.0,0.0,14/09/2023,150000.0,0.0,150000.0,"","","","","","",TINTA CANON ORI 790 MAGENTA NON PACK,"","",1.0,PCS,30000.0,0.00 %,"",0.0,30000.0,30000.0,0.0,"",0.0,0.0,"","","","",0.0,0.0
15/08/2023,Faktur Pembelian,001586,LILI (PLATINUM),Lunas,"",8051000.0,0.0,14/09/2023,8051000.0,0.0,8051000.0,"","","","","","",MOUSE BRANDED,"","",99.0,PCS,19000.0,0.00 %,"",0.0,1881000.0,1881000.0,0.0,"",0.0,0.0,"","","","",0.0,0.0
15/08/2023,Faktur Pembelian,001586,LILI (PLATINUM),Lunas,"",8051000.0,0.0,14/09/2023,8051000.0,0.0,8051000.0,"","","","","","",BATERAI ASUS X200CA,"","",1.0,PCS,250000.0,0.00 %,"",0.0,250000.0,250000.0,0.0,"",0.0,0.0,"","","","",0.0,0.0
15/08/2023,Faktur Pembelian,001586,LILI (PLATINUM),Lunas,"",8051000.0,0.0,14/09/2023,8051000.0,0.0,8051000.0,"","","","","","",COOLINGPAD KEPITING,"","",100.0,PCS,22000.0,0.00 %,"",0.0,2200000.0,2200000.0,0.0,"",0.0,0.0,"","","","",0.0,0.0
15/08/2023,Faktur Pembelian,001586,LILI (PLATINUM),Lunas,"",8051000.0,0.0,14/09/2023,8051000.0,0.0,8051000.0,"","","","","","",ANYCAST M9,"","",17.0,PCS,90000.0,0.00 %,"",0.0,1530000.0,1530000.0,0.0,"",0.0,0.0,"","","","",0.0,0.0
15/08/2023,Faktur Pembelian,001586,LILI (PLATINUM),Lunas,"",8051000.0,0.0,14/09/2023,8051000.0,0.0,8051000.0,"","","","","","",USB BLUETOOTH V5,"","",50.0,PCS,22000.0,0.00 %,"",0.0,1100000.0,1100000.0,0.0,"",0.0,0.0,"","","","",0.0,0.0
15/08/2023,Faktur Pembelian,001586,LILI (PLATINUM),Lunas,"",8051000.0,0.0,14/09/2023,8051000.0,0.0,8051000.0,"","","","","","",KABEL DATA HDD EXTERNAL 3.0,"","",30.0,PCS,15000.0,0.00 %,"",0.0,450000.0,450000.0,0.0,"",0.0,0.0,"","","","",0.0,0.0
15/08/2023,Faktur Pembelian,001586,LILI (PLATINUM),Lunas,"",8051000.0,0.0,14/09/2023,8051000.0,0.0,8051000.0,"","","","","","",BATERAI ACER AL12B32 SLIM,"","",2.0,PCS,320000.0,0.00 %,"",0.0,640000.0,640000.0,0.0,"",0.0,0.0,"","","","",0.0,0.0
15/08/2023,Faktur Pembelian,001590,LILI (PLATINUM),Lunas,"",200000.0,0.0,14/09/2023,200000.0,0.0,200000.0,"","","","","","",BATERAI CMOS CR2032,"","",100.0,PCS,2000.0,0.00 %,"",0.0,200000.0,200000.0,0.0,"",0.0,0.0,"","","","",0.0,0.0
15/08/2023,Faktur Pembelian,JL5523080785,YULI (HP CENTRE),Lunas,"",27900000.0,0.0,14/09/2023,27900000.0,0.0,27900000.0,"","","","",ARIES,"","ACER 5 A514 - 55G i5-1235U 8GB 512GB SSD MX 550 2GB 14""","","",3.0,UNIT,9300000.0,0.00 %,"",0.0,27900000.0,27900000.0,0.0,"",0.0,0.0,"","","","",0.0,0.0
15/08/2023,Faktur Pembelian,JL5523080786,YULI (HP CENTRE),Lunas,"",13350000.0,0.0,14/09/2023,13350000.0,0.0,13350000.0,"","","","",ARIES,"",HP 14S INTEL N4500  8GB 256GB SSD #,"","",3.0,UNIT,4450000.0,0.00 %,"",0.0,13350000.0,13350000.0,0.0,"",0.0,0.0,"","","","",0.0,0.0
16/08/2023,Faktur Pembelian,14712,FIKTIF BELI,Lunas,"",699999.999935,0.0,15/09/2023,699999.999935,0.0,699999.999935,"","","","","","",KABEL CCTV PERMETER,"","",305.0,METER,2295.081967,0.00 %,"",0.0,699999.999935,699999.999935,0.0,"",0.0,0.0,"","","","",0.0,0.0
16/08/2023,Faktur Pembelian,082023309224,AGUS (DORAN),Lunas,PAKE SENDIRI ,1710000.0,0.0,15/09/2023,1710000.0,0.0,1710000.0,"",SURABAYA,"","","","",MICRO SD 128GB CL10 ULTRA SANDISK,"","",2.0,PCS,125000.0,0.00 %,"",0.0,250000.0,250000.0,0.0,"",0.0,0.0,"","","","",0.0,0.0
16/08/2023,Faktur Pembelian,082023309224,AGUS (DORAN),Lunas,PAKE SENDIRI ,1710000.0,0.0,15/09/2023,1710000.0,0.0,1710000.0,"",SURABAYA,"","","","",CAMERA EZVIZ OUTDOOR H8C 4MP,"","",2.0,UNIT,730000.0,0.00 %,"",0.0,1460000.0,1460000.0,0.0,"",0.0,0.0,"","","","",0.0,0.0
16/08/2023,Faktur Pembelian,JL.2308.04524,CANDRA (BLESSING),Lunas,"",18670000.0,0.0,30/08/2023,18670000.0,0.0,18670000.0,"","","","",AGUS,"","AXIOO 11G N4000/4GB/256GB SSD/11,6""","","",3.0,UNIT,2330000.0,0.00 %,"",0.0,6990000.0,6990000.0,0.0,"",0.0,0.0,"","","","",0.0,0.0
16/08/2023,Faktur Pembelian,JL.2308.04524,CANDRA (BLESSING),Lunas,"",18670000.0,0.0,30/08/2023,18670000.0,0.0,18670000.0,"","","","",AGUS,"",ASUS A1400EA I3-1115G4 8GB 512GB SSD WIN 11,"","",2.0,UNIT,5840000.0,0.00 %,"",0.0,11680000.0,11680000.0,0.0,"",0.0,0.0,"","","","",0.0,0.0
16/08/2023,Faktur Pembelian,PJL-23-08-00429,PT. Surya Makmur Kreasindo (HJ),Lunas,"",39974999.999991,0.0,30/08/2023,36013513.513505,3961486.486486,39974999.999991,"",SURABAYA,"","",CV TIGA NUSA,"",* PRINTER EPSON L121,"","",5.0,UNIT,1405405.405405,0.00 %,11.0,772972.9729727499999922702702702725,7027027.027025,7027027.027025,0.0,"",0.0,0.0,PT. Surya Makmur Kreasindo,"",081515111951,"",0.0,0.0
16/08/2023,Faktur Pembelian,PJL-23-08-00429,PT. Surya Makmur Kreasindo (HJ),Lunas,"",39974999.999991,0.0,30/08/2023,36013513.513505,3961486.486486,39974999.999991,"",SURABAYA,"","",CV TIGA NUSA,"",* PRINTER EPSON L3210,"","",15.0,UNIT,1932432.432432,0.00 %,11.0,3188513.513512799999968114864864872,28986486.48648,28986486.48648,0.0,"",0.0,0.0,PT. Surya Makmur Kreasindo,"",081515111951,"",0.0,0.0
16/08/2023,Faktur Pembelian,JL.2308.04545,CANDRA (BLESSING),Lunas,"",21760000.0,0.0,30/08/2023,21760000.0,0.0,21760000.0,"","","","",ARIES,"",ASUS A1400EA FHD I3 - 1115G4 4GB 256GB SSD WIN 11,"","",4.0,UNIT,5440000.0,0.00 %,"",0.0,21760000.0,21760000.0,0.0,"",0.0,0.0,"","","","",0.0,0.0
16/08/2023,Faktur Pembelian,JL.2308.04563,CANDRA (BLESSING),Lunas,"",8070000.0,0.0,30/08/2023,8070000.0,0.0,8070000.0,"","","","",RAHMAT,"",HDD EXTERNAL TOSHIBA BASIC 1 TB,"","",6.0,PCS,650000.0,0.00 %,"",0.0,3900000.0,3900000.0,0.0,"",0.0,0.0,"","","","",0.0,0.0
16/08/2023,Faktur Pembelian,JL.2308.04563,CANDRA (BLESSING),Lunas,"",8070000.0,0.0,30/08/2023,8070000.0,0.0,8070000.0,"","","","",RAHMAT,"",HDD EXTERNAL SEAGATE EXPANSION 1TB #,"","",6.0,PCS,695000.0,0.00 %,"",0.0,4170000.0,4170000.0,0.0,"",0.0,0.0,"","","","",0.0,0.0
16/08/2023,Faktur Pembelian,14714,FIKTIF BELI,Lunas,"",632000.0,0.0,15/09/2023,632000.0,0.0,632000.0,"","","","","","",BLUEPRINT PRINTER LITE TMU58D BLUETOOTH,"","",2.0,UNIT,316000.0,0.00 %,"",0.0,632000.0,632000.0,0.0,"",0.0,0.0,"","","","",0.0,0.0
16/08/2023,Faktur Pembelian,JL.2308.04715,CANDRA (BLESSING),Lunas,"",555000.0,0.0,30/08/2023,555000.0,0.0,555000.0,"","","","",AGUS,"",VGA CARD DIGITAL ALIANCE GT 730 4GB DDR3 128 BIT,"","",1.0,PCS,555000.0,0.00 %,"",0.0,555000.0,555000.0,0.0,"",0.0,0.0,"","","","",0.0,0.0
16/08/2023,Faktur Pembelian,14715,TATIK (LEGENDA),Lunas,"",6900000.0,0.0,15/09/2023,6900000.0,0.0,6900000.0,"","","","","","",PRINTER CANON IX 6770,"","",2.0,UNIT,3450000.0,0.00 %,"",0.0,6900000.0,6900000.0,0.0,"",0.0,0.0,"","","","",0.0,0.0
16/08/2023,Faktur Pembelian,14716,TATIK (LEGENDA),Lunas,"",208000.0,0.0,15/09/2023,208000.0,0.0,208000.0,"","","","","","",MAINTENANCE BOX CANON G2730 / G1730 / G3730 ( MC - G04 ),"","",2.0,PCS,104000.0,0.00 %,"",0.0,208000.0,208000.0,0.0,"",0.0,0.0,"","","","",0.0,0.0
16/08/2023,Faktur Pembelian,14717,TIMBUL SUBUR PLASTIK,Lunas,"",4355000.0,0.0,15/09/2023,4355000.0,0.0,4355000.0,"","","","","","","PLASTIK OPP 11,5 X 24","","",350.0,PCS,4900.0,0.00 %,"",0.0,1715000.0,1715000.0,0.0,"",0.0,0.0,"","","","",0.0,0.0
16/08/2023,Faktur Pembelian,14717,TIMBUL SUBUR PLASTIK,Lunas,"",4355000.0,0.0,15/09/2023,4355000.0,0.0,4355000.0,"","","","","","",OPP 23 X 30 (PLASTIK 10R),"","",240.0,PCS,11000.0,0.00 %,"",0.0,2640000.0,2640000.0,0.0,"",0.0,0.0,"","","","",0.0,0.0
16/08/2023,Faktur Pembelian,14718,TIMBUL SUBUR PLASTIK,Lunas,"",2045000.0,0.0,15/09/2023,2045000.0,0.0,2045000.0,"","","","","","","PLASTIK OPP 11,5 X 24","","",350.0,PCS,4900.0,0.00 %,"",0.0,1715000.0,1715000.0,0.0,"",0.0,0.0,"","","","",0.0,0.0
16/08/2023,Faktur Pembelian,14718,TIMBUL SUBUR PLASTIK,Lunas,"",2045000.0,0.0,15/09/2023,2045000.0,0.0,2045000.0,"","","","","","",OPP 23 X 30 (PLASTIK 10R),"","",30.0,PCS,11000.0,0.00 %,"",0.0,330000.0,330000.0,0.0,"",0.0,0.0,"","","","",0.0,0.0
16/08/2023,Faktur Pembelian,14719,CANON BALI,Lunas,"",4045950.0,0.0,15/09/2023,3645000.0,400950.0,4045950.0,"","","","",CV TIGA NUSA,"",* AUTO SHEET FEEDER FOR G1010 / G2010,"","",5.0,UNIT,207000.0,0.00 %,11.0,113849.9999999999999988615,1035000.0,1035000.0,0.0,"",0.0,0.0,"","","","",0.0,0.0
16/08/2023,Faktur Pembelian,14719,CANON BALI,Lunas,"",4045950.0,0.0,15/09/2023,3645000.0,400950.0,4045950.0,"","","","",CV TIGA NUSA,"",* AUTO SHEET FEEDER UNIT G1020 / 2020,"","",5.0,PCS,522000.0,0.00 %,11.0,287099.999999999999997129,2610000.0,2610000.0,0.0,"",0.0,0.0,"","","","",0.0,0.0
16/08/2023,Faktur Pembelian,JL.2308.04527,CANDRA (BLESSING),Lunas,"",6400000.0,0.0,30/08/2023,6400000.0,0.0,6400000.0,"","","","",AGUS,"",KABEL LAN BELDEN USA CAT 5,"","",4.0,DUS,1600000.0,0.00 %,"",0.0,6400000.0,6400000.0,0.0,"",0.0,0.0,"","","","",0.0,0.0
16/08/2023,Faktur Pembelian,2303768,WAHANA,Lunas,"",15920000.0,0.0,15/09/2023,15920000.0,0.0,15920000.0,"","","","","","",CCTV CAM DAHUA HAC B1A21 IR BULLET (OUTDOOR),"","",60.0,PCS,163000.0,0.00 %,"",0.0,9780000.0,9780000.0,0.0,"",0.0,0.0,"","","","",0.0,0.0
16/08/2023,Faktur Pembelian,2303768,WAHANA,Lunas,"",15920000.0,0.0,15/09/2023,15920000.0,0.0,15920000.0,"","","","","","",CCTV CAM DAHUA HAC-T1A21 IR BULLET (INDOOR),"","",20.0,PCS,152000.0,0.00 %,"",0.0,3040000.0,3040000.0,0.0,"",0.0,0.0,"","","","",0.0,0.0
16/08/2023,Faktur Pembelian,2303768,WAHANA,Lunas,"",15920000.0,0.0,15/09/2023,15920000.0,0.0,15920000.0,"","","","","","",CCTV DVR DAHUA 8CH XVR1B08-1 (MH),"","",5.0,UNIT,620000.0,0.00 %,"",0.0,3100000.0,3100000.0,0.0,"",0.0,0.0,"","","","",0.0,0.0
16/08/2023,Faktur Pembelian,FK 3928,BETA COM,Lunas,"",48788000.0,0.0,30/08/2023,48788000.0,0.0,48788000.0,"","","","","","",PRINTER CANON G2010,"","",10.0,UNIT,1830000.0,0.00 %,"",0.0,18300000.0,18300000.0,0.0,"",0.0,0.0,"","","","",0.0,0.0
16/08/2023,Faktur Pembelian,FK 3928,BETA COM,Lunas,"",48788000.0,0.0,30/08/2023,48788000.0,0.0,48788000.0,"","","","","","",TINTA CANON ORI 790 BLACK,"","",24.0,PCS,102000.0,0.00 %,"",0.0,2448000.0,2448000.0,0.0,"",0.0,0.0,"","","","",0.0,0.0
16/08/2023,Faktur Pembelian,FK 3928,BETA COM,Lunas,"",48788000.0,0.0,30/08/2023,48788000.0,0.0,48788000.0,"","","","","","",TINTA CANON ORI 790 MAGENTA,"","",40.0,PCS,93000.0,0.00 %,"",0.0,3720000.0,3720000.0,0.0,"",0.0,0.0,"","","","",0.0,0.0
16/08/2023,Faktur Pembelian,FK 3928,BETA COM,Lunas,"",48788000.0,0.0,30/08/2023,48788000.0,0.0,48788000.0,"","","","","","",TINTA CANON ORI 790 YELLOW,"","",40.0,PCS,93000.0,0.00 %,"",0.0,3720000.0,3720000.0,0.0,"",0.0,0.0,"","","","",0.0,0.0
16/08/2023,Faktur Pembelian,FK 3928,BETA COM,Lunas,"",48788000.0,0.0,30/08/2023,48788000.0,0.0,48788000.0,"","","","","","",TINTA CANON ORI 790 CYAN,"","",40.0,PCS,93000.0,0.00 %,"",0.0,3720000.0,3720000.0,0.0,"",0.0,0.0,"","","","",0.0,0.0
16/08/2023,Faktur Pembelian,FK 3928,BETA COM,Lunas,"",48788000.0,0.0,30/08/2023,48788000.0,0.0,48788000.0,"","","","","","",CATRDIGE CANON CA91 / BH7 (G2010),"","",20.0,PCS,352000.0,0.00 %,"",0.0,7040000.0,7040000.0,0.0,"",0.0,0.0,"","","","",0.0,0.0
16/08/2023,Faktur Pembelian,FK 3928,BETA COM,Lunas,"",48788000.0,0.0,30/08/2023,48788000.0,0.0,48788000.0,"","","","","","",CATRIDGE CANON CA92 / CH7 (G2010),"","",5.0,PCS,400000.0,0.00 %,"",0.0,2000000.0,2000000.0,0.0,"",0.0,0.0,"","","","",0.0,0.0
16/08/2023,Faktur Pembelian,FK 3928,BETA COM,Lunas,"",48788000.0,0.0,30/08/2023,48788000.0,0.0,48788000.0,"","","","","","",TINTA CANON ORI GI - 71 C,"","",40.0,PCS,98000.0,0.00 %,"",0.0,3920000.0,3920000.0,0.0,"",0.0,0.0,"","","","",0.0,0.0
16/08/2023,Faktur Pembelian,FK 3928,BETA COM,Lunas,"",48788000.0,0.0,30/08/2023,48788000.0,0.0,48788000.0,"","","","","","",TINTA CANON ORI GI - 71 M,"","",40.0,PCS,98000.0,0.00 %,"",0.0,3920000.0,3920000.0,0.0,"",0.0,0.0,"","","","",0.0,0.0
16/08/2023,Faktur Pembelian,JL5523080849,YULI (HP CENTRE),Lunas,"",4620000.0,0.0,15/09/2023,4620000.0,0.0,4620000.0,"","","","",AGUS,"",KERTAS THERMAL 57 X 38 MM (EDC),"",1 PACK ISI 10 PCS,1000.0,PCS,1740.0,0.00 %,"",0.0,1740000.0,1740000.0,0.0,"",0.0,0.0,"","","","",0.0,0.0
16/08/2023,Faktur Pembelian,JL5523080849,YULI (HP CENTRE),Lunas,"",4620000.0,0.0,15/09/2023,4620000.0,0.0,4620000.0,"","","","",AGUS,"",KERTAS THERMAL 57 X 38 MM (EDC),"",1 PACK ISI 10 PCS,40.0,PCS,0.0,0.00 %,"",0.0,0.0,0.0,0.0,"",0.0,0.0,"","","","",0.0,0.0
16/08/2023,Faktur Pembelian,JL5523080849,YULI (HP CENTRE),Lunas,"",4620000.0,0.0,15/09/2023,4620000.0,0.0,4620000.0,"","","","",AGUS,"",THERMAL PAPER ROLL BP LITE 80 X 80,"","",240.0,PCS,12000.0,0.00 %,"",0.0,2880000.0,2880000.0,0.0,"",0.0,0.0,"","","","",0.0,0.0
16/08/2023,Faktur Pembelian,JL5523080849,YULI (HP CENTRE),Lunas,"",4620000.0,0.0,15/09/2023,4620000.0,0.0,4620000.0,"","","","",AGUS,"",THERMAL PAPER ROLL BP LITE 80 X 80,"","",20.0,PCS,0.0,0.00 %,"",0.0,0.0,0.0,0.0,"",0.0,0.0,"","","","",0.0,0.0
16/08/2023,Faktur Pembelian,JL5523080855,YULI (HP CENTRE),Lunas,"",22562500.0,0.0,15/09/2023,22562500.0,0.0,22562500.0,"","","","",AGUS,"",BLUEPRINT TRANSFER PAPER DASAR PUTIH,"","",200.0,PCS,35250.0,0.00 %,"",0.0,7050000.0,7050000.0,0.0,"",0.0,0.0,"","","","",0.0,0.0
16/08/2023,Faktur Pembelian,JL5523080855,YULI (HP CENTRE),Lunas,"",22562500.0,0.0,15/09/2023,22562500.0,0.0,22562500.0,"","","","",AGUS,"",BLUEPRINT TRANSFER PAPER DASAR HITAM,"","",160.0,PCS,57500.0,0.00 %,"",0.0,9200000.0,9200000.0,0.0,"",0.0,0.0,"","","","",0.0,0.0
16/08/2023,Faktur Pembelian,JL5523080855,YULI (HP CENTRE),Lunas,"",22562500.0,0.0,15/09/2023,22562500.0,0.0,22562500.0,"","","","",AGUS,"",BLUEPRINT CANON KOTAK HITAM ( SUNTIK ),"","",100.0,PCS,24000.0,0.00 %,"",0.0,2400000.0,2400000.0,0.0,"",0.0,0.0,"","","","",0.0,0.0
16/08/2023,Faktur Pembelian,JL5523080855,YULI (HP CENTRE),Lunas,"",22562500.0,0.0,15/09/2023,22562500.0,0.0,22562500.0,"","","","",AGUS,"",BLUEPRINT CANON KOTAK  WARNA ( SUNTIK ),"","",100.0,PCS,24000.0,0.00 %,"",0.0,2400000.0,2400000.0,0.0,"",0.0,0.0,"","","","",0.0,0.0
16/08/2023,Faktur Pembelian,JL5523080855,YULI (HP CENTRE),Lunas,"",22562500.0,0.0,15/09/2023,22562500.0,0.0,22562500.0,"","","","",AGUS,"",BLUEPRINT TRANSPARANT FILM STIKER WATER RESISTANT A4,"","",50.0,PCS,30250.0,0.00 %,"",0.0,1512500.0,1512500.0,0.0,"",0.0,0.0,"","","","",0.0,0.0
16/08/2023,Faktur Pembelian,JL5523080875,YULI (HP CENTRE),Lunas,BAYAR,45500000.0,0.0,15/09/2023,45500000.0,0.0,45500000.0,"","","","",AGUS,"",BLUEPRINT CANON YELLOW (100ML),"","",200.0,PCS,35000.0,0.00 %,"",0.0,7000000.0,7000000.0,0.0,"",0.0,0.0,"","","","",0.0,0.0
16/08/2023,Faktur Pembelian,JL5523080875,YULI (HP CENTRE),Lunas,BAYAR,45500000.0,0.0,15/09/2023,45500000.0,0.0,45500000.0,"","","","",AGUS,"",BLUEPRINT CANON CYAN (100ML),"","",200.0,PCS,35000.0,0.00 %,"",0.0,7000000.0,7000000.0,0.0,"",0.0,0.0,"","","","",0.0,0.0
16/08/2023,Faktur Pembelian,JL5523080875,YULI (HP CENTRE),Lunas,BAYAR,45500000.0,0.0,15/09/2023,45500000.0,0.0,45500000.0,"","","","",AGUS,"",BLUEPRINT CANON BLACK (100ML),"","",700.0,PCS,35000.0,0.00 %,"",0.0,24500000.0,24500000.0,0.0,"",0.0,0.0,"","","","",0.0,0.0
16/08/2023,Faktur Pembelian,JL5523080875,YULI (HP CENTRE),Lunas,BAYAR,45500000.0,0.0,15/09/2023,45500000.0,0.0,45500000.0,"","","","",AGUS,"",BLUEPRINT CANON BLACK (100ML),"","",200.0,PCS,35000.0,0.00 %,"",0.0,7000000.0,7000000.0,0.0,"",0.0,0.0,"","","","",0.0,0.0
16/08/2023,Faktur Pembelian,00645454_036,PRIYO (K GALAXY),Lunas,"",5050000.0,0.0,15/09/2023,5050000.0,0.0,5050000.0,"","","","","","",HDD PC SEAGATE SATA 500 GB PI,"","",20.0,PCS,75000.0,0.00 %,"",0.0,1500000.0,1500000.0,0.0,"",0.0,0.0,"","","","",0.0,0.0
16/08/2023,Faktur Pembelian,00645454_036,PRIYO (K GALAXY),Lunas,"",5050000.0,0.0,15/09/2023,5050000.0,0.0,5050000.0,"","","","","","","TRIPOT LAYAR PROJECTOR 70"" 172cm x 172cm SCREEN PROJECTOR","","",10.0,PCS,355000.0,0.00 %,"",0.0,3550000.0,3550000.0,0.0,"",0.0,0.0,"","","","",0.0,0.0
16/08/2023,Faktur Pembelian,JL0000027275,IP COM TOKO,Lunas,"",11766500.0,0.0,15/09/2023,11766500.0,0.0,11766500.0,"","","","","","",KABEL POWER CPU HOWELL / HYDRA / DATAFAST,"","",100.0,PCS,13000.0,0.00 %,"",0.0,1300000.0,1300000.0,0.0,"",0.0,0.0,"","","","",0.0,0.0
16/08/2023,Faktur Pembelian,JL0000027275,IP COM TOKO,Lunas,"",11766500.0,0.0,15/09/2023,11766500.0,0.0,11766500.0,"","","","","","",KABEL POWER LAPTOP HOWELL / HYDRA / DATAFAST,"","",100.0,PCS,13000.0,0.00 %,"",0.0,1300000.0,1300000.0,0.0,"",0.0,0.0,"","","","",0.0,0.0
16/08/2023,Faktur Pembelian,JL0000027275,IP COM TOKO,Lunas,"",11766500.0,0.0,15/09/2023,11766500.0,0.0,11766500.0,"","","","","","","CASING HDD 2,5 BIASA","","",291.0,PCS,31500.0,0.00 %,"",0.0,9166500.0,9166500.0,0.0,"",0.0,0.0,"","","","",0.0,0.0
17/08/2023,Faktur Pembelian,14720,FIKTIF BELI,Lunas,"",120000.0,0.0,16/09/2023,120000.0,0.0,120000.0,"","","","","","",TINTA CANON ORI 790 BLACK NON PACK,"","",1.0,PCS,30000.0,0.00 %,"",0.0,30000.0,30000.0,0.0,"",0.0,0.0,"","","","",0.0,0.0
17/08/2023,Faktur Pembelian,14720,FIKTIF BELI,Lunas,"",120000.0,0.0,16/09/2023,120000.0,0.0,120000.0,"","","","","","",TINTA CANON ORI 790 CYAN NON PACK,"","",1.0,PCS,30000.0,0.00 %,"",0.0,30000.0,30000.0,0.0,"",0.0,0.0,"","","","",0.0,0.0
17/08/2023,Faktur Pembelian,14720,FIKTIF BELI,Lunas,"",120000.0,0.0,16/09/2023,120000.0,0.0,120000.0,"","","","","","",TINTA CANON ORI 790 YELLOW NON PACK,"","",1.0,PCS,30000.0,0.00 %,"",0.0,30000.0,30000.0,0.0,"",0.0,0.0,"","","","",0.0,0.0
17/08/2023,Faktur Pembelian,14720,FIKTIF BELI,Lunas,"",120000.0,0.0,16/09/2023,120000.0,0.0,120000.0,"","","","","","",TINTA CANON ORI 790 MAGENTA NON PACK,"","",1.0,PCS,30000.0,0.00 %,"",0.0,30000.0,30000.0,0.0,"",0.0,0.0,"","","","",0.0,0.0
17/08/2023,Faktur Pembelian,14721,HARAPAN BARU,Lunas,"",1240000.0,0.0,16/09/2023,1240000.0,0.0,1240000.0,"","","","","","",SPEAKER ADVANCE K1506,"","",1.0,UNIT,1240000.0,0.00 %,"",0.0,1240000.0,1240000.0,0.0,"",0.0,0.0,"","","","",0.0,0.0
18/08/2023,Faktur Pembelian,14722,FIKTIF BELI,Lunas,"",1000000.0,0.0,17/09/2023,1000000.0,0.0,1000000.0,"","","","","","",MAP BISNIS,"","",500.0,PCS,2000.0,0.00 %,"",0.0,1000000.0,1000000.0,0.0,"",0.0,0.0,"","","","",0.0,0.0
18/08/2023,Faktur Pembelian,14723,NACHI TAPE,Lunas,"",13379940.0,0.0,17/09/2023,12054000.0,1325940.0,13379940.0,"","","","",ARIES,"",LAKBAN BENING,"","",720.0,PCS,6847.0,0.00 %,11.0,542282.399999999999994577176,4929840.0,4929840.0,0.0,"",0.0,0.0,"","","","",0.0,0.0
18/08/2023,Faktur Pembelian,14723,NACHI TAPE,Lunas,"",13379940.0,0.0,17/09/2023,12054000.0,1325940.0,13379940.0,"","","","",ARIES,"",NACHI LAKBAN HITAM 35 X 12M,"","",480.0,PCS,7477.0,0.00 %,11.0,394785.599999999999996052144,3588960.0,3588960.0,0.0,"",0.0,0.0,"","","","",0.0,0.0
18/08/2023,Faktur Pembelian,14723,NACHI TAPE,Lunas,"",13379940.0,0.0,17/09/2023,12054000.0,1325940.0,13379940.0,"","","","",ARIES,"",LAKBAN HITAM BESAR 46MM X 12MM,"","",360.0,PCS,9820.0,0.00 %,11.0,388871.99999999999999611128,3535200.0,3535200.0,0.0,"",0.0,0.0,"","","","",0.0,0.0
18/08/2023,Faktur Pembelian,14724,FIKTIF BELI,Lunas,"",23500000.0,0.0,17/09/2023,23500000.0,0.0,23500000.0,"","","","","","",ACER A314 35 N5100 8GB SSD 256GB,"","",5.0,UNIT,4700000.0,0.00 %,"",0.0,23500000.0,23500000.0,0.0,"",0.0,0.0,"","","","",0.0,0.0
18/08/2023,Faktur Pembelian,PJL-23-08-00475,PT. Surya Makmur Kreasindo (HJ),Lunas,"",15599999.999996,0.0,01/09/2023,14054054.05405,1545945.945946,15599999.999996,"",SURABAYA,"","",CV TIGA NUSA,"",* PRINTER EPSON L121,"","",10.0,UNIT,1405405.405405,0.00 %,11.0,1545945.945945499999984540540540545,14054054.05405,14054054.05405,0.0,"",0.0,0.0,PT. Surya Makmur Kreasindo,"",081515111951,"",0.0,0.0
18/08/2023,Faktur Pembelian,JL.2308.05226,CANDRA (BLESSING),Lunas,"",30960000.0,0.0,01/09/2023,30960000.0,0.0,30960000.0,"","","","",AGUS,"",ASUS M415DAO-FHD RYZEN 3 3250U 8GB 256GB SSD #,"","",2.0,UNIT,5255000.0,0.00 %,"",0.0,10510000.0,10510000.0,0.0,"",0.0,0.0,"","","","",0.0,0.0
18/08/2023,Faktur Pembelian,JL.2308.05226,CANDRA (BLESSING),Lunas,"",30960000.0,0.0,01/09/2023,30960000.0,0.0,30960000.0,"","","","",AGUS,"",LENOVO IDEAPAD 3 14ITL6 Ci3 - 1115G4 8GB 256GB SSD WIN 11,"","",2.0,PCS,5755000.0,0.00 %,"",0.0,11510000.0,11510000.0,0.0,"",0.0,0.0,"","","","",0.0,0.0
18/08/2023,Faktur Pembelian,JL.2308.05226,CANDRA (BLESSING),Lunas,"",30960000.0,0.0,01/09/2023,30960000.0,0.0,30960000.0,"","","","",AGUS,"",ASUS A416M N4020 8GB 256GB SSD #,"","",2.0,UNIT,4470000.0,0.00 %,"",0.0,8940000.0,8940000.0,0.0,"",0.0,0.0,"","","","",0.0,0.0
18/08/2023,Faktur Pembelian,JL.2308.05231,CANDRA (BLESSING),Lunas,"",12300000.0,0.0,01/09/2023,12300000.0,0.0,12300000.0,"","","","",RAHMAT,"",ACER 3 A314 36M Ci3-N305 8GB 512GB SSD WIN 11,"","",2.0,UNIT,6150000.0,0.00 %,"",0.0,12300000.0,12300000.0,0.0,"",0.0,0.0,"","","","",0.0,0.0
18/08/2023,Faktur Pembelian,JL.2308.05337,CANDRA (BLESSING),Lunas,"",23360000.0,0.0,01/09/2023,23360000.0,0.0,23360000.0,"","","","",RAHMAT,"",ASUS A1400EA I3-1115G4 8GB 512GB SSD WIN 11,"","",4.0,UNIT,5840000.0,0.00 %,"",0.0,23360000.0,23360000.0,0.0,"",0.0,0.0,"","","","",0.0,0.0
18/08/2023,Faktur Pembelian,14727,IQ TRONIK,Lunas,"",2640000.0,0.0,17/09/2023,2640000.0,0.0,2640000.0,"","","","","","",KERTAS FOTO TANPA MEREK,"","",240.0,PCS,11000.0,0.00 %,"",0.0,2640000.0,2640000.0,0.0,"",0.0,0.0,"","","","",0.0,0.0
18/08/2023,Faktur Pembelian,JL/23/08/00000246,CV. NOAH SEJAHTERA ABADI,Lunas,"",19250000.0,17279000.0,01/09/2023,19250000.0,0.0,1971000.0,"","","","","","","LED MONITOR PIXEL 19""","","",10.0,UNIT,750000.0,0.00 %,"",0.0,7500000.0,7500000.0,0.0,"",0.0,0.0,"","","","",0.0,0.0
18/08/2023,Faktur Pembelian,JL/23/08/00000246,CV. NOAH SEJAHTERA ABADI,Lunas,"",19250000.0,17279000.0,01/09/2023,19250000.0,0.0,1971000.0,"","","","","","",SSD SATA OSCOO 256GB,"","",50.0,PCS,235000.0,0.00 %,"",0.0,11750000.0,11750000.0,0.0,"",0.0,0.0,"","","","",0.0,0.0
18/08/2023,Faktur Pembelian,082023313232,AGUS (DORAN),Lunas,"",19560000.0,0.0,17/09/2023,19560000.0,0.0,19560000.0,"",SURABAYA,"","","","",TINTA CANON ORI 790 BLACK,"","",120.0,PCS,106000.0,0.00 %,"",0.0,12720000.0,12720000.0,0.0,"",0.0,0.0,"","","","",0.0,0.0
18/08/2023,Faktur Pembelian,082023313232,AGUS (DORAN),Lunas,"",19560000.0,0.0,17/09/2023,19560000.0,0.0,19560000.0,"",SURABAYA,"","","","",TINTA CANON ORI 790 MAGENTA,"","",24.0,PCS,95000.0,0.00 %,"",0.0,2280000.0,2280000.0,0.0,"",0.0,0.0,"","","","",0.0,0.0
18/08/2023,Faktur Pembelian,082023313232,AGUS (DORAN),Lunas,"",19560000.0,0.0,17/09/2023,19560000.0,0.0,19560000.0,"",SURABAYA,"","","","",TINTA CANON ORI 790 YELLOW,"","",24.0,PCS,95000.0,0.00 %,"",0.0,2280000.0,2280000.0,0.0,"",0.0,0.0,"","","","",0.0,0.0
18/08/2023,Faktur Pembelian,082023313232,AGUS (DORAN),Lunas,"",19560000.0,0.0,17/09/2023,19560000.0,0.0,19560000.0,"",SURABAYA,"","","","",TINTA CANON ORI 790 CYAN,"","",24.0,PCS,95000.0,0.00 %,"",0.0,2280000.0,2280000.0,0.0,"",0.0,0.0,"","","","",0.0,0.0
18/08/2023,Faktur Pembelian,001589,LILI (PLATINUM),Lunas,"",4454000.0,4454000.0,17/09/2023,4454000.0,0.0,0.0,"","","JL. SOEKARNO HATTA RT. 012  RW. 004 PANE, RASANAE BARAT","","","",LCD LAPTOP TIPIS 10 INCS  40 PIN,"","",1.0,PCS,350000.0,0.00 %,"",0.0,350000.0,350000.0,0.0,"",144000.0,0.0,"","","","",0.0,0.0
18/08/2023,Faktur Pembelian,001589,LILI (PLATINUM),Lunas,"",4454000.0,4454000.0,17/09/2023,4454000.0,0.0,0.0,"","","JL. SOEKARNO HATTA RT. 012  RW. 004 PANE, RASANAE BARAT","","","",BATERAI ACER 4741 OR,"","",2.0,PCS,230000.0,0.00 %,"",0.0,460000.0,460000.0,0.0,"",144000.0,0.0,"","","","",0.0,0.0
18/08/2023,Faktur Pembelian,001589,LILI (PLATINUM),Lunas,"",4454000.0,4454000.0,17/09/2023,4454000.0,0.0,0.0,"","","JL. SOEKARNO HATTA RT. 012  RW. 004 PANE, RASANAE BARAT","","","",LCD LAPTOP 14 TIPIS 30 PIN,"","",5.0,PCS,480000.0,0.00 %,"",0.0,2400000.0,2400000.0,0.0,"",144000.0,0.0,"","","","",0.0,0.0
18/08/2023,Faktur Pembelian,001589,LILI (PLATINUM),Lunas,"",4454000.0,4454000.0,17/09/2023,4454000.0,0.0,0.0,"","","JL. SOEKARNO HATTA RT. 012  RW. 004 PANE, RASANAE BARAT","","","",BATERAI TOSHIBA C640 OR (PA3817U),"","",2.0,PCS,230000.0,0.00 %,"",0.0,460000.0,460000.0,0.0,"",144000.0,0.0,"","","","",0.0,0.0
18/08/2023,Faktur Pembelian,001589,LILI (PLATINUM),Lunas,"",4454000.0,4454000.0,17/09/2023,4454000.0,0.0,0.0,"","","JL. SOEKARNO HATTA RT. 012  RW. 004 PANE, RASANAE BARAT","","","",BATERAI LAPTOP ACER D260 AL10B31,"","",2.0,PCS,320000.0,0.00 %,"",0.0,640000.0,640000.0,0.0,"",144000.0,0.0,"","","","",0.0,0.0
19/08/2023,Faktur Pembelian,14728,IQ TRONIK,Lunas,"",4500000.0,0.0,18/09/2023,4500000.0,0.0,4500000.0,"","","","","","",KERTAS FOTO SPECTRA 230 (BUAH NAGA),"","",250.0,PCS,18000.0,0.00 %,"",0.0,4500000.0,4500000.0,0.0,"",0.0,0.0,"","","","",0.0,0.0
19/08/2023,Faktur Pembelian,14729,FIKTIF BELI,Lunas,"",1275000.0,0.0,18/09/2023,1275000.0,0.0,1275000.0,"","","","","","",DATA PRINT DP 28,"","",50.0,KOTAK,25500.0,0.00 %,"",0.0,1275000.0,1275000.0,0.0,"",0.0,0.0,"","","","",0.0,0.0
19/08/2023,Faktur Pembelian,14730,FIKTIF BELI,Lunas,"",699999.999935,0.0,18/09/2023,699999.999935,0.0,699999.999935,"","","","","","",KABEL CCTV PERMETER,"","",305.0,METER,2295.081967,0.00 %,"",0.0,699999.999935,699999.999935,0.0,"",0.0,0.0,"","","","",0.0,0.0
19/08/2023,Faktur Pembelian,14731,PIGURA KITA ( AMIN ),Lunas,"",5106000.0,5106000.0,18/09/2023,5106000.0,0.0,0.0,"","","","","","",BINGKAI FOTO 20X30 (10R JUMBO),"","",300.0,PCS,17020.0,0.00 %,"",0.0,5106000.0,5106000.0,0.0,"",0.0,0.0,"","","","",0.0,0.0
19/08/2023,Faktur Pembelian,001591,LILI (PLATINUM),Lunas,KEY LENOVO IDEAPAD 5 BATAL SALAH KIRIM ,1130000.0,1130000.0,18/09/2023,1130000.0,0.0,0.0,"","","","","","",KEYBOARD LAPTOP ASUS X441 (BLACK),"","",4.0,PCS,62500.0,0.00 %,"",0.0,250000.0,250000.0,0.0,"",0.0,0.0,"","","","",0.0,0.0
19/08/2023,Faktur Pembelian,001591,LILI (PLATINUM),Lunas,KEY LENOVO IDEAPAD 5 BATAL SALAH KIRIM ,1130000.0,1130000.0,18/09/2023,1130000.0,0.0,0.0,"","","","","","",KEYBOARD ACER ES1 432,"","",4.0,PCS,75000.0,0.00 %,"",0.0,300000.0,300000.0,0.0,"",0.0,0.0,"","","","",0.0,0.0
19/08/2023,Faktur Pembelian,001591,LILI (PLATINUM),Lunas,KEY LENOVO IDEAPAD 5 BATAL SALAH KIRIM ,1130000.0,1130000.0,18/09/2023,1130000.0,0.0,0.0,"","","","","","",KEYBOARD LAPTOP LENOVO IDEAPAD 5,"","",2.0,PCS,290000.0,0.00 %,"",0.0,580000.0,580000.0,0.0,"",0.0,0.0,"","","","",0.0,0.0
20/08/2023,Faktur Pembelian,14732,FIKTIF BELI,Lunas,"",150000.0,0.0,19/09/2023,150000.0,0.0,150000.0,"","","","","","",TINTA CANON ORI 790 BLACK NON PACK,"","",1.0,PCS,60000.0,0.00 %,"",0.0,60000.0,60000.0,0.0,"",0.0,0.0,"","","","",0.0,0.0
20/08/2023,Faktur Pembelian,14732,FIKTIF BELI,Lunas,"",150000.0,0.0,19/09/2023,150000.0,0.0,150000.0,"","","","","","",TINTA CANON ORI 790 CYAN NON PACK,"","",1.0,PCS,30000.0,0.00 %,"",0.0,30000.0,30000.0,0.0,"",0.0,0.0,"","","","",0.0,0.0
20/08/2023,Faktur Pembelian,14732,FIKTIF BELI,Lunas,"",150000.0,0.0,19/09/2023,150000.0,0.0,150000.0,"","","","","","",TINTA CANON ORI 790 YELLOW NON PACK,"","",1.0,PCS,30000.0,0.00 %,"",0.0,30000.0,30000.0,0.0,"",0.0,0.0,"","","","",0.0,0.0
20/08/2023,Faktur Pembelian,14732,FIKTIF BELI,Lunas,"",150000.0,0.0,19/09/2023,150000.0,0.0,150000.0,"","","","","","",TINTA CANON ORI 790 MAGENTA NON PACK,"","",1.0,PCS,30000.0,0.00 %,"",0.0,30000.0,30000.0,0.0,"",0.0,0.0,"","","","",0.0,0.0
20/08/2023,Faktur Pembelian,14733,FIKTIF BELI,Lunas,"",750000.0,0.0,19/09/2023,750000.0,0.0,750000.0,"","","","","","",JASA PASANG CCTV DALAM KOTA,"","",5.0,JASA,150000.0,0.00 %,"",0.0,750000.0,750000.0,0.0,"",0.0,0.0,"","","","",0.0,0.0
21/08/2023,Faktur Pembelian,JL.2308.06137,CANDRA (BLESSING),Lunas,"",7195000.0,0.0,04/09/2023,7195000.0,0.0,7195000.0,"","","","",ARIES,"",HP 14S FQ2002AU AMD RYZEN 5 5625U 8GB 512GB SSD WIN 11 FT,"","",1.0,UNIT,7195000.0,0.00 %,"",0.0,7195000.0,7195000.0,0.0,"",0.0,0.0,"","","","",0.0,0.0
21/08/2023,Faktur Pembelian,JL.2308.06115,CANDRA (BLESSING),Lunas,"",61500000.0,0.0,04/09/2023,61500000.0,0.0,61500000.0,"","","","",RAHMAT,"",ACER 3 A314 36M Ci3-N305 8GB 512GB SSD WIN 11,"","",10.0,UNIT,6150000.0,0.00 %,"",0.0,61500000.0,61500000.0,0.0,"",0.0,0.0,"","","","",0.0,0.0
21/08/2023,Faktur Pembelian,JL.2308.06117,CANDRA (BLESSING),Lunas,"",23865000.0,0.0,04/09/2023,23865000.0,0.0,23865000.0,"","","","",ARIES,"",HDD EXTERNAL SEAGATE EXPANSION 1TB #,"","",5.0,PCS,695000.0,0.00 %,"",0.0,3475000.0,3475000.0,0.0,"",0.0,0.0,"","","","",0.0,0.0
21/08/2023,Faktur Pembelian,JL.2308.06117,CANDRA (BLESSING),Lunas,"",23865000.0,0.0,04/09/2023,23865000.0,0.0,23865000.0,"","","","",ARIES,"","ACER 5 A514 - 55G i5-1235U 8GB 512GB SSD MX 550 2GB 14""","","",2.0,UNIT,9245000.0,0.00 %,"",0.0,18490000.0,18490000.0,0.0,"",0.0,0.0,"","","","",0.0,0.0
21/08/2023,Faktur Pembelian,JL.2308.06117,CANDRA (BLESSING),Lunas,"",23865000.0,0.0,04/09/2023,23865000.0,0.0,23865000.0,"","","","",ARIES,"","SSD DIGITAL ALLIANCE 2,5"" SATA III 3D NAND 256GB","","",10.0,PCS,190000.0,0.00 %,"",0.0,1900000.0,1900000.0,0.0,"",0.0,0.0,"","","","",0.0,0.0
21/08/2023,Faktur Pembelian,ACJ01/01/FP/2308/BA00029,PT. ANGKASA CERAH JAYA,Lunas,"",27125000.0,0.0,04/09/2023,24436936.936937,2688063.063063,27125000.0,"",SURABAYA,"","",CV TIGA NUSA,"",* LENOVO IDEAPAD IP1 -14IGL7 INTEL N4020 8GB 256GB SSD #,"","",7.0,UNIT,3490990.990991,0.00 %,11.0,2688063.0630630699999731193693693693,24436936.936937,24436936.936937,0.0,"",0.0,0.0,PT. ANGKASA CERAH JAYA,"",0815 5395 1313,"",0.0,0.0
21/08/2023,Faktur Pembelian,JL.2308.06288,CANDRA (BLESSING),Lunas,"",19960000.0,0.0,04/09/2023,19960000.0,0.0,19960000.0,"","","","",AGUS,"",AIO ASUS V222GAK INTEL J4025 4GB 256GB SSD #,"","",4.0,UNIT,4990000.0,0.00 %,"",0.0,19960000.0,19960000.0,0.0,"",0.0,0.0,"","","","",0.0,0.0
21/08/2023,Faktur Pembelian,14735,PT SUMBER BAHAGIA DIGITAL,Lunas,"",9850000.0,0.0,20/09/2023,9850000.0,0.0,9850000.0,"",SURABAYA,"","","","",LENSA CAMERA SIGMA 18 - 35MM FOR CANON,"","",1.0,PCS,9850000.0,0.00 %,"",0.0,9850000.0,9850000.0,0.0,"",0.0,0.0,PT SUMBER BAHAGIA DIGITAL,"","","",0.0,0.0
21/08/2023,Faktur Pembelian,14736,PT TERA DATA INDONUSA,Lunas,"",220000.0,0.0,20/09/2023,198198.198198,21801.801802,220000.0,"","","","",CV TIGA NUSA,"",* BATERAI AXIOO 14E,"","",1.0,PCS,198198.198198,0.00 %,11.0,21801.8018017799999997819819819822,198198.198198,198198.198198,0.0,"",0.0,0.0,"","","","",0.0,0.0
21/08/2023,Faktur Pembelian,14737,ANDRIANY MUSTIKA SARI (cencen),Lunas,"",27578500.0,0.0,20/09/2023,27578500.0,0.0,27578500.0,"","","","","","",KERTAS NCR YELLOW CFB (MIDDLE),"",( 1 DUS ISI 10 RIM ),60.0,PCS,58850.0,0.00 %,"",0.0,3531000.0,3531000.0,0.0,"",0.0,0.0,"","","","",0.0,0.0
21/08/2023,Faktur Pembelian,14737,ANDRIANY MUSTIKA SARI (cencen),Lunas,"",27578500.0,0.0,20/09/2023,27578500.0,0.0,27578500.0,"","","","","","",KERTAS NCR BLUE CFB (MIDDLE),"",( 1 DUS ISI 10 RIM ),100.0,PCS,58850.0,0.00 %,"",0.0,5885000.0,5885000.0,0.0,"",0.0,0.0,"","","","",0.0,0.0
21/08/2023,Faktur Pembelian,14737,ANDRIANY MUSTIKA SARI (cencen),Lunas,"",27578500.0,0.0,20/09/2023,27578500.0,0.0,27578500.0,"","","","","","",KERTAS NCR WHITE CFB (MIDDLE),"",( 1 DUS ISI 10 RIM ),150.0,PCS,58850.0,0.00 %,"",0.0,8827500.0,8827500.0,0.0,"",0.0,0.0,"","","","",0.0,0.0
21/08/2023,Faktur Pembelian,14737,ANDRIANY MUSTIKA SARI (cencen),Lunas,"",27578500.0,0.0,20/09/2023,27578500.0,0.0,27578500.0,"","","","","","",KERTAS BUFFALO KUNING (NO 5),"","",150.0,PCS,23000.0,0.00 %,"",0.0,3450000.0,3450000.0,0.0,"",0.0,0.0,"","","","",0.0,0.0
21/08/2023,Faktur Pembelian,14737,ANDRIANY MUSTIKA SARI (cencen),Lunas,"",27578500.0,0.0,20/09/2023,27578500.0,0.0,27578500.0,"","","","","","",KERTAS NCR GREEN CFB (MIDDLE),"",( 1 DUS ISI 10 RIM ),100.0,PCS,58850.0,0.00 %,"",0.0,5885000.0,5885000.0,0.0,"",0.0,0.0,"","","","",0.0,0.0
21/08/2023,Faktur Pembelian,JL5523081114,YULI (HP CENTRE),Lunas,"",17825000.0,0.0,20/09/2023,17825000.0,0.0,17825000.0,"","","","",AGUS,"",BLUEPRINT CATRIDGE TONER HP 285A,"","",30.0,PCS,350000.0,0.00 %,"",0.0,10500000.0,10500000.0,0.0,"",0.0,0.0,"","","","",0.0,0.0
21/08/2023,Faktur Pembelian,JL5523081114,YULI (HP CENTRE),Lunas,"",17825000.0,0.0,20/09/2023,17825000.0,0.0,17825000.0,"","","","",AGUS,"",BLUEPRINT KERTAS FOTO STIKER A4,"","",250.0,PCS,24500.0,0.00 %,"",0.0,6125000.0,6125000.0,0.0,"",0.0,0.0,"","","","",0.0,0.0
21/08/2023,Faktur Pembelian,JL5523081114,YULI (HP CENTRE),Lunas,"",17825000.0,0.0,20/09/2023,17825000.0,0.0,17825000.0,"","","","",AGUS,"",BLUEPRINT STARTER PACK 4 WARNA CANON ( SUNTIK ),"","",50.0,PCS,24000.0,0.00 %,"",0.0,1200000.0,1200000.0,0.0,"",0.0,0.0,"","","","",0.0,0.0
22/08/2023,Faktur Pembelian,14738,FIKTIF BELI,Lunas,"",699999.999935,0.0,21/09/2023,699999.999935,0.0,699999.999935,"","","","","","",KABEL CCTV PERMETER,"","",305.0,METER,2295.081967,0.00 %,"",0.0,699999.999935,699999.999935,0.0,"",0.0,0.0,"","","","",0.0,0.0
22/08/2023,Faktur Pembelian,14739,ONLINE,Lunas,"",480000.0,0.0,21/09/2023,480000.0,0.0,480000.0,"","","","","","",ADAPTOR NVR,"","",4.0,PCS,120000.0,0.00 %,"",0.0,480000.0,480000.0,0.0,"",0.0,0.0,"","","","",0.0,0.0
22/08/2023,Faktur Pembelian,14740,FIKTIF BELI,Lunas,"",1599999.999895,0.0,21/09/2023,1599999.999895,0.0,1599999.999895,"","","","","","",KABEL LAN BELDEN / COMSCAPE CAT 5 PERMETER,"","",305.0,METER,5245.901639,0.00 %,"",0.0,1599999.999895,1599999.999895,0.0,"",0.0,0.0,"","","","",0.0,0.0
22/08/2023,Faktur Pembelian,14741,FIKTIF BELI,Lunas,"",799999.9998,0.0,21/09/2023,799999.9998,0.0,799999.9998,"","","","","","",KABEL LAN ZIMM LINK PERMETER,"","",600.0,METER,1333.333333,0.00 %,"",0.0,799999.9998,799999.9998,0.0,"",0.0,0.0,"","","","",0.0,0.0
23/08/2023,Faktur Pembelian,JL.2308.06969,CANDRA (BLESSING),Lunas,"",29660000.0,0.0,06/09/2023,29660000.0,0.0,29660000.0,"","","","",RAHMAT,"",TINTA REFFIL BROTHER BTD60BK BLACK,"","",2.0,PCS,92000.0,0.00 %,"",0.0,184000.0,184000.0,0.0,"",0.0,0.0,"","","","",0.0,0.0
23/08/2023,Faktur Pembelian,JL.2308.06969,CANDRA (BLESSING),Lunas,"",29660000.0,0.0,06/09/2023,29660000.0,0.0,29660000.0,"","","","",RAHMAT,"",TINTA BROTHER BT5000M MAGENTA,"","",1.0,PCS,92000.0,0.00 %,"",0.0,92000.0,92000.0,0.0,"",0.0,0.0,"","","","",0.0,0.0
23/08/2023,Faktur Pembelian,JL.2308.06969,CANDRA (BLESSING),Lunas,"",29660000.0,0.0,06/09/2023,29660000.0,0.0,29660000.0,"","","","",RAHMAT,"",TINTA BROTHER BT5000Y YELLOW,"","",1.0,PCS,92000.0,0.00 %,"",0.0,92000.0,92000.0,0.0,"",0.0,0.0,"","","","",0.0,0.0
23/08/2023,Faktur Pembelian,JL.2308.06969,CANDRA (BLESSING),Lunas,"",29660000.0,0.0,06/09/2023,29660000.0,0.0,29660000.0,"","","","",RAHMAT,"",TINTA BROTHER BT5000C CYAN,"","",1.0,PCS,92000.0,0.00 %,"",0.0,92000.0,92000.0,0.0,"",0.0,0.0,"","","","",0.0,0.0
23/08/2023,Faktur Pembelian,JL.2308.06969,CANDRA (BLESSING),Lunas,"",29660000.0,0.0,06/09/2023,29660000.0,0.0,29660000.0,"","","","",RAHMAT,"","AXIOO 14F N4020/4GB/256GB SSD/13.3""","","",2.0,UNIT,2280000.0,0.00 %,"",0.0,4560000.0,4560000.0,0.0,"",0.0,0.0,"","","","",0.0,0.0
23/08/2023,Faktur Pembelian,JL.2308.06969,CANDRA (BLESSING),Lunas,"",29660000.0,0.0,06/09/2023,29660000.0,0.0,29660000.0,"","","","",RAHMAT,"",ASUS A416J I3 1005G1 8GB SSD 256GB WIN 11,"","",2.0,UNIT,5470000.0,0.00 %,"",0.0,10940000.0,10940000.0,0.0,"",0.0,0.0,"","","","",0.0,0.0
23/08/2023,Faktur Pembelian,JL.2308.06969,CANDRA (BLESSING),Lunas,"",29660000.0,0.0,06/09/2023,29660000.0,0.0,29660000.0,"","","","",RAHMAT,"",ASUS A416M N4020 8GB 256GB SSD #,"","",2.0,UNIT,4470000.0,0.00 %,"",0.0,8940000.0,8940000.0,0.0,"",0.0,0.0,"","","","",0.0,0.0
23/08/2023,Faktur Pembelian,JL.2308.06969,CANDRA (BLESSING),Lunas,"",29660000.0,0.0,06/09/2023,29660000.0,0.0,29660000.0,"","","","",RAHMAT,"",AXIOO 14F INTEL N4020 6GB 256GB SSD FHD #,"","",2.0,UNIT,2380000.0,0.00 %,"",0.0,4760000.0,4760000.0,0.0,"",0.0,0.0,"","","","",0.0,0.0
23/08/2023,Faktur Pembelian,JL.2308.06961,CANDRA (BLESSING),Lunas,"",50390000.0,0.0,06/09/2023,50390000.0,0.0,50390000.0,"","","","",AGUS,"",ASUS A416MAO INTEL N4020 4GB 256GB SSD #,"","",10.0,UNIT,4270000.0,0.00 %,"",0.0,42700000.0,42700000.0,0.0,"",0.0,0.0,"","","","",0.0,0.0
23/08/2023,Faktur Pembelian,JL.2308.06961,CANDRA (BLESSING),Lunas,"",50390000.0,0.0,06/09/2023,50390000.0,0.0,50390000.0,"","","","",AGUS,"",AIO ACER C24 - 1650 CI3 1115G4 4GB 512GB SSD,"","",1.0,UNIT,7690000.0,0.00 %,"",0.0,7690000.0,7690000.0,0.0,"",0.0,0.0,"","","","",0.0,0.0
23/08/2023,Faktur Pembelian,14742,FIKTIF BELI,Lunas,"",300000.0,0.0,22/09/2023,300000.0,0.0,300000.0,"","","","","","",BATERAI LAPTOP ASUS X441,"","",1.0,PCS,300000.0,0.00 %,"",0.0,300000.0,300000.0,0.0,"",0.0,0.0,"","","","",0.0,0.0
23/08/2023,Faktur Pembelian,2308547,CV. BALI IT SOLUSI (ENY),Lunas,"",13025000.0,0.0,06/09/2023,13025000.0,0.0,13025000.0,"","","","","","",CCTV CAM DAHUA HAC-T1A21 IR BULLET (INDOOR),"","",50.0,PCS,157000.0,0.00 %,"",0.0,7850000.0,7850000.0,0.0,"",0.0,0.0,"","","","",0.0,0.0
23/08/2023,Faktur Pembelian,2308547,CV. BALI IT SOLUSI (ENY),Lunas,"",13025000.0,0.0,06/09/2023,13025000.0,0.0,13025000.0,"","","","","","",CCTV DVR DAHUA DH-XVR1B04-I 4CH,"","",5.0,UNIT,475000.0,0.00 %,"",0.0,2375000.0,2375000.0,0.0,"",0.0,0.0,"","","","",0.0,0.0
23/08/2023,Faktur Pembelian,2308547,CV. BALI IT SOLUSI (ENY),Lunas,"",13025000.0,0.0,06/09/2023,13025000.0,0.0,13025000.0,"","","","","","",KABEL CCTV DAHUA RG 59 + POWER,"","",4.0,DUS,700000.0,0.00 %,"",0.0,2800000.0,2800000.0,0.0,"",0.0,0.0,"","","","",0.0,0.0
23/08/2023,Faktur Pembelian,082023330649,AGUS (DORAN),Lunas,"",22720000.0,0.0,22/09/2023,22720000.0,0.0,22720000.0,"",SURABAYA,"","","","",TINTA EPSON 003 BLACK,"","",60.0,PCS,76500.0,0.00 %,"",0.0,4590000.0,4590000.0,0.0,"",0.0,0.0,"","","","",0.0,0.0
23/08/2023,Faktur Pembelian,082023330649,AGUS (DORAN),Lunas,"",22720000.0,0.0,22/09/2023,22720000.0,0.0,22720000.0,"",SURABAYA,"","","","",TINTA EPSON 003 MAGENTA,"","",60.0,PCS,76500.0,0.00 %,"",0.0,4590000.0,4590000.0,0.0,"",0.0,0.0,"","","","",0.0,0.0
23/08/2023,Faktur Pembelian,082023330649,AGUS (DORAN),Lunas,"",22720000.0,0.0,22/09/2023,22720000.0,0.0,22720000.0,"",SURABAYA,"","","","",TINTA EPSON 003 CYAN,"","",60.0,PCS,76500.0,0.00 %,"",0.0,4590000.0,4590000.0,0.0,"",0.0,0.0,"","","","",0.0,0.0
23/08/2023,Faktur Pembelian,082023330649,AGUS (DORAN),Lunas,"",22720000.0,0.0,22/09/2023,22720000.0,0.0,22720000.0,"",SURABAYA,"","","","",TINTA EPSON 003 YELLOW,"","",60.0,PCS,76500.0,0.00 %,"",0.0,4590000.0,4590000.0,0.0,"",0.0,0.0,"","","","",0.0,0.0
23/08/2023,Faktur Pembelian,082023330649,AGUS (DORAN),Lunas,"",22720000.0,0.0,22/09/2023,22720000.0,0.0,22720000.0,"",SURABAYA,"","","","",TINTA HP GT 53 BLACK,"","",20.0,PCS,83000.0,0.00 %,"",0.0,1660000.0,1660000.0,0.0,"",0.0,0.0,"","","","",0.0,0.0
23/08/2023,Faktur Pembelian,082023330649,AGUS (DORAN),Lunas,"",22720000.0,0.0,22/09/2023,22720000.0,0.0,22720000.0,"",SURABAYA,"","","","",TINTA EPSON 005 BLACK,"","",20.0,PCS,135000.0,0.00 %,"",0.0,2700000.0,2700000.0,0.0,"",0.0,0.0,"","","","",0.0,0.0
23/08/2023,Faktur Pembelian,JN-N/SBY/P01/230823/009,PT. INDO WARNA MULIA ( ALFA INK ),Lunas,"",3534000.0,0.0,22/10/2023,3534000.0,0.0,3534000.0,"","","","","","",ALFA INK TONER 100 GRAM HP,"","",100.0,PCS,35340.0,0.00 %,"",0.0,3534000.0,3534000.0,0.0,"",0.0,0.0,"","","","",0.0,0.0
24/08/2023,Faktur Pembelian,14743,FIKTIF BELI,Lunas,"",700000.0,0.0,23/09/2023,700000.0,0.0,700000.0,"","","","","","",CATRDIGE CANON CA91 / BH7 (G2010),"","",1.0,PCS,350000.0,0.00 %,"",0.0,350000.0,350000.0,0.0,"",0.0,0.0,"","","","",0.0,0.0
24/08/2023,Faktur Pembelian,14743,FIKTIF BELI,Lunas,"",700000.0,0.0,23/09/2023,700000.0,0.0,700000.0,"","","","","","",CATRIDGE CANON CA92 / CH7 (G2010),"","",1.0,PCS,350000.0,0.00 %,"",0.0,350000.0,350000.0,0.0,"",0.0,0.0,"","","","",0.0,0.0
24/08/2023,Faktur Pembelian,14744,FIKTIF BELI,Lunas,"",620000.0,0.0,23/09/2023,620000.0,0.0,620000.0,"","","","","","",BATERAI LAPTOP ACER Z1401 #,"","",2.0,PCS,310000.0,0.00 %,"",0.0,620000.0,620000.0,0.0,"",0.0,0.0,"","","","",0.0,0.0
24/08/2023,Faktur Pembelian,001592,LILI (PLATINUM),Lunas,"",765000.0,0.0,23/09/2023,765000.0,0.0,765000.0,"","","","","","",BATERAI ACER  V5 431 (AL12A32),"","",1.0,PCS,230000.0,0.00 %,"",0.0,230000.0,230000.0,0.0,"",0.0,0.0,"","","","",0.0,0.0
24/08/2023,Faktur Pembelian,001592,LILI (PLATINUM),Lunas,"",765000.0,0.0,23/09/2023,765000.0,0.0,765000.0,"","","","","","",BATERAI TOSHIBA C640 OR (PA3817U),"","",1.0,PCS,230000.0,0.00 %,"",0.0,230000.0,230000.0,0.0,"",0.0,0.0,"","","","",0.0,0.0
24/08/2023,Faktur Pembelian,001592,LILI (PLATINUM),Lunas,"",765000.0,0.0,23/09/2023,765000.0,0.0,765000.0,"","","","","","",BATERAI ACER ES1 432 AS16A8K / AS16A5K,"","",1.0,PCS,305000.0,0.00 %,"",0.0,305000.0,305000.0,0.0,"",0.0,0.0,"","","","",0.0,0.0
24/08/2023,Faktur Pembelian,001593,LILI (PLATINUM),Lunas,"",1005000.0,1005000.0,23/09/2023,1005000.0,0.0,0.0,"","","","","","",BATERAI ACER  V5 431 (AL12A32),"","",2.0,PCS,230000.0,0.00 %,"",0.0,460000.0,460000.0,0.0,"",0.0,0.0,"","","","",0.0,0.0
24/08/2023,Faktur Pembelian,001593,LILI (PLATINUM),Lunas,"",1005000.0,1005000.0,23/09/2023,1005000.0,0.0,0.0,"","","","","","",BATERAI ACER ES1 432 AS16A8K / AS16A5K,"","",1.0,PCS,305000.0,0.00 %,"",0.0,305000.0,305000.0,0.0,"",0.0,0.0,"","","","",0.0,0.0
24/08/2023,Faktur Pembelian,001593,LILI (PLATINUM),Lunas,"",1005000.0,1005000.0,23/09/2023,1005000.0,0.0,0.0,"","","","","","",BATERAI HP HS 04 BM,"","",1.0,PCS,240000.0,0.00 %,"",0.0,240000.0,240000.0,0.0,"",0.0,0.0,"","","","",0.0,0.0
24/08/2023,Faktur Pembelian,FK 4001,BETA COM,Lunas,"",48147000.0,0.0,07/09/2023,48147000.0,0.0,48147000.0,"","","","","","",CATRIDGE CANON 810 BLACK,"","",192.0,PCS,201000.0,0.00 %,"",0.0,38592000.0,38592000.0,0.0,"",0.0,0.0,"","","","",0.0,0.0
24/08/2023,Faktur Pembelian,FK 4001,BETA COM,Lunas,"",48147000.0,0.0,07/09/2023,48147000.0,0.0,48147000.0,"","","","","","",PRINTER CANON G1010,"","",7.0,UNIT,1365000.0,0.00 %,"",0.0,9555000.0,9555000.0,0.0,"",0.0,0.0,"","","","",0.0,0.0
24/08/2023,Faktur Pembelian,SBY01-NC23080436,AGRES IT,Lunas,"",42000000.0,0.0,07/09/2023,42000000.0,0.0,42000000.0,"","","","","","",ASUS A416MAO INTEL N4020 4GB 256GB SSD #,"","",10.0,UNIT,4200000.0,0.00 %,"",0.0,42000000.0,42000000.0,0.0,"",0.0,0.0,"","","","",0.0,0.0
24/08/2023,Faktur Pembelian,JL5523081269,YULI (HP CENTRE),Lunas,"",29600000.0,0.0,23/09/2023,29600000.0,0.0,29600000.0,"","","","",RAHMAT,"",ACER 3 A314 36M Ci3-N305 8GB 512GB SSD WIN 11,"","",2.0,UNIT,6150000.0,0.00 %,"",0.0,12300000.0,12300000.0,0.0,"",0.0,0.0,"","","","",0.0,0.0
24/08/2023,Faktur Pembelian,JL5523081269,YULI (HP CENTRE),Lunas,"",29600000.0,0.0,23/09/2023,29600000.0,0.0,29600000.0,"","","","",RAHMAT,"",ACER A514 - 56P I5-1335U 8GB 512GB SSD WIN 11,"","",2.0,UNIT,8650000.0,0.00 %,"",0.0,17300000.0,17300000.0,0.0,"",0.0,0.0,"","","","",0.0,0.0
25/08/2023,Faktur Pembelian,14745,DARMA DJ COMP,Lunas,"",29130000.0,0.0,24/09/2023,29130000.0,0.0,29130000.0,"","","","","","","ACER 3 SLIM A314 - 35 INTEL N6000 4GB 256GB SSD 14""","","",3.0,UNIT,4930000.0,0.00 %,"",0.0,14790000.0,14790000.0,0.0,"",0.0,0.0,"","","",087876835295,0.0,0.0
25/08/2023,Faktur Pembelian,14745,DARMA DJ COMP,Lunas,"",29130000.0,0.0,24/09/2023,29130000.0,0.0,29130000.0,"","","","","","",ACER A314 35 N5100 8GB SSD 256GB,"","",3.0,UNIT,4780000.0,0.00 %,"",0.0,14340000.0,14340000.0,0.0,"",0.0,0.0,"","","",087876835295,0.0,0.0
25/08/2023,Faktur Pembelian,JL.2308.07779,CANDRA (BLESSING),Lunas,"",31869000.0,0.0,08/09/2023,31869000.0,0.0,31869000.0,"","","","",AGUS,"",AXIOO MYBOOK 14E INTEL N4000 4GB SSD 256GB #,"","",2.0,UNIT,2180000.0,0.00 %,"",0.0,4360000.0,4360000.0,0.0,"",0.0,0.0,"","","","",0.0,0.0
25/08/2023,Faktur Pembelian,JL.2308.07779,CANDRA (BLESSING),Lunas,"",31869000.0,0.0,08/09/2023,31869000.0,0.0,31869000.0,"","","","",AGUS,"",ASUS A416MAO INTEL N4020 4GB 256GB SSD #,"","",2.0,UNIT,4270000.0,0.00 %,"",0.0,8540000.0,8540000.0,0.0,"",0.0,0.0,"","","","",0.0,0.0
25/08/2023,Faktur Pembelian,JL.2308.07779,CANDRA (BLESSING),Lunas,"",31869000.0,0.0,08/09/2023,31869000.0,0.0,31869000.0,"","","","",AGUS,"",TENDA SWITCH 5 PORT TEG1005D ( GIGABIT HUB LAN ),"","",3.0,UNIT,168000.0,0.00 %,"",0.0,504000.0,504000.0,0.0,"",0.0,0.0,"","","","",0.0,0.0
25/08/2023,Faktur Pembelian,JL.2308.07779,CANDRA (BLESSING),Lunas,"",31869000.0,0.0,08/09/2023,31869000.0,0.0,31869000.0,"","","","",AGUS,"","AXIOO 11G N4000/4GB/256GB SSD/11,6""","","",1.0,UNIT,2030000.0,0.00 %,"",0.0,2030000.0,2030000.0,0.0,"",0.0,0.0,"","","","",0.0,0.0
25/08/2023,Faktur Pembelian,JL.2308.07779,CANDRA (BLESSING),Lunas,"",31869000.0,0.0,08/09/2023,31869000.0,0.0,31869000.0,"","","","",AGUS,"",ASUS A416J I3 1005G1 8GB SSD 256GB WIN 11,"","",2.0,UNIT,5470000.0,0.00 %,"",0.0,10940000.0,10940000.0,0.0,"",0.0,0.0,"","","","",0.0,0.0
25/08/2023,Faktur Pembelian,JL.2308.07779,CANDRA (BLESSING),Lunas,"",31869000.0,0.0,08/09/2023,31869000.0,0.0,31869000.0,"","","","",AGUS,"",HP 240 I3 - 1115G4 8GB 256GB WIN 11 #,"","",1.0,UNIT,5495000.0,0.00 %,"",0.0,5495000.0,5495000.0,0.0,"",0.0,0.0,"","","","",0.0,0.0
25/08/2023,Faktur Pembelian,14746,TATIK (LEGENDA),Lunas,"",5687500.0,0.0,24/09/2023,5687500.0,0.0,5687500.0,"","","","","","",KERTAS FOTO STIKER DATA PRINT,"","",250.0,PCS,22750.0,0.00 %,"",0.0,5687500.0,5687500.0,0.0,"",0.0,0.0,"","","","",0.0,0.0
25/08/2023,Faktur Pembelian,JL.2308.07976,CANDRA (BLESSING),Lunas,"",296000.0,0.0,08/09/2023,296000.0,0.0,296000.0,"","","","",AGUS,"",DVD EXTERNAL LG,"","",1.0,PCS,296000.0,0.00 %,"",0.0,296000.0,296000.0,0.0,"",0.0,0.0,"","","","",0.0,0.0
25/08/2023,Faktur Pembelian,14747,TE2 COMPUTER SURABAYA,Lunas,"",2970000.0,0.0,24/09/2023,2970000.0,0.0,2970000.0,"","","","","","",BRANKAS NASIONAL A1,"","",1.0,UNIT,2970000.0,0.00 %,"",0.0,2970000.0,2970000.0,0.0,"",0.0,0.0,"","","","",0.0,0.0
25/08/2023,Faktur Pembelian,PJL-23-08-00714,PT. Surya Makmur Kreasindo (HJ),Lunas,"",23625000.000001,0.0,08/09/2023,21283783.783785,2341216.216216,23625000.000001,"",SURABAYA,"","",CV TIGA NUSA,"",* PRINTER EPSON L121,"","",15.0,UNIT,1418918.918919,0.00 %,11.0,2341216.2162163499999765878378378365,21283783.783785,21283783.783785,0.0,"",0.0,0.0,PT. Surya Makmur Kreasindo,"",081515111951,"",0.0,0.0
25/08/2023,Faktur Pembelian,SBY01-NC23080458,AGRES IT,Lunas,"",21000000.0,0.0,08/09/2023,21000000.0,0.0,21000000.0,"","","","","","",ASUS A416MAO INTEL N4020 4GB 256GB SSD #,"","",5.0,UNIT,4200000.0,0.00 %,"",0.0,21000000.0,21000000.0,0.0,"",0.0,0.0,"","","","",0.0,0.0
25/08/2023,Faktur Pembelian,FK 4015,BETA COM,Lunas,"",43776000.0,0.0,08/09/2023,43776000.0,0.0,43776000.0,"","","","","","",CATRIDGE CANON 810 BLACK,"","",96.0,PCS,201000.0,0.00 %,"",0.0,19296000.0,19296000.0,0.0,"",0.0,0.0,"","","","",0.0,0.0
25/08/2023,Faktur Pembelian,FK 4015,BETA COM,Lunas,"",43776000.0,0.0,08/09/2023,43776000.0,0.0,43776000.0,"","","","","","",CATRIDGE CANON 811 COLOUR,"","",96.0,PCS,255000.0,0.00 %,"",0.0,24480000.0,24480000.0,0.0,"",0.0,0.0,"","","","",0.0,0.0
25/08/2023,Faktur Pembelian,ACJ01/01FP/2308/BE00003,PT. ANGKASA CERAH JAYA,Lunas,"",34450000.0,0.0,08/09/2023,31036036.036036,3413963.963964,34450000.0,"",SURABAYA,"","",CV TIGA NUSA,"",* ASUS TUF FX506LH-I565B6T GREY I5 10300H GTX 1650 512GB SSD #,"","",3.0,UNIT,8873873.873874,0.00 %,11.0,2928378.3783784199999707162162162158,26621621.621622,26621621.621622,0.0,"",0.0,0.0,PT. ANGKASA CERAH JAYA,"",0815 5395 1313,"",0.0,0.0
25/08/2023,Faktur Pembelian,ACJ01/01FP/2308/BE00003,PT. ANGKASA CERAH JAYA,Lunas,"",34450000.0,0.0,08/09/2023,31036036.036036,3413963.963964,34450000.0,"",SURABAYA,"","",CV TIGA NUSA,"",* ACER A314 35 INTEL - N5100 SSD 8GB 512GB WIN 11 #,"","",1.0,UNIT,4414414.414414,0.00 %,11.0,485585.5855855399999951441441441446,4414414.414414,4414414.414414,0.0,"",0.0,0.0,PT. ANGKASA CERAH JAYA,"",0815 5395 1313,"",0.0,0.0
26/08/2023,Faktur Pembelian,14748,YULI (HP CENTRE),Lunas,"",5900000.0,0.0,25/09/2023,5900000.0,0.0,5900000.0,"","","","","","",ACER 3 A314 36M Ci3-N305 8GB 512GB SSD WIN 11,"","",1.0,UNIT,5900000.0,0.00 %,"",0.0,5900000.0,5900000.0,0.0,"",0.0,0.0,"","","","",0.0,0.0
26/08/2023,Faktur Pembelian,JL.2308.08292,CANDRA (BLESSING),Lunas,"",16820000.0,0.0,09/09/2023,16820000.0,0.0,16820000.0,"","","","",ARIES,"",AXIOO MYBOOK 14E INTEL N4000 4GB SSD 256GB #,"","",2.0,UNIT,2180000.0,0.00 %,"",0.0,4360000.0,4360000.0,0.0,"",0.0,0.0,"","","","",0.0,0.0
26/08/2023,Faktur Pembelian,JL.2308.08292,CANDRA (BLESSING),Lunas,"",16820000.0,0.0,09/09/2023,16820000.0,0.0,16820000.0,"","","","",ARIES,"","AXIOO 14F N4020/4GB/256GB SSD/13.3""","","",3.0,UNIT,2280000.0,0.00 %,"",0.0,6840000.0,6840000.0,0.0,"",0.0,0.0,"","","","",0.0,0.0
26/08/2023,Faktur Pembelian,JL.2308.08292,CANDRA (BLESSING),Lunas,"",16820000.0,0.0,09/09/2023,16820000.0,0.0,16820000.0,"","","","",ARIES,"",AXIOO 14F INTEL N4020 6GB 256GB SSD FHD #,"","",2.0,UNIT,2380000.0,0.00 %,"",0.0,4760000.0,4760000.0,0.0,"",0.0,0.0,"","","","",0.0,0.0
26/08/2023,Faktur Pembelian,JL.2308.08292,CANDRA (BLESSING),Lunas,"",16820000.0,0.0,09/09/2023,16820000.0,0.0,16820000.0,"","","","",ARIES,"","SSD LEXAR 1TB LNS100 SATA 2,5""","","",1.0,PCS,860000.0,0.00 %,"",0.0,860000.0,860000.0,0.0,"",0.0,0.0,"","","","",0.0,0.0
26/08/2023,Faktur Pembelian,14749,FIKTIF BELI,Lunas,"",120000.0,0.0,25/09/2023,120000.0,0.0,120000.0,"","","","","","",TINTA CANON ORI 790 BLACK NON PACK,"","",1.0,PCS,30000.0,0.00 %,"",0.0,30000.0,30000.0,0.0,"",0.0,0.0,"","","","",0.0,0.0
26/08/2023,Faktur Pembelian,14749,FIKTIF BELI,Lunas,"",120000.0,0.0,25/09/2023,120000.0,0.0,120000.0,"","","","","","",TINTA CANON ORI 790 CYAN NON PACK,"","",1.0,PCS,30000.0,0.00 %,"",0.0,30000.0,30000.0,0.0,"",0.0,0.0,"","","","",0.0,0.0
26/08/2023,Faktur Pembelian,14749,FIKTIF BELI,Lunas,"",120000.0,0.0,25/09/2023,120000.0,0.0,120000.0,"","","","","","",TINTA CANON ORI 790 YELLOW NON PACK,"","",1.0,PCS,30000.0,0.00 %,"",0.0,30000.0,30000.0,0.0,"",0.0,0.0,"","","","",0.0,0.0
26/08/2023,Faktur Pembelian,14749,FIKTIF BELI,Lunas,"",120000.0,0.0,25/09/2023,120000.0,0.0,120000.0,"","","","","","",TINTA CANON ORI 790 MAGENTA NON PACK,"","",1.0,PCS,30000.0,0.00 %,"",0.0,30000.0,30000.0,0.0,"",0.0,0.0,"","","","",0.0,0.0
26/08/2023,Faktur Pembelian,14750,IQ TRONIK,Lunas,"",10400000.0,0.0,25/09/2023,10400000.0,0.0,10400000.0,"","","","","","",KERTAS FOTO SPECTRA GLOSSY 260,"","",100.0,PCS,52000.0,0.00 %,"",0.0,5200000.0,5200000.0,0.0,"",0.0,0.0,"","","","",0.0,0.0
26/08/2023,Faktur Pembelian,14750,IQ TRONIK,Lunas,"",10400000.0,0.0,25/09/2023,10400000.0,0.0,10400000.0,"","","","","","",KERTAS FOTO SPECTRA SILKY 260,"","",100.0,PCS,52000.0,0.00 %,"",0.0,5200000.0,5200000.0,0.0,"",0.0,0.0,"","","","",0.0,0.0
26/08/2023,Faktur Pembelian,JL.2308.08444,CANDRA (BLESSING),Lunas,"",7520000.0,0.0,09/09/2023,7520000.0,0.0,7520000.0,"","","","",AGUS,"",AIO LENOVO IDEACENTRE 3  24 INCS Ci3-1215U 8GB 512GB SSD #,"","",1.0,UNIT,7520000.0,0.00 %,"",0.0,7520000.0,7520000.0,0.0,"",0.0,0.0,"","","","",0.0,0.0
26/08/2023,Faktur Pembelian,2308653,CV. BALI IT SOLUSI (ENY),Lunas,"",14510000.0,0.0,09/09/2023,14510000.0,0.0,14510000.0,"","","","","","",AXIOO MYBOOK 14E INTEL N4000 4GB SSD 256GB #,"","",2.0,UNIT,2180000.0,0.00 %,"",0.0,4360000.0,4360000.0,0.0,"",0.0,0.0,"","","","",0.0,0.0
26/08/2023,Faktur Pembelian,2308653,CV. BALI IT SOLUSI (ENY),Lunas,"",14510000.0,0.0,09/09/2023,14510000.0,0.0,14510000.0,"","","","","","","AXIOO 11G N4000/4GB/256GB SSD/11,6""","","",5.0,UNIT,2030000.0,0.00 %,"",0.0,10150000.0,10150000.0,0.0,"",0.0,0.0,"","","","",0.0,0.0
26/08/2023,Faktur Pembelian,00646185_036,PRIYO (K GALAXY),Lunas,"",760000.0,0.0,25/09/2023,760000.0,0.0,760000.0,"","","","","","",SODIMM KINGSTONE / HYNIX DDR3L 8GB,"","",2.0,PCS,110000.0,0.00 %,"",0.0,220000.0,220000.0,0.0,"",0.0,0.0,"","","","",0.0,0.0
26/08/2023,Faktur Pembelian,00646185_036,PRIYO (K GALAXY),Lunas,"",760000.0,0.0,25/09/2023,760000.0,0.0,760000.0,"","","","","","",SODIMM KINGSTONE DDR3L 4GB,"","",8.0,PCS,67500.0,0.00 %,"",0.0,540000.0,540000.0,0.0,"",0.0,0.0,"","","","",0.0,0.0
26/08/2023,Faktur Pembelian,082023342316,AGUS (DORAN),Lunas,"",3423000.000002,0.0,25/09/2023,3423000.000002,0.0,3423000.000002,"",SURABAYA,"","","","",FD BLADE CZ50 32GB SANDISK,"","",50.0,PCS,38500.0,0.00 %,"",0.0,1925000.0,1925000.0,0.0,"",0.0,0.0,"","","","",0.0,0.0
26/08/2023,Faktur Pembelian,082023342316,AGUS (DORAN),Lunas,"",3423000.000002,0.0,25/09/2023,3423000.000002,0.0,3423000.000002,"",SURABAYA,"","","","",KEYBOARD JETE KB 2 / KB 1,"","",22.0,PCS,68090.909091,0.00 %,"",0.0,1498000.000002,1498000.000002,0.0,"",0.0,0.0,"","","","",0.0,0.0
26/08/2023,Faktur Pembelian,001598,LILI (PLATINUM),Lunas,"",650000.0,650000.0,25/09/2023,650000.0,0.0,0.0,"","","","","","",KEYBOARD MINI BANDA / MURAGO,"","",10.0,PCS,40000.0,0.00 %,"",0.0,400000.0,400000.0,0.0,"",0.0,0.0,"","","","",0.0,0.0
26/08/2023,Faktur Pembelian,001598,LILI (PLATINUM),Lunas,"",650000.0,650000.0,25/09/2023,650000.0,0.0,0.0,"","","","","","",BATERAI HP JC 04 ORI,"","",1.0,PCS,250000.0,0.00 %,"",0.0,250000.0,250000.0,0.0,"",0.0,0.0,"","","","",0.0,0.0
26/08/2023,Faktur Pembelian,001596,LILI (PLATINUM),Lunas,"",8885000.0,8885000.0,25/09/2023,8885000.0,0.0,0.0,"","","","","","",MOUSE VOTRE / SANURPRO,"","",200.0,PCS,9750.0,0.00 %,"",0.0,1950000.0,1950000.0,0.0,"",0.0,0.0,"","","","",0.0,0.0
26/08/2023,Faktur Pembelian,001596,LILI (PLATINUM),Lunas,"",8885000.0,8885000.0,25/09/2023,8885000.0,0.0,0.0,"","","","","","",KEYBOARD MINI BANDA / MURAGO,"","",30.0,PCS,40000.0,0.00 %,"",0.0,1200000.0,1200000.0,0.0,"",0.0,0.0,"","","","",0.0,0.0
26/08/2023,Faktur Pembelian,001596,LILI (PLATINUM),Lunas,"",8885000.0,8885000.0,25/09/2023,8885000.0,0.0,0.0,"","","","","","",ADAPTOR ASUS 19V 2.1A (JARUM KECIL N),"","",3.0,PCS,75000.0,0.00 %,"",0.0,225000.0,225000.0,0.0,"",0.0,0.0,"","","","",0.0,0.0
26/08/2023,Faktur Pembelian,001596,LILI (PLATINUM),Lunas,"",8885000.0,8885000.0,25/09/2023,8885000.0,0.0,0.0,"","","","","","",ADAPTOR LENOVO USB 20V - 3.25A #,"","",25.0,PCS,80000.0,0.00 %,"",0.0,2000000.0,2000000.0,0.0,"",0.0,0.0,"","","","",0.0,0.0
26/08/2023,Faktur Pembelian,001596,LILI (PLATINUM),Lunas,"",8885000.0,8885000.0,25/09/2023,8885000.0,0.0,0.0,"","","","","","","KABEL USB EXTENDER 1,5 METER","","",30.0,PCS,11000.0,0.00 %,"",0.0,330000.0,330000.0,0.0,"",0.0,0.0,"","","","",0.0,0.0
26/08/2023,Faktur Pembelian,001596,LILI (PLATINUM),Lunas,"",8885000.0,8885000.0,25/09/2023,8885000.0,0.0,0.0,"","","","","","",KABEL HDMI 3 IN 1 UNIVERSAL,"","",20.0,PCS,35000.0,0.00 %,"",0.0,700000.0,700000.0,0.0,"",0.0,0.0,"","","","",0.0,0.0
26/08/2023,Faktur Pembelian,001596,LILI (PLATINUM),Lunas,"",8885000.0,8885000.0,25/09/2023,8885000.0,0.0,0.0,"","","","","","",KABEL USB A - A,"","",30.0,PCS,14000.0,0.00 %,"",0.0,420000.0,420000.0,0.0,"",0.0,0.0,"","","","",0.0,0.0
26/08/2023,Faktur Pembelian,001596,LILI (PLATINUM),Lunas,"",8885000.0,8885000.0,25/09/2023,8885000.0,0.0,0.0,"","","","","","",BATERAI ACER ES1 432 AS16A8K / AS16A5K,"","",2.0,PCS,305000.0,0.00 %,"",0.0,610000.0,610000.0,0.0,"",0.0,0.0,"","","","",0.0,0.0
26/08/2023,Faktur Pembelian,001596,LILI (PLATINUM),Lunas,"",8885000.0,8885000.0,25/09/2023,8885000.0,0.0,0.0,"","","","","","",ADAPTOR CCTV LG / SAMSUNG / DF12V #,"","",50.0,PCS,29000.0,0.00 %,"",0.0,1450000.0,1450000.0,0.0,"",0.0,0.0,"","","","",0.0,0.0
26/08/2023,Faktur Pembelian,001600,LILI (PLATINUM),Lunas,"",880000.0,880000.0,25/09/2023,880000.0,0.0,0.0,"","","","","","",BATERAI LAPTOP ACER E5 - 473 (AL15A32),"","",2.0,PCS,320000.0,0.00 %,"",0.0,640000.0,640000.0,0.0,"",0.0,0.0,"","","","",0.0,0.0
26/08/2023,Faktur Pembelian,001600,LILI (PLATINUM),Lunas,"",880000.0,880000.0,25/09/2023,880000.0,0.0,0.0,"","","","","","",BATERAI LAPTOP ASUS X441,"","",1.0,PCS,240000.0,0.00 %,"",0.0,240000.0,240000.0,0.0,"",0.0,0.0,"","","","",0.0,0.0
27/08/2023,Faktur Pembelian,14752,FIKTIF BELI,Lunas,"",960000.0,0.0,26/09/2023,960000.0,0.0,960000.0,"","","","","","",LCD LAPTOP 14 TIPIS 30 PIN,"","",2.0,PCS,480000.0,0.00 %,"",0.0,960000.0,960000.0,0.0,"",0.0,0.0,"","","","",0.0,0.0
27/08/2023,Faktur Pembelian,14753,FIKTIF BELI,Lunas,"",120000.0,0.0,26/09/2023,120000.0,0.0,120000.0,"","","","","","",TINTA CANON ORI 790 BLACK NON PACK,"","",1.0,PCS,30000.0,0.00 %,"",0.0,30000.0,30000.0,0.0,"",0.0,0.0,"","","","",0.0,0.0
27/08/2023,Faktur Pembelian,14753,FIKTIF BELI,Lunas,"",120000.0,0.0,26/09/2023,120000.0,0.0,120000.0,"","","","","","",TINTA CANON ORI 790 CYAN NON PACK,"","",1.0,PCS,30000.0,0.00 %,"",0.0,30000.0,30000.0,0.0,"",0.0,0.0,"","","","",0.0,0.0
27/08/2023,Faktur Pembelian,14753,FIKTIF BELI,Lunas,"",120000.0,0.0,26/09/2023,120000.0,0.0,120000.0,"","","","","","",TINTA CANON ORI 790 YELLOW NON PACK,"","",1.0,PCS,30000.0,0.00 %,"",0.0,30000.0,30000.0,0.0,"",0.0,0.0,"","","","",0.0,0.0
27/08/2023,Faktur Pembelian,14753,FIKTIF BELI,Lunas,"",120000.0,0.0,26/09/2023,120000.0,0.0,120000.0,"","","","","","",TINTA CANON ORI 790 MAGENTA NON PACK,"","",1.0,PCS,30000.0,0.00 %,"",0.0,30000.0,30000.0,0.0,"",0.0,0.0,"","","","",0.0,0.0
27/08/2023,Faktur Pembelian,14754,FIKTIF BELI,Lunas,"",120000.0,0.0,26/09/2023,120000.0,0.0,120000.0,"","","","","","",TINTA CANON ORI 790 BLACK NON PACK,"","",1.0,PCS,30000.0,0.00 %,"",0.0,30000.0,30000.0,0.0,"",0.0,0.0,"","","","",0.0,0.0
27/08/2023,Faktur Pembelian,14754,FIKTIF BELI,Lunas,"",120000.0,0.0,26/09/2023,120000.0,0.0,120000.0,"","","","","","",TINTA CANON ORI 790 CYAN NON PACK,"","",1.0,PCS,30000.0,0.00 %,"",0.0,30000.0,30000.0,0.0,"",0.0,0.0,"","","","",0.0,0.0
27/08/2023,Faktur Pembelian,14754,FIKTIF BELI,Lunas,"",120000.0,0.0,26/09/2023,120000.0,0.0,120000.0,"","","","","","",TINTA CANON ORI 790 YELLOW NON PACK,"","",1.0,PCS,30000.0,0.00 %,"",0.0,30000.0,30000.0,0.0,"",0.0,0.0,"","","","",0.0,0.0
27/08/2023,Faktur Pembelian,14754,FIKTIF BELI,Lunas,"",120000.0,0.0,26/09/2023,120000.0,0.0,120000.0,"","","","","","",TINTA CANON ORI 790 MAGENTA NON PACK,"","",1.0,PCS,30000.0,0.00 %,"",0.0,30000.0,30000.0,0.0,"",0.0,0.0,"","","","",0.0,0.0
28/08/2023,Faktur Pembelian,14755,FIKTIF BELI,Lunas,"",148000.0,0.0,27/09/2023,148000.0,0.0,148000.0,"","","","","","",TINTA CANON ORI 790 BLACK NON PACK,"","",1.0,PCS,37000.0,0.00 %,"",0.0,37000.0,37000.0,0.0,"",0.0,0.0,"","","","",0.0,0.0
28/08/2023,Faktur Pembelian,14755,FIKTIF BELI,Lunas,"",148000.0,0.0,27/09/2023,148000.0,0.0,148000.0,"","","","","","",TINTA CANON ORI 790 CYAN NON PACK,"","",1.0,PCS,37000.0,0.00 %,"",0.0,37000.0,37000.0,0.0,"",0.0,0.0,"","","","",0.0,0.0
28/08/2023,Faktur Pembelian,14755,FIKTIF BELI,Lunas,"",148000.0,0.0,27/09/2023,148000.0,0.0,148000.0,"","","","","","",TINTA CANON ORI 790 YELLOW NON PACK,"","",1.0,PCS,37000.0,0.00 %,"",0.0,37000.0,37000.0,0.0,"",0.0,0.0,"","","","",0.0,0.0
28/08/2023,Faktur Pembelian,14755,FIKTIF BELI,Lunas,"",148000.0,0.0,27/09/2023,148000.0,0.0,148000.0,"","","","","","",TINTA CANON ORI 790 MAGENTA NON PACK,"","",1.0,PCS,37000.0,0.00 %,"",0.0,37000.0,37000.0,0.0,"",0.0,0.0,"","","","",0.0,0.0
28/08/2023,Faktur Pembelian,14756,FIKTIF BELI,Lunas,"",35000.0,0.0,27/09/2023,35000.0,0.0,0.0,"","","","","","",BLUEPRINT CANON CYAN (100ML),"","",1.0,PCS,35000.0,0.00 %,"",0.0,35000.0,35000.0,0.0,"",0.0,0.0,"","","","",0.0,0.0
28/08/2023,Faktur Pembelian,14757,LEGALA,Lunas,"",1905000.0,0.0,27/09/2023,1905000.0,0.0,1905000.0,"","","","","","",KERTAS ART PAPER A4 150 GRAM,"","",50.0,PCS,33500.0,0.00 %,"",0.0,1675000.0,1675000.0,0.0,"",0.0,0.0,"","","","",0.0,0.0
28/08/2023,Faktur Pembelian,14757,LEGALA,Lunas,"",1905000.0,0.0,27/09/2023,1905000.0,0.0,1905000.0,"","","","","","",PEMOTONG KERTAS A3,"","",1.0,UNIT,230000.0,0.00 %,"",0.0,230000.0,230000.0,0.0,"",0.0,0.0,"","","","",0.0,0.0
28/08/2023,Faktur Pembelian,14758,TATIK (LEGENDA),Lunas,"",6900000.0,0.0,27/09/2023,6900000.0,0.0,6900000.0,"","","","","","",PRINTER CANON IX 6770,"","",2.0,UNIT,3450000.0,0.00 %,"",0.0,6900000.0,6900000.0,0.0,"",0.0,0.0,"","","","",0.0,0.0
28/08/2023,Faktur Pembelian,JL.2308.08616,CANDRA (BLESSING),Lunas,"",26820000.0,0.0,11/09/2023,26820000.0,0.0,26820000.0,"","","","",AGUS,"",ASUS A416M N4020 8GB 256GB SSD #,"","",6.0,UNIT,4470000.0,0.00 %,"",0.0,26820000.0,26820000.0,0.0,"",0.0,0.0,"","","","",0.0,0.0
28/08/2023,Faktur Pembelian,JL.2308.08806,CANDRA (BLESSING),Lunas,"",1095000.0,0.0,11/09/2023,1095000.0,0.0,1095000.0,"","","","",ARIES,"",MB ASUS H110,"","",1.0,PCS,1095000.0,0.00 %,"",0.0,1095000.0,1095000.0,0.0,"",0.0,0.0,"","","","",0.0,0.0
28/08/2023,Faktur Pembelian,14759,FIKTIF BELI,Lunas,"",120000.0,0.0,27/09/2023,120000.0,0.0,120000.0,"","","","","","",TINTA CANON ORI 790 BLACK NON PACK,"","",1.0,PCS,30000.0,0.00 %,"",0.0,30000.0,30000.0,0.0,"",0.0,0.0,"","","","",0.0,0.0
28/08/2023,Faktur Pembelian,14759,FIKTIF BELI,Lunas,"",120000.0,0.0,27/09/2023,120000.0,0.0,120000.0,"","","","","","",TINTA CANON ORI 790 CYAN NON PACK,"","",1.0,PCS,30000.0,0.00 %,"",0.0,30000.0,30000.0,0.0,"",0.0,0.0,"","","","",0.0,0.0
28/08/2023,Faktur Pembelian,14759,FIKTIF BELI,Lunas,"",120000.0,0.0,27/09/2023,120000.0,0.0,120000.0,"","","","","","",TINTA CANON ORI 790 YELLOW NON PACK,"","",1.0,PCS,30000.0,0.00 %,"",0.0,30000.0,30000.0,0.0,"",0.0,0.0,"","","","",0.0,0.0
28/08/2023,Faktur Pembelian,14759,FIKTIF BELI,Lunas,"",120000.0,0.0,27/09/2023,120000.0,0.0,120000.0,"","","","","","",TINTA CANON ORI 790 MAGENTA NON PACK,"","",1.0,PCS,30000.0,0.00 %,"",0.0,30000.0,30000.0,0.0,"",0.0,0.0,"","","","",0.0,0.0
28/08/2023,Faktur Pembelian,14760,ONLINE,Lunas,"",1743000.0,0.0,27/09/2023,1743000.0,0.0,1743000.0,"","","","","","",ROUTER RUIJIE EW1200E,"","",3.0,PCS,581000.0,0.00 %,"",0.0,1743000.0,1743000.0,0.0,"",0.0,0.0,"","","","",0.0,0.0
28/08/2023,Faktur Pembelian,14761,FIKTIF BELI,Lunas,"",120000.0,0.0,27/09/2023,120000.0,0.0,120000.0,"","","","","","",TINTA CANON ORI 790 BLACK NON PACK,"","",1.0,PCS,30000.0,0.00 %,"",0.0,30000.0,30000.0,0.0,"",0.0,0.0,"","","","",0.0,0.0
28/08/2023,Faktur Pembelian,14761,FIKTIF BELI,Lunas,"",120000.0,0.0,27/09/2023,120000.0,0.0,120000.0,"","","","","","",TINTA CANON ORI 790 CYAN NON PACK,"","",1.0,PCS,30000.0,0.00 %,"",0.0,30000.0,30000.0,0.0,"",0.0,0.0,"","","","",0.0,0.0
28/08/2023,Faktur Pembelian,14761,FIKTIF BELI,Lunas,"",120000.0,0.0,27/09/2023,120000.0,0.0,120000.0,"","","","","","",TINTA CANON ORI 790 YELLOW NON PACK,"","",1.0,PCS,30000.0,0.00 %,"",0.0,30000.0,30000.0,0.0,"",0.0,0.0,"","","","",0.0,0.0
28/08/2023,Faktur Pembelian,14761,FIKTIF BELI,Lunas,"",120000.0,0.0,27/09/2023,120000.0,0.0,120000.0,"","","","","","",TINTA CANON ORI 790 MAGENTA NON PACK,"","",1.0,PCS,30000.0,0.00 %,"",0.0,30000.0,30000.0,0.0,"",0.0,0.0,"","","","",0.0,0.0
28/08/2023,Faktur Pembelian,14762,RIO MATRIX TOKO,Lunas,"",100000.0,0.0,27/09/2023,100000.0,0.0,100000.0,"","","","","","",KEYBOARD LAPTOP ASUS X453M / X451 (BLACK),"","",1.0,PCS,100000.0,0.00 %,"",0.0,100000.0,100000.0,0.0,"",0.0,0.0,"","","","",0.0,0.0
28/08/2023,Faktur Pembelian,001601,LILI (PLATINUM),Lunas,"",230000.0,230000.0,27/09/2023,230000.0,0.0,0.0,"","","","","","",BATERAI TOSHIBA C640 OR (PA3817U),"","",1.0,PCS,230000.0,0.00 %,"",0.0,230000.0,230000.0,0.0,"",0.0,0.0,"","","","",0.0,0.0
29/08/2023,Faktur Pembelian,14764,FIKTIF BELI,Lunas,"",20550.0,0.0,28/09/2023,20550.0,0.0,20550.0,"","","","","","",PENGGARIS BESI,"","",10.0,PCS,2055.0,0.00 %,"",0.0,20550.0,20550.0,0.0,"",0.0,0.0,"","","","",0.0,0.0
29/08/2023,Faktur Pembelian,14765,KEVIN TELKOMSEL,Lunas,"",515000.0,0.0,28/09/2023,515000.0,0.0,515000.0,"","","","","","",MODEM ORBIT STAR N2,"","",1.0,UNIT,515000.0,0.00 %,"",0.0,515000.0,515000.0,0.0,"",0.0,0.0,"","","","",0.0,0.0
29/08/2023,Faktur Pembelian,14766,ATM SURABAYA,Lunas,"",5950000.0,0.0,28/09/2023,5950000.0,0.0,5950000.0,"","","","","","",CAMERA CANON EOS 3000D 18-55MM III RSM,"","",1.0,UNIT,5950000.0,0.00 %,"",0.0,5950000.0,5950000.0,0.0,"",0.0,0.0,"","","","",0.0,0.0
29/08/2023,Faktur Pembelian,14767,HARAPAN BARU,Lunas,"",2100000.0,0.0,28/09/2023,2100000.0,0.0,2100000.0,"","","","","","",SPEAKER ADVANCE K1812,"","",1.0,UNIT,2100000.0,0.00 %,"",0.0,2100000.0,2100000.0,0.0,"",0.0,0.0,"","","","",0.0,0.0
29/08/2023,Faktur Pembelian,JL.2308.09180,CANDRA (BLESSING),Lunas,"",42925000.0,0.0,12/09/2023,42925000.0,0.0,42925000.0,"","","","",AGUS,"",SCANNER FUJITSU SP1120N NETWORKING,"","",1.0,UNIT,5485000.0,0.00 %,"",0.0,5485000.0,5485000.0,0.0,"",0.0,0.0,"","","","",0.0,0.0
29/08/2023,Faktur Pembelian,JL.2308.09180,CANDRA (BLESSING),Lunas,"",42925000.0,0.0,12/09/2023,42925000.0,0.0,42925000.0,"","","","",AGUS,"",TPLINK SWITCH 24 PORT TL-SF1024D (HUB 24 PORT),"","",1.0,UNIT,460000.0,0.00 %,"",0.0,460000.0,460000.0,0.0,"",0.0,0.0,"","","","",0.0,0.0
29/08/2023,Faktur Pembelian,JL.2308.09180,CANDRA (BLESSING),Lunas,"",42925000.0,0.0,12/09/2023,42925000.0,0.0,42925000.0,"","","","",AGUS,"",HP 240 I3 - 1115G4 8GB 256GB WIN 11 #,"","",1.0,UNIT,5495000.0,0.00 %,"",0.0,5495000.0,5495000.0,0.0,"",0.0,0.0,"","","","",0.0,0.0
29/08/2023,Faktur Pembelian,JL.2308.09180,CANDRA (BLESSING),Lunas,"",42925000.0,0.0,12/09/2023,42925000.0,0.0,42925000.0,"","","","",AGUS,"",ACER SWIFT GO 14 SFG14-71 INTEL I7-13700H 16GB 1TB SSD INTEL IRIS XE GRAPHICS 96 EU WIN 11,"","",1.0,UNIT,14770000.0,0.00 %,"",0.0,14770000.0,14770000.0,0.0,"",0.0,0.0,"","","","",0.0,0.0
29/08/2023,Faktur Pembelian,JL.2308.09180,CANDRA (BLESSING),Lunas,"",42925000.0,0.0,12/09/2023,42925000.0,0.0,42925000.0,"","","","",AGUS,"",LENOVO IDEAPAD GAMING 3 15ARH7 AMD RYZEN 7 7735HS 8GB 512GB SSD RTX 4050 6GB WIN 11,"","",1.0,UNIT,16715000.0,0.00 %,"",0.0,16715000.0,16715000.0,0.0,"",0.0,0.0,"","","","",0.0,0.0
29/08/2023,Faktur Pembelian,14768,MATRIX MATARAM KO HAN,Lunas,"",33375000.0,0.0,28/09/2023,33375000.0,0.0,33375000.0,"","","","","","",AIO ASUS V222FAK CI3-10110U 4GB 256GB SSD US,"","",5.0,UNIT,6675000.0,0.00 %,"",0.0,33375000.0,33375000.0,0.0,"",0.0,0.0,"","","","",0.0,0.0
29/08/2023,Faktur Pembelian,14769,FIKTIF BELI,Lunas,"",150000.0,0.0,28/09/2023,150000.0,0.0,150000.0,"","","","","","",TINTA CANON ORI 790 BLACK NON PACK,"","",1.0,PCS,60000.0,0.00 %,"",0.0,60000.0,60000.0,0.0,"",0.0,0.0,"","","","",0.0,0.0
29/08/2023,Faktur Pembelian,14769,FIKTIF BELI,Lunas,"",150000.0,0.0,28/09/2023,150000.0,0.0,150000.0,"","","","","","",TINTA CANON ORI 790 CYAN NON PACK,"","",1.0,PCS,30000.0,0.00 %,"",0.0,30000.0,30000.0,0.0,"",0.0,0.0,"","","","",0.0,0.0
29/08/2023,Faktur Pembelian,14769,FIKTIF BELI,Lunas,"",150000.0,0.0,28/09/2023,150000.0,0.0,150000.0,"","","","","","",TINTA CANON ORI 790 YELLOW NON PACK,"","",1.0,PCS,30000.0,0.00 %,"",0.0,30000.0,30000.0,0.0,"",0.0,0.0,"","","","",0.0,0.0
29/08/2023,Faktur Pembelian,14769,FIKTIF BELI,Lunas,"",150000.0,0.0,28/09/2023,150000.0,0.0,150000.0,"","","","","","",TINTA CANON ORI 790 MAGENTA NON PACK,"","",1.0,PCS,30000.0,0.00 %,"",0.0,30000.0,30000.0,0.0,"",0.0,0.0,"","","","",0.0,0.0
29/08/2023,Faktur Pembelian,D/23/00992/NTB,PT SAMAMAJU PRIMA NTB,Lunas,"",57716913.0,0.0,28/09/2023,57716913.0,0.0,57716913.0,"","","JL. SOEKARNO HATTA RT. 012  RW. 004 PANE, RASANAE BARAT","",RAHMAT,"",SIDU F4 70,"",150 DUS,750.0,PCS,48507.83,0.00 %,"",0.0,36380872.5,36380872.5,0.0,"",0.5,0.0,"","","","",0.0,0.0
29/08/2023,Faktur Pembelian,D/23/00992/NTB,PT SAMAMAJU PRIMA NTB,Lunas,"",57716913.0,0.0,28/09/2023,57716913.0,0.0,57716913.0,"","","JL. SOEKARNO HATTA RT. 012  RW. 004 PANE, RASANAE BARAT","",RAHMAT,"",SIDU A4 70,"",100 DUS ,500.0,PCS,42672.08,0.00 %,"",0.0,21336040.0,21336040.0,0.0,"",0.5,0.0,"","","","",0.0,0.0
29/08/2023,Faktur Pembelian,KARMEN / INV/2023/117220,WULAN (DISCOUNT NOTEBOOK),Lunas,"",605000.0,0.0,28/09/2023,605000.0,0.0,605000.0,"","","","","","",KEYBOARD LAPTOP ASUS X453M / X451 (BLACK),"","",10.0,PCS,60500.0,0.00 %,"",0.0,605000.0,605000.0,0.0,"",0.0,0.0,"","","","",0.0,0.0
29/08/2023,Faktur Pembelian,001603,LILI (PLATINUM),Lunas,"",6795000.0,6795000.0,28/09/2023,6795000.0,0.0,0.0,"","","","","","",BATERAI ACER  V5 431 (AL12A32),"","",2.0,PCS,230000.0,0.00 %,"",0.0,460000.0,460000.0,0.0,"",0.0,0.0,"","","","",0.0,0.0
29/08/2023,Faktur Pembelian,001603,LILI (PLATINUM),Lunas,"",6795000.0,6795000.0,28/09/2023,6795000.0,0.0,0.0,"","","","","","",BATERAI ACER 4741 OR,"","",1.0,PCS,230000.0,0.00 %,"",0.0,230000.0,230000.0,0.0,"",0.0,0.0,"","","","",0.0,0.0
29/08/2023,Faktur Pembelian,001603,LILI (PLATINUM),Lunas,"",6795000.0,6795000.0,28/09/2023,6795000.0,0.0,0.0,"","","","","","",KABEL DATA PRINTER 5 METER,"","",10.0,PCS,26500.0,0.00 %,"",0.0,265000.0,265000.0,0.0,"",0.0,0.0,"","","","",0.0,0.0
29/08/2023,Faktur Pembelian,001603,LILI (PLATINUM),Lunas,"",6795000.0,6795000.0,28/09/2023,6795000.0,0.0,0.0,"","","","","","",BATERAI TOSHIBA C640 OR (PA3817U),"","",2.0,PCS,230000.0,0.00 %,"",0.0,460000.0,460000.0,0.0,"",0.0,0.0,"","","","",0.0,0.0
29/08/2023,Faktur Pembelian,001603,LILI (PLATINUM),Lunas,"",6795000.0,6795000.0,28/09/2023,6795000.0,0.0,0.0,"","","","","","",ADAPTOR ASUS 19V 2.37A (X441),"","",60.0,PCS,80000.0,0.00 %,"",0.0,4800000.0,4800000.0,0.0,"",0.0,0.0,"","","","",0.0,0.0
29/08/2023,Faktur Pembelian,001603,LILI (PLATINUM),Lunas,"",6795000.0,6795000.0,28/09/2023,6795000.0,0.0,0.0,"","","","","","",KEYBOAR LAPTOP LENOVO IDEAPAD 5 15 INCS,"","",2.0,PCS,290000.0,0.00 %,"",0.0,580000.0,580000.0,0.0,"",0.0,0.0,"","","","",0.0,0.0
29/08/2023,Faktur Pembelian,PJL-23-08-00777,PT. Surya Makmur Kreasindo (HJ),Lunas,"",41174999.999996,0.0,12/09/2023,37094594.594591,4080405.405405,41174999.999996,"",SURABAYA,"","",CV TIGA NUSA,"",* PRINTER EPSON L121,"","",10.0,UNIT,1418918.918919,0.00 %,11.0,1560810.810810899999984391891891891,14189189.18919,14189189.18919,0.0,"",0.0,0.0,PT. Surya Makmur Kreasindo,"",081515111951,"",0.0,0.0
29/08/2023,Faktur Pembelian,PJL-23-08-00777,PT. Surya Makmur Kreasindo (HJ),Lunas,"",41174999.999996,0.0,12/09/2023,37094594.594591,4080405.405405,41174999.999996,"",SURABAYA,"","",CV TIGA NUSA,"",* PRINTER EPSON L3210,"","",10.0,UNIT,1932432.432432,0.00 %,11.0,2125675.675675199999978743243243248,19324324.32432,19324324.32432,0.0,"",0.0,0.0,PT. Surya Makmur Kreasindo,"",081515111951,"",0.0,0.0
29/08/2023,Faktur Pembelian,PJL-23-08-00777,PT. Surya Makmur Kreasindo (HJ),Lunas,"",41174999.999996,0.0,12/09/2023,37094594.594591,4080405.405405,41174999.999996,"",SURABAYA,"","",CV TIGA NUSA,"",* PRINTER EPSON L5290,"","",1.0,UNIT,3581081.081081,0.00 %,11.0,393918.9189189099999960608108108109,3581081.081081,3581081.081081,0.0,"",0.0,0.0,PT. Surya Makmur Kreasindo,"",081515111951,"",0.0,0.0
29/08/2023,Faktur Pembelian,FK 4052,BETA COM,Lunas,"",32150000.0,0.0,12/09/2023,32150000.0,0.0,32150000.0,"","","","","","",PRINTER CANON G2010,"","",15.0,UNIT,1830000.0,0.00 %,"",0.0,27450000.0,27450000.0,0.0,"",0.0,0.0,"","","","",0.0,0.0
29/08/2023,Faktur Pembelian,FK 4052,BETA COM,Lunas,"",32150000.0,0.0,12/09/2023,32150000.0,0.0,32150000.0,"","","","","","",TINTA CANON ORI GI 71S BK,"","",30.0,PCS,75000.0,0.00 %,"",0.0,2250000.0,2250000.0,0.0,"",0.0,0.0,"","","","",0.0,0.0
29/08/2023,Faktur Pembelian,FK 4052,BETA COM,Lunas,"",32150000.0,0.0,12/09/2023,32150000.0,0.0,32150000.0,"","","","","","",PRINTER CANON G3730,"","",1.0,UNIT,2450000.0,0.00 %,"",0.0,2450000.0,2450000.0,0.0,"",0.0,0.0,"","","","",0.0,0.0
29/08/2023,Faktur Pembelian,PJ230256,ATC,Lunas,"",83470000.0,0.0,12/09/2023,83470000.0,0.0,83470000.0,"","","","","","",ACER A314 35 INTEL N5100 8GB 512GB SSD WIN 11,"","",17.0,UNIT,4910000.0,0.00 %,"",0.0,83470000.0,83470000.0,0.0,"",0.0,0.0,"","","","",0.0,0.0
30/08/2023,Faktur Pembelian,14771,ONLINE,Lunas,annisa computer jogja,97400000.0,0.0,29/09/2023,97400000.0,0.0,97400000.0,"","","","","","",ACER A314 35 INTEL N5100 8GB 512GB SSD WIN 11,"","",15.0,UNIT,4860000.0,0.00 %,"",0.0,72900000.0,72900000.0,0.0,"",0.0,0.0,"","","","",0.0,0.0
30/08/2023,Faktur Pembelian,14771,ONLINE,Lunas,annisa computer jogja,97400000.0,0.0,29/09/2023,97400000.0,0.0,97400000.0,"","","","","","",ACER A314 35 INTEL N5100 8GB 512GB SSD WIN 11,"","",5.0,UNIT,4900000.0,0.00 %,"",0.0,24500000.0,24500000.0,0.0,"",0.0,0.0,"","","","",0.0,0.0
30/08/2023,Faktur Pembelian,JL.2308.09623,CANDRA (BLESSING),Lunas,"",8540000.0,0.0,13/09/2023,8540000.0,0.0,8540000.0,"","","","",AGUS,"",PSU AEROCOOL LUX RGB MODULAR 650W #,"","",1.0,PCS,655000.0,0.00 %,"",0.0,655000.0,655000.0,0.0,"",0.0,0.0,"","","","",0.0,0.0
30/08/2023,Faktur Pembelian,JL.2308.09623,CANDRA (BLESSING),Lunas,"",8540000.0,0.0,13/09/2023,8540000.0,0.0,8540000.0,"","","","",AGUS,"",SSD LEXAR 512GB NM620 M.2 2280 NVME PCIE GEN 3X4,"","",1.0,PCS,485000.0,0.00 %,"",0.0,485000.0,485000.0,0.0,"",0.0,0.0,"","","","",0.0,0.0
30/08/2023,Faktur Pembelian,JL.2308.09623,CANDRA (BLESSING),Lunas,"",8540000.0,0.0,13/09/2023,8540000.0,0.0,8540000.0,"","","","",AGUS,"",PROC INTEL i5 10400F COMET LAKE,"","",1.0,UNIT,1640000.0,0.00 %,"",0.0,1640000.0,1640000.0,0.0,"",0.0,0.0,"","","","",0.0,0.0
30/08/2023,Faktur Pembelian,JL.2308.09623,CANDRA (BLESSING),Lunas,"",8540000.0,0.0,13/09/2023,8540000.0,0.0,8540000.0,"","","","",AGUS,"",CASING INFINITY NEBULA V.4,"","",1.0,UNIT,410000.0,0.00 %,"",0.0,410000.0,410000.0,0.0,"",0.0,0.0,"","","","",0.0,0.0
30/08/2023,Faktur Pembelian,JL.2308.09623,CANDRA (BLESSING),Lunas,"",8540000.0,0.0,13/09/2023,8540000.0,0.0,8540000.0,"","","","",AGUS,"",MB GIGABYTE H410MH V2 REV 1.7,"","",1.0,PCS,910000.0,0.00 %,"",0.0,910000.0,910000.0,0.0,"",0.0,0.0,"","","","",0.0,0.0
30/08/2023,Faktur Pembelian,JL.2308.09623,CANDRA (BLESSING),Lunas,"",8540000.0,0.0,13/09/2023,8540000.0,0.0,8540000.0,"","","","",AGUS,"",RAM TEAM ELITE PLUS DDR4 16GB PC 2666 PENDINGIN,"","",1.0,PCS,545000.0,0.00 %,"",0.0,545000.0,545000.0,0.0,"",0.0,0.0,"","","","",0.0,0.0
30/08/2023,Faktur Pembelian,JL.2308.09623,CANDRA (BLESSING),Lunas,"",8540000.0,0.0,13/09/2023,8540000.0,0.0,8540000.0,"","","","",AGUS,"",VGA ASUS AUTO EXTREAME DUAL RTX 3050 8GB V2 OC GDDR6,"","",1.0,PCS,3895000.0,0.00 %,"",0.0,3895000.0,3895000.0,0.0,"",0.0,0.0,"","","","",0.0,0.0
30/08/2023,Faktur Pembelian,JL.2308.09430,CANDRA (BLESSING),Lunas,"",3970000.0,0.0,13/09/2023,3970000.0,0.0,3970000.0,"","","","",ARIES,"",VGA ASROCK RX 6650 XT STEEL LEGEND 8GB OC,"","",1.0,PCS,3970000.0,0.00 %,"",0.0,3970000.0,3970000.0,0.0,"",0.0,0.0,"","","","",0.0,0.0
30/08/2023,Faktur Pembelian,SBY01-NC23080561,AGRES IT,Lunas,"",29550000.0,0.0,13/09/2023,29550000.0,0.0,29550000.0,"","","","","","",ACER 3 A314 36M Ci3-N305 8GB 512GB SSD WIN 11,"","",5.0,UNIT,5910000.0,0.00 %,"",0.0,29550000.0,29550000.0,0.0,"",0.0,0.0,"","","","",0.0,0.0
30/08/2023,Faktur Pembelian,JL.2308.09673,CANDRA (BLESSING),Lunas,"",13770000.0,0.0,13/09/2023,13770000.0,0.0,13770000.0,"","","","",ARIES,"",PROJECTOR ACER BS 020P DLP 4000 LUMENS + TAS,"","",3.0,PCS,4590000.0,0.00 %,"",0.0,13770000.0,13770000.0,0.0,"",0.0,0.0,"","","","",0.0,0.0
30/08/2023,Faktur Pembelian,SBY01-NC23080562,AGRES IT,Lunas,"",36800000.0,0.0,13/09/2023,36800000.0,0.0,36800000.0,"","","","","","",ACER NITRO 5 AN515 INTEL i9 12900H  16GB 512GB SSD RTX3060 6GB,"","",2.0,UNIT,18400000.0,0.00 %,"",0.0,36800000.0,36800000.0,0.0,"",0.0,0.0,"","","","",0.0,0.0
30/08/2023,Faktur Pembelian,14775,FIKTIF BELI,Lunas,"",380000.0,0.0,29/09/2023,380000.0,0.0,380000.0,"","","","","","","PROCESSOR INTEL I3-4160 3,6 GHZ","","",2.0,PCS,190000.0,0.00 %,"",0.0,380000.0,380000.0,0.0,"",0.0,0.0,"","","","",0.0,0.0
30/08/2023,Faktur Pembelian,14776,FIKTIF BELI,Lunas,"",120000.0,0.0,29/09/2023,120000.0,0.0,120000.0,"","","","","","",TINTA CANON ORI 790 BLACK NON PACK,"","",1.0,PCS,30000.0,0.00 %,"",0.0,30000.0,30000.0,0.0,"",0.0,0.0,"","","","",0.0,0.0
30/08/2023,Faktur Pembelian,14776,FIKTIF BELI,Lunas,"",120000.0,0.0,29/09/2023,120000.0,0.0,120000.0,"","","","","","",TINTA CANON ORI 790 CYAN NON PACK,"","",1.0,PCS,30000.0,0.00 %,"",0.0,30000.0,30000.0,0.0,"",0.0,0.0,"","","","",0.0,0.0
30/08/2023,Faktur Pembelian,14776,FIKTIF BELI,Lunas,"",120000.0,0.0,29/09/2023,120000.0,0.0,120000.0,"","","","","","",TINTA CANON ORI 790 YELLOW NON PACK,"","",1.0,PCS,30000.0,0.00 %,"",0.0,30000.0,30000.0,0.0,"",0.0,0.0,"","","","",0.0,0.0
30/08/2023,Faktur Pembelian,14776,FIKTIF BELI,Lunas,"",120000.0,0.0,29/09/2023,120000.0,0.0,120000.0,"","","","","","",TINTA CANON ORI 790 MAGENTA NON PACK,"","",1.0,PCS,30000.0,0.00 %,"",0.0,30000.0,30000.0,0.0,"",0.0,0.0,"","","","",0.0,0.0
30/08/2023,Faktur Pembelian,SBY01-NC23080563,AGRES IT,Lunas,"",17730000.0,0.0,13/09/2023,17730000.0,0.0,17730000.0,"","","","","","",ACER 3 A314 36M Ci3-N305 8GB 512GB SSD WIN 11,"","",3.0,UNIT,5910000.0,0.00 %,"",0.0,17730000.0,17730000.0,0.0,"",0.0,0.0,"","","","",0.0,0.0
30/08/2023,Faktur Pembelian,AGS01-PC23084541,AGRES IT,Lunas,BAYAR REK PT,1900000.0,0.0,13/09/2023,1900000.0,0.0,1900000.0,"","","","","","",AXIOO MYBOOK 14E INTEL N4000 4GB SSD 256GB #,"","",1.0,UNIT,1900000.0,0.00 %,"",0.0,1900000.0,1900000.0,0.0,"",0.0,0.0,"","","","",0.0,0.0
30/08/2023,Faktur Pembelian,AGS01-PC23084525,AGRES IT,Lunas,BAYAR REK PT,3800000.0,0.0,13/09/2023,3800000.0,0.0,3800000.0,"","","","","","",AXIOO MYBOOK 14E INTEL N4000 4GB SSD 256GB #,"","",2.0,UNIT,1900000.0,0.00 %,"",0.0,3800000.0,3800000.0,0.0,"",0.0,0.0,"","","","",0.0,0.0
31/08/2023,Faktur Pembelian,14777,DARMA DJ COMP,Lunas,"",24000000.0,0.0,30/09/2023,24000000.0,0.0,24000000.0,"","","","","","",ACER A314 35 N5100 8GB SSD 256GB,"","",5.0,UNIT,4800000.0,0.00 %,"",0.0,24000000.0,24000000.0,0.0,"",0.0,0.0,"","","",087876835295,0.0,0.0
31/08/2023,Faktur Pembelian,14778,HARAPAN BARU,Lunas,"",9450000.0,0.0,30/09/2023,9450000.0,0.0,9450000.0,"","","","","","",AC SHARP 1/2 PK + PASANG,"","",3.0,UNIT,3150000.0,0.00 %,"",0.0,9450000.0,9450000.0,0.0,"",0.0,0.0,"","","","",0.0,0.0
31/08/2023,Faktur Pembelian,JL.2308.09997,CANDRA (BLESSING),Lunas,"",9900000.0,0.0,14/09/2023,9900000.0,0.0,9900000.0,"","","","",AGUS,"","LED SAMSUNG 24"" FLAT LS24F350FHEXXD HDMI + VGA","","",1.0,PCS,1550000.0,0.00 %,"",0.0,1550000.0,1550000.0,0.0,"",0.0,0.0,"","","","",0.0,0.0
31/08/2023,Faktur Pembelian,JL.2308.09997,CANDRA (BLESSING),Lunas,"",9900000.0,0.0,14/09/2023,9900000.0,0.0,9900000.0,"","","","",AGUS,"","SSD LEXAR 512GB LNS100-512RB VALUE 2,5 SATA","","",2.0,PCS,435000.0,0.00 %,"",0.0,870000.0,870000.0,0.0,"",0.0,0.0,"","","","",0.0,0.0
31/08/2023,Faktur Pembelian,JL.2308.09997,CANDRA (BLESSING),Lunas,"",9900000.0,0.0,14/09/2023,9900000.0,0.0,9900000.0,"","","","",AGUS,"","LED LG 24"" 24MR400-B FHD IPS (1920 X 1080) 100HZ 5ms #","","",1.0,UNIT,1295000.0,0.00 %,"",0.0,1295000.0,1295000.0,0.0,"",0.0,0.0,"","","","",0.0,0.0
31/08/2023,Faktur Pembelian,JL.2308.09997,CANDRA (BLESSING),Lunas,"",9900000.0,0.0,14/09/2023,9900000.0,0.0,9900000.0,"","","","",AGUS,"",CASING INFINITY NEBULA V.4,"","",1.0,UNIT,430000.0,0.00 %,"",0.0,430000.0,430000.0,0.0,"",0.0,0.0,"","","","",0.0,0.0
31/08/2023,Faktur Pembelian,JL.2308.09997,CANDRA (BLESSING),Lunas,"",9900000.0,0.0,14/09/2023,9900000.0,0.0,9900000.0,"","","","",AGUS,"",LENOVO IDEAPAD 3 14ITL6 Ci3 - 1115G4 8GB 256GB SSD WIN 11,"","",1.0,PCS,5755000.0,0.00 %,"",0.0,5755000.0,5755000.0,0.0,"",0.0,0.0,"","","","",0.0,0.0
31/08/2023,Faktur Pembelian,14780,GLOBAL FIBER OPTIC,Lunas,"",6850000.0,0.0,30/09/2023,6850000.0,0.0,6850000.0,"","","","","","",KABEL FIBER OPTIK GLOBAL 1KM 1000M CORE 3 SELING NON DUS,"","",10.0,DUS,685000.0,0.00 %,"",0.0,6850000.0,6850000.0,0.0,"",0.0,0.0,"","","","",0.0,0.0
31/08/2023,Faktur Pembelian,14781,FIKTIF BELI,Lunas,"",300000.0,0.0,30/09/2023,300000.0,0.0,300000.0,"","","","","","",SODIMM DDR4 COPOTAN,"","",1.0,PCS,300000.0,0.00 %,"",0.0,300000.0,300000.0,0.0,"",0.0,0.0,"","","","",0.0,0.0
31/08/2023,Faktur Pembelian,14782,FIKTIF BELI,Lunas,"",699999.999935,0.0,30/09/2023,699999.999935,0.0,699999.999935,"","","","","","",KABEL CCTV PERMETER,"","",305.0,METER,2295.081967,0.00 %,"",0.0,699999.999935,699999.999935,0.0,"",0.0,0.0,"","","","",0.0,0.0
31/08/2023,Faktur Pembelian,JL.2308.10288,CANDRA (BLESSING),Lunas,"",37155000.0,0.0,14/09/2023,37155000.0,0.0,37155000.0,"","","","",ARIES,"",ACER ASPIRE 5 14 A514 - 56 Ci7-1355U 16GB 512GB SSD IRIS XE GRAPHICS WIN 11,"","",3.0,UNIT,12385000.0,0.00 %,"",0.0,37155000.0,37155000.0,0.0,"",0.0,0.0,"","","","",0.0,0.0
31/08/2023,Faktur Pembelian,JL.2308.09531,CANDRA (BLESSING),Lunas,"",120500000.0,0.0,14/09/2023,120500000.0,0.0,120500000.0,"","","","",ARIES,"",ACER A314 35 INTEL N5100 8GB 512GB SSD WIN 11,"","",25.0,UNIT,4820000.0,0.00 %,"",0.0,120500000.0,120500000.0,0.0,"",0.0,0.0,"","","","",0.0,0.0
31/08/2023,Faktur Pembelian,14792,PT TERA DATA INDONUSA,Lunas,"",200000.0,0.0,30/09/2023,180180.18018,19819.81982,200000.0,"","","","",CV TIGA NUSA,"",* KEY AXIOO 14E + COVER,"","",1.0,PCS,180180.18018,0.00 %,11.0,19819.819819799999999801801801802,180180.18018,180180.18018,0.0,"",0.0,0.0,"","","","",0.0,0.0
31/08/2023,Faktur Pembelian,2308DPS222/T0013,PT GALVA TECHNOLOGIES,Lunas,"",27299999.0,0.0,14/09/2023,24594593.693694,2705405.306306,27299999.0,"",DENPASAR - BALI,"","",CV TIGA NUSA,"",* PROJECTOR ACER BS 020P DLP 4000 Lumens + TAS,"","",6.0,UNIT,4099098.948949,0.00 %,11.0,2705405.3063063399999729459469369366,24594593.693694,24594593.693694,0.0,"",0.0,0.0,PT GALVA TECHNOLOGIES,"",0813 3803 4200,081338034200,0.0,0.0
31/08/2023,Faktur Pembelian,SBY01-PC23081591,AGRES IT,Lunas,BAYAR REK PT,17650000.0,0.0,14/09/2023,17650000.0,0.0,17650000.0,"","","","","","",ASUS A1402ZA-IPS551 CI5-1235U 8GB 512GB SSD,"","",2.0,UNIT,8825000.0,0.00 %,"",0.0,17650000.0,17650000.0,0.0,"",0.0,0.0,"","","","",0.0,0.0
31/08/2023,Faktur Pembelian,SBY01-NC23080592,AGRES IT,Lunas,"",8400000.0,0.0,14/09/2023,8400000.0,0.0,8400000.0,"","","","","","",ASUS A416MAO INTEL N4020 4GB 256GB SSD #,"","",2.0,UNIT,4200000.0,0.00 %,"",0.0,8400000.0,8400000.0,0.0,"",0.0,0.0,"","","","",0.0,0.0
31/08/2023,Faktur Pembelian,JL0000027518,IP COM TOKO,Lunas,"",2556000.0,2556000.0,30/09/2023,2556000.0,0.0,0.0,"","","","","","",FD JOINT / INDILINX 4GB,"","",100.0,PCS,25560.0,0.00 %,"",0.0,2556000.0,2556000.0,0.0,"",0.0,0.0,"","","","",0.0,0.0
01/09/2023,Faktur Pembelian,JL5523081251,YULI (HP CENTRE),Lunas,"",1965000.0,0.0,01/10/2023,1965000.0,0.0,1965000.0,"","","","",AGUS,"",PRINTER CANON G2010,"","",1.0,UNIT,1965000.0,0.00 %,"",0.0,1965000.0,1965000.0,0.0,"",0.0,0.0,"","","","",0.0,0.0
01/09/2023,Faktur Pembelian,14783,HARAPAN BARU,Lunas,"",1675000.0,0.0,01/10/2023,1675000.0,0.0,1675000.0,"","","","","","",SPEAKER ADVANCE K1512,"","",1.0,PCS,1700000.0,0.00 %,"",0.0,1674999.8,1700000.0,25000.0,"",0.0,0.0,"","","","",0.0,1.47
01/09/2023,Faktur Pembelian,JL.2309.00331,CANDRA (BLESSING),Lunas,"",8170000.0,0.0,15/09/2023,8170000.0,0.0,8170000.0,"","","","",RAHMAT,"",ASUS EXPERT P1412CEA i5 - 1135G7 8GB 256GB SSD #,"","",1.0,UNIT,8170000.0,0.00 %,"",0.0,8170000.0,8170000.0,0.0,"",0.0,0.0,"","","","",0.0,0.0
01/09/2023,Faktur Pembelian,14784,ONLINE,Lunas,"",220000.0,0.0,01/10/2023,220000.0,0.0,220000.0,"","","","","","",CHARGER CANON LC E10,"","",2.0,PCS,110000.0,0.00 %,"",0.0,220000.0,220000.0,0.0,"",0.0,0.0,"","","","",0.0,0.0
01/09/2023,Faktur Pembelian,14785,KEVIN TELKOMSEL,Lunas,"",3090000.0,0.0,01/10/2023,3090000.0,0.0,3090000.0,"","","","","","",MODEM ORBIT STAR N2,"","",6.0,UNIT,515000.0,0.00 %,"",0.0,3090000.0,3090000.0,0.0,"",0.0,0.0,"","","","",0.0,0.0
01/09/2023,Faktur Pembelian,JL202300004108,EDISON ATK,Lunas,"",10350000.0,10350000.0,31/10/2023,10350000.0,0.0,0.0,"","","","","","",ODNER FOLIO 75MM,"","",400.0,PCS,17250.0,0.00 %,"",0.0,6900000.0,6900000.0,0.0,"",0.0,0.0,"","","","",0.0,0.0
01/09/2023,Faktur Pembelian,JL202300004108,EDISON ATK,Lunas,"",10350000.0,10350000.0,31/10/2023,10350000.0,0.0,0.0,"","","","","","",ODNER KWT 75MM,"","",200.0,PCS,17250.0,0.00 %,"",0.0,3450000.0,3450000.0,0.0,"",0.0,0.0,"","","","",0.0,0.0
01/09/2023,Faktur Pembelian,001606,LILI (PLATINUM),Lunas,"",5250000.0,5250000.0,01/10/2023,5250000.0,0.0,0.0,"","","","","","",MOUSE VOTRE / SANURPRO,"","",200.0,PCS,9750.0,0.00 %,"",0.0,1950000.0,1950000.0,0.0,"",0.0,0.0,"","","","",0.0,0.0
01/09/2023,Faktur Pembelian,001606,LILI (PLATINUM),Lunas,"",5250000.0,5250000.0,01/10/2023,5250000.0,0.0,0.0,"","","","","","",SPEAKER ADVAN DUO 050,"","",60.0,PCS,55000.0,0.00 %,"",0.0,3300000.0,3300000.0,0.0,"",0.0,0.0,"","","","",0.0,0.0
01/09/2023,Faktur Pembelian,0920230067,AGUS (DORAN),Lunas,"",7555000.0,7555000.0,01/10/2023,7555000.0,0.0,0.0,"",SURABAYA,"","","","",TPLINK ROUTER TL WR840N,"","",20.0,PCS,148500.0,0.00 %,"",0.0,2970000.0,2970000.0,0.0,"",0.0,0.0,"","","","",0.0,0.0
01/09/2023,Faktur Pembelian,0920230067,AGUS (DORAN),Lunas,"",7555000.0,7555000.0,01/10/2023,7555000.0,0.0,0.0,"",SURABAYA,"","","","",CAM CCTV EZVIZ C6N #,"","",12.0,UNIT,330000.0,0.00 %,"",0.0,3960000.0,3960000.0,0.0,"",0.0,0.0,"","","","",0.0,0.0
01/09/2023,Faktur Pembelian,0920230067,AGUS (DORAN),Lunas,"",7555000.0,7555000.0,01/10/2023,7555000.0,0.0,0.0,"",SURABAYA,"","","","",MICRO SD 128GB CL10 ULTRA SANDISK,"","",5.0,PCS,125000.0,0.00 %,"",0.0,625000.0,625000.0,0.0,"",0.0,0.0,"","","","",0.0,0.0
01/09/2023,Faktur Pembelian,0920230066,AGUS (DORAN),Lunas,"",3660000.0,0.0,01/10/2023,3660000.0,0.0,3660000.0,"",SURABAYA,"","","","",TINTA EPSON 673 LM,"","",10.0,PCS,122000.0,0.00 %,"",0.0,1220000.0,1220000.0,0.0,"",0.0,0.0,"","","","",0.0,0.0
01/09/2023,Faktur Pembelian,0920230066,AGUS (DORAN),Lunas,"",3660000.0,0.0,01/10/2023,3660000.0,0.0,3660000.0,"",SURABAYA,"","","","",TINTA EPSON 673 MAGENTA,"","",5.0,PCS,122000.0,0.00 %,"",0.0,610000.0,610000.0,0.0,"",0.0,0.0,"","","","",0.0,0.0
01/09/2023,Faktur Pembelian,0920230066,AGUS (DORAN),Lunas,"",3660000.0,0.0,01/10/2023,3660000.0,0.0,3660000.0,"",SURABAYA,"","","","",TINTA EPSON 673 CYAN,"","",5.0,PCS,122000.0,0.00 %,"",0.0,610000.0,610000.0,0.0,"",0.0,0.0,"","","","",0.0,0.0
01/09/2023,Faktur Pembelian,0920230066,AGUS (DORAN),Lunas,"",3660000.0,0.0,01/10/2023,3660000.0,0.0,3660000.0,"",SURABAYA,"","","","",TINTA EPSON 673 LC,"","",5.0,PCS,122000.0,0.00 %,"",0.0,610000.0,610000.0,0.0,"",0.0,0.0,"","","","",0.0,0.0
01/09/2023,Faktur Pembelian,0920230066,AGUS (DORAN),Lunas,"",3660000.0,0.0,01/10/2023,3660000.0,0.0,3660000.0,"",SURABAYA,"","","","",TINTA EPSON 673 BLACK,"","",5.0,PCS,122000.0,0.00 %,"",0.0,610000.0,610000.0,0.0,"",0.0,0.0,"","","","",0.0,0.0
01/09/2023,Faktur Pembelian,001607,LILI (PLATINUM),Lunas,"",2820000.0,2820000.0,01/10/2023,2820000.0,0.0,0.0,"","","","","","",LCD LAPTOP 14 TIPIS 30 PIN,"","",3.0,PCS,480000.0,0.00 %,"",0.0,1440000.0,1440000.0,0.0,"",0.0,0.0,"","","","",0.0,0.0
01/09/2023,Faktur Pembelian,001607,LILI (PLATINUM),Lunas,"",2820000.0,2820000.0,01/10/2023,2820000.0,0.0,0.0,"","","","","","",LCD LAPTOP 14 TIPIS 40 PIN,"","",3.0,PCS,460000.0,0.00 %,"",0.0,1380000.0,1380000.0,0.0,"",0.0,0.0,"","","","",0.0,0.0
02/09/2023,Faktur Pembelian,14786,FIKTIF BELI,Lunas,DR PAK YULI,0.0,0.0,02/10/2023,0.0,0.0,0.0,"","","","","","",TINTA CANON ORI 790 BLACK NON PACK,"","",1.0,PCS,0.0,0.00 %,"",0.0,0.0,0.0,0.0,"",0.0,0.0,"","","","",0.0,0.0
02/09/2023,Faktur Pembelian,14786,FIKTIF BELI,Lunas,DR PAK YULI,0.0,0.0,02/10/2023,0.0,0.0,0.0,"","","","","","",TINTA CANON ORI 790 CYAN NON PACK,"","",1.0,PCS,0.0,0.00 %,"",0.0,0.0,0.0,0.0,"",0.0,0.0,"","","","",0.0,0.0
02/09/2023,Faktur Pembelian,14786,FIKTIF BELI,Lunas,DR PAK YULI,0.0,0.0,02/10/2023,0.0,0.0,0.0,"","","","","","",TINTA CANON ORI 790 YELLOW NON PACK,"","",1.0,PCS,0.0,0.00 %,"",0.0,0.0,0.0,0.0,"",0.0,0.0,"","","","",0.0,0.0
02/09/2023,Faktur Pembelian,14786,FIKTIF BELI,Lunas,DR PAK YULI,0.0,0.0,02/10/2023,0.0,0.0,0.0,"","","","","","",TINTA CANON ORI 790 MAGENTA NON PACK,"","",1.0,PCS,0.0,0.00 %,"",0.0,0.0,0.0,0.0,"",0.0,0.0,"","","","",0.0,0.0
02/09/2023,Faktur Pembelian,SBY01-NC23090026,AGRES IT,Lunas,MINTA REFISI HARGA ASUS A416M,23790000.0,0.0,16/09/2023,23790000.0,0.0,23790000.0,"","","","","","",ASUS A416MAO INTEL N4020 4GB 256GB SSD #,"","",2.0,UNIT,4145000.0,0.00 %,"",0.0,8290000.0,8290000.0,0.0,"",0.0,0.0,"","","","",0.0,0.0
02/09/2023,Faktur Pembelian,SBY01-NC23090026,AGRES IT,Lunas,MINTA REFISI HARGA ASUS A416M,23790000.0,0.0,16/09/2023,23790000.0,0.0,23790000.0,"","","","","","",ASUS M1403QA-VIPS AMD Ryzen 5 5600H 8GB 512GB SSD W11 Home + OHS 2021 #,"","",2.0,UNIT,7750000.0,0.00 %,"",0.0,15500000.0,15500000.0,0.0,"",0.0,0.0,"","","","",0.0,0.0
02/09/2023,Faktur Pembelian,KARMEN / INV/2023/119546,WULAN (DISCOUNT NOTEBOOK),Lunas,"",345000.0,0.0,02/10/2023,345000.0,0.0,345000.0,"","","JL. SOEKARNO HATTA RT. 012  RW. 004 PANE, RASANAE BARAT","","","",KEYBOARD LAPTOP ASUS X441 (BLACK),"","",3.0,PCS,60000.0,0.00 %,"",0.0,180000.0,180000.0,0.0,"",5000.0,0.0,"","","","",0.0,0.0
02/09/2023,Faktur Pembelian,KARMEN / INV/2023/119546,WULAN (DISCOUNT NOTEBOOK),Lunas,"",345000.0,0.0,02/10/2023,345000.0,0.0,345000.0,"","","JL. SOEKARNO HATTA RT. 012  RW. 004 PANE, RASANAE BARAT","","","",KEYBOARD LAPTOP ASUS TP412 AG,"","",1.0,PCS,160000.0,0.00 %,"",0.0,160000.0,160000.0,0.0,"",5000.0,0.0,"","","","",0.0,0.0
02/09/2023,Faktur Pembelian,001609,LILI (PLATINUM),Lunas,"",710000.0,710000.0,02/10/2023,710000.0,0.0,0.0,"","","","","","",BATERAI ASUS X200CA,"","",2.0,PCS,240000.0,0.00 %,"",0.0,480000.0,480000.0,0.0,"",0.0,0.0,"","","","",0.0,0.0
02/09/2023,Faktur Pembelian,001609,LILI (PLATINUM),Lunas,"",710000.0,710000.0,02/10/2023,710000.0,0.0,0.0,"","","","","","",BATERAI ACER  V5 431 (AL12A32),"","",1.0,PCS,230000.0,0.00 %,"",0.0,230000.0,230000.0,0.0,"",0.0,0.0,"","","","",0.0,0.0
02/09/2023,Faktur Pembelian,JL5523090050,YULI (HP CENTRE),Lunas,"",1580000.0,0.0,02/10/2023,1580000.0,0.0,1580000.0,"","","","",AGUS,"",BLUEPRINT PRINTER LITE TMU58D BLUETOOTH,"","",5.0,UNIT,316000.0,0.00 %,"",0.0,1580000.0,1580000.0,0.0,"",0.0,0.0,"","","","",0.0,0.0
03/09/2023,Faktur Pembelian,14789,FIKTIF BELI,Lunas,"",230000.0,0.0,03/10/2023,230000.0,0.0,230000.0,"","","","","","",BATERAI TOSHIBA PA5024U (C800),"","",1.0,PCS,230000.0,0.00 %,"",0.0,230000.0,230000.0,0.0,"",0.0,0.0,"","","","",0.0,0.0
04/09/2023,Faktur Pembelian,JL.2309.00940,CANDRA (BLESSING),Lunas,"",29555000.0,0.0,18/09/2023,29555000.0,0.0,29555000.0,"","","","",RAHMAT,"",ASUS A416MAO INTEL N4020 4GB 256GB SSD #,"","",2.0,UNIT,4195000.0,0.00 %,"",0.0,8390000.0,8390000.0,0.0,"",0.0,0.0,"","","","",0.0,0.0
04/09/2023,Faktur Pembelian,JL.2309.00940,CANDRA (BLESSING),Lunas,"",29555000.0,0.0,18/09/2023,29555000.0,0.0,29555000.0,"","","","",RAHMAT,"","AXIOO 14F N4020/4GB/256GB SSD/13.3""","","",2.0,UNIT,2280000.0,0.00 %,"",0.0,4560000.0,4560000.0,0.0,"",0.0,0.0,"","","","",0.0,0.0
04/09/2023,Faktur Pembelian,JL.2309.00940,CANDRA (BLESSING),Lunas,"",29555000.0,0.0,18/09/2023,29555000.0,0.0,29555000.0,"","","","",RAHMAT,"",ASUS A416J I3 1005G1 8GB SSD 256GB WIN 11,"","",1.0,UNIT,5270000.0,0.00 %,"",0.0,5270000.0,5270000.0,0.0,"",0.0,0.0,"","","","",0.0,0.0
04/09/2023,Faktur Pembelian,JL.2309.00940,CANDRA (BLESSING),Lunas,"",29555000.0,0.0,18/09/2023,29555000.0,0.0,29555000.0,"","","","",RAHMAT,"",ASUS A1400EA I3-1115G4 8GB 512GB SSD WIN 11,"","",1.0,UNIT,5840000.0,0.00 %,"",0.0,5840000.0,5840000.0,0.0,"",0.0,0.0,"","","","",0.0,0.0
04/09/2023,Faktur Pembelian,JL.2309.00940,CANDRA (BLESSING),Lunas,"",29555000.0,0.0,18/09/2023,29555000.0,0.0,29555000.0,"","","","",RAHMAT,"",HP 240 I3 - 1115G4 8GB 256GB WIN 11 #,"","",1.0,UNIT,5495000.0,0.00 %,"",0.0,5495000.0,5495000.0,0.0,"",0.0,0.0,"","","","",0.0,0.0
04/09/2023,Faktur Pembelian,JL.2308.09537,CANDRA (BLESSING),Lunas,"",72299999.999994,0.0,18/09/2023,65135135.13513,7164864.864864,72299999.999994,"","","","",CV TIGA NUSA,"",* ACER A314 35 INTEL - N5100 SSD 8GB 512GB WIN 11 #,"","",15.0,UNIT,4342342.342342,0.00 %,11.0,7164864.864864299999928351351351357,65135135.13513,65135135.13513,0.0,"",0.0,0.0,"","","","",0.0,0.0
04/09/2023,Faktur Pembelian,2308DPS222/T0014,PT GALVA TECHNOLOGIES,Lunas,"",18199999.000001,0.0,18/09/2023,16396395.495496,1803603.504505,18199999.000001,"",DENPASAR - BALI,"","",CV TIGA NUSA,"",* PROJECTOR ACER BS 020P DLP 4000 Lumens + TAS,"","",4.0,UNIT,4099098.873874,0.00 %,11.0,1803603.5045045599999819639649549544,16396395.495496,16396395.495496,0.0,"",0.0,0.0,PT GALVA TECHNOLOGIES,"",0813 3803 4200,081338034200,0.0,0.0
04/09/2023,Faktur Pembelian,PJL-23-09-00058,PT. Surya Makmur Kreasindo (HJ),Lunas,"",19429999.999997,0.0,18/09/2023,17504504.504502,1925495.495495,19429999.999997,"",SURABAYA,"","",CV TIGA NUSA,"",* PRINTER EPSON L3210,"","",5.0,UNIT,1932432.432432,0.00 %,11.0,1062837.837837599999989371621621624,9662162.16216,9662162.16216,0.0,"",0.0,0.0,PT. Surya Makmur Kreasindo,"",081515111951,"",0.0,0.0
04/09/2023,Faktur Pembelian,PJL-23-09-00058,PT. Surya Makmur Kreasindo (HJ),Lunas,"",19429999.999997,0.0,18/09/2023,17504504.504502,1925495.495495,19429999.999997,"",SURABAYA,"","",CV TIGA NUSA,"",* PRINTER EPSON L3250 WIFI PRINT SCAN COPY,"","",1.0,UNIT,2531531.531532,0.00 %,11.0,278468.4684685199999972153153153148,2531531.531532,2531531.531532,0.0,"",0.0,0.0,PT. Surya Makmur Kreasindo,"",081515111951,"",0.0,0.0
04/09/2023,Faktur Pembelian,PJL-23-09-00058,PT. Surya Makmur Kreasindo (HJ),Lunas,"",19429999.999997,0.0,18/09/2023,17504504.504502,1925495.495495,19429999.999997,"",SURABAYA,"","",CV TIGA NUSA,"",* PRINTER EPSON L1210,"","",3.0,UNIT,1770270.27027,0.00 %,11.0,584189.189189100099994158108108108999,5310810.81081,5310810.81081,0.0,"",0.0,0.0,PT. Surya Makmur Kreasindo,"",081515111951,"",0.0,0.0
04/09/2023,Faktur Pembelian,2309115,CV. BALI IT SOLUSI (ENY),Lunas,"",2800000.0,0.0,18/09/2023,2800000.0,0.0,2800000.0,"","","","","","",KABEL CCTV DAHUA RG 59 + POWER,"","",4.0,DUS,700000.0,0.00 %,"",0.0,2800000.0,2800000.0,0.0,"",0.0,0.0,"","","","",0.0,0.0
04/09/2023,Faktur Pembelian,SBY01-NC23090085,AGRES IT,Lunas,MINTA REFISI HARGA ASUS A416M ,49975000.0,0.0,18/09/2023,49975000.0,0.0,49975000.0,"","","","","","",ASUS A416MAO INTEL N4020 4GB 256GB SSD #,"","",5.0,UNIT,4145000.0,0.00 %,"",0.0,20725000.0,20725000.0,0.0,"",0.0,0.0,"","","","",0.0,0.0
04/09/2023,Faktur Pembelian,SBY01-NC23090085,AGRES IT,Lunas,MINTA REFISI HARGA ASUS A416M ,49975000.0,0.0,18/09/2023,49975000.0,0.0,49975000.0,"","","","","","",ACER 3 A314 36M Ci3-N305 8GB 512GB SSD WIN 11,"","",5.0,UNIT,5850000.0,0.00 %,"",0.0,29250000.0,29250000.0,0.0,"",0.0,0.0,"","","","",0.0,0.0
04/09/2023,Faktur Pembelian,JN-N/SBY/P01/040923/002,PT. INDO WARNA MULIA ( ALFA INK ),Lunas,"",16750000.0,16750000.0,03/11/2023,16750000.0,0.0,0.0,"","","","","","",ALFA INK CANON GI 71 BLACK,"","",200.0,PCS,33500.0,0.00 %,"",0.0,6700000.0,6700000.0,0.0,"",0.0,0.0,"","","","",0.0,0.0
04/09/2023,Faktur Pembelian,JN-N/SBY/P01/040923/002,PT. INDO WARNA MULIA ( ALFA INK ),Lunas,"",16750000.0,16750000.0,03/11/2023,16750000.0,0.0,0.0,"","","","","","",ALFA INK CANON GI 71 CYAN,"","",100.0,PCS,33500.0,0.00 %,"",0.0,3350000.0,3350000.0,0.0,"",0.0,0.0,"","","","",0.0,0.0
04/09/2023,Faktur Pembelian,JN-N/SBY/P01/040923/002,PT. INDO WARNA MULIA ( ALFA INK ),Lunas,"",16750000.0,16750000.0,03/11/2023,16750000.0,0.0,0.0,"","","","","","",ALFA INK CANON GI 71 YELLOW,"","",100.0,PCS,33500.0,0.00 %,"",0.0,3350000.0,3350000.0,0.0,"",0.0,0.0,"","","","",0.0,0.0
04/09/2023,Faktur Pembelian,JN-N/SBY/P01/040923/002,PT. INDO WARNA MULIA ( ALFA INK ),Lunas,"",16750000.0,16750000.0,03/11/2023,16750000.0,0.0,0.0,"","","","","","",ALFA INK CANON GI 71 MAGENTA,"","",100.0,PCS,33500.0,0.00 %,"",0.0,3350000.0,3350000.0,0.0,"",0.0,0.0,"","","","",0.0,0.0
05/09/2023,Faktur Pembelian,14793,FIKTIF BELI,Lunas,"",70000.0,0.0,05/10/2023,70000.0,0.0,70000.0,"","","","","","",KERTAS PIAGAM A4,"","",2.0,PCS,35000.0,0.00 %,"",0.0,70000.0,70000.0,0.0,"",0.0,0.0,"","","","",0.0,0.0
05/09/2023,Faktur Pembelian,JL.23089.01403,CANDRA (BLESSING),Lunas,"",18030000.0,0.0,19/09/2023,18030000.0,0.0,18030000.0,"","","","",AGUS,"",CASING INFINITY NEBULA V.4,"","",1.0,UNIT,410000.0,0.00 %,"",0.0,410000.0,410000.0,0.0,"",0.0,0.0,"","","","",0.0,0.0
05/09/2023,Faktur Pembelian,JL.23089.01403,CANDRA (BLESSING),Lunas,"",18030000.0,0.0,19/09/2023,18030000.0,0.0,18030000.0,"","","","",AGUS,"",ASUS A416M N4020 8GB 256GB SSD #,"","",4.0,UNIT,4405000.0,0.00 %,"",0.0,17620000.0,17620000.0,0.0,"",0.0,0.0,"","","","",0.0,0.0
05/09/2023,Faktur Pembelian,JL.2309.01480,CANDRA (BLESSING),Lunas,"",120500000.0,0.0,19/09/2023,120500000.0,0.0,120500000.0,"","","","",RAHMAT,"",ACER A314 35 INTEL N5100 8GB 512GB SSD WIN 11,"","",25.0,UNIT,4820000.0,0.00 %,"",0.0,120500000.0,120500000.0,0.0,"",0.0,0.0,"","","","",0.0,0.0
05/09/2023,Faktur Pembelian,JL.2309.01484,CANDRA (BLESSING),Lunas,REFISI HARGA ,168700000.0,0.0,19/09/2023,168700000.0,0.0,168700000.0,"","","","",AGUS,"",ACER A314 35 INTEL N5100 8GB 512GB SSD WIN 11,"","",35.0,UNIT,4820000.0,0.00 %,"",0.0,168700000.0,168700000.0,0.0,"",0.0,0.0,"","","","",0.0,0.0
05/09/2023,Faktur Pembelian,001611,LILI (PLATINUM),Lunas,"",700000.0,700000.0,05/10/2023,700000.0,0.0,0.0,"","","","","","",CONVERTER FIBER OPTIC TO LAN HTB 3100 A,"","",5.0,PCS,140000.0,0.00 %,"",0.0,700000.0,700000.0,0.0,"",0.0,0.0,"","","","",0.0,0.0
05/09/2023,Faktur Pembelian,KARMEN ,WULAN (DISCOUNT NOTEBOOK),Lunas,GAK ADA NOTA ,1108000.0,0.0,05/10/2023,1108000.0,0.0,1108000.0,"","","JL. SOEKARNO HATTA RT. 012  RW. 004 PANE, RASANAE BARAT","","","",KEYBOARD LAPTOP ASUS X441 (BLACK),"","",20.0,PCS,60000.0,0.00 %,"",0.0,1100000.4,1200000.0,100000.0,"",8000.0,0.0,"","","","",0.0,8.33
05/09/2023,Faktur Pembelian,KARMEN / INV/2023/121507,WULAN (DISCOUNT NOTEBOOK),Lunas,"",3055000.0,0.0,05/10/2023,3055000.0,0.0,3055000.0,"","","JL. SOEKARNO HATTA RT. 012  RW. 004 PANE, RASANAE BARAT","","","",LCD LAPTOP 14 TEBAL,"","",3.0,PCS,250000.0,0.00 %,"",0.0,735460.5,750000.0,60000.0,"",20000.0,0.0,"","","","",0.0,1.94
05/09/2023,Faktur Pembelian,KARMEN / INV/2023/121507,WULAN (DISCOUNT NOTEBOOK),Lunas,"",3055000.0,0.0,05/10/2023,3055000.0,0.0,3055000.0,"","","JL. SOEKARNO HATTA RT. 012  RW. 004 PANE, RASANAE BARAT","","","",LCD LAPTOP 14 TIPIS 40 PIN,"","",2.0,PCS,300000.0,0.00 %,"",0.0,588368.4,600000.0,60000.0,"",20000.0,0.0,"","","","",0.0,1.94
05/09/2023,Faktur Pembelian,KARMEN / INV/2023/121507,WULAN (DISCOUNT NOTEBOOK),Lunas,"",3055000.0,0.0,05/10/2023,3055000.0,0.0,3055000.0,"","","JL. SOEKARNO HATTA RT. 012  RW. 004 PANE, RASANAE BARAT","","","",LCD LAPTOP 10 INCS TEBAL,"","",1.0,PCS,285000.0,0.00 %,"",0.0,279474.99,285000.0,60000.0,"",20000.0,0.0,"","","","",0.0,1.94
05/09/2023,Faktur Pembelian,KARMEN / INV/2023/121507,WULAN (DISCOUNT NOTEBOOK),Lunas,"",3055000.0,0.0,05/10/2023,3055000.0,0.0,3055000.0,"","","JL. SOEKARNO HATTA RT. 012  RW. 004 PANE, RASANAE BARAT","","","",LCD LAPTOP 14 30 PIN SMALL FRAME NO BR,"","",2.0,PCS,335000.0,0.00 %,"",0.0,657011.38,670000.0,60000.0,"",20000.0,0.0,"","","","",0.0,1.94
05/09/2023,Faktur Pembelian,KARMEN / INV/2023/121507,WULAN (DISCOUNT NOTEBOOK),Lunas,"",3055000.0,0.0,05/10/2023,3055000.0,0.0,3055000.0,"","","JL. SOEKARNO HATTA RT. 012  RW. 004 PANE, RASANAE BARAT","","","",LCD LAPTOP 14 30 PIN SMALL FRAME NO BR,"","",2.0,PCS,395000.0,0.00 %,"",0.0,774685.06,790000.0,60000.0,"",20000.0,0.0,"","","","",0.0,1.94
05/09/2023,Faktur Pembelian,JL/23/09/00000043,CV. NOAH SEJAHTERA ABADI,Lunas,"",3200000.0,3200000.0,19/09/2023,3200000.0,0.0,0.0,"","","","","","",KEYBOARD USB MTECH STK01,"","",100.0,PCS,32000.0,0.00 %,"",0.0,3200000.0,3200000.0,0.0,"",0.0,0.0,"","","","",0.0,0.0
06/09/2023,Faktur Pembelian,14795,FIKTIF BELI,Lunas,"PUNYA KO BUDI 

UDAH KASIH",2250000.0,0.0,06/10/2023,2250000.0,0.0,2250000.0,"","","","","","",CCTV CAM DAHUA 5MP OUTDOOR,"","",5.0,PCS,450000.0,0.00 %,"",0.0,2250000.0,2250000.0,0.0,"",0.0,0.0,"","","","",0.0,0.0
06/09/2023,Faktur Pembelian,14796,PIGURA KITA ( AMIN ),Lunas,LEBIH 12 BIASA 4 PCS,3111000.0,0.0,06/10/2023,3111000.0,0.0,3111000.0,"","","","","","",BINGKAI FOTO 20X30 (10R JUMBO),"","",150.0,PCS,16500.0,0.00 %,"",0.0,2475000.0,2475000.0,0.0,"",0.0,0.0,"","","","",0.0,0.0
06/09/2023,Faktur Pembelian,14796,PIGURA KITA ( AMIN ),Lunas,LEBIH 12 BIASA 4 PCS,3111000.0,0.0,06/10/2023,3111000.0,0.0,3111000.0,"","","","","","",BINGKAI FOTO 30X45 (12R JUMBO),"","",12.0,PCS,27000.0,0.00 %,"",0.0,324000.0,324000.0,0.0,"",0.0,0.0,"","","","",0.0,0.0
06/09/2023,Faktur Pembelian,14796,PIGURA KITA ( AMIN ),Lunas,LEBIH 12 BIASA 4 PCS,3111000.0,0.0,06/10/2023,3111000.0,0.0,3111000.0,"","","","","","",BINGKAI FOTO 12R,"","",12.0,PCS,26000.0,0.00 %,"",0.0,312000.0,312000.0,0.0,"",0.0,0.0,"","","","",0.0,0.0
06/09/2023,Faktur Pembelian,14797,FIKTIF BELI,Lunas,"",1599999.999895,0.0,06/10/2023,1599999.999895,0.0,1599999.999895,"","","","","","",KABEL LAN BELDEN / COMSCAPE CAT 5 PERMETER,"","",305.0,METER,5245.901639,0.00 %,"",0.0,1599999.999895,1599999.999895,0.0,"",0.0,0.0,"","","","",0.0,0.0
06/09/2023,Faktur Pembelian,2304126,WAHANA,Lunas,"",9700000.0,0.0,06/10/2023,9700000.0,0.0,9700000.0,"","","","","","",CCTV DVR DAHUA XVR1B16H 16CH,"","",3.0,PCS,1200000.0,0.00 %,"",0.0,3600000.0,3600000.0,0.0,"",0.0,0.0,"","","","",0.0,0.0
06/09/2023,Faktur Pembelian,2304126,WAHANA,Lunas,"",9700000.0,0.0,06/10/2023,9700000.0,0.0,9700000.0,"","","","","","",CAM DVR DAHUA  XVR1B16H 16CH 5MP,"","",1.0,UNIT,2150000.0,0.00 %,"",0.0,2150000.0,2150000.0,0.0,"",0.0,0.0,"","","","",0.0,0.0
06/09/2023,Faktur Pembelian,2304126,WAHANA,Lunas,"",9700000.0,0.0,06/10/2023,9700000.0,0.0,9700000.0,"","","","","","",CCTV DVR DAHUA DH-XVR1B04-I 4CH,"","",5.0,UNIT,465000.0,0.00 %,"",0.0,2325000.0,2325000.0,0.0,"",0.0,0.0,"","","","",0.0,0.0
06/09/2023,Faktur Pembelian,2304126,WAHANA,Lunas,"",9700000.0,0.0,06/10/2023,9700000.0,0.0,9700000.0,"","","","","","",CCTV CAM 5MP T1A51P S2 5MP INDOOR,"","",5.0,PCS,325000.0,0.00 %,"",0.0,1625000.0,1625000.0,0.0,"",0.0,0.0,"","","","",0.0,0.0
06/09/2023,Faktur Pembelian,JL5523090299,YULI (HP CENTRE),Lunas,"",13350000.0,0.0,06/10/2023,13350000.0,0.0,13350000.0,"","","","",AGUS,"",HP 14S INTEL N4500  8GB 256GB SSD #,"","",3.0,UNIT,4450000.0,0.00 %,"",0.0,13350000.0,13350000.0,0.0,"",0.0,0.0,"","","","",0.0,0.0
06/09/2023,Faktur Pembelian,2309DPS222/T0017,PT GALVA TECHNOLOGIES,Lunas,"",27299999.999999,0.0,20/09/2023,24594594.594594,2705405.405405,27299999.999999,"",DENPASAR - BALI,"","",CV TIGA NUSA,"",* PROJECTOR ACER BS 020P DLP 4000 Lumens + TAS,"","",6.0,UNIT,4099099.099099,0.00 %,11.0,2705405.4054053399999729459459459466,24594594.594594,24594594.594594,0.0,"",0.0,0.0,PT GALVA TECHNOLOGIES,"",0813 3803 4200,081338034200,0.0,0.0
06/09/2023,Faktur Pembelian,AGS01-PC23090736,AGRES IT,Lunas,"",146250000.0,0.0,20/09/2023,146250000.0,0.0,146250000.0,"","","","","","",ACER 3 A314 36M Ci3-N305 8GB 512GB SSD WIN 11,"","",25.0,UNIT,5850000.0,0.00 %,"",0.0,146250000.0,146250000.0,0.0,"",0.0,0.0,"","","","",0.0,0.0
06/09/2023,Faktur Pembelian,JL5523090282,YULI (HP CENTRE),Lunas,"",660000.0,0.0,06/10/2023,660000.0,0.0,660000.0,"","","","",AGUS,"","MESIN LAMINATING BLUE PRINT LITE HOT AND COLD, A4 & F4 125A","","",3.0,UNIT,220000.0,0.00 %,"",0.0,660000.0,660000.0,0.0,"",0.0,0.0,"","","","",0.0,0.0
07/09/2023,Faktur Pembelian,PJL-23-09-00164,PT. Surya Makmur Kreasindo (HJ),Lunas,"",21400000.000001,0.0,21/09/2023,19279279.27928,2120720.720721,21400000.000001,"",SURABAYA,"","",CV TIGA NUSA,"",* PRINTER EPSON L3210,"","",10.0,UNIT,1927927.927928,0.00 %,11.0,2120720.720720799999978792792792792,19279279.27928,19279279.27928,0.0,"",0.0,0.0,PT. Surya Makmur Kreasindo,"",081515111951,"",0.0,0.0
07/09/2023,Faktur Pembelian,14799,FIKTIF BELI,Lunas,"",120000.0,0.0,07/10/2023,120000.0,0.0,120000.0,"","","","","","",RAM PC KINGSTONE DDR3 8GB,"","",1.0,PCS,120000.0,0.00 %,"",0.0,120000.0,120000.0,0.0,"",0.0,0.0,"","","","",0.0,0.0
07/09/2023,Faktur Pembelian,14800,FIKTIF BELI,Lunas,"",425000.0,0.0,07/10/2023,425000.0,0.0,425000.0,"","","","","","","PROCESSOR CORE I5-4570 3,2GHZ","","",1.0,PCS,425000.0,0.00 %,"",0.0,425000.0,425000.0,0.0,"",0.0,0.0,"","","","",0.0,0.0
07/09/2023,Faktur Pembelian,14801,ONLINE,Lunas,"",350000.0,0.0,07/10/2023,350000.0,0.0,350000.0,"","","","","","",LASER POINTER BASIKE,"","",5.0,PCS,70000.0,0.00 %,"",0.0,350000.0,350000.0,0.0,"",0.0,0.0,"","","","",0.0,0.0
07/09/2023,Faktur Pembelian,14802,IQ TRONIK,Lunas,"",10400000.0,0.0,07/10/2023,10400000.0,0.0,10400000.0,"","","","","","",KERTAS FOTO SPECTRA GLOSSY 260,"","",200.0,PCS,52000.0,0.00 %,"",0.0,10400000.0,10400000.0,0.0,"",0.0,0.0,"","","","",0.0,0.0
07/09/2023,Faktur Pembelian,2304131,WAHANA,Lunas,"",14200000.0,0.0,07/10/2023,14200000.0,0.0,14200000.0,"","","","","","",AIO ACER C22 1700 Ci3-1215U 8GB 512GB SSD WIN 11,"","",2.0,UNIT,7100000.0,0.00 %,"",0.0,14200000.0,14200000.0,0.0,"",0.0,0.0,"","","","",0.0,0.0
07/09/2023,Faktur Pembelian,2304144,WAHANA,Lunas,"",4765000.0,0.0,07/10/2023,4765000.0,0.0,4765000.0,"","","","","","",CCTV CAM DAHUA HAC-T1A21 IR BULLET (INDOOR),"","",15.0,PCS,163000.0,0.00 %,"",0.0,2445000.0,2445000.0,0.0,"",0.0,0.0,"","","","",0.0,0.0
07/09/2023,Faktur Pembelian,2304144,WAHANA,Lunas,"",4765000.0,0.0,07/10/2023,4765000.0,0.0,4765000.0,"","","","","","","LED LG 22MP410-B 21,45 FHD #","","",2.0,UNIT,1160000.0,0.00 %,"",0.0,2320000.0,2320000.0,0.0,"",0.0,0.0,"","","","",0.0,0.0
07/09/2023,Faktur Pembelian,00647156_036,PRIYO (K GALAXY),Lunas,"",3830000.0,0.0,07/10/2023,3830000.0,0.0,3830000.0,"","","","","","",MB ASUS H81M - K,"","",2.0,PCS,942500.0,0.00 %,"",0.0,1885000.0,1885000.0,0.0,"",0.0,0.0,"","","","",0.0,0.0
07/09/2023,Faktur Pembelian,00647156_036,PRIYO (K GALAXY),Lunas,"",3830000.0,0.0,07/10/2023,3830000.0,0.0,3830000.0,"","","","","","",PROCESSOR  INTEL I5 - GEN 4,"","",4.0,PCS,325000.0,0.00 %,"",0.0,1300000.0,1300000.0,0.0,"",0.0,0.0,"","","","",0.0,0.0
07/09/2023,Faktur Pembelian,00647156_036,PRIYO (K GALAXY),Lunas,"",3830000.0,0.0,07/10/2023,3830000.0,0.0,3830000.0,"","","","","","",RAM PC KINGSTONE DDR3 8GB,"","",6.0,PCS,107500.0,0.00 %,"",0.0,645000.0,645000.0,0.0,"",0.0,0.0,"","","","",0.0,0.0
07/09/2023,Faktur Pembelian,001612,LILI (PLATINUM),Lunas,"",6945000.0,6945000.0,07/10/2023,6945000.0,0.0,0.0,"","","","","","",PSU CCTV BOX 30A,"","",15.0,PCS,275000.0,0.00 %,"",0.0,4125000.0,4125000.0,0.0,"",0.0,0.0,"","","","",0.0,0.0
07/09/2023,Faktur Pembelian,001612,LILI (PLATINUM),Lunas,"",6945000.0,6945000.0,07/10/2023,6945000.0,0.0,0.0,"","","","","","",CONVERTER HDMI TO VGA (KABEL),"","",10.0,PCS,20000.0,0.00 %,"",0.0,200000.0,200000.0,0.0,"",0.0,0.0,"","","","",0.0,0.0
07/09/2023,Faktur Pembelian,001612,LILI (PLATINUM),Lunas,"",6945000.0,6945000.0,07/10/2023,6945000.0,0.0,0.0,"","","","","","",SWITCH PRINTER 4 PORT,"","",13.0,PCS,40000.0,0.00 %,"",0.0,520000.0,520000.0,0.0,"",0.0,0.0,"","","","",0.0,0.0
07/09/2023,Faktur Pembelian,001612,LILI (PLATINUM),Lunas,"",6945000.0,6945000.0,07/10/2023,6945000.0,0.0,0.0,"","","","","","",CONVERTER FIBER OPTIC TO LAN HTB 3100 A,"","",15.0,PCS,140000.0,0.00 %,"",0.0,2100000.0,2100000.0,0.0,"",0.0,0.0,"","","","",0.0,0.0
07/09/2023,Faktur Pembelian,FK 4164,BETA COM,Lunas,"",23570000.0,0.0,21/09/2023,23570000.0,0.0,23570000.0,"","","","","","",PRINTER CANON G1010,"","",10.0,UNIT,1365000.0,0.00 %,"",0.0,13650000.0,13650000.0,0.0,"",0.0,0.0,"","","","",0.0,0.0
07/09/2023,Faktur Pembelian,FK 4164,BETA COM,Lunas,"",23570000.0,0.0,21/09/2023,23570000.0,0.0,23570000.0,"","","","","","",TINTA CANON ORI GI - 71 Y,"","",40.0,PCS,98000.0,0.00 %,"",0.0,3920000.0,3920000.0,0.0,"",0.0,0.0,"","","","",0.0,0.0
07/09/2023,Faktur Pembelian,FK 4164,BETA COM,Lunas,"",23570000.0,0.0,21/09/2023,23570000.0,0.0,23570000.0,"","","","","","",TINTA CANON ORI GI 71S BK,"","",80.0,PCS,75000.0,0.00 %,"",0.0,6000000.0,6000000.0,0.0,"",0.0,0.0,"","","","",0.0,0.0
07/09/2023,Faktur Pembelian,SSORDTDI-23090248,PT TERA DATA INDONUSA,Lunas,"",220000.0,0.0,07/10/2023,198198.198198,21801.801802,220000.0,"","","","",CV TIGA NUSA,"",* BATERAI AXIOO 14E,"","",1.0,PCS,198198.198198,0.00 %,11.0,21801.8018017799999997819819819822,198198.198198,198198.198198,0.0,"",0.0,0.0,"","","","",0.0,0.0
07/09/2023,Faktur Pembelian,001615,LILI (PLATINUM),Lunas,"",760000.0,760000.0,07/10/2023,760000.0,0.0,0.0,"","","","","","",BATERAI ACER  V5 431 (AL12A32),"","",2.0,PCS,230000.0,0.00 %,"",0.0,460000.0,460000.0,0.0,"",0.0,0.0,"","","","",0.0,0.0
07/09/2023,Faktur Pembelian,001615,LILI (PLATINUM),Lunas,"",760000.0,760000.0,07/10/2023,760000.0,0.0,0.0,"","","","","","",BATERAI LAPTOP LENOVO G400S,"","",1.0,PCS,300000.0,0.00 %,"",0.0,300000.0,300000.0,0.0,"",0.0,0.0,"","","","",0.0,0.0
08/09/2023,Faktur Pembelian,14803,DEDY CV SAS,Lunas,KURANG YG DI KIRIM GAK SESUAI NOTA,32190000.0,0.0,22/09/2023,32190000.0,0.0,32190000.0,"","","","","","",TINTA EPSON 003 BLACK,"","",240.0,PCS,77500.0,0.00 %,"",0.0,18600000.0,18600000.0,0.0,"",0.0,0.0,"","","","",0.0,0.0
08/09/2023,Faktur Pembelian,14803,DEDY CV SAS,Lunas,KURANG YG DI KIRIM GAK SESUAI NOTA,32190000.0,0.0,22/09/2023,32190000.0,0.0,32190000.0,"","","","","","",TINTA EPSON 003 MAGENTA,"","",60.0,PCS,75500.0,0.00 %,"",0.0,4530000.0,4530000.0,0.0,"",0.0,0.0,"","","","",0.0,0.0
08/09/2023,Faktur Pembelian,14803,DEDY CV SAS,Lunas,KURANG YG DI KIRIM GAK SESUAI NOTA,32190000.0,0.0,22/09/2023,32190000.0,0.0,32190000.0,"","","","","","",TINTA EPSON 003 CYAN,"","",60.0,PCS,75500.0,0.00 %,"",0.0,4530000.0,4530000.0,0.0,"",0.0,0.0,"","","","",0.0,0.0
08/09/2023,Faktur Pembelian,14803,DEDY CV SAS,Lunas,KURANG YG DI KIRIM GAK SESUAI NOTA,32190000.0,0.0,22/09/2023,32190000.0,0.0,32190000.0,"","","","","","",TINTA EPSON 003 YELLOW,"","",60.0,PCS,75500.0,0.00 %,"",0.0,4530000.0,4530000.0,0.0,"",0.0,0.0,"","","","",0.0,0.0
08/09/2023,Faktur Pembelian,14804,ANDRIANY MUSTIKA SARI (cencen),Lunas,"",11655000.0,11655000.0,08/10/2023,11655000.0,0.0,0.0,"","","","","","",MIKA JILID KUNING,"","",60.0,PCS,30750.0,0.00 %,"",0.0,1845000.0,1845000.0,0.0,"",0.0,0.0,"","","","",0.0,0.0
08/09/2023,Faktur Pembelian,14804,ANDRIANY MUSTIKA SARI (cencen),Lunas,"",11655000.0,11655000.0,08/10/2023,11655000.0,0.0,0.0,"","","","","","",KERTAS PIAGAM A4,"","",120.0,PCS,33000.0,0.00 %,"",0.0,3960000.0,3960000.0,0.0,"",0.0,0.0,"","","","",0.0,0.0
08/09/2023,Faktur Pembelian,14804,ANDRIANY MUSTIKA SARI (cencen),Lunas,"",11655000.0,11655000.0,08/10/2023,11655000.0,0.0,0.0,"","","","","","",KERTAS FOTO BUFFALO HIJAU MUDA (NO 7),"","",90.0,PCS,23000.0,0.00 %,"",0.0,2070000.0,2070000.0,0.0,"",0.0,0.0,"","","","",0.0,0.0
08/09/2023,Faktur Pembelian,14804,ANDRIANY MUSTIKA SARI (cencen),Lunas,"",11655000.0,11655000.0,08/10/2023,11655000.0,0.0,0.0,"","","","","","",KERTAS PIAGAM F4,"","",120.0,PCS,31500.0,0.00 %,"",0.0,3780000.0,3780000.0,0.0,"",0.0,0.0,"","","","",0.0,0.0
08/09/2023,Faktur Pembelian,JL.2309.03059,CANDRA (BLESSING),Lunas,"",8370000.0,0.0,22/09/2023,8370000.0,0.0,8370000.0,"","","","",AGUS,"",ASUS EXPERT P1412CEA i5 - 1135G7 8GB 256GB SSD #,"","",1.0,UNIT,8370000.0,0.00 %,"",0.0,8370000.0,8370000.0,0.0,"",0.0,0.0,"","","","",0.0,0.0
08/09/2023,Faktur Pembelian,JL.2309.03052,CANDRA (BLESSING),Lunas,"",6305000.0,0.0,22/09/2023,6305000.0,0.0,6305000.0,"","","","",AGUS,"",BROTHER DCP L2540 DW,"","",2.0,PCS,2960000.0,0.00 %,"",0.0,5920000.0,5920000.0,0.0,"",0.0,0.0,"","","","",0.0,0.0
08/09/2023,Faktur Pembelian,JL.2309.03052,CANDRA (BLESSING),Lunas,"",6305000.0,0.0,22/09/2023,6305000.0,0.0,6305000.0,"","","","",AGUS,"","CASH DRAWER IWARE CD408 40CM X 43CM X 10CM (RJ11) 7 SLOT UANG KERTAS, 3 SLOT UANG KOIN","","",1.0,PCS,385000.0,0.00 %,"",0.0,385000.0,385000.0,0.0,"",0.0,0.0,"","","","",0.0,0.0
08/09/2023,Faktur Pembelian,JL.2309.02850,CANDRA (BLESSING),Lunas,"",14820000.0,0.0,22/09/2023,14820000.0,0.0,14820000.0,"","","","",RAHMAT,"","LED SAMSUNG 24"" LS24R350FZEXXD FHD 75HZ #","","",1.0,UNIT,1550000.0,0.00 %,"",0.0,1550000.0,1550000.0,0.0,"",0.0,0.0,"","","","",0.0,0.0
08/09/2023,Faktur Pembelian,JL.2309.02850,CANDRA (BLESSING),Lunas,"",14820000.0,0.0,22/09/2023,14820000.0,0.0,14820000.0,"","","","",RAHMAT,"","AXIOO 14F N4020/4GB/256GB SSD/13.3""","","",4.0,UNIT,2280000.0,0.00 %,"",0.0,9120000.0,9120000.0,0.0,"",0.0,0.0,"","","","",0.0,0.0
08/09/2023,Faktur Pembelian,JL.2309.02850,CANDRA (BLESSING),Lunas,"",14820000.0,0.0,22/09/2023,14820000.0,0.0,14820000.0,"","","","",RAHMAT,"",LED SAMSUNG LS22A336NHEXXD 22FHD VGA+HDMI,"","",1.0,UNIT,1240000.0,0.00 %,"",0.0,1240000.0,1240000.0,0.0,"",0.0,0.0,"","","","",0.0,0.0
08/09/2023,Faktur Pembelian,JL.2309.02850,CANDRA (BLESSING),Lunas,"",14820000.0,0.0,22/09/2023,14820000.0,0.0,14820000.0,"","","","",RAHMAT,"",LED AOC24G2SPE/70 23.8 FHD IPS 165 HZ,"","",1.0,UNIT,1740000.0,0.00 %,"",0.0,1740000.0,1740000.0,0.0,"",0.0,0.0,"","","","",0.0,0.0
08/09/2023,Faktur Pembelian,JL.2309.02850,CANDRA (BLESSING),Lunas,"",14820000.0,0.0,22/09/2023,14820000.0,0.0,14820000.0,"","","","",RAHMAT,"","LED LG 22MP410-B 21,45 FHD #","","",1.0,UNIT,1170000.0,0.00 %,"",0.0,1170000.0,1170000.0,0.0,"",0.0,0.0,"","","","",0.0,0.0
08/09/2023,Faktur Pembelian,14805,FIKTIF BELI,Lunas,"",700000.0,0.0,08/10/2023,700000.0,0.0,700000.0,"","","","","","",MB G41 EZPRO,"","",2.0,PCS,350000.0,0.00 %,"",0.0,700000.0,700000.0,0.0,"",0.0,0.0,"","","","",0.0,0.0
08/09/2023,Faktur Pembelian,4680,GUDANG AKSESORIES SURABAYA (KURNIAWAN),Lunas,"",5425000.0,5425000.0,07/11/2023,5425000.0,0.0,0.0,"","","","","","",ADAPTOR TOSHIBA (ORI),"","",50.0,PCS,57500.0,0.00 %,"",0.0,2875000.0,2875000.0,0.0,"",0.0,0.0,"","","","",0.0,0.0
08/09/2023,Faktur Pembelian,4680,GUDANG AKSESORIES SURABAYA (KURNIAWAN),Lunas,"",5425000.0,5425000.0,07/11/2023,5425000.0,0.0,0.0,"","","","","","",ADAPTOR LENOVO 20V 3.25A (S),"","",30.0,PCS,85000.0,0.00 %,"",0.0,2550000.0,2550000.0,0.0,"",0.0,0.0,"","","","",0.0,0.0
09/09/2023,Faktur Pembelian,14806,HARAPAN BARU,Lunas,"",1240000.0,0.0,09/10/2023,1240000.0,0.0,1240000.0,"","","","","","",SPEAKER ADVANCE K1506,"","",1.0,UNIT,1240000.0,0.00 %,"",0.0,1240000.0,1240000.0,0.0,"",0.0,0.0,"","","","",0.0,0.0
09/09/2023,Faktur Pembelian,PJL-23-09-00240,PT. Surya Makmur Kreasindo (HJ),Lunas,"",32174999.999993,0.0,23/09/2023,28986486.48648,3188513.513513,32174999.999993,"",SURABAYA,"","",CV TIGA NUSA,"",* PRINTER EPSON L3210,"","",15.0,UNIT,1932432.432432,0.00 %,11.0,3188513.513512799999968114864864872,28986486.48648,28986486.48648,0.0,"",0.0,0.0,PT. Surya Makmur Kreasindo,"",081515111951,"",0.0,0.0
09/09/2023,Faktur Pembelian,14808,HARAPAN BARU,Lunas,"",1240000.0,0.0,09/10/2023,1240000.0,0.0,1240000.0,"","","","","","",SPEAKER ADVANCE K1506,"","",1.0,UNIT,1240000.0,0.00 %,"",0.0,1240000.0,1240000.0,0.0,"",0.0,0.0,"","","","",0.0,0.0
09/09/2023,Faktur Pembelian,JL.2309.02326,CANDRA (BLESSING),Lunas,"",19340000.0,0.0,23/09/2023,19340000.0,0.0,19340000.0,"","","","",AGUS,"","AXIOO 11G N4000/4GB/256GB SSD/11,6""","","",4.0,UNIT,2030000.0,0.00 %,"",0.0,8120000.0,8120000.0,0.0,"",0.0,0.0,"","","","",0.0,0.0
09/09/2023,Faktur Pembelian,JL.2309.02326,CANDRA (BLESSING),Lunas,"",19340000.0,0.0,23/09/2023,19340000.0,0.0,19340000.0,"","","","",AGUS,"",LED SAMSUNG LS22A336NHEXXD 22FHD VGA+HDMI,"","",1.0,UNIT,1240000.0,0.00 %,"",0.0,1240000.0,1240000.0,0.0,"",0.0,0.0,"","","","",0.0,0.0
09/09/2023,Faktur Pembelian,JL.2309.02326,CANDRA (BLESSING),Lunas,"",19340000.0,0.0,23/09/2023,19340000.0,0.0,19340000.0,"","","","",AGUS,"",AIO ASUS V222GAK INTEL J4025 4GB 256GB SSD #,"","",2.0,UNIT,4990000.0,0.00 %,"",0.0,9980000.0,9980000.0,0.0,"",0.0,0.0,"","","","",0.0,0.0
09/09/2023,Faktur Pembelian,JL5523090256,YULI (HP CENTRE),Lunas,"",76050000.0,0.0,09/10/2023,76050000.0,0.0,76050000.0,"","","","",RAHMAT,"",ASUS M415DAO-FHD RYZEN 3 3250U 8GB 256GB SSD #,"","",2.0,UNIT,5400000.0,0.00 %,"",0.0,10800000.0,10800000.0,0.0,"",0.0,0.0,"","","","",0.0,0.0
09/09/2023,Faktur Pembelian,JL5523090256,YULI (HP CENTRE),Lunas,"",76050000.0,0.0,09/10/2023,76050000.0,0.0,76050000.0,"","","","",RAHMAT,"",ACER 5 A514 CI3-1115G4 8gb 512GB SSD MX 350 2GB WIN 11,"","",10.0,UNIT,6525000.0,0.00 %,"",0.0,65250000.0,65250000.0,0.0,"",0.0,0.0,"","","","",0.0,0.0
09/09/2023,Faktur Pembelian,14809,KO ROBBY,Lunas,"",288005.000016,0.0,09/10/2023,288005.000016,0.0,288005.000016,"","","","","","",BATERAI PANASONIC / ENR POWER/ ABC  ALKALINE AA,"","",48.0,PCS,6000.104167,0.00 %,"",0.0,288005.000016,288005.000016,0.0,"",0.0,0.0,"","","","",0.0,0.0
09/09/2023,Faktur Pembelian,14810,FIKTIF BELI,Lunas,"",3150000.0,0.0,09/10/2023,3150000.0,0.0,3150000.0,"","","","","","","PLASTIK OPP 13,5 X 24","","",500.0,PCS,6300.0,0.00 %,"",0.0,3150000.0,3150000.0,0.0,"",0.0,0.0,"","","","",0.0,0.0
09/09/2023,Faktur Pembelian,2309280,CV. BALI IT SOLUSI (ENY),Lunas,"",2800000.0,0.0,23/09/2023,2800000.0,0.0,2800000.0,"","","","","","",KABEL CCTV DAHUA RG 59 + POWER,"","",4.0,DUS,700000.0,0.00 %,"",0.0,2800000.0,2800000.0,0.0,"",0.0,0.0,"","","","",0.0,0.0
10/09/2023,Faktur Pembelian,14811,FIKTIF BELI,Lunas,"KO BUDI 

UDAH KASIH",450000.0,0.0,10/10/2023,450000.0,0.0,450000.0,"","","","","","",CCTV CAM DAHUA 5MP OUTDOOR,"","",1.0,PCS,450000.0,0.00 %,"",0.0,450000.0,450000.0,0.0,"",0.0,0.0,"","","","",0.0,0.0
10/09/2023,Faktur Pembelian,14812,FIKTIF BELI,Lunas,"",225000.0,0.0,10/10/2023,225000.0,0.0,225000.0,"","","","","","",ADAPTOR 5V #,"","",5.0,PCS,45000.0,0.00 %,"",0.0,225000.0,225000.0,0.0,"",0.0,0.0,"","","","",0.0,0.0
10/09/2023,Faktur Pembelian,001616,LILI (PLATINUM),Lunas,"",810000.0,810000.0,10/10/2023,810000.0,0.0,0.0,"","","","","","",KEYBOARD TOSHIBA C840 / C800 DOFF BLACK,"","",2.0,PCS,95000.0,0.00 %,"",0.0,190000.0,190000.0,0.0,"",0.0,0.0,"","","","",0.0,0.0
10/09/2023,Faktur Pembelian,001616,LILI (PLATINUM),Lunas,"",810000.0,810000.0,10/10/2023,810000.0,0.0,0.0,"","","","","","",KEYBOARD ACER Z1401,"","",4.0,PCS,80000.0,0.00 %,"",0.0,320000.0,320000.0,0.0,"",0.0,0.0,"","","","",0.0,0.0
10/09/2023,Faktur Pembelian,001616,LILI (PLATINUM),Lunas,"",810000.0,810000.0,10/10/2023,810000.0,0.0,0.0,"","","","","","",KEYBOARD LENOVO G40-70,"","",2.0,PCS,75000.0,0.00 %,"",0.0,150000.0,150000.0,0.0,"",0.0,0.0,"","","","",0.0,0.0
10/09/2023,Faktur Pembelian,001616,LILI (PLATINUM),Lunas,"",810000.0,810000.0,10/10/2023,810000.0,0.0,0.0,"","","","","","",KEYBOARD ACER V5 431,"","",2.0,PCS,75000.0,0.00 %,"",0.0,150000.0,150000.0,0.0,"",0.0,0.0,"","","","",0.0,0.0
11/09/2023,Faktur Pembelian,14813,FIKTIF BELI,Lunas,"",255000.0,0.0,11/10/2023,255000.0,0.0,255000.0,"","","","","","",CD-R GT PRO,"","",100.0,PCS,2550.0,0.00 %,"",0.0,255000.0,255000.0,0.0,"",0.0,0.0,"","","","",0.0,0.0
11/09/2023,Faktur Pembelian,14814,TATIK (LEGENDA),Lunas,"",13410000.0,0.0,11/10/2023,13410000.0,0.0,13410000.0,"","","","","","",TINTA EPSON 003 BLACK,"","",180.0,PCS,74500.0,0.00 %,"",0.0,13410000.0,13410000.0,0.0,"",0.0,0.0,"","","","",0.0,0.0
11/09/2023,Faktur Pembelian,JL.2309.03747,CANDRA (BLESSING),Lunas,"",9155000.0,0.0,25/09/2023,9155000.0,0.0,9155000.0,"","","","",AGUS,"",HDD EXTERNAL TOSHIBA BASIC 1 TB,"","",10.0,PCS,650000.0,0.00 %,"",0.0,6500000.0,6500000.0,0.0,"",0.0,0.0,"","","","",0.0,0.0
11/09/2023,Faktur Pembelian,JL.2309.03747,CANDRA (BLESSING),Lunas,"",9155000.0,0.0,25/09/2023,9155000.0,0.0,9155000.0,"","","","",AGUS,"","SSD LEXAR 512GB LNS100-512RB VALUE 2,5 SATA","","",3.0,PCS,435000.0,0.00 %,"",0.0,1305000.0,1305000.0,0.0,"",0.0,0.0,"","","","",0.0,0.0
11/09/2023,Faktur Pembelian,JL.2309.03747,CANDRA (BLESSING),Lunas,"",9155000.0,0.0,25/09/2023,9155000.0,0.0,9155000.0,"","","","",AGUS,"",MB MSI INTEL H310M PRO - VDH,"","",1.0,PCS,865000.0,0.00 %,"",0.0,865000.0,865000.0,0.0,"",0.0,0.0,"","","","",0.0,0.0
11/09/2023,Faktur Pembelian,JL.2309.03747,CANDRA (BLESSING),Lunas,"",9155000.0,0.0,25/09/2023,9155000.0,0.0,9155000.0,"","","","",AGUS,"",SSD LEXAR 512GB NM620 M.2 2280 NVME PCIE GEN 3X4,"","",1.0,PCS,485000.0,0.00 %,"",0.0,485000.0,485000.0,0.0,"",0.0,0.0,"","","","",0.0,0.0
11/09/2023,Faktur Pembelian,JL.2309.03746,CANDRA (BLESSING),Lunas,"",25800000.0,0.0,25/09/2023,25800000.0,0.0,25800000.0,"","","","",AGUS,"",ASUS A1402ZA-IPS551 CI5-1235U 8GB 512GB SSD,"","",1.0,UNIT,8500000.0,0.00 %,"",0.0,8500000.0,8500000.0,0.0,"",0.0,0.0,"","","","",0.0,0.0
11/09/2023,Faktur Pembelian,JL.2309.03746,CANDRA (BLESSING),Lunas,"",25800000.0,0.0,25/09/2023,25800000.0,0.0,25800000.0,"","","","",AGUS,"",ASUS A416M N4020 8GB 256GB SSD #,"","",4.0,UNIT,4325000.0,0.00 %,"",0.0,17300000.0,17300000.0,0.0,"",0.0,0.0,"","","","",0.0,0.0
11/09/2023,Faktur Pembelian,JL.2309.03496,CANDRA (BLESSING),Lunas,"",558000.0,0.0,25/09/2023,558000.0,0.0,558000.0,"","","","",RAHMAT,"",TINTA BROTHER BT5000M MAGENTA,"","",2.0,PCS,93000.0,0.00 %,"",0.0,186000.0,186000.0,0.0,"",0.0,0.0,"","","","",0.0,0.0
11/09/2023,Faktur Pembelian,JL.2309.03496,CANDRA (BLESSING),Lunas,"",558000.0,0.0,25/09/2023,558000.0,0.0,558000.0,"","","","",RAHMAT,"",TINTA BROTHER BT5000Y YELLOW,"","",2.0,PCS,93000.0,0.00 %,"",0.0,186000.0,186000.0,0.0,"",0.0,0.0,"","","","",0.0,0.0
11/09/2023,Faktur Pembelian,JL.2309.03496,CANDRA (BLESSING),Lunas,"",558000.0,0.0,25/09/2023,558000.0,0.0,558000.0,"","","","",RAHMAT,"",TINTA BROTHER BT5000C CYAN,"","",2.0,PCS,93000.0,0.00 %,"",0.0,186000.0,186000.0,0.0,"",0.0,0.0,"","","","",0.0,0.0
11/09/2023,Faktur Pembelian,14816,ONLINE,Lunas,"",525000.0,0.0,11/10/2023,525000.0,0.0,525000.0,"","","","","","",ADAPTOR 5V #,"","",15.0,PCS,35000.0,0.00 %,"",0.0,525000.0,525000.0,0.0,"",0.0,0.0,"","","","",0.0,0.0
11/09/2023,Faktur Pembelian,JL.2309.03895,CANDRA (BLESSING),Lunas,"",9495000.0,0.0,25/09/2023,9495000.0,0.0,9495000.0,"","","","",AGUS,"",AIO LENOVO V50A 24IMB i5-10400T 8GB 512GB SSD WIN 10 PRO RAVEN BLACK (TOUCHSCREEN) UT,"","",1.0,UNIT,9495000.0,0.00 %,"",0.0,9495000.0,9495000.0,0.0,"",0.0,0.0,"","","","",0.0,0.0
11/09/2023,Faktur Pembelian,14818,FIKTIF BELI,Lunas,"",1550000.0,0.0,11/10/2023,1550000.0,0.0,1550000.0,"","","","","","",SODIMM DDR4 COPOTAN,"","",5.0,PCS,310000.0,0.00 %,"",0.0,1550000.0,1550000.0,0.0,"",0.0,0.0,"","","","",0.0,0.0
11/09/2023,Faktur Pembelian,JL.2309.03966,CANDRA (BLESSING),Lunas,"",1550000.0,0.0,25/09/2023,1550000.0,0.0,1550000.0,"","","","",AGUS,"",SODIMM KINGSTONE DDR4 FURY 8GB PC 3200,"","",5.0,PCS,310000.0,0.00 %,"",0.0,1550000.0,1550000.0,0.0,"",0.0,0.0,"","","","",0.0,0.0
11/09/2023,Faktur Pembelian,SBY01-NC23090253,AGRES IT,Lunas,"",20475000.0,0.0,25/09/2023,20475000.0,0.0,20475000.0,"","","","","","",ASUS A416MAO INTEL N4020 4GB 256GB SSD #,"","",5.0,UNIT,4095000.0,0.00 %,"",0.0,20475000.0,20475000.0,0.0,"",0.0,0.0,"","","","",0.0,0.0
11/09/2023,Faktur Pembelian,JL5523090558,YULI (HP CENTRE),Lunas,"",19375000.0,19375000.0,11/10/2023,19375000.0,0.0,0.0,"","","","",AGUS,"",LENOVO IDEAPAD 1 14IGL7 N4020 8GB SSD 256GB #,"","",5.0,UNIT,3875000.0,0.00 %,"",0.0,19375000.0,19375000.0,0.0,"",0.0,0.0,"","","","",0.0,0.0
11/09/2023,Faktur Pembelian,SBY01-PC23090488,AGRES IT,Lunas,"",16900000.0,0.0,25/09/2023,16900000.0,0.0,16900000.0,"","","","","","",HP 14S INTEL N4500 4GB SSD 256GB WIN 11,"","",4.0,UNIT,4225000.0,0.00 %,"",0.0,16900000.0,16900000.0,0.0,"",0.0,0.0,"","","","",0.0,0.0
11/09/2023,Faktur Pembelian,SBY01-NC23090239,AGRES IT,Lunas,"",24570000.0,0.0,25/09/2023,24570000.0,0.0,24570000.0,"","","","","","",ASUS A416MAO INTEL N4020 4GB 256GB SSD #,"","",6.0,UNIT,4095000.0,0.00 %,"",0.0,24570000.0,24570000.0,0.0,"",0.0,0.0,"","","","",0.0,0.0
11/09/2023,Faktur Pembelian,ONLINE SBY / INV/2023/124891,WULAN (DISCOUNT NOTEBOOK),Lunas,"",330000.0,0.0,11/10/2023,330000.0,0.0,330000.0,"","","JL. SOEKARNO HATTA RT. 012  RW. 004 PANE, RASANAE BARAT","","","",KEYBOARD LAPTOP ASUS E203 BLACK,"","",5.0,PCS,65000.0,0.00 %,"",0.0,325000.0,325000.0,0.0,"",5000.0,0.0,"","","","",0.0,0.0
11/09/2023,Faktur Pembelian,JL5523090574,YULI (HP CENTRE),Lunas,"",1725000.0,1725000.0,11/10/2023,1725000.0,0.0,0.0,"","","","",AGUS,"",PRINTER THERMAL BLUE PRINT LITE 80D BT,"","",2.0,UNIT,862500.0,0.00 %,"",0.0,1725000.0,1725000.0,0.0,"",0.0,0.0,"","","","",0.0,0.0
11/09/2023,Faktur Pembelian,JL5523090539,YULI (HP CENTRE),Lunas,"",2448000.0,2448000.0,11/10/2023,2448000.0,0.0,0.0,"","","","",AGUS,"",BLUEPRINT PRINTER LITE DEKSTOP USB - LITE80L,"","",3.0,UNIT,816000.0,0.00 %,"",0.0,2448000.0,2448000.0,0.0,"",0.0,0.0,"","","","",0.0,0.0
12/09/2023,Faktur Pembelian,14820,HARAPAN BARU,Lunas,"",1900000.0,0.0,12/10/2023,1900000.0,0.0,1900000.0,"","","","","","",TV SAMSUNG 32 INCS,"","",1.0,UNIT,1900000.0,0.00 %,"",0.0,1900000.0,1900000.0,0.0,"",0.0,0.0,"","","","",0.0,0.0
12/09/2023,Faktur Pembelian,14821,DYNAMICS MATARAM,Lunas,"",11500000.0,0.0,12/10/2023,11500000.0,0.0,11500000.0,"","","","","","","AXIOO 14F N4020/4GB/256GB SSD/13.3""","","",5.0,UNIT,2300000.0,0.00 %,"",0.0,11500000.0,11500000.0,0.0,"",0.0,0.0,"","","","",0.0,0.0
12/09/2023,Faktur Pembelian,JL.2309.04202,CANDRA (BLESSING),Lunas,"",28305000.0,0.0,26/09/2023,28305000.0,0.0,28305000.0,"","","","",AGUS,"",ASUS A416MAO INTEL N4020 4GB 256GB SSD #,"","",4.0,UNIT,4115000.0,0.00 %,"",0.0,16460000.0,16460000.0,0.0,"",0.0,0.0,"","","","",0.0,0.0
12/09/2023,Faktur Pembelian,JL.2309.04202,CANDRA (BLESSING),Lunas,"",28305000.0,0.0,26/09/2023,28305000.0,0.0,28305000.0,"","","","",AGUS,"","AXIOO 11G N4000/4GB/256GB SSD/11,6""","","",3.0,UNIT,2030000.0,0.00 %,"",0.0,6090000.0,6090000.0,0.0,"",0.0,0.0,"","","","",0.0,0.0
12/09/2023,Faktur Pembelian,JL.2309.04202,CANDRA (BLESSING),Lunas,"",28305000.0,0.0,26/09/2023,28305000.0,0.0,28305000.0,"","","","",AGUS,"",LENOVO IDEAPAD 3 14ITL6 Ci3 - 1115G4 8GB 256GB SSD WIN 11,"","",1.0,PCS,5755000.0,0.00 %,"",0.0,5755000.0,5755000.0,0.0,"",0.0,0.0,"","","","",0.0,0.0
12/09/2023,Faktur Pembelian,14822,FIKTIF BELI,Lunas,"",1100000.0,0.0,12/10/2023,1100000.0,0.0,1100000.0,"","","","","","",LCD LAPTOP 14 TIPIS 30 PIN,"","",2.0,PCS,550000.0,0.00 %,"",0.0,1100000.0,1100000.0,0.0,"",0.0,0.0,"","","","",0.0,0.0
12/09/2023,Faktur Pembelian,2309382,CV. BALI IT SOLUSI (ENY),Lunas,"",11900000.0,0.0,26/09/2023,11900000.0,0.0,11900000.0,"","","","","","",AXIOO 14F INTEL N4020 6GB 256GB SSD FHD #,"","",5.0,UNIT,2380000.0,0.00 %,"",0.0,11900000.0,11900000.0,0.0,"",0.0,0.0,"","","","",0.0,0.0
13/09/2023,Faktur Pembelian,14823,FIKTIF BELI,Lunas,"",700000.0,0.0,13/10/2023,700000.0,0.0,700000.0,"","","","","","",CATRDIGE CANON CA91 / BH7 (G2010),"","",1.0,PCS,350000.0,0.00 %,"",0.0,350000.0,350000.0,0.0,"",0.0,0.0,"","","","",0.0,0.0
13/09/2023,Faktur Pembelian,14823,FIKTIF BELI,Lunas,"",700000.0,0.0,13/10/2023,700000.0,0.0,700000.0,"","","","","","",CATRIDGE CANON CA92 / CH7 (G2010),"","",1.0,PCS,350000.0,0.00 %,"",0.0,350000.0,350000.0,0.0,"",0.0,0.0,"","","","",0.0,0.0
13/09/2023,Faktur Pembelian,001618,LILI (PLATINUM),Lunas,"",800000.0,800000.0,13/10/2023,800000.0,0.0,0.0,"","","","","","",KEYBOARD ACER A314 33 (LM),"","",10.0,PCS,80000.0,0.00 %,"",0.0,800000.0,800000.0,0.0,"",0.0,0.0,"","","","",0.0,0.0
13/09/2023,Faktur Pembelian,00647668_036,PRIYO (K GALAXY),Lunas,"",610000.0,610000.0,13/10/2023,610000.0,0.0,0.0,"","","","","","",SODIMM KINGSTONE / HYNIX DDR3L 8GB,"","",1.0,PCS,110000.0,0.00 %,"",0.0,110000.0,110000.0,0.0,"",0.0,0.0,"","","","",0.0,0.0
13/09/2023,Faktur Pembelian,00647668_036,PRIYO (K GALAXY),Lunas,"",610000.0,610000.0,13/10/2023,610000.0,0.0,0.0,"","","","","","",SODIMM KINGSTONE DDR4 8GB KG,"","",2.0,PCS,180000.0,0.00 %,"",0.0,360000.0,360000.0,0.0,"",0.0,0.0,"","","","",0.0,0.0
13/09/2023,Faktur Pembelian,00647668_036,PRIYO (K GALAXY),Lunas,"",610000.0,610000.0,13/10/2023,610000.0,0.0,0.0,"","","","","","",SODIMM KINGSTONE DDR3L 4GB,"","",2.0,PCS,70000.0,0.00 %,"",0.0,140000.0,140000.0,0.0,"",0.0,0.0,"","","","",0.0,0.0
13/09/2023,Faktur Pembelian,FK 4254,BETA COM,Lunas,"",6665000.0,0.0,27/09/2023,6665000.0,0.0,6665000.0,"","","","","","",CATRDIGE CANON CA91 / BH7 (G2010),"","",5.0,PCS,353000.0,0.00 %,"",0.0,1765000.0,1765000.0,0.0,"",0.0,0.0,"","","","",0.0,0.0
13/09/2023,Faktur Pembelian,FK 4254,BETA COM,Lunas,"",6665000.0,0.0,27/09/2023,6665000.0,0.0,6665000.0,"","","","","","",PRINTER CANON G3730,"","",2.0,UNIT,2450000.0,0.00 %,"",0.0,4900000.0,4900000.0,0.0,"",0.0,0.0,"","","","",0.0,0.0
14/09/2023,Faktur Pembelian,14824,HARAPAN BARU,Lunas,"",5025000.0,0.0,14/10/2023,5025000.0,0.0,5025000.0,"","","","","","",SPEAKER ADVANCE K1512,"","",3.0,PCS,1675000.0,0.00 %,"",0.0,5025000.0,5025000.0,0.0,"",0.0,0.0,"","","","",0.0,0.0
14/09/2023,Faktur Pembelian,JL.2309.05328,CANDRA (BLESSING),Lunas,"",23620000.0,0.0,28/09/2023,23620000.0,0.0,23620000.0,"","","","",RAHMAT,"",ACER 5 A514 CI7-1255U 8GB 512GB SSD WIN 11,"","",2.0,UNIT,11810000.0,0.00 %,"",0.0,23620000.0,23620000.0,0.0,"",0.0,0.0,"","","","",0.0,0.0
14/09/2023,Faktur Pembelian,JL.2309.05339,CANDRA (BLESSING),Lunas,TITIP,15170000.0,0.0,28/09/2023,15170000.0,0.0,15170000.0,"","","","",AGUS,"",AIO ACER C22 1700 Ci3-1215U 8GB 512GB SSD WIN 11,"","",2.0,UNIT,7585000.0,0.00 %,"",0.0,15170000.0,15170000.0,0.0,"",0.0,0.0,"","","","",0.0,0.0
14/09/2023,Faktur Pembelian,JL.2309.05220,CANDRA (BLESSING),Lunas,"",29150000.0,0.0,28/09/2023,29150000.0,0.0,29150000.0,"","","","",AGUS,"",PROJECTOR ACER BS 020P DLP 4000 LUMENS + TAS,"","",4.0,PCS,4590000.0,0.00 %,"",0.0,18360000.0,18360000.0,0.0,"",0.0,0.0,"","","","",0.0,0.0
14/09/2023,Faktur Pembelian,JL.2309.05220,CANDRA (BLESSING),Lunas,"",29150000.0,0.0,28/09/2023,29150000.0,0.0,29150000.0,"","","","",AGUS,"",HP 240 I3 - 1115G4 8GB 256GB WIN 11 #,"","",2.0,UNIT,5395000.0,0.00 %,"",0.0,10790000.0,10790000.0,0.0,"",0.0,0.0,"","","","",0.0,0.0
14/09/2023,Faktur Pembelian,JL.2309.05219,CANDRA (BLESSING),Lunas,"",570000.0,0.0,28/09/2023,570000.0,0.0,570000.0,"","","","",AGUS,"",SSD APACER 240GB M.2 AST280,"","",3.0,PCS,190000.0,0.00 %,"",0.0,570000.0,570000.0,0.0,"",0.0,0.0,"","","","",0.0,0.0
14/09/2023,Faktur Pembelian,PJL-23-09-00378,PT. Surya Makmur Kreasindo (HJ),Lunas,"",31230000.000002,31230000.000002,28/09/2023,28135135.135137,3094864.864865,0.0,"",SURABAYA,"","",CV TIGA NUSA,"",* PRINTER EPSON L3210,"","",10.0,UNIT,1927927.927928,0.00 %,11.0,2120720.720720799999978792792792792,19279279.27928,19279279.27928,0.0,"",0.0,0.0,PT. Surya Makmur Kreasindo,"",081515111951,"",0.0,0.0
14/09/2023,Faktur Pembelian,PJL-23-09-00378,PT. Surya Makmur Kreasindo (HJ),Lunas,"",31230000.000002,31230000.000002,28/09/2023,28135135.135137,3094864.864865,0.0,"",SURABAYA,"","",CV TIGA NUSA,"",* PRINTER EPSON L5290,"","",1.0,UNIT,3558558.558559,0.00 %,11.0,391441.4414414899999960855855855851,3558558.558559,3558558.558559,0.0,"",0.0,0.0,PT. Surya Makmur Kreasindo,"",081515111951,"",0.0,0.0
14/09/2023,Faktur Pembelian,PJL-23-09-00378,PT. Surya Makmur Kreasindo (HJ),Lunas,"",31230000.000002,31230000.000002,28/09/2023,28135135.135137,3094864.864865,0.0,"",SURABAYA,"","",CV TIGA NUSA,"",* PRINTER EPSON L1210,"","",3.0,UNIT,1765765.765766,0.00 %,11.0,582702.7027027799999941729729729722,5297297.297298,5297297.297298,0.0,"",0.0,0.0,PT. Surya Makmur Kreasindo,"",081515111951,"",0.0,0.0
14/09/2023,Faktur Pembelian,2309DPS222/T0021,PT GALVA TECHNOLOGIES,Lunas,"",27299999.999999,27059999.999999,28/09/2023,24594594.594594,2705405.405405,240000.0,"",DENPASAR - BALI,"","",CV TIGA NUSA,"",* PROJECTOR ACER BS 020P DLP 4000 Lumens + TAS,"","",6.0,UNIT,4099099.099099,0.00 %,11.0,2705405.4054053399999729459459459466,24594594.594594,24594594.594594,0.0,"",0.0,0.0,PT GALVA TECHNOLOGIES,"",0813 3803 4200,081338034200,0.0,0.0
14/09/2023,Faktur Pembelian,001620 ,LILI (PLATINUM),Lunas,"",715000.0,715000.0,14/10/2023,715000.0,0.0,0.0,"","","","","","",BATERAI TOSHIBA PA5024U (C800),"","",2.0,PCS,230000.0,0.00 %,"",0.0,460000.0,460000.0,0.0,"",0.0,0.0,"","","","",0.0,0.0
14/09/2023,Faktur Pembelian,001620 ,LILI (PLATINUM),Lunas,"",715000.0,715000.0,14/10/2023,715000.0,0.0,0.0,"","","","","","",KEYBOARD LAPTOP HP 14S,"","",3.0,PCS,85000.0,0.00 %,"",0.0,255000.0,255000.0,0.0,"",0.0,0.0,"","","","",0.0,0.0
15/09/2023,Faktur Pembelian,14829,DYNAMICS MATARAM,Lunas,"",27900000.0,0.0,29/09/2023,27900000.0,0.0,27900000.0,"","","","","","",PROJECTOR ACER BS 020P DLP 4000 LUMENS + TAS,"","",6.0,PCS,4650000.0,0.00 %,"",0.0,27900000.0,27900000.0,0.0,"",0.0,0.0,"","","","",0.0,0.0
15/09/2023,Faktur Pembelian,14830,FIKTIF BELI,Lunas,"",699999.999935,0.0,15/10/2023,699999.999935,0.0,699999.999935,"","","","","","",KABEL CCTV PERMETER,"","",305.0,METER,2295.081967,0.00 %,"",0.0,699999.999935,699999.999935,0.0,"",0.0,0.0,"","","","",0.0,0.0
15/09/2023,Faktur Pembelian,14831,FIKTIF BELI,Lunas,"",700000.0,0.0,15/10/2023,700000.0,0.0,700000.0,"","","","","","",KABEL CCTV DAHUA RG 59 + POWER,"","",1.0,DUS,700000.0,0.00 %,"",0.0,700000.0,700000.0,0.0,"",0.0,0.0,"","","","",0.0,0.0
15/09/2023,Faktur Pembelian,14832,KEVIN TELKOMSEL,Lunas,"",3360000.0,0.0,15/10/2023,3360000.0,0.0,3360000.0,"","","","","","",MODEM ORBIT STAR N2,"","",6.0,UNIT,560000.0,0.00 %,"",0.0,3360000.0,3360000.0,0.0,"",0.0,0.0,"","","","",0.0,0.0
15/09/2023,Faktur Pembelian,14833,DEDY CV SAS,Lunas,"",38350000.0,0.0,29/09/2023,38350000.0,0.0,38350000.0,"","","","","","",PRINTER EPSON L3210,"","",10.0,UNIT,2160000.0,0.00 %,"",0.0,21600000.0,21600000.0,0.0,"",0.0,0.0,"","","","",0.0,0.0
15/09/2023,Faktur Pembelian,14833,DEDY CV SAS,Lunas,"",38350000.0,0.0,29/09/2023,38350000.0,0.0,38350000.0,"","","","","","",Epson EcoTank L15160 A3 Wi-Fi Duplex All-in-One Ink Tank Printer,"","",1.0,UNIT,16750000.0,0.00 %,"",0.0,16750000.0,16750000.0,0.0,"",0.0,0.0,"","","","",0.0,0.0
15/09/2023,Faktur Pembelian,JL.2309.04377,CANDRA (BLESSING),Lunas,"",1085000.0,0.0,29/09/2023,1085000.0,0.0,1085000.0,"","","","",AGUS,"","HDD EXTERNAL 2TB  SEAGATE 2,5""","","",1.0,PCS,1085000.0,0.00 %,"",0.0,1085000.0,1085000.0,0.0,"",0.0,0.0,"","","","",0.0,0.0
15/09/2023,Faktur Pembelian,JL.2309.05683,CANDRA (BLESSING),Lunas,"",6400000.0,0.0,29/09/2023,6400000.0,0.0,6400000.0,"","","","",AGUS,"",KABEL LAN BELDEN USA CAT 5,"","",4.0,DUS,1600000.0,0.00 %,"",0.0,6400000.0,6400000.0,0.0,"",0.0,0.0,"","","","",0.0,0.0
15/09/2023,Faktur Pembelian,001622,LILI (PLATINUM),Lunas,"",810000.0,810000.0,15/10/2023,810000.0,0.0,0.0,"","","","","","",BATERAI ASUS X200CA,"","",1.0,PCS,240000.0,0.00 %,"",0.0,240000.0,240000.0,0.0,"",0.0,0.0,"","","","",0.0,0.0
15/09/2023,Faktur Pembelian,001622,LILI (PLATINUM),Lunas,"",810000.0,810000.0,15/10/2023,810000.0,0.0,0.0,"","","","","","",BATERAI HP JC 04 ORI,"","",1.0,PCS,250000.0,0.00 %,"",0.0,250000.0,250000.0,0.0,"",0.0,0.0,"","","","",0.0,0.0
15/09/2023,Faktur Pembelian,001622,LILI (PLATINUM),Lunas,"",810000.0,810000.0,15/10/2023,810000.0,0.0,0.0,"","","","","","",BATERAI ACER AL12B32 SLIM,"","",1.0,PCS,320000.0,0.00 %,"",0.0,320000.0,320000.0,0.0,"",0.0,0.0,"","","","",0.0,0.0
15/09/2023,Faktur Pembelian,ONLINE SBY / INV/2023/127796,WULAN (DISCOUNT NOTEBOOK),Lunas,"",1565000.0,0.0,15/10/2023,1565000.0,0.0,1565000.0,"","","JL. SOEKARNO HATTA RT. 012  RW. 004 PANE, RASANAE BARAT","","","",KEYBOARD LAPTOP ASUS E203 BLACK,"","",6.0,PCS,65000.0,0.00 %,"",0.0,390000.0,390000.0,0.0,"",15000.0,0.0,"","","","",0.0,0.0
15/09/2023,Faktur Pembelian,ONLINE SBY / INV/2023/127796,WULAN (DISCOUNT NOTEBOOK),Lunas,"",1565000.0,0.0,15/10/2023,1565000.0,0.0,1565000.0,"","","JL. SOEKARNO HATTA RT. 012  RW. 004 PANE, RASANAE BARAT","","","",LCD 15 SLIM 30PIN FHD SMALL FRAME,"","",2.0,PCS,580000.0,0.00 %,"",0.0,1160000.0,1160000.0,0.0,"",15000.0,0.0,"","","","",0.0,0.0
15/09/2023,Faktur Pembelian,AGS01-PC23092303,AGRES IT,Lunas,"",11980000.0,0.0,29/09/2023,11980000.0,0.0,11980000.0,"","","","","","",ASUS A1400EA I3-1115G4 8GB 512GB SSD WIN 11,"","",2.0,UNIT,5990000.0,0.00 %,"",0.0,11980000.0,11980000.0,0.0,"",0.0,0.0,"","","","",0.0,0.0
15/09/2023,Faktur Pembelian,AGS01-NC23090941,AGRES IT,Lunas,"",124550000.0,0.0,29/09/2023,124550000.0,0.0,124550000.0,"","","","","","",ACER 3 A314 36M Ci3-N305 8GB 512GB SSD WIN 11,"","",15.0,UNIT,5850000.0,0.00 %,"",0.0,87750000.0,87750000.0,0.0,"",0.0,0.0,"","","","",0.0,0.0
15/09/2023,Faktur Pembelian,AGS01-NC23090941,AGRES IT,Lunas,"",124550000.0,0.0,29/09/2023,124550000.0,0.0,124550000.0,"","","","","","",ACER NITRO 5 AN515 INTEL i9 12900H  16GB 512GB SSD RTX3060 6GB,"","",2.0,UNIT,18400000.0,0.00 %,"",0.0,36800000.0,36800000.0,0.0,"",0.0,0.0,"","","","",0.0,0.0
15/09/2023,Faktur Pembelian,AGS01-PC23092277,AGRES IT,Lunas,"",8500000.0,0.0,29/09/2023,8500000.0,0.0,8500000.0,"","","","","","",ACER A514 - 56P I5-1335U 8GB 512GB SSD WIN 11,"","",1.0,UNIT,8500000.0,0.00 %,"",0.0,8500000.0,8500000.0,0.0,"",0.0,0.0,"","","","",0.0,0.0
15/09/2023,Faktur Pembelian,AGS01-PC23092353,AGRES IT,Lunas,"",9875000.0,0.0,29/09/2023,9875000.0,0.0,9875000.0,"","","","","","",AXIOO MYBOOK 14E INTEL N4000 4GB SSD 256GB #,"","",5.0,UNIT,1975000.0,0.00 %,"",0.0,9875000.0,9875000.0,0.0,"",0.0,0.0,"","","","",0.0,0.0
15/09/2023,Faktur Pembelian,09202350113,AGUS (DORAN),Lunas,"",2450000.0,0.0,15/10/2023,2450000.0,0.0,2450000.0,"",SURABAYA,"","","","",MODEM ORBIT STAR N2,"","",5.0,UNIT,490000.0,0.00 %,"",0.0,2450000.0,2450000.0,0.0,"",0.0,0.0,"","","","",0.0,0.0
15/09/2023,Faktur Pembelian,PJL-23-09-00393,PT. Surya Makmur Kreasindo (HJ),Lunas,"",16800000.0,16800000.0,29/09/2023,15135135.135135,1664864.864865,0.0,"",SURABAYA,"","",CV TIGA NUSA,"",* PROJECTOR EPSON EB E500 XVGAVGA HDMI,"","",3.0,UNIT,5045045.045045,0.00 %,11.0,1664864.8648648499999833513513513515,15135135.135135,15135135.135135,0.0,"",0.0,0.0,PT. Surya Makmur Kreasindo,"",081515111951,"",0.0,0.0
15/09/2023,Faktur Pembelian,14857,ANDRIANY MUSTIKA SARI (cencen),Lunas,"",4015000.0,4015000.0,15/10/2023,4015000.0,0.0,0.0,"","","","","","",KERTAS JASMINE PUTIH,"","",88.0,PCS,36500.0,0.00 %,"",0.0,3212000.0,3212000.0,0.0,"",0.0,0.0,"","","","",0.0,0.0
15/09/2023,Faktur Pembelian,14857,ANDRIANY MUSTIKA SARI (cencen),Lunas,"",4015000.0,4015000.0,15/10/2023,4015000.0,0.0,0.0,"","","","","","",KERTAS JASMIN CREAM,"","",22.0,PCS,36500.0,0.00 %,"",0.0,803000.0,803000.0,0.0,"",0.0,0.0,"","","","",0.0,0.0
16/09/2023,Faktur Pembelian,14834,FIKTIF BELI,Lunas,"",60000.0,0.0,16/10/2023,60000.0,0.0,60000.0,"","","","","","",TINTA CANON ORI 790 BLACK NON PACK,"","",1.0,PCS,30000.0,0.00 %,"",0.0,30000.0,30000.0,0.0,"",0.0,0.0,"","","","",0.0,0.0
16/09/2023,Faktur Pembelian,14834,FIKTIF BELI,Lunas,"",60000.0,0.0,16/10/2023,60000.0,0.0,60000.0,"","","","","","",TINTA CANON ORI 790 CYAN NON PACK,"","",1.0,PCS,30000.0,0.00 %,"",0.0,30000.0,30000.0,0.0,"",0.0,0.0,"","","","",0.0,0.0
16/09/2023,Faktur Pembelian,14834,FIKTIF BELI,Lunas,"",60000.0,0.0,16/10/2023,60000.0,0.0,60000.0,"","","","","","",TINTA CANON ORI 790 YELLOW NON PACK,"","",1.0,PCS,0.0,0.00 %,"",0.0,0.0,0.0,0.0,"",0.0,0.0,"","","","",0.0,0.0
16/09/2023,Faktur Pembelian,14834,FIKTIF BELI,Lunas,"",60000.0,0.0,16/10/2023,60000.0,0.0,60000.0,"","","","","","",TINTA CANON ORI 790 MAGENTA NON PACK,"","",1.0,PCS,0.0,0.00 %,"",0.0,0.0,0.0,0.0,"",0.0,0.0,"","","","",0.0,0.0
16/09/2023,Faktur Pembelian,JL.2309.06178,CANDRA (BLESSING),Lunas,"",14005000.0,0.0,30/09/2023,14005000.0,0.0,14005000.0,"","","","",AGUS,"","ACER 5 A514 - 55G i5-1235U 8GB 512GB SSD MX 550 2GB 14""","","",1.0,UNIT,9245000.0,0.00 %,"",0.0,9245000.0,9245000.0,0.0,"",0.0,0.0,"","","","",0.0,0.0
16/09/2023,Faktur Pembelian,JL.2309.06178,CANDRA (BLESSING),Lunas,"",14005000.0,0.0,30/09/2023,14005000.0,0.0,14005000.0,"","","","",AGUS,"",AXIOO 14F INTEL N4020 6GB 256GB SSD FHD #,"","",2.0,UNIT,2380000.0,0.00 %,"",0.0,4760000.0,4760000.0,0.0,"",0.0,0.0,"","","","",0.0,0.0
16/09/2023,Faktur Pembelian,JL.2309.06121,CANDRA (BLESSING),Lunas,"",1085000.0,0.0,30/09/2023,1085000.0,0.0,1085000.0,"","","","",AGUS,"","HDD EXTERNAL 2TB  SEAGATE 2,5""","","",1.0,PCS,1085000.0,0.00 %,"",0.0,1085000.0,1085000.0,0.0,"",0.0,0.0,"","","","",0.0,0.0
16/09/2023,Faktur Pembelian,JL.2309.06101,CANDRA (BLESSING),Lunas,"",27540000.0,0.0,30/09/2023,27540000.0,0.0,27540000.0,"","","","",AGUS,"",PROJECTOR ACER BS 020P DLP 4000 LUMENS + TAS,"","",6.0,PCS,4590000.0,0.00 %,"",0.0,27540000.0,27540000.0,0.0,"",0.0,0.0,"","","","",0.0,0.0
16/09/2023,Faktur Pembelian,14838,FIKTIF BELI,Lunas,"",800000.0001,0.0,16/10/2023,800000.0001,0.0,800000.0001,"","","","","","",KABEL LAN ZIMM LINK PERMETER,"","",305.0,METER,1311.47541,0.00 %,"",0.0,400000.00005,400000.00005,0.0,"",0.0,0.0,"","","","",0.0,0.0
16/09/2023,Faktur Pembelian,14838,FIKTIF BELI,Lunas,"",800000.0001,0.0,16/10/2023,800000.0001,0.0,800000.0001,"","","","","","",KABEL LAN ZIMM LINK PERMETER,"","",305.0,METER,1311.47541,0.00 %,"",0.0,400000.00005,400000.00005,0.0,"",0.0,0.0,"","","","",0.0,0.0
16/09/2023,Faktur Pembelian,14839,FIKTIF BELI,Lunas,"",800000.0,0.0,16/10/2023,800000.0,0.0,800000.0,"","","","","","",KABEL LAN ZIMM LINK,"","",2.0,DUS,400000.0,0.00 %,"",0.0,800000.0,800000.0,0.0,"",0.0,0.0,"","","","",0.0,0.0
16/09/2023,Faktur Pembelian,14840,FIKTIF BELI,Lunas,"",620000.0,0.0,16/10/2023,620000.0,0.0,620000.0,"","","","","","",SODIMM DDR4 COPOTAN,"","",2.0,PCS,310000.0,0.00 %,"",0.0,620000.0,620000.0,0.0,"",0.0,0.0,"","","","",0.0,0.0
16/09/2023,Faktur Pembelian,2309559,CV. BALI IT SOLUSI (ENY),Lunas,"",11070000.0,11070000.0,30/09/2023,11070000.0,0.0,0.0,"","","","","","",CCTV CAM DAHUA HAC B1A21 IR BULLET (OUTDOOR),"","",30.0,PCS,168000.0,0.00 %,"",0.0,5040000.0,5040000.0,0.0,"",0.0,0.0,"","","","",0.0,0.0
16/09/2023,Faktur Pembelian,2309559,CV. BALI IT SOLUSI (ENY),Lunas,"",11070000.0,11070000.0,30/09/2023,11070000.0,0.0,0.0,"","","","","","","AXIOO 14F N4020/4GB/256GB SSD/13.3""","","",1.0,UNIT,2280000.0,0.00 %,"",0.0,2280000.0,2280000.0,0.0,"",0.0,0.0,"","","","",0.0,0.0
16/09/2023,Faktur Pembelian,2309559,CV. BALI IT SOLUSI (ENY),Lunas,"",11070000.0,11070000.0,30/09/2023,11070000.0,0.0,0.0,"","","","","","",AXIOO HYPE 3 Ci3 - 1005G1 8GB 256GB SSD #,"","",1.0,UNIT,3750000.0,0.00 %,"",0.0,3750000.0,3750000.0,0.0,"",0.0,0.0,"","","","",0.0,0.0
16/09/2023,Faktur Pembelian,MD/INV2309/0253,CV.MITRA TEGUH DISTRIBUSI EPRINT MATARAM,Lunas,"",3588530.0,3588530.0,16/10/2023,3588530.0,0.0,0.0,"","","","",RAHMAT,"",PLASTIK LAMINATING EPRINT F4,"","",40.0,PCS,89713.25,0.00 %,"",0.0,3588530.0,3588530.0,0.0,"",0.0,0.0,"","","","",0.0,0.0
16/09/2023,Faktur Pembelian,09202353398,AGUS (DORAN),Lunas,"",6742400.0,6742400.0,16/10/2023,6742400.0,0.0,0.0,"",SURABAYA,"","","","",OTG TYPE C,"","",40.0,PCS,6060.0,0.00 %,"",0.0,242400.0,242400.0,0.0,"",0.0,0.0,"","","","",0.0,0.0
16/09/2023,Faktur Pembelian,09202353398,AGUS (DORAN),Lunas,"",6742400.0,6742400.0,16/10/2023,6742400.0,0.0,0.0,"",SURABAYA,"","","","",CAM CCTV EZVIZ C6N #,"","",20.0,UNIT,325000.0,0.00 %,"",0.0,6500000.0,6500000.0,0.0,"",0.0,0.0,"","","","",0.0,0.0
16/09/2023,Faktur Pembelian,AGS01-PC23092457,AGRES IT,Lunas,"",35150000.0,0.0,30/09/2023,35150000.0,0.0,35150000.0,"","","","","","",HP 14S INTEL N4500  8GB 256GB SSD #,"","",5.0,UNIT,4450000.0,0.00 %,"",0.0,22250000.0,22250000.0,0.0,"",0.0,0.0,"","","","",0.0,0.0
16/09/2023,Faktur Pembelian,AGS01-PC23092457,AGRES IT,Lunas,"",35150000.0,0.0,30/09/2023,35150000.0,0.0,35150000.0,"","","","","","",ASUS A416M N4020 8GB 256GB SSD #,"","",3.0,UNIT,4300000.0,0.00 %,"",0.0,12900000.0,12900000.0,0.0,"",0.0,0.0,"","","","",0.0,0.0
17/09/2023,Faktur Pembelian,14841,FIKTIF BELI,Lunas,"",930000.0,0.0,17/10/2023,930000.0,0.0,930000.0,"","","","","","",SODIMM DDR4 COPOTAN,"","",3.0,PCS,310000.0,0.00 %,"",0.0,930000.0,930000.0,0.0,"",0.0,0.0,"","","","",0.0,0.0
17/09/2023,Faktur Pembelian,14842,FIKTIF BELI,Lunas,"",148000.0,0.0,17/10/2023,148000.0,0.0,148000.0,"","","","","","",TINTA CANON ORI 790 BLACK NON PACK,"","",1.0,PCS,37000.0,0.00 %,"",0.0,37000.0,37000.0,0.0,"",0.0,0.0,"","","","",0.0,0.0
17/09/2023,Faktur Pembelian,14842,FIKTIF BELI,Lunas,"",148000.0,0.0,17/10/2023,148000.0,0.0,148000.0,"","","","","","",TINTA CANON ORI 790 CYAN NON PACK,"","",1.0,PCS,37000.0,0.00 %,"",0.0,37000.0,37000.0,0.0,"",0.0,0.0,"","","","",0.0,0.0
17/09/2023,Faktur Pembelian,14842,FIKTIF BELI,Lunas,"",148000.0,0.0,17/10/2023,148000.0,0.0,148000.0,"","","","","","",TINTA CANON ORI 790 YELLOW NON PACK,"","",1.0,PCS,37000.0,0.00 %,"",0.0,37000.0,37000.0,0.0,"",0.0,0.0,"","","","",0.0,0.0
17/09/2023,Faktur Pembelian,14842,FIKTIF BELI,Lunas,"",148000.0,0.0,17/10/2023,148000.0,0.0,148000.0,"","","","","","",TINTA CANON ORI 790 MAGENTA NON PACK,"","",1.0,PCS,37000.0,0.00 %,"",0.0,37000.0,37000.0,0.0,"",0.0,0.0,"","","","",0.0,0.0
18/09/2023,Faktur Pembelian,14843,HARAPAN BARU,Lunas,"",3350000.0,0.0,18/10/2023,3350000.0,0.0,3350000.0,"","","","","","",SPEAKER ADVANCE K1512,"","",2.0,PCS,1675000.0,0.00 %,"",0.0,3350000.0,3350000.0,0.0,"",0.0,0.0,"","","","",0.0,0.0
18/09/2023,Faktur Pembelian,PJL-23-09-00439,PT. Surya Makmur Kreasindo (HJ),Lunas,"",45420000.0,45420000.0,02/10/2023,40918918.918919,4501081.081081,0.0,"",SURABAYA,"","",CV TIGA NUSA,"",* PRINTER EPSON L121,"","",5.0,UNIT,1387387.387387,0.00 %,11.0,763063.0630628499999923693693693715,6936936.936935,6936936.936935,0.0,"",0.0,0.0,PT. Surya Makmur Kreasindo,"",081515111951,"",0.0,0.0
18/09/2023,Faktur Pembelian,PJL-23-09-00439,PT. Surya Makmur Kreasindo (HJ),Lunas,"",45420000.0,45420000.0,02/10/2023,40918918.918919,4501081.081081,0.0,"",SURABAYA,"","",CV TIGA NUSA,"",* PRINTER EPSON L3210,"","",15.0,UNIT,1927927.927928,0.00 %,11.0,3181081.081081199999968189189189188,28918918.91892,28918918.91892,0.0,"",0.0,0.0,PT. Surya Makmur Kreasindo,"",081515111951,"",0.0,0.0
18/09/2023,Faktur Pembelian,PJL-23-09-00439,PT. Surya Makmur Kreasindo (HJ),Lunas,"",45420000.0,45420000.0,02/10/2023,40918918.918919,4501081.081081,0.0,"",SURABAYA,"","",CV TIGA NUSA,"",* PRINTER EPSON L3250 WIFI PRINT SCAN COPY,"","",2.0,UNIT,2531531.531532,0.00 %,11.0,556936.9369370399999944306306306296,5063063.063064,5063063.063064,0.0,"",0.0,0.0,PT. Surya Makmur Kreasindo,"",081515111951,"",0.0,0.0
18/09/2023,Faktur Pembelian,14845,FIKTIF BELI,Lunas,"",104000.0,0.0,18/10/2023,104000.0,0.0,104000.0,"","","","","","",RJ45 COMMSCOPE,"","",50.0,BIJI,2080.0,0.00 %,"",0.0,104000.0,104000.0,0.0,"",0.0,0.0,"","","","",0.0,0.0
18/09/2023,Faktur Pembelian,JL0000023105,PT IS PRATAMA ABADI JAKARTA,Lunas,"",32250000.0,32250000.0,18/10/2023,32250000.0,0.0,0.0,"","","","",AGUS,"",PRINTER CANON PIXMA IP 2770,"","",50.0,UNIT,645000.0,0.00 %,"",0.0,32250000.0,32250000.0,0.0,"",0.0,0.0,"","","","",0.0,0.0
18/09/2023,Faktur Pembelian,14846,HARAPAN BARU,Lunas,"",1675000.0,0.0,18/10/2023,1675000.0,0.0,1675000.0,"","","","","","",SPEAKER ADVANCE K1512,"","",1.0,PCS,1675000.0,0.00 %,"",0.0,1675000.0,1675000.0,0.0,"",0.0,0.0,"","","","",0.0,0.0
18/09/2023,Faktur Pembelian,JL.2309.06633,CANDRA (BLESSING),Lunas,"",14065000.0,14065000.0,02/10/2023,14065000.0,0.0,0.0,"","","","",RAHMAT,"",LENOVO IDEAPAD 3 14ITL6 Ci3 - 1115G4 8GB 256GB SSD WIN 11,"","",1.0,PCS,5695000.0,0.00 %,"",0.0,5695000.0,5695000.0,0.0,"",0.0,0.0,"","","","",0.0,0.0
18/09/2023,Faktur Pembelian,JL.2309.06633,CANDRA (BLESSING),Lunas,"",14065000.0,14065000.0,02/10/2023,14065000.0,0.0,0.0,"","","","",RAHMAT,"",ASUS EXPERT P1412CEA i5 - 1135G7 8GB 256GB SSD #,"","",1.0,UNIT,8370000.0,0.00 %,"",0.0,8370000.0,8370000.0,0.0,"",0.0,0.0,"","","","",0.0,0.0
18/09/2023,Faktur Pembelian,JL.2309.06348,CANDRA (BLESSING),Lunas,"",4275000.0,0.0,02/10/2023,4275000.0,0.0,4275000.0,"","","","",AGUS,"",SODIMM KINGSTONE DDR4 8GB PC 3200,"","",15.0,PCS,285000.0,0.00 %,"",0.0,4275000.0,4275000.0,0.0,"",0.0,0.0,"","","","",0.0,0.0
18/09/2023,Faktur Pembelian,JL.2309.06355,CANDRA (BLESSING),Lunas,"",59430000.0,59430000.0,02/10/2023,59430000.0,0.0,0.0,"","","","",AGUS,"",ASUS A416MAO INTEL N4020 4GB 256GB SSD #,"","",2.0,UNIT,4115000.0,0.00 %,"",0.0,8230000.0,8230000.0,0.0,"",0.0,0.0,"","","","",0.0,0.0
18/09/2023,Faktur Pembelian,JL.2309.06355,CANDRA (BLESSING),Lunas,"",59430000.0,59430000.0,02/10/2023,59430000.0,0.0,0.0,"","","","",AGUS,"",ACER 3 A314 36M Ci3-N305 8GB 512GB SSD WIN 11,"","",5.0,UNIT,6130000.0,0.00 %,"",0.0,30650000.0,30650000.0,0.0,"",0.0,0.0,"","","","",0.0,0.0
18/09/2023,Faktur Pembelian,JL.2309.06355,CANDRA (BLESSING),Lunas,"",59430000.0,59430000.0,02/10/2023,59430000.0,0.0,0.0,"","","","",AGUS,"",ASUS A416M N4020 8GB 256GB SSD #,"","",2.0,UNIT,4325000.0,0.00 %,"",0.0,8650000.0,8650000.0,0.0,"",0.0,0.0,"","","","",0.0,0.0
18/09/2023,Faktur Pembelian,JL.2309.06355,CANDRA (BLESSING),Lunas,"",59430000.0,59430000.0,02/10/2023,59430000.0,0.0,0.0,"","","","",AGUS,"",AXIOO 14F INTEL N4020 6GB 256GB SSD FHD #,"","",5.0,UNIT,2380000.0,0.00 %,"",0.0,11900000.0,11900000.0,0.0,"",0.0,0.0,"","","","",0.0,0.0
18/09/2023,Faktur Pembelian,14847,ANDY (JMK),Lunas,"",15800000.0,15800000.0,18/10/2023,15800000.0,0.0,0.0,"","","","","","",KABEL LAN ZIMM LINK,"","",40.0,DUS,395000.0,0.00 %,"",0.0,15800000.0,15800000.0,0.0,"",0.0,0.0,"","","","",0.0,0.0
18/09/2023,Faktur Pembelian,AGS01-NC23091093,AGRES IT,Lunas,"",24570000.0,24570000.0,02/10/2023,24570000.0,0.0,0.0,"","","","","","",ASUS A416MAO INTEL N4020 4GB 256GB SSD #,"","",6.0,UNIT,4095000.0,0.00 %,"",0.0,24570000.0,24570000.0,0.0,"",0.0,0.0,"","","","",0.0,0.0
18/09/2023,Faktur Pembelian,AGS01-NC23091190,AGRES IT,Lunas,"",8190000.0,8190000.0,02/10/2023,8190000.0,0.0,0.0,"","","","","","",ASUS A416MAO INTEL N4020 4GB 256GB SSD #,"","",2.0,UNIT,4095000.0,0.00 %,"",0.0,8190000.0,8190000.0,0.0,"",0.0,0.0,"","","","",0.0,0.0
18/09/2023,Faktur Pembelian,AGS01-PC23092688,AGRES IT,Lunas,"",4300000.0,4300000.0,02/10/2023,4300000.0,0.0,0.0,"","","","","","",ASUS A416M N4020 8GB 256GB SSD #,"","",1.0,UNIT,4300000.0,0.00 %,"",0.0,4300000.0,4300000.0,0.0,"",0.0,0.0,"","","","",0.0,0.0
18/09/2023,Faktur Pembelian,AGS01-PC23092791,AGRES IT,Lunas,"",21500000.0,21500000.0,02/10/2023,21500000.0,0.0,0.0,"","","","","","",ASUS A416M N4020 8GB 256GB SSD #,"","",5.0,UNIT,4300000.0,0.00 %,"",0.0,21500000.0,21500000.0,0.0,"",0.0,0.0,"","","","",0.0,0.0
19/09/2023,Faktur Pembelian,JL.2309.06916,CANDRA (BLESSING),Lunas,"",17320000.0,17320000.0,03/10/2023,17320000.0,0.0,0.0,"","","","",RAHMAT,"",PRINTER EPSON L3210,"","",8.0,UNIT,2165000.0,0.00 %,"",0.0,17320000.0,17320000.0,0.0,"",0.0,0.0,"","","","",0.0,0.0
19/09/2023,Faktur Pembelian,14848,FIKTIF BELI,Lunas,"",286000.0,0.0,19/10/2023,286000.0,0.0,286000.0,"","","","","","",PROCESSOR  CORE 2 DUO 3.0 GHZ E8400 FAN,"","",4.0,PCS,71500.0,0.00 %,"",0.0,286000.0,286000.0,0.0,"",0.0,0.0,"","","","",0.0,0.0
19/09/2023,Faktur Pembelian,14849,FIKTIF BELI,Lunas,"",350000.0,0.0,19/10/2023,350000.0,0.0,350000.0,"","","","","","",MB G41 EZPRO,"","",1.0,PCS,350000.0,0.00 %,"",0.0,350000.0,350000.0,0.0,"",0.0,0.0,"","","","",0.0,0.0
19/09/2023,Faktur Pembelian,JL.2309.07189,CANDRA (BLESSING),Lunas,"",930000.0,930000.0,03/10/2023,930000.0,0.0,0.0,"","","","",RAHMAT,"",CONNECTOR RJ45 BELDEN CAT5E (PACK),"","",10.0,PCS,93000.0,0.00 %,"",0.0,930000.0,930000.0,0.0,"",0.0,0.0,"","","","",0.0,0.0
19/09/2023,Faktur Pembelian,JL.2309.07180,CANDRA (BLESSING),Lunas,"",30650000.000003,30650000.000003,03/10/2023,27612612.612615,3037387.387388,0.0,"","","","",CV TIGA NUSA,"",* ACER 3 A314 36M Ci3-N305 / 8GB / 512GB SSD WIN 11,"","",5.0,UNIT,5522522.522523,0.00 %,11.0,3037387.3873876499999696261261261235,27612612.612615,27612612.612615,0.0,"",0.0,0.0,"","","","",0.0,0.0
19/09/2023,Faktur Pembelian,S230919040,DYNAMICS MATARAM,Lunas,"",13200000.0,13200000.0,03/10/2023,13200000.0,0.0,0.0,"","","","","","",PRINTER EPSON L3210,"","",6.0,UNIT,2200000.0,0.00 %,"",0.0,13200000.0,13200000.0,0.0,"",0.0,0.0,"","","","",0.0,0.0
19/09/2023,Faktur Pembelian,001626,LILI (PLATINUM),Lunas,"",1170000.0,1170000.0,19/10/2023,1170000.0,0.0,0.0,"","","","","","",BATERAI ACER ES1 432 AS16A8K / AS16A5K,"","",3.0,PCS,305000.0,0.00 %,"",0.0,915000.0,915000.0,0.0,"",0.0,0.0,"","","","",0.0,0.0
19/09/2023,Faktur Pembelian,001626,LILI (PLATINUM),Lunas,"",1170000.0,1170000.0,19/10/2023,1170000.0,0.0,0.0,"","","","","","",KEYBOARD LAPTOP LENOVO 320 / 330,"","",3.0,PCS,85000.0,0.00 %,"",0.0,255000.0,255000.0,0.0,"",0.0,0.0,"","","","",0.0,0.0
19/09/2023,Faktur Pembelian,JL5523090955,YULI (HP CENTRE),Lunas,"",23250000.0,23250000.0,19/10/2023,23250000.0,0.0,0.0,"","","","",AGUS,"",LENOVO IDEAPAD 1 14IGL7 N4020 8GB SSD 256GB #,"","",6.0,UNIT,3875000.0,0.00 %,"",0.0,23250000.0,23250000.0,0.0,"",0.0,0.0,"","","","",0.0,0.0
20/09/2023,Faktur Pembelian,14850,DYNAMICS MATARAM,Lunas,"",11325000.0,0.0,04/10/2023,11325000.0,0.0,11325000.0,"","","","","","",AXIOO HYPE 3 Ci3 - 1005G1 8GB 256GB SSD #,"","",3.0,UNIT,3775000.0,0.00 %,"",0.0,11325000.0,11325000.0,0.0,"",0.0,0.0,"","","","",0.0,0.0
20/09/2023,Faktur Pembelian,JL.2309.07493,CANDRA (BLESSING),Lunas,"",11580000.0,11580000.0,04/10/2023,11580000.0,0.0,0.0,"","","","",RAHMAT,"",ASUS A1400EA Ci3-1115G4 8GB 256GB SSD WIN 11 #,"","",2.0,UNIT,5790000.0,0.00 %,"",0.0,11580000.0,11580000.0,0.0,"",0.0,0.0,"","","","",0.0,0.0
20/09/2023,Faktur Pembelian,JL.2309.07324,CANDRA (BLESSING),Lunas,"",5115000.0,5115000.0,04/10/2023,5115000.0,0.0,0.0,"","","","",RAHMAT,"",PROJECTOR ACER X1 DLP XGA 4000 LUMENS,"","",1.0,UNIT,5115000.0,0.00 %,"",0.0,5115000.0,5115000.0,0.0,"",0.0,0.0,"","","","",0.0,0.0
20/09/2023,Faktur Pembelian,14851,TE2 COMPUTER SURABAYA,Lunas,"",2970000.0,0.0,20/10/2023,2970000.0,0.0,2970000.0,"","","","","","",BRANKAS NASIONAL A1,"","",1.0,UNIT,2970000.0,0.00 %,"",0.0,2970000.0,2970000.0,0.0,"",0.0,0.0,"","","","",0.0,0.0
20/09/2023,Faktur Pembelian,14852,HARAPAN BARU,Lunas,"",1675000.0,0.0,20/10/2023,1675000.0,0.0,1675000.0,"","","","","","",SPEAKER ADVANCE K1512,"","",1.0,PCS,1675000.0,0.00 %,"",0.0,1675000.0,1675000.0,0.0,"",0.0,0.0,"","","","",0.0,0.0
20/09/2023,Faktur Pembelian,14853,CANON BALI,Lunas,"",10002300.000001,0.0,20/10/2023,9011081.081082,991218.918919,10002300.000001,"","","","",CV TIGA NUSA,"",* CATRIDGE CANON BH7,"","",10.0,PCS,306738.738739,0.00 %,11.0,337412.612612899999996625873873871,3067387.38739,3067387.38739,0.0,"",0.0,0.0,"","","","",0.0,0.0
20/09/2023,Faktur Pembelian,14853,CANON BALI,Lunas,"",10002300.000001,0.0,20/10/2023,9011081.081082,991218.918919,10002300.000001,"","","","",CV TIGA NUSA,"",* AUTO SHEET FEEDER FOR G1010 / G2010,"","",10.0,UNIT,207207.207207,0.00 %,11.0,227927.927927699999997720720720723,2072072.07207,2072072.07207,0.0,"",0.0,0.0,"","","","",0.0,0.0
20/09/2023,Faktur Pembelian,14853,CANON BALI,Lunas,"",10002300.000001,0.0,20/10/2023,9011081.081082,991218.918919,10002300.000001,"","","","",CV TIGA NUSA,"",* CATRIDGE CANON CA 92 / CH 7,"","",5.0,UNIT,356306.306306,0.00 %,11.0,195968.468468299999998040315315317,1781531.53153,1781531.53153,0.0,"",0.0,0.0,"","","","",0.0,0.0
20/09/2023,Faktur Pembelian,14853,CANON BALI,Lunas,"",10002300.000001,0.0,20/10/2023,9011081.081082,991218.918919,10002300.000001,"","","","",CV TIGA NUSA,"",* AUTO SHEET FEEDER UNIT G1020 / 2020,"","",4.0,PCS,522522.522523,0.00 %,11.0,229909.9099101199999977009009008988,2090090.090092,2090090.090092,0.0,"",0.0,0.0,"","","","",0.0,0.0
20/09/2023,Faktur Pembelian,14854,PT TERA DATA INDONUSA,Lunas,"",200000.0,0.0,20/10/2023,180180.18018,19819.81982,200000.0,"","","","","","",* KEY AXIOO 14E + COVER,"","",1.0,PCS,180180.18018,0.00 %,11.0,19819.819819799999999801801801802,180180.18018,180180.18018,0.0,"",0.0,0.0,"","","","",0.0,0.0
20/09/2023,Faktur Pembelian,2309679,CV. BALI IT SOLUSI (ENY),Lunas,"",2800000.0,2800000.0,04/10/2023,2800000.0,0.0,0.0,"","","","","","",KABEL CCTV DAHUA RG 59 + POWER,"","",4.0,DUS,700000.0,0.00 %,"",0.0,2800000.0,2800000.0,0.0,"",0.0,0.0,"","","","",0.0,0.0
20/09/2023,Faktur Pembelian,00648255_036,PRIYO (K GALAXY),Lunas,"",3250000.0,3250000.0,20/10/2023,3250000.0,0.0,0.0,"","","","","","",MB GIGABYTE GA H81M DS2,"","",3.0,PCS,950000.0,0.00 %,"",0.0,2850000.0,2850000.0,0.0,"",0.0,0.0,"","","","",0.0,0.0
20/09/2023,Faktur Pembelian,00648255_036,PRIYO (K GALAXY),Lunas,"",3250000.0,3250000.0,20/10/2023,3250000.0,0.0,0.0,"","","","","","",PROC INTEL CORE I3 GEN 2,"","",5.0,PCS,80000.0,0.00 %,"",0.0,400000.0,400000.0,0.0,"",0.0,0.0,"","","","",0.0,0.0
20/09/2023,Faktur Pembelian,JL5523091044,YULI (HP CENTRE),Lunas,"",5625000.0,5625000.0,20/10/2023,5625000.0,0.0,0.0,"","","","",AGUS,"",BLUEPRINT KERTAS FOTO MATAHARI 230GR,"","",250.0,PCS,22500.0,0.00 %,"",0.0,5625000.0,5625000.0,0.0,"",0.0,0.0,"","","","",0.0,0.0
20/09/2023,Faktur Pembelian,00648272_036,PRIYO (K GALAXY),Lunas,"",1775000.0,1775000.0,20/10/2023,1775000.0,0.0,0.0,"","","","","","","TRIPOT LAYAR PROJECTOR 70"" 172cm x 172cm SCREEN PROJECTOR","","",5.0,PCS,355000.0,0.00 %,"",0.0,1775000.0,1775000.0,0.0,"",0.0,0.0,"","","","",0.0,0.0
20/09/2023,Faktur Pembelian,JN-N/SBY/P01/200923/013,PT. INDO WARNA MULIA ( ALFA INK ),Lunas,"",28600000.0,28600000.0,20/10/2023,28600000.0,0.0,0.0,"","","","","","",ALFA INK CANON BLACK 100CC,"","",400.0,PCS,26000.0,0.00 %,"",0.0,10400000.0,10400000.0,0.0,"",0.0,0.0,"","","","",0.0,0.0
20/09/2023,Faktur Pembelian,JN-N/SBY/P01/200923/013,PT. INDO WARNA MULIA ( ALFA INK ),Lunas,"",28600000.0,28600000.0,20/10/2023,28600000.0,0.0,0.0,"","","","","","",ALFA INK CANON CYAN 100CC,"","",200.0,PCS,26000.0,0.00 %,"",0.0,5200000.0,5200000.0,0.0,"",0.0,0.0,"","","","",0.0,0.0
20/09/2023,Faktur Pembelian,JN-N/SBY/P01/200923/013,PT. INDO WARNA MULIA ( ALFA INK ),Lunas,"",28600000.0,28600000.0,20/10/2023,28600000.0,0.0,0.0,"","","","","","",ALFA INK CANON MAGENTA 100CC,"","",300.0,PCS,26000.0,0.00 %,"",0.0,7800000.0,7800000.0,0.0,"",0.0,0.0,"","","","",0.0,0.0
20/09/2023,Faktur Pembelian,JN-N/SBY/P01/200923/013,PT. INDO WARNA MULIA ( ALFA INK ),Lunas,"",28600000.0,28600000.0,20/10/2023,28600000.0,0.0,0.0,"","","","","","",ALFA INK CANON YELLOW 100CC,"","",200.0,PCS,26000.0,0.00 %,"",0.0,5200000.0,5200000.0,0.0,"",0.0,0.0,"","","","",0.0,0.0
21/09/2023,Faktur Pembelian,14855,IQ TRONIK,Lunas,BPM ,10400000.0,0.0,21/10/2023,10400000.0,0.0,10400000.0,"","","","","","",KERTAS FOTO SPECTRA GLOSSY 260,"","",100.0,PCS,52000.0,0.00 %,"",0.0,5200000.0,5200000.0,0.0,"",0.0,0.0,"","","","",0.0,0.0
21/09/2023,Faktur Pembelian,14855,IQ TRONIK,Lunas,BPM ,10400000.0,0.0,21/10/2023,10400000.0,0.0,10400000.0,"","","","","","",KERTAS FOTO SPECTRA SILKY 260,"","",100.0,PCS,52000.0,0.00 %,"",0.0,5200000.0,5200000.0,0.0,"",0.0,0.0,"","","","",0.0,0.0
21/09/2023,Faktur Pembelian,14856,FIKTIF BELI,Lunas,"",390000.0,0.0,21/10/2023,390000.0,0.0,390000.0,"","","","","","",POMPA PURGE EPSON L3110 L3210 L3250,"","",2.0,PCS,195000.0,0.00 %,"",0.0,390000.0,390000.0,0.0,"",0.0,0.0,"","","","",0.0,0.0
21/09/2023,Faktur Pembelian,14858,HARAPAN BARU,Lunas,"",3350000.0,0.0,21/10/2023,3350000.0,0.0,3350000.0,"","","","","","",SPEAKER ADVANCE K1512,"","",2.0,PCS,1675000.0,0.00 %,"",0.0,3350000.0,3350000.0,0.0,"",0.0,0.0,"","","","",0.0,0.0
21/09/2023,Faktur Pembelian,14859,FIKTIF BELI,Lunas,"",300000.0,0.0,21/10/2023,300000.0,0.0,300000.0,"","","","","","",SODIMM DDR4 COPOTAN,"","",1.0,PCS,300000.0,0.00 %,"",0.0,300000.0,300000.0,0.0,"",0.0,0.0,"","","","",0.0,0.0
21/09/2023,Faktur Pembelian,2309716,CV. BALI IT SOLUSI (ENY),Lunas,"",11400000.0,11400000.0,05/10/2023,11400000.0,0.0,0.0,"","","","","","","AXIOO 14F N4020/4GB/256GB SSD/13.3""","","",5.0,UNIT,2280000.0,0.00 %,"",0.0,11400000.0,11400000.0,0.0,"",0.0,0.0,"","","","",0.0,0.0
21/09/2023,Faktur Pembelian,2309DPS222/T0024,PT GALVA TECHNOLOGIES,Lunas,"",22749999.999999,22639999.999999,05/10/2023,20495495.495495,2254504.504504,110000.0,"",DENPASAR - BALI,"","",CV TIGA NUSA,"",* PROJECTOR ACER BS 020P DLP 4000 Lumens + TAS,"","",5.0,UNIT,4099099.099099,0.00 %,11.0,2254504.5045044499999774549549549555,20495495.495495,20495495.495495,0.0,"",0.0,0.0,PT GALVA TECHNOLOGIES,"",0813 3803 4200,081338034200,0.0,0.0
21/09/2023,Faktur Pembelian,ONLINE SBY / INV/2023/131693,WULAN (DISCOUNT NOTEBOOK),Lunas,"",330000.000001,0.0,21/10/2023,330000.000001,0.0,330000.000001,"","","","","","",KEYBOARD ACER E5 475,"","",3.0,PCS,56666.666667,0.00 %,"",0.0,170000.000001,170000.000001,0.0,"",0.0,0.0,"","","","",0.0,0.0
21/09/2023,Faktur Pembelian,ONLINE SBY / INV/2023/131693,WULAN (DISCOUNT NOTEBOOK),Lunas,"",330000.000001,0.0,21/10/2023,330000.000001,0.0,330000.000001,"","","","","","",KEYBOARD LAPTOP ASUS TP412 AG,"","",1.0,PCS,160000.0,0.00 %,"",0.0,160000.0,160000.0,0.0,"",0.0,0.0,"","","","",0.0,0.0
21/09/2023,Faktur Pembelian,JL/23/09/00000259,CV. NOAH SEJAHTERA ABADI,Lunas,"",4700000.0,4700000.0,05/10/2023,4700000.0,0.0,0.0,"","","","","","",SSD SATA OSCOO 256GB,"","",20.0,PCS,235000.0,0.00 %,"",0.0,4700000.0,4700000.0,0.0,"",0.0,0.0,"","","","",0.0,0.0
21/09/2023,Faktur Pembelian,001627,LILI (PLATINUM),Lunas,"",970000.0,970000.0,21/10/2023,970000.0,0.0,0.0,"","","","","","",KEYBOARD ACER A314 33 (LM),"","",3.0,PCS,150000.0,0.00 %,"",0.0,450000.0,450000.0,0.0,"",0.0,0.0,"","","","",0.0,0.0
21/09/2023,Faktur Pembelian,001627,LILI (PLATINUM),Lunas,"",970000.0,970000.0,21/10/2023,970000.0,0.0,0.0,"","","","","","",BATERAI LAPTOP HP PAVILION 14-AF (HS04),"","",1.0,PCS,260000.0,0.00 %,"",0.0,260000.0,260000.0,0.0,"",0.0,0.0,"","","","",0.0,0.0
21/09/2023,Faktur Pembelian,001627,LILI (PLATINUM),Lunas,"",970000.0,970000.0,21/10/2023,970000.0,0.0,0.0,"","","","","","",BATERAI LAPTOP ASUS X441,"","",1.0,PCS,260000.0,0.00 %,"",0.0,260000.0,260000.0,0.0,"",0.0,0.0,"","","","",0.0,0.0
21/09/2023,Faktur Pembelian,09202366774,AGUS (DORAN),Lunas,"",4400000.0,4400000.0,21/10/2023,4400000.0,0.0,0.0,"",SURABAYA,"","","","",RIBBON CATRIDGE EPSON LX310,"","",100.0,PCS,44000.0,0.00 %,"",0.0,4400000.0,4400000.0,0.0,"",0.0,0.0,"","","","",0.0,0.0
21/09/2023,Faktur Pembelian,09202366779,AGUS (DORAN),Lunas,"",5798000.0,5798000.0,21/10/2023,5798000.0,0.0,0.0,"",SURABAYA,"","","","",RIBBON CATRIDGE EPSON PLQ 20,"","",30.0,PCS,160000.0,0.00 %,"",0.0,4800000.0,4800000.0,0.0,"",0.0,0.0,"","","","",0.0,0.0
21/09/2023,Faktur Pembelian,09202366779,AGUS (DORAN),Lunas,"",5798000.0,5798000.0,21/10/2023,5798000.0,0.0,0.0,"",SURABAYA,"","","","",TPLINK SWITCH 24 PORT TL-SF1024M 10/100MBPS DESKTOP VES2.0 ( HUB LAN 24 PORT ),"","",2.0,UNIT,499000.0,0.00 %,"",0.0,998000.0,998000.0,0.0,"",0.0,0.0,"","","","",0.0,0.0
21/09/2023,Faktur Pembelian,00648368_036,PRIYO (K GALAXY),Lunas,"",40375000.0,40375000.0,21/10/2023,40375000.0,0.0,0.0,"","","","","","",UPS PROLINK 2000VA PRO2000SFCU super fast charging,"","",17.0,UNIT,2375000.0,0.00 %,"",0.0,40375000.0,40375000.0,0.0,"",0.0,0.0,"","","","",0.0,0.0
22/09/2023,Faktur Pembelian,14860,FIKTIF BELI,Lunas,"",1100000.0,0.0,22/10/2023,1100000.0,0.0,1100000.0,"","","","","","",ISOLUTION X105 (ABSEN SIDIK JARI),"","",1.0,PCS,1100000.0,0.00 %,"",0.0,1100000.0,1100000.0,0.0,"",0.0,0.0,"","","","",0.0,0.0
22/09/2023,Faktur Pembelian,14866,DYNAMICS MATARAM,Lunas,"",13200000.0,13200000.0,06/10/2023,13200000.0,0.0,0.0,"","","","","","",PRINTER EPSON L3210,"","",6.0,UNIT,2200000.0,0.00 %,"",0.0,13200000.0,13200000.0,0.0,"",0.0,0.0,"","","","",0.0,0.0
22/09/2023,Faktur Pembelian,JL.2309.08268,CANDRA (BLESSING),Lunas,"",21145000.0,21145000.0,06/10/2023,21145000.0,0.0,0.0,"","","","",RAHMAT,"","ACER 5 A514 - 55G i5-1235U 8GB 512GB SSD MX 550 2GB 14""","","",1.0,UNIT,9245000.0,0.00 %,"",0.0,9245000.0,9245000.0,0.0,"",0.0,0.0,"","","","",0.0,0.0
22/09/2023,Faktur Pembelian,JL.2309.08268,CANDRA (BLESSING),Lunas,"",21145000.0,21145000.0,06/10/2023,21145000.0,0.0,0.0,"","","","",RAHMAT,"",AXIOO 14F INTEL N4020 6GB 256GB SSD FHD #,"","",5.0,UNIT,2380000.0,0.00 %,"",0.0,11900000.0,11900000.0,0.0,"",0.0,0.0,"","","","",0.0,0.0
22/09/2023,Faktur Pembelian,001631,LILI (PLATINUM),Lunas,"",820000.0,820000.0,22/10/2023,820000.0,0.0,0.0,"","","","","","",KEYBOARD LENOVO G40-70,"","",3.0,PCS,75000.0,0.00 %,"",0.0,225000.0,225000.0,0.0,"",0.0,0.0,"","","","",0.0,0.0
22/09/2023,Faktur Pembelian,001631,LILI (PLATINUM),Lunas,"",820000.0,820000.0,22/10/2023,820000.0,0.0,0.0,"","","","","","",KEYBOARD LAPTOP LENOVO 330 ON OFF,"","",2.0,PCS,85000.0,0.00 %,"",0.0,170000.0,170000.0,0.0,"",0.0,0.0,"","","","",0.0,0.0
22/09/2023,Faktur Pembelian,001631,LILI (PLATINUM),Lunas,"",820000.0,820000.0,22/10/2023,820000.0,0.0,0.0,"","","","","","",KEYBOARD LAPTOP HP 14S,"","",5.0,PCS,85000.0,0.00 %,"",0.0,425000.0,425000.0,0.0,"",0.0,0.0,"","","","",0.0,0.0
22/09/2023,Faktur Pembelian,092023366417,AGUS (DORAN),Lunas,"",19850000.0,19850000.0,22/10/2023,19850000.0,0.0,0.0,"",SURABAYA,"","","","",MOUSE LOGITECH WIRELESS M170,"","",100.0,PCS,105000.0,0.00 %,"",0.0,10500000.0,10500000.0,0.0,"",0.0,0.0,"","","","",0.0,0.0
22/09/2023,Faktur Pembelian,092023366417,AGUS (DORAN),Lunas,"",19850000.0,19850000.0,22/10/2023,19850000.0,0.0,0.0,"",SURABAYA,"","","","",MOUSE LOGITECH M90,"","",100.0,PCS,44500.0,0.00 %,"",0.0,4450000.0,4450000.0,0.0,"",0.0,0.0,"","","","",0.0,0.0
22/09/2023,Faktur Pembelian,092023366417,AGUS (DORAN),Lunas,"",19850000.0,19850000.0,22/10/2023,19850000.0,0.0,0.0,"",SURABAYA,"","","","",KEYBOARD LOGITECH K120,"","",50.0,PCS,98000.0,0.00 %,"",0.0,4900000.0,4900000.0,0.0,"",0.0,0.0,"","","","",0.0,0.0
22/09/2023,Faktur Pembelian,AGS01-NC23091571,AGRES IT,Lunas,"",19250000.0,19250000.0,06/10/2023,19250000.0,0.0,0.0,"","","","","","",LENOVO IDEAPAD 1 14IGL7 N4020 8GB SSD 256GB #,"","",5.0,UNIT,3850000.0,0.00 %,"",0.0,19250000.0,19250000.0,0.0,"",0.0,0.0,"","","","",0.0,0.0
23/09/2023,Faktur Pembelian,14861,FIKTIF BELI,Lunas,"",300000.0,0.0,23/10/2023,300000.0,0.0,300000.0,"","","","","","",SODIMM DDR4 COPOTAN,"","",1.0,PCS,300000.0,0.00 %,"",0.0,300000.0,300000.0,0.0,"",0.0,0.0,"","","","",0.0,0.0
23/09/2023,Faktur Pembelian,14862,FIKTIF BELI,Lunas,"",300000.0,0.0,23/10/2023,300000.0,0.0,300000.0,"","","","","","",SODIMM DDR4 COPOTAN,"","",1.0,PCS,300000.0,0.00 %,"",0.0,300000.0,300000.0,0.0,"",0.0,0.0,"","","","",0.0,0.0
23/09/2023,Faktur Pembelian,14863,FIKTIF BELI,Lunas,"",300000.0,0.0,23/10/2023,300000.0,0.0,300000.0,"","","","","","",SODIMM DDR4 COPOTAN,"","",1.0,PCS,300000.0,0.00 %,"",0.0,300000.0,300000.0,0.0,"",0.0,0.0,"","","","",0.0,0.0
23/09/2023,Faktur Pembelian,14864,FIKTIF BELI,Lunas,"",300000.0,0.0,23/10/2023,300000.0,0.0,300000.0,"","","","","","",SODIMM DDR4 COPOTAN,"","",1.0,PCS,300000.0,0.00 %,"",0.0,300000.0,300000.0,0.0,"",0.0,0.0,"","","","",0.0,0.0
23/09/2023,Faktur Pembelian,14865,FIKTIF BELI,Lunas,"",37080000.0,0.0,23/10/2023,37080000.0,0.0,37080000.0,"","","","","","",ASUS A416MAO INTEL N4020 4GB 256GB SSD #,"","",9.0,UNIT,4120000.0,0.00 %,"",0.0,37080000.0,37080000.0,0.0,"",0.0,0.0,"","","","",0.0,0.0
23/09/2023,Faktur Pembelian,14867,FIKTIF BELI,Lunas,"",300000.0,0.0,23/10/2023,300000.0,0.0,300000.0,"","","","","","",SODIMM DDR4 COPOTAN,"","",1.0,PCS,300000.0,0.00 %,"",0.0,300000.0,300000.0,0.0,"",0.0,0.0,"","","","",0.0,0.0
23/09/2023,Faktur Pembelian,14868,HARAPAN BARU,Lunas,"",3850000.0,0.0,23/10/2023,3850000.0,0.0,3850000.0,"","","","","","","TV LG 43"" SMART","","",1.0,UNIT,3850000.0,0.00 %,"",0.0,3850000.0,3850000.0,0.0,"",0.0,0.0,"","","","",0.0,0.0
23/09/2023,Faktur Pembelian,D/23/01088/NTB,PT SAMAMAJU PRIMA NTB,Lunas,"",4787952.0,4787952.0,23/10/2023,4787952.0,0.0,0.0,"","","","",RAHMAT,"",SIDU F4 WARNA BIRU,"","",25.0,PCS,63839.36,0.00 %,"",0.0,1595984.0,1595984.0,0.0,"",0.0,0.0,"","","","",0.0,0.0
23/09/2023,Faktur Pembelian,D/23/01088/NTB,PT SAMAMAJU PRIMA NTB,Lunas,"",4787952.0,4787952.0,23/10/2023,4787952.0,0.0,0.0,"","","","",RAHMAT,"",SIDU F4 WARNA KUNING,"","",50.0,PCS,63839.36,0.00 %,"",0.0,3191968.0,3191968.0,0.0,"",0.0,0.0,"","","","",0.0,0.0
23/09/2023,Faktur Pembelian,D/23/01087/NTB,PT SAMAMAJU PRIMA NTB,Lunas,"",45589955.0,45589955.0,23/10/2023,45589955.0,0.0,0.0,"","","","",RAHMAT,"",SIDU F4 70,"","",500.0,PCS,48507.83,0.00 %,"",0.0,24253915.0,24253915.0,0.0,"",0.0,0.0,"","","","",0.0,0.0
23/09/2023,Faktur Pembelian,D/23/01087/NTB,PT SAMAMAJU PRIMA NTB,Lunas,"",45589955.0,45589955.0,23/10/2023,45589955.0,0.0,0.0,"","","","",RAHMAT,"",SIDU A4 70,"","",500.0,PCS,42672.08,0.00 %,"",0.0,21336040.0,21336040.0,0.0,"",0.0,0.0,"","","","",0.0,0.0
25/09/2023,Faktur Pembelian,JL.2309.08948,CANDRA (BLESSING),Lunas,"",6945000.0,6945000.0,09/10/2023,6945000.0,0.0,0.0,"","","","",RAHMAT,"",MODEM ORBIT PRO HKM281,"","",1.0,UNIT,1045000.0,0.00 %,"",0.0,1045000.0,1045000.0,0.0,"",0.0,0.0,"","","","",0.0,0.0
25/09/2023,Faktur Pembelian,JL.2309.08948,CANDRA (BLESSING),Lunas,"",6945000.0,6945000.0,09/10/2023,6945000.0,0.0,0.0,"","","","",RAHMAT,"",ACER A314 23M AMD RYZEN 3 7320U 8GB 512GB SSD WIN 11,"","",1.0,UNIT,5900000.0,0.00 %,"",0.0,5900000.0,5900000.0,0.0,"",0.0,0.0,"","","","",0.0,0.0
25/09/2023,Faktur Pembelian,JL.2309.09010,CANDRA (BLESSING),Lunas,"",16230000.0,16230000.0,09/10/2023,16230000.0,0.0,0.0,"","","","",RAHMAT,"","SSD LEXAR 512GB LNS100-512RB VALUE 2,5 SATA","","",2.0,PCS,435000.0,0.00 %,"",0.0,870000.0,870000.0,0.0,"",0.0,0.0,"","","","",0.0,0.0
25/09/2023,Faktur Pembelian,JL.2309.09010,CANDRA (BLESSING),Lunas,"",16230000.0,16230000.0,09/10/2023,16230000.0,0.0,0.0,"","","","",RAHMAT,"","AXIOO 14F N4020/4GB/256GB SSD/13.3""","","",3.0,UNIT,2280000.0,0.00 %,"",0.0,6840000.0,6840000.0,0.0,"",0.0,0.0,"","","","",0.0,0.0
25/09/2023,Faktur Pembelian,JL.2309.09010,CANDRA (BLESSING),Lunas,"",16230000.0,16230000.0,09/10/2023,16230000.0,0.0,0.0,"","","","",RAHMAT,"",SSD GIGABYTE 1TB SATA,"","",1.0,PCS,580000.0,0.00 %,"",0.0,580000.0,580000.0,0.0,"",0.0,0.0,"","","","",0.0,0.0
25/09/2023,Faktur Pembelian,JL.2309.09010,CANDRA (BLESSING),Lunas,"",16230000.0,16230000.0,09/10/2023,16230000.0,0.0,0.0,"","","","",RAHMAT,"",AXIOO HYPE 3 INTEL Ci3-1005G1 8GB 256GB SSD WIN 11,"","",2.0,UNIT,3970000.0,0.00 %,"",0.0,7940000.0,7940000.0,0.0,"",0.0,0.0,"","","","",0.0,0.0
25/09/2023,Faktur Pembelian,14870,ONLINE,Lunas,"",2800000.0,0.0,25/10/2023,2800000.0,0.0,2800000.0,"","","","","","",POMPA PURGE EPSON L3110 L3210 L3250,"","",14.0,PCS,200000.0,0.00 %,"",0.0,2800000.0,2800000.0,0.0,"",0.0,0.0,"","","","",0.0,0.0
25/09/2023,Faktur Pembelian,14871,DYNAMICS MATARAM,Lunas,"",10925000.0,10925000.0,09/10/2023,10925000.0,0.0,0.0,"","","","","","",ASUS TP3304GA OLED 321 I3 N300 8GB 256GB SSD WIN 11,"","",1.0,UNIT,10925000.0,0.00 %,"",0.0,10925000.0,10925000.0,0.0,"",0.0,0.0,"","","","",0.0,0.0
25/09/2023,Faktur Pembelian,14872,ONLINE,Lunas,"",2198000.0,0.0,25/10/2023,2198000.0,0.0,2198000.0,"","","","","","",ISOLUTION X105 (ABSEN SIDIK JARI),"","",2.0,PCS,1099000.0,0.00 %,"",0.0,2198000.0,2198000.0,0.0,"",0.0,0.0,"","","","",0.0,0.0
25/09/2023,Faktur Pembelian,14873,FIKTIF BELI,Lunas,"",1599999.999895,0.0,25/10/2023,1599999.999895,0.0,1599999.999895,"","","","","","",KABEL LAN BELDEN / COMSCAPE CAT 5 PERMETER,"","",305.0,METER,5245.901639,0.00 %,"",0.0,1599999.999895,1599999.999895,0.0,"",0.0,0.0,"","","","",0.0,0.0
25/09/2023,Faktur Pembelian,14874,FIKTIF BELI,Lunas,"",185000.0,0.0,25/10/2023,185000.0,0.0,185000.0,"","","","","","",TINTA CANON ORI 790 BLACK NON PACK,"","",1.0,PCS,74000.0,0.00 %,"",0.0,74000.0,74000.0,0.0,"",0.0,0.0,"","","","",0.0,0.0
25/09/2023,Faktur Pembelian,14874,FIKTIF BELI,Lunas,"",185000.0,0.0,25/10/2023,185000.0,0.0,185000.0,"","","","","","",TINTA CANON ORI 790 CYAN NON PACK,"","",1.0,PCS,37000.0,0.00 %,"",0.0,37000.0,37000.0,0.0,"",0.0,0.0,"","","","",0.0,0.0
25/09/2023,Faktur Pembelian,14874,FIKTIF BELI,Lunas,"",185000.0,0.0,25/10/2023,185000.0,0.0,185000.0,"","","","","","",TINTA CANON ORI 790 YELLOW NON PACK,"","",1.0,PCS,37000.0,0.00 %,"",0.0,37000.0,37000.0,0.0,"",0.0,0.0,"","","","",0.0,0.0
25/09/2023,Faktur Pembelian,14874,FIKTIF BELI,Lunas,"",185000.0,0.0,25/10/2023,185000.0,0.0,185000.0,"","","","","","",TINTA CANON ORI 790 MAGENTA NON PACK,"","",1.0,PCS,37000.0,0.00 %,"",0.0,37000.0,37000.0,0.0,"",0.0,0.0,"","","","",0.0,0.0
25/09/2023,Faktur Pembelian,14875,FIKTIF BELI,Lunas,"",14250000.0,0.0,25/10/2023,14250000.0,0.0,14250000.0,"","","","","","",ACER A314 35 N5100 8GB SSD 256GB,"","",3.0,UNIT,4750000.0,0.00 %,"",0.0,14250000.0,14250000.0,0.0,"",0.0,0.0,"","","","",0.0,0.0
25/09/2023,Faktur Pembelian,14876,FIKTIF BELI,Lunas,"",395000.0,0.0,25/10/2023,395000.0,0.0,395000.0,"","","","","","","LCD LAPTOP 11,6 30 PIN (ASUS E202)","","",1.0,PCS,395000.0,0.00 %,"",0.0,395000.0,395000.0,0.0,"",0.0,0.0,"","","","",0.0,0.0
25/09/2023,Faktur Pembelian,fk 4365,BETA COM,Lunas,"",6910000.0,6910000.0,09/10/2023,6910000.0,0.0,0.0,"","","","","","",PRINTER CANON IX 6770,"","",2.0,UNIT,3455000.0,0.00 %,"",0.0,6910000.0,6910000.0,0.0,"",0.0,0.0,"","","","",0.0,0.0
25/09/2023,Faktur Pembelian,AGS01-PC23093786,AGRES IT,Lunas,"",9875000.0,9875000.0,09/10/2023,9875000.0,0.0,0.0,"","","","","","",AXIOO MYBOOK 14E INTEL N4000 4GB SSD 256GB #,"","",5.0,UNIT,1975000.0,0.00 %,"",0.0,9875000.0,9875000.0,0.0,"",0.0,0.0,"","","","",0.0,0.0
25/09/2023,Faktur Pembelian,ONLINE SBY / INV/2023/133726,WULAN (DISCOUNT NOTEBOOK),Lunas,"",660000.0,660000.0,25/10/2023,660000.0,0.0,0.0,"","","JL. SOEKARNO HATTA RT. 012  RW. 004 PANE, RASANAE BARAT","","","",LCD LAPTOP 13.3,"","",1.0,PCS,325000.0,0.00 %,"",0.0,325000.0,325000.0,0.0,"",10000.0,0.0,"","","","",0.0,0.0
25/09/2023,Faktur Pembelian,ONLINE SBY / INV/2023/133726,WULAN (DISCOUNT NOTEBOOK),Lunas,"",660000.0,660000.0,25/10/2023,660000.0,0.0,0.0,"","","JL. SOEKARNO HATTA RT. 012  RW. 004 PANE, RASANAE BARAT","","","",KEYBOARD ACER Z1401,"","",5.0,PCS,65000.0,0.00 %,"",0.0,325000.0,325000.0,0.0,"",10000.0,0.0,"","","","",0.0,0.0
25/09/2023,Faktur Pembelian,ONLINE SBY /INV/2023/133610,WULAN (DISCOUNT NOTEBOOK),Lunas,"",115000.0,115000.0,25/10/2023,115000.0,0.0,0.0,"","","","","","",KEYBOARD ASUS X540 BLACK,"","",2.0,PCS,57500.0,0.00 %,"",0.0,115000.0,115000.0,0.0,"",0.0,0.0,"","","","",0.0,0.0
25/09/2023,Faktur Pembelian,AGS01-PC23093785,AGRES IT,Lunas,"",8500000.0,8500000.0,09/10/2023,8500000.0,0.0,0.0,"","","","","","",ACER A514 - 56P I5-1335U 8GB 512GB SSD WIN 11,"","",1.0,UNIT,8500000.0,0.00 %,"",0.0,8500000.0,8500000.0,0.0,"",0.0,0.0,"","","","",0.0,0.0
26/09/2023,Faktur Pembelian,14877,ONLINE,Lunas,"",2600000.0,0.0,26/10/2023,2600000.0,0.0,2600000.0,"","","","","","",POMPA PURGE EPSON L3110 L3210 L3250,"","",13.0,PCS,200000.0,0.00 %,"",0.0,2600000.0,2600000.0,0.0,"",0.0,0.0,"","","","",0.0,0.0
26/09/2023,Faktur Pembelian,14878,FIKTIF BELI,Lunas,"",699999.999935,0.0,26/10/2023,699999.999935,0.0,699999.999935,"","","","","","",KABEL CCTV PERMETER,"","",305.0,METER,2295.081967,0.00 %,"",0.0,699999.999935,699999.999935,0.0,"",0.0,0.0,"","","","",0.0,0.0
26/09/2023,Faktur Pembelian,PJL-23-09-00621,PT. Surya Makmur Kreasindo (HJ),Lunas,"",21400000.000001,21400000.000001,10/10/2023,19279279.27928,2120720.720721,0.0,"",SURABAYA,"","",CV TIGA NUSA,"",* PRINTER EPSON L3210,"","",10.0,UNIT,1927927.927928,0.00 %,11.0,2120720.720720799999978792792792792,19279279.27928,19279279.27928,0.0,"",0.0,0.0,PT. Surya Makmur Kreasindo,"",081515111951,"",0.0,0.0
26/09/2023,Faktur Pembelian,JL.2309.09637,CANDRA (BLESSING),Lunas,"",3575000.0,3575000.0,10/10/2023,3575000.0,0.0,0.0,"","","","",RAHMAT,"",HDD PC WD PURPLE 1 TB,"","",5.0,PCS,715000.0,0.00 %,"",0.0,3575000.0,3575000.0,0.0,"",0.0,0.0,"","","","",0.0,0.0
26/09/2023,Faktur Pembelian,JL.2309.09626,CANDRA (BLESSING),Lunas,"",10150000.0,10150000.0,10/10/2023,10150000.0,0.0,0.0,"","","","",RAHMAT,"","AXIOO 11G N4000/4GB/256GB SSD/11,6""","","",5.0,UNIT,2030000.0,0.00 %,"",0.0,10150000.0,10150000.0,0.0,"",0.0,0.0,"","","","",0.0,0.0
26/09/2023,Faktur Pembelian,JL5523091310,YULI (HP CENTRE),Lunas,"",38750000.0,38750000.0,26/10/2023,38750000.0,0.0,0.0,"","","","",RAHMAT,"",LENOVO IDEAPAD 1 14IGL7 N4020 8GB SSD 256GB #,"","",10.0,UNIT,3875000.0,0.00 %,"",0.0,38750000.0,38750000.0,0.0,"",0.0,0.0,"","","","",0.0,0.0
26/09/2023,Faktur Pembelian,2309857,CV. BALI IT SOLUSI (ENY),Lunas,"",2800000.0,2800000.0,10/10/2023,2800000.0,0.0,0.0,"","","","","","",KABEL CCTV DAHUA RG 59 + POWER,"","",4.0,DUS,700000.0,0.00 %,"",0.0,2800000.0,2800000.0,0.0,"",0.0,0.0,"","","","",0.0,0.0
26/09/2023,Faktur Pembelian,2304428,WAHANA,Lunas,"",19265000.0,19265000.0,26/10/2023,19265000.0,0.0,0.0,"","","","","","",CCTV CAM DAHUA HAC B1A21 IR BULLET (OUTDOOR),"","",30.0,PCS,163000.0,0.00 %,"",0.0,4890000.0,4890000.0,0.0,"",0.0,0.0,"","","","",0.0,0.0
26/09/2023,Faktur Pembelian,2304428,WAHANA,Lunas,"",19265000.0,19265000.0,26/10/2023,19265000.0,0.0,0.0,"","","","","","",CCTV DVR DAHUA XVR1B16H 16CH,"","",1.0,PCS,1200000.0,0.00 %,"",0.0,1200000.0,1200000.0,0.0,"",0.0,0.0,"","","","",0.0,0.0
26/09/2023,Faktur Pembelian,2304428,WAHANA,Lunas,"",19265000.0,19265000.0,26/10/2023,19265000.0,0.0,0.0,"","","","","","",CCTV DVR DAHUA 8CH XVR1B08-1 (MH),"","",10.0,UNIT,620000.0,0.00 %,"",0.0,6200000.0,6200000.0,0.0,"",0.0,0.0,"","","","",0.0,0.0
26/09/2023,Faktur Pembelian,2304428,WAHANA,Lunas,"",19265000.0,19265000.0,26/10/2023,19265000.0,0.0,0.0,"","","","","","",CCTV DVR DAHUA DH-XVR1B04-I 4CH,"","",15.0,UNIT,465000.0,0.00 %,"",0.0,6975000.0,6975000.0,0.0,"",0.0,0.0,"","","","",0.0,0.0
26/09/2023,Faktur Pembelian,SBY01-NC23090601,AGRES IT,Lunas,"",34470000.0,34470000.0,10/10/2023,34470000.0,0.0,0.0,"","","","","","",ACER 3 A314 36M Ci3-N305 8GB 512GB SSD WIN 11,"","",6.0,UNIT,5745000.0,0.00 %,"",0.0,34470000.0,34470000.0,0.0,"",0.0,0.0,"","","","",0.0,0.0
26/09/2023,Faktur Pembelian,JL5523091363,YULI (HP CENTRE),Lunas,"",22250000.0,22250000.0,26/10/2023,22250000.0,0.0,0.0,"","","","",RAHMAT,"",HP 14S INTEL N4500  8GB 256GB SSD #,"","",5.0,UNIT,4450000.0,0.00 %,"",0.0,22250000.0,22250000.0,0.0,"",0.0,0.0,"","","","",0.0,0.0
26/09/2023,Faktur Pembelian,309-895,DEDY CV SAS,Lunas,"",13710000.0,13710000.0,10/10/2023,13710000.0,0.0,0.0,"","","","","","",TINTA EPSON 003 CYAN,"","",60.0,PCS,75500.0,0.00 %,"",0.0,4530000.0,4530000.0,0.0,"",0.0,0.0,"","","","",0.0,0.0
26/09/2023,Faktur Pembelian,309-895,DEDY CV SAS,Lunas,"",13710000.0,13710000.0,10/10/2023,13710000.0,0.0,0.0,"","","","","","",TINTA EPSON 003 YELLOW,"","",60.0,PCS,75500.0,0.00 %,"",0.0,4530000.0,4530000.0,0.0,"",0.0,0.0,"","","","",0.0,0.0
26/09/2023,Faktur Pembelian,309-895,DEDY CV SAS,Lunas,"",13710000.0,13710000.0,10/10/2023,13710000.0,0.0,0.0,"","","","","","",TINTA EPSON 664 BLACK,"","",60.0,PCS,77500.0,0.00 %,"",0.0,4650000.0,4650000.0,0.0,"",0.0,0.0,"","","","",0.0,0.0
26/09/2023,Faktur Pembelian,FK 4375,BETA COM,Lunas,"",26496000.0,26496000.0,10/10/2023,26496000.0,0.0,0.0,"","","","","","",CATRIDGE CANON 810 BLACK,"","",96.0,PCS,201000.0,0.00 %,"",0.0,19296000.0,19296000.0,0.0,"",0.0,0.0,"","","","",0.0,0.0
26/09/2023,Faktur Pembelian,FK 4375,BETA COM,Lunas,"",26496000.0,26496000.0,10/10/2023,26496000.0,0.0,0.0,"","","","","","",PRINTER CANON G1730,"","",5.0,UNIT,1440000.0,0.00 %,"",0.0,7200000.0,7200000.0,0.0,"",0.0,0.0,"","","","",0.0,0.0
26/09/2023,Faktur Pembelian,00648672_036,PRIYO (K GALAXY),Lunas,"",6540000.0,6540000.0,26/10/2023,6540000.0,0.0,0.0,"","","","","","",UPS PROLINK PRO 700 (650 VA),"","",12.0,PCS,545000.0,0.00 %,"",0.0,6540000.0,6540000.0,0.0,"",0.0,0.0,"","","","",0.0,0.0
26/09/2023,Faktur Pembelian,AGS01-NC23091853,AGRES IT,Lunas,"",22250000.0,22250000.0,10/10/2023,22250000.0,0.0,0.0,"","","","","","",HP 14S INTEL N4500  8GB 256GB SSD #,"","",5.0,UNIT,4450000.0,0.00 %,"",0.0,22250000.0,22250000.0,0.0,"",0.0,0.0,"","","","",0.0,0.0
27/09/2023,Faktur Pembelian,JL.2309.09949,CANDRA (BLESSING),Lunas,"",22210000.0,22210000.0,11/10/2023,22210000.0,0.0,0.0,"","","","",AGUS,"",AIO ASUS V222GAK INTEL J4025 4GB 256GB SSD #,"","",1.0,UNIT,4990000.0,0.00 %,"",0.0,4990000.0,4990000.0,0.0,"",0.0,0.0,"","","","",0.0,0.0
27/09/2023,Faktur Pembelian,JL.2309.09949,CANDRA (BLESSING),Lunas,"",22210000.0,22210000.0,11/10/2023,22210000.0,0.0,0.0,"","","","",AGUS,"",AIO LENOVO IDEACENTRE 3 AMD 3020E 8GB 256GB SSD WIN 11,"","",3.0,UNIT,5740000.0,0.00 %,"",0.0,17220000.0,17220000.0,0.0,"",0.0,0.0,"","","","",0.0,0.0
27/09/2023,Faktur Pembelian,14881,FIKTIF BELI,Lunas,"",699999.999935,0.0,27/10/2023,699999.999935,0.0,699999.999935,"","","","","","",KABEL CCTV PERMETER,"","",305.0,METER,2295.081967,0.00 %,"",0.0,699999.999935,699999.999935,0.0,"",0.0,0.0,"","","","",0.0,0.0
27/09/2023,Faktur Pembelian,PJL-23-09-00637,PT. Surya Makmur Kreasindo (HJ),Lunas,"",33019999.999999,33019999.999999,11/10/2023,29747747.747747,3272252.252252,0.0,"",SURABAYA,"","",CV TIGA NUSA,"",* PRINTER EPSON L121,"","",5.0,UNIT,1387387.387387,0.00 %,11.0,763063.0630628499999923693693693715,6936936.936935,6936936.936935,0.0,"",0.0,0.0,PT. Surya Makmur Kreasindo,"",081515111951,"",0.0,0.0
27/09/2023,Faktur Pembelian,PJL-23-09-00637,PT. Surya Makmur Kreasindo (HJ),Lunas,"",33019999.999999,33019999.999999,11/10/2023,29747747.747747,3272252.252252,0.0,"",SURABAYA,"","",CV TIGA NUSA,"",* PRINTER EPSON L3210,"","",10.0,UNIT,1927927.927928,0.00 %,11.0,2120720.720720799999978792792792792,19279279.27928,19279279.27928,0.0,"",0.0,0.0,PT. Surya Makmur Kreasindo,"",081515111951,"",0.0,0.0
27/09/2023,Faktur Pembelian,PJL-23-09-00637,PT. Surya Makmur Kreasindo (HJ),Lunas,"",33019999.999999,33019999.999999,11/10/2023,29747747.747747,3272252.252252,0.0,"",SURABAYA,"","",CV TIGA NUSA,"",* PRINTER EPSON L1210,"","",2.0,UNIT,1765765.765766,0.00 %,11.0,388468.4684685199999961153153153148,3531531.531532,3531531.531532,0.0,"",0.0,0.0,PT. Surya Makmur Kreasindo,"",081515111951,"",0.0,0.0
27/09/2023,Faktur Pembelian,ONLINE SBY / INV/2023/135293,WULAN (DISCOUNT NOTEBOOK),Lunas,"",720000.0,720000.0,27/10/2023,720000.0,0.0,0.0,"","","JL. SOEKARNO HATTA RT. 012  RW. 004 PANE, RASANAE BARAT","","","",KEYBOARD ACER 4736,"","",10.0,PCS,55000.0,0.00 %,"",0.0,550000.0,550000.0,0.0,"",5000.0,0.0,"","","","",0.0,0.0
27/09/2023,Faktur Pembelian,ONLINE SBY / INV/2023/135293,WULAN (DISCOUNT NOTEBOOK),Lunas,"",720000.0,720000.0,27/10/2023,720000.0,0.0,0.0,"","","JL. SOEKARNO HATTA RT. 012  RW. 004 PANE, RASANAE BARAT","","","",Keyboard Laptop ACER E1 431,"","",3.0,PCS,55000.0,0.00 %,"",0.0,165000.0,165000.0,0.0,"",5000.0,0.0,"","","","",0.0,0.0
27/09/2023,Faktur Pembelian,14900,ANDRIANY MUSTIKA SARI (cencen),Lunas,"",11087500.0,11087500.0,27/10/2023,11087500.0,0.0,0.0,"","","","","","",STIKER CAMEL GLOSSY F4 CAST COAT,"","",100.0,PCS,58000.0,0.00 %,"",0.0,5800000.0,5800000.0,0.0,"",0.0,0.0,"","","","",0.0,0.0
27/09/2023,Faktur Pembelian,14900,ANDRIANY MUSTIKA SARI (cencen),Lunas,"",11087500.0,11087500.0,27/10/2023,11087500.0,0.0,0.0,"","","","","","",STIKER CAMEL GLOSSY A3 ISI 100,"","",45.0,PCS,117500.0,0.00 %,"",0.0,5287500.0,5287500.0,0.0,"",0.0,0.0,"","","","",0.0,0.0
27/09/2023,Faktur Pembelian,001633,LILI (PLATINUM),Lunas,"",5426000.0,5426000.0,27/10/2023,5426000.0,0.0,0.0,"","","","","","",CARD READER 1 SLOT,"","",49.0,PCS,4000.0,0.00 %,"",0.0,196000.0,196000.0,0.0,"",0.0,0.0,"","","","",0.0,0.0
27/09/2023,Faktur Pembelian,001633,LILI (PLATINUM),Lunas,"",5426000.0,5426000.0,27/10/2023,5426000.0,0.0,0.0,"","","","","","",CARD READER 4 SLOT PUTAR,"","",50.0,PCS,5500.0,0.00 %,"",0.0,275000.0,275000.0,0.0,"",0.0,0.0,"","","","",0.0,0.0
27/09/2023,Faktur Pembelian,001633,LILI (PLATINUM),Lunas,"",5426000.0,5426000.0,27/10/2023,5426000.0,0.0,0.0,"","","","","","",KABEL HDMI 25 METER,"","",5.0,PCS,150000.0,0.00 %,"",0.0,750000.0,750000.0,0.0,"",0.0,0.0,"","","","",0.0,0.0
27/09/2023,Faktur Pembelian,001633,LILI (PLATINUM),Lunas,"",5426000.0,5426000.0,27/10/2023,5426000.0,0.0,0.0,"","","","","","",SAMBUNGAN KABEL LAN,"","",100.0,PCS,2000.0,0.00 %,"",0.0,200000.0,200000.0,0.0,"",0.0,0.0,"","","","",0.0,0.0
27/09/2023,Faktur Pembelian,001633,LILI (PLATINUM),Lunas,"",5426000.0,5426000.0,27/10/2023,5426000.0,0.0,0.0,"","","","","","",KEYBOARD FLEXIBLE (KARET),"","",20.0,PCS,50000.0,0.00 %,"",0.0,1000000.0,1000000.0,0.0,"",0.0,0.0,"","","","",0.0,0.0
27/09/2023,Faktur Pembelian,001633,LILI (PLATINUM),Lunas,"",5426000.0,5426000.0,27/10/2023,5426000.0,0.0,0.0,"","","","","","",BATERAI LAPTOP ACER D260 AL10B31,"","",1.0,PCS,320000.0,0.00 %,"",0.0,320000.0,320000.0,0.0,"",0.0,0.0,"","","","",0.0,0.0
27/09/2023,Faktur Pembelian,001633,LILI (PLATINUM),Lunas,"",5426000.0,5426000.0,27/10/2023,5426000.0,0.0,0.0,"","","","","","",BATERAI ACER E5 471 (AL14A32),"","",2.0,PCS,310000.0,0.00 %,"",0.0,620000.0,620000.0,0.0,"",0.0,0.0,"","","","",0.0,0.0
27/09/2023,Faktur Pembelian,001633,LILI (PLATINUM),Lunas,"",5426000.0,5426000.0,27/10/2023,5426000.0,0.0,0.0,"","","","","","",BATERAI ACER AL12B32 SLIM,"","",2.0,PCS,320000.0,0.00 %,"",0.0,640000.0,640000.0,0.0,"",0.0,0.0,"","","","",0.0,0.0
27/09/2023,Faktur Pembelian,001633,LILI (PLATINUM),Lunas,"",5426000.0,5426000.0,27/10/2023,5426000.0,0.0,0.0,"","","","","","",KEYBOARD LAPTOP LENOVO 330 ON OFF,"","",3.0,PCS,85000.0,0.00 %,"",0.0,255000.0,255000.0,0.0,"",0.0,0.0,"","","","",0.0,0.0
27/09/2023,Faktur Pembelian,001633,LILI (PLATINUM),Lunas,"",5426000.0,5426000.0,27/10/2023,5426000.0,0.0,0.0,"","","","","","",SPEAKER BT J A005,"","",5.0,PCS,40000.0,0.00 %,"",0.0,200000.0,200000.0,0.0,"",0.0,0.0,"","","","",0.0,0.0
27/09/2023,Faktur Pembelian,001633,LILI (PLATINUM),Lunas,"",5426000.0,5426000.0,27/10/2023,5426000.0,0.0,0.0,"","","","","","",SPEAKER BT A006,"","",5.0,PCS,60000.0,0.00 %,"",0.0,300000.0,300000.0,0.0,"",0.0,0.0,"","","","",0.0,0.0
27/09/2023,Faktur Pembelian,001633,LILI (PLATINUM),Lunas,"",5426000.0,5426000.0,27/10/2023,5426000.0,0.0,0.0,"","","","","","",SPEAKER BT KCX M02,"","",4.0,PCS,55000.0,0.00 %,"",0.0,220000.0,220000.0,0.0,"",0.0,0.0,"","","","",0.0,0.0
27/09/2023,Faktur Pembelian,001633,LILI (PLATINUM),Lunas,"",5426000.0,5426000.0,27/10/2023,5426000.0,0.0,0.0,"","","","","","",KEYBOARD ACER A314 22 F2 WIFI,"","",3.0,PCS,150000.0,0.00 %,"",0.0,450000.0,450000.0,0.0,"",0.0,0.0,"","","","",0.0,0.0
27/09/2023,Faktur Pembelian,092023382852,AGUS (DORAN),Lunas,"",4244000.0,4244000.0,27/10/2023,4244000.0,0.0,0.0,"",SURABAYA,"","","","",TPLINK TL-SF1016D SWITCH 16 PORT (HUB LAN 16 PORT),"","",6.0,PCS,249000.0,0.00 %,"",0.0,1494000.0,1494000.0,0.0,"",0.0,0.0,"","","","",0.0,0.0
27/09/2023,Faktur Pembelian,092023382852,AGUS (DORAN),Lunas,"",4244000.0,4244000.0,27/10/2023,4244000.0,0.0,0.0,"",SURABAYA,"","","","",TPLINK TL WR844N,"","",20.0,UNIT,137500.0,0.00 %,"",0.0,2750000.0,2750000.0,0.0,"",0.0,0.0,"","","","",0.0,0.0
28/09/2023,Faktur Pembelian,14883,PT TERA DATA INDONUSA,Lunas,"",220000.0,0.0,28/10/2023,198198.198198,21801.801802,220000.0,"","","","",CV TIGA NUSA,"",* BATERAI AXIOO MYBOOK 11G,"","",1.0,PCS,198198.198198,0.00 %,11.0,21801.8018017799999997819819819822,198198.198198,198198.198198,0.0,"",0.0,0.0,"","","","",0.0,0.0
28/09/2023,Faktur Pembelian,14884,HARAPAN BARU,Lunas,"",2100000.0,0.0,28/10/2023,2100000.0,0.0,2100000.0,"","","","","","",SPEAKER ADVANCE K1812,"","",1.0,UNIT,2100000.0,0.00 %,"",0.0,2100000.0,2100000.0,0.0,"",0.0,0.0,"","","","",0.0,0.0
28/09/2023,Faktur Pembelian,14885,ONLINE,Lunas,"",1200000.0,0.0,28/10/2023,1200000.0,0.0,1200000.0,"","","","","","",DRUM KIT BROTHER L2540 DW,"","",6.0,UNIT,200000.0,0.00 %,"",0.0,1200000.0,1200000.0,0.0,"",0.0,0.0,"","","","",0.0,0.0
28/09/2023,Faktur Pembelian,14886,FIKTIF BELI,Lunas,"",400000.0,0.0,28/10/2023,400000.0,0.0,400000.0,"","","","","","",SPEAKER LAPTOP INTERNAL,"","",10.0,PCS,40000.0,0.00 %,"",0.0,400000.0,400000.0,0.0,"",0.0,0.0,"","","","",0.0,0.0
28/09/2023,Faktur Pembelian,14891,KEVIN TELKOMSEL,Lunas,"",1040000.0,0.0,28/10/2023,1040000.0,0.0,1040000.0,"","","","","","",MODEM ORBIT STAR N2,"","",2.0,UNIT,520000.0,0.00 %,"",0.0,1040000.0,1040000.0,0.0,"",0.0,0.0,"","","","",0.0,0.0
28/09/2023,Faktur Pembelian,AGS01-PC23094457,AGRES IT,Lunas,"",77400000.0,77400000.0,12/10/2023,77400000.0,0.0,0.0,"","","","","","",ASUS A416M N4020 8GB 256GB SSD #,"","",18.0,UNIT,4300000.0,0.00 %,"",0.0,77400000.0,77400000.0,0.0,"",0.0,0.0,"","","","",0.0,0.0
28/09/2023,Faktur Pembelian,AGS01-NC23092020,AGRES IT,Lunas,"",24400000.0,24400000.0,12/10/2023,24400000.0,0.0,0.0,"","","","","","",HP 14S INTEL N4500  8GB 256GB SSD #,"","",2.0,UNIT,4450000.0,0.00 %,"",0.0,8900000.0,8900000.0,0.0,"",0.0,0.0,"","","","",0.0,0.0
28/09/2023,Faktur Pembelian,AGS01-NC23092020,AGRES IT,Lunas,"",24400000.0,24400000.0,12/10/2023,24400000.0,0.0,0.0,"","","","","","",LENOVO IDEAPAD 1 14IGL7 N4020 8GB SSD 256GB #,"","",4.0,UNIT,3875000.0,0.00 %,"",0.0,15500000.0,15500000.0,0.0,"",0.0,0.0,"","","","",0.0,0.0
29/09/2023,Faktur Pembelian,JL.2309.10683,CANDRA (BLESSING),Lunas,"",22710000.0,22710000.0,13/10/2023,22710000.0,0.0,0.0,"","","","",RAHMAT,"",ASUS M1403QA-VIPS AMD Ryzen 5 5600H 8GB 512GB SSD W11 Home + OHS 2021 #,"","",1.0,UNIT,7810000.0,0.00 %,"",0.0,7810000.0,7810000.0,0.0,"",0.0,0.0,"","","","",0.0,0.0
29/09/2023,Faktur Pembelian,JL.2309.10683,CANDRA (BLESSING),Lunas,"",22710000.0,22710000.0,13/10/2023,22710000.0,0.0,0.0,"","","","",RAHMAT,"",HP 240 I3 - 1115G4 8GB 256GB WIN 11 #,"","",1.0,UNIT,5395000.0,0.00 %,"",0.0,5395000.0,5395000.0,0.0,"",0.0,0.0,"","","","",0.0,0.0
29/09/2023,Faktur Pembelian,JL.2309.10683,CANDRA (BLESSING),Lunas,"",22710000.0,22710000.0,13/10/2023,22710000.0,0.0,0.0,"","","","",RAHMAT,"",AIO HP 24 Ci5-1135G7 8GB 512GB SSD INTEL IRIS XE DVDRW WIN 11 #,"","",1.0,UNIT,9505000.0,0.00 %,"",0.0,9505000.0,9505000.0,0.0,"",0.0,0.0,"","","","",0.0,0.0
29/09/2023,Faktur Pembelian,PJL-23-09-00667,PT. Surya Makmur Kreasindo (HJ),Lunas,"",22124999.999996,22124999.999996,13/10/2023,19932432.432429,2192567.567567,0.0,"",SURABAYA,"","",CV TIGA NUSA,"",* PRINTER EPSON L121,"","",10.0,UNIT,1387387.387387,0.00 %,11.0,1526126.126125699999984738738738743,13873873.87387,13873873.87387,0.0,"",0.0,0.0,PT. Surya Makmur Kreasindo,"",081515111951,"",0.0,0.0
29/09/2023,Faktur Pembelian,PJL-23-09-00667,PT. Surya Makmur Kreasindo (HJ),Lunas,"",22124999.999996,22124999.999996,13/10/2023,19932432.432429,2192567.567567,0.0,"",SURABAYA,"","",CV TIGA NUSA,"",* PRINTER EPSON L5290,"","",1.0,UNIT,3536036.036036,0.00 %,11.0,388963.9639639599999961103603603604,3536036.036036,3536036.036036,0.0,"",0.0,0.0,PT. Surya Makmur Kreasindo,"",081515111951,"",0.0,0.0
29/09/2023,Faktur Pembelian,PJL-23-09-00667,PT. Surya Makmur Kreasindo (HJ),Lunas,"",22124999.999996,22124999.999996,13/10/2023,19932432.432429,2192567.567567,0.0,"",SURABAYA,"","",CV TIGA NUSA,"",* PRINTER EPSON L3250 WIFI PRINT SCAN COPY,"","",1.0,UNIT,2522522.522523,0.00 %,11.0,277477.4774775299999972252252252247,2522522.522523,2522522.522523,0.0,"",0.0,0.0,PT. Surya Makmur Kreasindo,"",081515111951,"",0.0,0.0
29/09/2023,Faktur Pembelian,JL.2309.10788,CANDRA (BLESSING),Lunas,"",2240000.0,2240000.0,13/10/2023,2240000.0,0.0,0.0,"","","","",AGUS,"","SSD LEXAR 512GB LNS100-512RB VALUE 2,5 SATA","","",2.0,PCS,435000.0,0.00 %,"",0.0,870000.0,870000.0,0.0,"",0.0,0.0,"","","","",0.0,0.0
29/09/2023,Faktur Pembelian,JL.2309.10788,CANDRA (BLESSING),Lunas,"",2240000.0,2240000.0,13/10/2023,2240000.0,0.0,0.0,"","","","",AGUS,"",SPEAKER ADVANCE BT CLS - 201BT 2.1 CHANNEL,"","",10.0,UNIT,137000.0,0.00 %,"",0.0,1370000.0,1370000.0,0.0,"",0.0,0.0,"","","","",0.0,0.0
29/09/2023,Faktur Pembelian,14894,FIKTIF BELI,Lunas,"",7500000.0,0.0,29/10/2023,7500000.0,0.0,7500000.0,"","","","","","",JASA PASANG CCTV LUAR KOTA,"","",50.0,JASA,150000.0,0.00 %,"",0.0,7500000.0,7500000.0,0.0,"",0.0,0.0,"","","","",0.0,0.0
29/09/2023,Faktur Pembelian,14901,PT TERA DATA INDONUSA,Lunas,"",639999.999999,639999.999999,29/10/2023,576576.576576,63423.423423,0.0,"","","","",CV TIGA NUSA,"",* BATERAI AXIOO MYBOOK 11G,"","",2.0,PCS,198198.198198,0.00 %,11.0,43603.6036035599999995639639639644,396396.396396,396396.396396,0.0,"",0.0,0.0,"","","","",0.0,0.0
29/09/2023,Faktur Pembelian,14901,PT TERA DATA INDONUSA,Lunas,"",639999.999999,639999.999999,29/10/2023,576576.576576,63423.423423,0.0,"","","","",CV TIGA NUSA,"",* KEYBOARD AXIOO 11G,"","",1.0,PCS,180180.18018,0.00 %,11.0,19819.819819799999999801801801802,180180.18018,180180.18018,0.0,"",0.0,0.0,"","","","",0.0,0.0
29/09/2023,Faktur Pembelian,ONLINE SBY /INV/2023/136354,WULAN (DISCOUNT NOTEBOOK),Lunas,"",1660000.0,1660000.0,29/10/2023,1660000.0,0.0,0.0,"","","","","","",LCD LAPTOP 14 TIPIS 30 PIN,"","",5.0,PCS,332000.0,0.00 %,"",0.0,1660000.0,1660000.0,0.0,"",0.0,0.0,"","","","",0.0,0.0
29/09/2023,Faktur Pembelian,SBY01-NC23090675,AGRES IT,Lunas,PP ASUS RYZEN 5,17800000.0,17800000.0,13/10/2023,17800000.0,0.0,0.0,"","","","","","",ASUS M1403QA-VIPS AMD Ryzen 5 5600H 8GB 512GB SSD W11 Home + OHS 2021 #,"","",1.0,UNIT,7300000.0,0.00 %,"",0.0,7300000.0,7300000.0,0.0,"",0.0,0.0,"","","","",0.0,0.0
29/09/2023,Faktur Pembelian,SBY01-NC23090675,AGRES IT,Lunas,PP ASUS RYZEN 5,17800000.0,17800000.0,13/10/2023,17800000.0,0.0,0.0,"","","","","","",ASUS TUF FX506HF Ci5 11400H 8GB 512GB SSD RTX2050 4GB #,"","",1.0,UNIT,10500000.0,0.00 %,"",0.0,10500000.0,10500000.0,0.0,"",0.0,0.0,"","","","",0.0,0.0
29/09/2023,Faktur Pembelian,FK 4401,BETA COM,Lunas,"",97300000.0,97300000.0,13/10/2023,97300000.0,0.0,0.0,"","","","","","",PRINTER CANON G2010,"","",40.0,UNIT,1780000.0,0.00 %,"",0.0,71200000.0,71200000.0,0.0,"",0.0,0.0,"","","","",0.0,0.0
29/09/2023,Faktur Pembelian,FK 4401,BETA COM,Lunas,"",97300000.0,97300000.0,13/10/2023,97300000.0,0.0,0.0,"","","","","","",PRINTER CANON G1010,"","",20.0,UNIT,1305000.0,0.00 %,"",0.0,26100000.0,26100000.0,0.0,"",0.0,0.0,"","","","",0.0,0.0
29/09/2023,Faktur Pembelian,JL0000028022,IP COM TOKO,Lunas,"",2442000.0,2442000.0,29/09/2023,2442000.0,0.0,0.0,"","","","","","",MOUSE WIRELESS DATAFAST,"","",74.0,PCS,33000.0,0.00 %,"",0.0,2442000.0,2442000.0,0.0,"",0.0,0.0,"","","","",0.0,0.0
30/09/2023,Faktur Pembelian,14895,TATIK (LEGENDA),Lunas,"",17880000.0,0.0,30/10/2023,17880000.0,0.0,17880000.0,"","","","","","",TINTA EPSON 003 YELLOW,"","",60.0,PCS,74500.0,0.00 %,"",0.0,4470000.0,4470000.0,0.0,"",0.0,0.0,"","","","",0.0,0.0
30/09/2023,Faktur Pembelian,14895,TATIK (LEGENDA),Lunas,"",17880000.0,0.0,30/10/2023,17880000.0,0.0,17880000.0,"","","","","","",TINTA EPSON 664 BLACK,"","",180.0,PCS,74500.0,0.00 %,"",0.0,13410000.0,13410000.0,0.0,"",0.0,0.0,"","","","",0.0,0.0
30/09/2023,Faktur Pembelian,14896,FIKTIF BELI,Lunas,"",120000.0,0.0,30/10/2023,120000.0,0.0,120000.0,"","","","","","",TINTA CANON ORI 790 BLACK NON PACK,"","",1.0,PCS,30000.0,0.00 %,"",0.0,30000.0,30000.0,0.0,"",0.0,0.0,"","","","",0.0,0.0
30/09/2023,Faktur Pembelian,14896,FIKTIF BELI,Lunas,"",120000.0,0.0,30/10/2023,120000.0,0.0,120000.0,"","","","","","",TINTA CANON ORI 790 CYAN NON PACK,"","",1.0,PCS,30000.0,0.00 %,"",0.0,30000.0,30000.0,0.0,"",0.0,0.0,"","","","",0.0,0.0
30/09/2023,Faktur Pembelian,14896,FIKTIF BELI,Lunas,"",120000.0,0.0,30/10/2023,120000.0,0.0,120000.0,"","","","","","",TINTA CANON ORI 790 YELLOW NON PACK,"","",1.0,PCS,30000.0,0.00 %,"",0.0,30000.0,30000.0,0.0,"",0.0,0.0,"","","","",0.0,0.0
30/09/2023,Faktur Pembelian,14896,FIKTIF BELI,Lunas,"",120000.0,0.0,30/10/2023,120000.0,0.0,120000.0,"","","","","","",TINTA CANON ORI 790 MAGENTA NON PACK,"","",1.0,PCS,30000.0,0.00 %,"",0.0,30000.0,30000.0,0.0,"",0.0,0.0,"","","","",0.0,0.0
30/09/2023,Faktur Pembelian,14897,FIKTIF BELI,Lunas,"",344000.0,0.0,30/10/2023,344000.0,0.0,344000.0,"","","","","","",SDHC 64GB CL 10 EXTREME SANDISK,"","",2.0,PCS,172000.0,0.00 %,"",0.0,344000.0,344000.0,0.0,"",0.0,0.0,"","","","",0.0,0.0
30/09/2023,Faktur Pembelian,2309982,CV. BALI IT SOLUSI (ENY),Lunas,"",14180000.0,14180000.0,14/10/2023,14180000.0,0.0,0.0,"","","","","","","AXIOO 14F N4020/4GB/256GB SSD/13.3""","","",1.0,UNIT,2280000.0,0.00 %,"",0.0,2280000.0,2280000.0,0.0,"",0.0,0.0,"","","","",0.0,0.0
30/09/2023,Faktur Pembelian,2309982,CV. BALI IT SOLUSI (ENY),Lunas,"",14180000.0,14180000.0,14/10/2023,14180000.0,0.0,0.0,"","","","","","",AXIOO 14F INTEL N4020 6GB 256GB SSD FHD #,"","",5.0,UNIT,2380000.0,0.00 %,"",0.0,11900000.0,11900000.0,0.0,"",0.0,0.0,"","","","",0.0,0.0
30/09/2023,Faktur Pembelian,001637,LILI (PLATINUM),Lunas,"",2850000.0,2850000.0,30/10/2023,2850000.0,0.0,0.0,"","","","","","",MOUSE BRANDED,"","",150.0,PCS,19000.0,0.00 %,"",0.0,2850000.0,2850000.0,0.0,"",0.0,0.0,"","","","",0.0,0.0
30/09/2023,Faktur Pembelian,001636,LILI (PLATINUM),Lunas,"",4645000.0,4645000.0,30/10/2023,4645000.0,0.0,0.0,"","","","","","",MOUSE BRANDED,"","",155.0,PCS,19000.0,0.00 %,"",0.0,2945000.0,2945000.0,0.0,"",0.0,0.0,"","","","",0.0,0.0
30/09/2023,Faktur Pembelian,001636,LILI (PLATINUM),Lunas,"",4645000.0,4645000.0,30/10/2023,4645000.0,0.0,0.0,"","","","","","",CONVERTER HDMI TO VGA (KABEL),"","",10.0,PCS,20000.0,0.00 %,"",0.0,200000.0,200000.0,0.0,"",0.0,0.0,"","","","",0.0,0.0
30/09/2023,Faktur Pembelian,001636,LILI (PLATINUM),Lunas,"",4645000.0,4645000.0,30/10/2023,4645000.0,0.0,0.0,"","","","","","",MOUSE WIRELESS BANDA,"","",50.0,PCS,30000.0,0.00 %,"",0.0,1500000.0,1500000.0,0.0,"",0.0,0.0,"","","","",0.0,0.0
30/09/2023,Faktur Pembelian,092023388487,AGUS (DORAN),Lunas,"",7271000.000004,7271000.000004,30/10/2023,7271000.000004,0.0,0.0,"",SURABAYA,"","","","",USB WIFI TPLINK TL WN725N NANO SIZE,"","",57.0,PCS,75000.0,0.00 %,"",0.0,4275000.0,4275000.0,0.0,"",0.0,0.0,"","","","",0.0,0.0
30/09/2023,Faktur Pembelian,092023388487,AGUS (DORAN),Lunas,"",7271000.000004,7271000.000004,30/10/2023,7271000.000004,0.0,0.0,"",SURABAYA,"","","","",KEYBOARD JETE KB 2 / KB 1,"","",44.0,PCS,68090.909091,0.00 %,"",0.0,2996000.000004,2996000.000004,0.0,"",0.0,0.0,"","","","",0.0,0.0
