Tanggal,Tipe Transaksi,Nomor Transaksi,Nama Panggilan,Status Hari Ini,Memo,Total,Sisa Tagihan,Tanggal Jatuh Tempo,Jumlah Kena Pajak,Total Pajak,Pembayaran,Email,Alamat Penagihan,Alamat Pengiriman,No Ref,Tag,Gudang,Nama Produk,Kode Produk,Deskripsi,Kuantitas,Satuan,Harga per Unit,Diskon Per Baris %,Tarif Pajak,Jumlah Pajak,Jumlah Kena Pajak per Baris,Jumlah Per Baris,Diskon,Pesan,Biaya Pengiriman,Jumlah Pemotongan,Nama Perusahaan,Nomor Pajak,Nomor Ponsel,Nomor Telepon,Sisa Tagihan Hari Ini,Diskon %
01/04/2023,Faktur Pembelian,PJL-23-04-00006,PT. Surya Makmur Kreasindo (HJ),Lunas,"",31350000.000001,1.0e-06,15/04/2023,28243243.243244,3106756.756757,31350000.0,"",SURABAYA,"","",CV TIGA NUSA,"",* PRINTER EPSON L121,"","",6.0,UNIT,1463963.963964,0.00 %,11.0,966216.2162162399999903378378378376,8783783.783784,8783783.783784,0.0,"",0.0,0.0,PT. Surya Makmur Kreasindo,"",081515111951,"",1.0e-06,0.0
01/04/2023,Faktur Pembelian,PJL-23-04-00006,PT. Surya Makmur Kreasindo (HJ),Lunas,"",31350000.000001,1.0e-06,15/04/2023,28243243.243244,3106756.756757,31350000.0,"",SURABAYA,"","",CV TIGA NUSA,"",* PRINTER EPSON L3210,"","",10.0,UNIT,1945945.945946,0.00 %,11.0,2140540.540540599999978594594594594,19459459.45946,19459459.45946,0.0,"",0.0,0.0,PT. Surya Makmur Kreasindo,"",081515111951,"",1.0e-06,0.0
01/04/2023,Faktur Pembelian,14188,GLOBAL FIBER OPTIC,Lunas,"",7500000.0,0.0,01/05/2023,7500000.0,0.0,7500000.0,"","","","","","",KABEL FIBER OPTIK GLOBAL 1KM 1000M CORE 3 SELING SPECIAL TYPE,"","",10.0,DUS,750000.0,0.00 %,"",0.0,7500000.0,7500000.0,0.0,"",0.0,0.0,"","","","",0.0,0.0
01/04/2023,Faktur Pembelian,14189,WAHANA,Lunas,"",2625000.0,0.0,01/05/2023,2625000.0,0.0,2625000.0,"","","","","","",DAHUA IP CAM DH-IPC-HFW1230S1-A-S5 OUTDOOR BD,"","",5.0,PCS,525000.0,0.00 %,"",0.0,2625000.0,2625000.0,0.0,"",0.0,0.0,"","","","",0.0,0.0
01/04/2023,Faktur Pembelian,14190,TATIK (LEGENDA),Lunas,"",4100000.0,0.0,01/05/2023,4100000.0,0.0,4100000.0,"","","","","","",RIBBON CATRIDGE EPSON LX310,"","",100.0,PCS,41000.0,0.00 %,"",0.0,4100000.0,4100000.0,0.0,"",0.0,0.0,"","","","",0.0,0.0
01/04/2023,Faktur Pembelian,JL.2304.00248,CANDRA (BLESSING),Lunas,"",16125000.0,0.0,15/04/2023,16125000.0,0.0,16125000.0,"","","","",ARIES,"",SODIMM TEAM ELITE DDR4 8GB @,"","",1.0,PCS,335000.0,0.00 %,"",0.0,335000.0,335000.0,0.0,"",0.0,0.0,"","","","",0.0,0.0
01/04/2023,Faktur Pembelian,JL.2304.00248,CANDRA (BLESSING),Lunas,"",16125000.0,0.0,15/04/2023,16125000.0,0.0,16125000.0,"","","","",ARIES,"",LED SAMSUNG LS22A336NHEXXD 22FHD VGA+HDMI,"","",1.0,UNIT,1290000.0,0.00 %,"",0.0,1290000.0,1290000.0,0.0,"",0.0,0.0,"","","","",0.0,0.0
01/04/2023,Faktur Pembelian,JL.2304.00248,CANDRA (BLESSING),Lunas,"",16125000.0,0.0,15/04/2023,16125000.0,0.0,16125000.0,"","","","",ARIES,"",ACER 5 A514 CI3-1115G4 8gb 512GB SSD MX 350 2GB WIN 11,"","",2.0,UNIT,6610000.0,0.00 %,"",0.0,13220000.0,13220000.0,0.0,"",0.0,0.0,"","","","",0.0,0.0
01/04/2023,Faktur Pembelian,JL.2304.00248,CANDRA (BLESSING),Lunas,"",16125000.0,0.0,15/04/2023,16125000.0,0.0,16125000.0,"","","","",ARIES,"",LED LG 22MK 400H-B 22 HDMI,"","",1.0,UNIT,1280000.0,0.00 %,"",0.0,1280000.0,1280000.0,0.0,"",0.0,0.0,"","","","",0.0,0.0
01/04/2023,Faktur Pembelian,14191,TATIK (LEGENDA),Lunas,"",17880000.0,0.0,01/05/2023,17880000.0,0.0,17880000.0,"","","","","","",TINTA EPSON 003 BLACK,"","",60.0,PCS,74500.0,0.00 %,"",0.0,4470000.0,4470000.0,0.0,"",0.0,0.0,"","","","",0.0,0.0
01/04/2023,Faktur Pembelian,14191,TATIK (LEGENDA),Lunas,"",17880000.0,0.0,01/05/2023,17880000.0,0.0,17880000.0,"","","","","","",TINTA EPSON 003 MAGENTA,"","",60.0,PCS,74500.0,0.00 %,"",0.0,4470000.0,4470000.0,0.0,"",0.0,0.0,"","","","",0.0,0.0
01/04/2023,Faktur Pembelian,14191,TATIK (LEGENDA),Lunas,"",17880000.0,0.0,01/05/2023,17880000.0,0.0,17880000.0,"","","","","","",TINTA EPSON 003 CYAN,"","",60.0,PCS,74500.0,0.00 %,"",0.0,4470000.0,4470000.0,0.0,"",0.0,0.0,"","","","",0.0,0.0
01/04/2023,Faktur Pembelian,14191,TATIK (LEGENDA),Lunas,"",17880000.0,0.0,01/05/2023,17880000.0,0.0,17880000.0,"","","","","","",TINTA EPSON 003 YELLOW,"","",60.0,PCS,74500.0,0.00 %,"",0.0,4470000.0,4470000.0,0.0,"",0.0,0.0,"","","","",0.0,0.0
01/04/2023,Faktur Pembelian,14192,WAHANA,Lunas,REFISI DI KIRIM 25,3735000.0,0.0,01/05/2023,3735000.0,0.0,3735000.0,"","","","","","",CCTV CAM DAHUA HAC B1A21 IR BULLET (OUTDOOR),"","",15.0,PCS,165000.0,0.00 %,"",0.0,2475000.0,2475000.0,0.0,"",0.0,0.0,"","","","",0.0,0.0
01/04/2023,Faktur Pembelian,14192,WAHANA,Lunas,REFISI DI KIRIM 25,3735000.0,0.0,01/05/2023,3735000.0,0.0,3735000.0,"","","","","","",DVR HIKVISION IDS-7208HQHI-M1/E 8CH,"","",1.0,PCS,1260000.0,0.00 %,"",0.0,1260000.0,1260000.0,0.0,"",0.0,0.0,"","","","",0.0,0.0
01/04/2023,Faktur Pembelian,KARMEN / INV/2023/32447,WULAN (DISCOUNT NOTEBOOK),Lunas,"",364999.999998,0.0,01/05/2023,364999.999998,0.0,364999.999998,"","","JL. SOEKARNO HATTA RT. 012  RW. 004 PANE, RASANAE BARAT","","","",KEYBOARD ACER V5 132,"","",6.0,PCS,60833.333333,0.00 %,"",0.0,364999.999998,364999.999998,0.0,"",0.0,0.0,"","","","",0.0,0.0
01/04/2023,Faktur Pembelian,FK 2356,BETA COM,Lunas,"",3200000.0,0.0,15/04/2023,3200000.0,0.0,3200000.0,"","","","","","",PRINTER CANON LASERJET LBP 6030,"","",2.0,UNIT,1600000.0,0.00 %,"",0.0,3200000.0,3200000.0,0.0,"",0.0,0.0,"","","","",0.0,0.0
02/04/2023,Faktur Pembelian,14193,TATIK (LEGENDA),Lunas,"",260000.0,0.0,02/05/2023,260000.0,0.0,260000.0,"","","","","","",CATRIDGE PRINTER HP GT 52 (COLOUR),"","",2.0,PCS,130000.0,0.00 %,"",0.0,260000.0,260000.0,0.0,"",0.0,0.0,"","","","",0.0,0.0
03/04/2023,Faktur Pembelian,JL.2304.00602,CANDRA (BLESSING),Lunas,"",548000.0,0.0,17/04/2023,548000.0,0.0,548000.0,"","","","",ARIES,"",MOUSE GAMING REXUS G23 / G20 / G10,"","",2.0,PCS,93000.0,0.00 %,"",0.0,186000.0,186000.0,0.0,"",0.0,0.0,"","","","",0.0,0.0
03/04/2023,Faktur Pembelian,JL.2304.00602,CANDRA (BLESSING),Lunas,"",548000.0,0.0,17/04/2023,548000.0,0.0,548000.0,"","","","",ARIES,"",MOUSE GAMING REXUS G23 / G20 / G10,"","",2.0,PCS,88000.0,0.00 %,"",0.0,176000.0,176000.0,0.0,"",0.0,0.0,"","","","",0.0,0.0
03/04/2023,Faktur Pembelian,JL.2304.00602,CANDRA (BLESSING),Lunas,"",548000.0,0.0,17/04/2023,548000.0,0.0,548000.0,"","","","",ARIES,"",MOUSE GAMING REXUS G23 / G20 / G10,"","",2.0,PCS,93000.0,0.00 %,"",0.0,186000.0,186000.0,0.0,"",0.0,0.0,"","","","",0.0,0.0
03/04/2023,Faktur Pembelian,JL.2304.00523,CANDRA (BLESSING),Lunas,"",10430000.0,0.0,17/04/2023,10430000.0,0.0,10430000.0,"","","","",AGUS,"",MIKROTIK RB750G R3,"","",10.0,UNIT,915000.0,0.00 %,"",0.0,9150000.0,9150000.0,0.0,"",0.0,0.0,"","","","",0.0,0.0
03/04/2023,Faktur Pembelian,JL.2304.00523,CANDRA (BLESSING),Lunas,"",10430000.0,0.0,17/04/2023,10430000.0,0.0,10430000.0,"","","","",AGUS,"",LED LG 22MK 400H-B 22 HDMI,"","",1.0,UNIT,1280000.0,0.00 %,"",0.0,1280000.0,1280000.0,0.0,"",0.0,0.0,"","","","",0.0,0.0
03/04/2023,Faktur Pembelian,JL.2304.00521,CANDRA (BLESSING),Lunas,"",62930000.0,0.0,17/04/2023,62930000.0,0.0,62930000.0,"","","","",AGUS,"",AIO ASUS V222GAK INTEL J4025 4GB 256GB SSD #,"","",2.0,UNIT,4975000.0,0.00 %,"",0.0,9950000.0,9950000.0,0.0,"",0.0,0.0,"","","","",0.0,0.0
03/04/2023,Faktur Pembelian,JL.2304.00521,CANDRA (BLESSING),Lunas,"",62930000.0,0.0,17/04/2023,62930000.0,0.0,62930000.0,"","","","",AGUS,"","AIO ASUS A3202WBAK CI3-1215U 8GB 512GB SSD WIN 11 21,5 INCS","","",4.0,UNIT,8180000.0,0.00 %,"",0.0,32720000.0,32720000.0,0.0,"",0.0,0.0,"","","","",0.0,0.0
03/04/2023,Faktur Pembelian,JL.2304.00521,CANDRA (BLESSING),Lunas,"",62930000.0,0.0,17/04/2023,62930000.0,0.0,62930000.0,"","","","",AGUS,"",AIO ASUS A320WBAK CI5-1235U 8GB 512GB SSD WIN 11 #,"","",2.0,UNIT,10130000.0,0.00 %,"",0.0,20260000.0,20260000.0,0.0,"",0.0,0.0,"","","","",0.0,0.0
03/04/2023,Faktur Pembelian,PJL-23-04-00037,PT. Surya Makmur Kreasindo (HJ),Lunas,"",35350000.000001,1.0e-06,17/04/2023,31846846.846848,3503153.153153,35350000.0,"",SURABAYA,"","",CV TIGA NUSA,"",* PRINTER EPSON L121,"","",6.0,UNIT,1463963.963964,0.00 %,11.0,966216.2162162399999903378378378376,8783783.783784,8783783.783784,0.0,"",0.0,0.0,PT. Surya Makmur Kreasindo,"",081515111951,"",1.0e-06,0.0
03/04/2023,Faktur Pembelian,PJL-23-04-00037,PT. Surya Makmur Kreasindo (HJ),Lunas,"",35350000.000001,1.0e-06,17/04/2023,31846846.846848,3503153.153153,35350000.0,"",SURABAYA,"","",CV TIGA NUSA,"",* PRINTER EPSON L3210,"","",10.0,UNIT,1945945.945946,0.00 %,11.0,2140540.540540599999978594594594594,19459459.45946,19459459.45946,0.0,"",0.0,0.0,PT. Surya Makmur Kreasindo,"",081515111951,"",1.0e-06,0.0
03/04/2023,Faktur Pembelian,PJL-23-04-00037,PT. Surya Makmur Kreasindo (HJ),Lunas,"",35350000.000001,1.0e-06,17/04/2023,31846846.846848,3503153.153153,35350000.0,"",SURABAYA,"","",CV TIGA NUSA,"",* PRINTER EPSON L5290,"","",1.0,UNIT,3603603.603604,0.00 %,11.0,396396.3963964399999960360360360356,3603603.603604,3603603.603604,0.0,"",0.0,0.0,PT. Surya Makmur Kreasindo,"",081515111951,"",1.0e-06,0.0
03/04/2023,Faktur Pembelian,JL.2304.00789,CANDRA (BLESSING),Lunas,"",13340000.0,0.0,17/04/2023,13340000.0,0.0,13340000.0,"","","","",AGUS,"","AIO HP 200 PRO G4 CI3 10110U 4GB 1TB 21,5 INCS","","",1.0,UNIT,6520000.0,0.00 %,"",0.0,6520000.0,6520000.0,0.0,"",0.0,0.0,"","","","",0.0,0.0
03/04/2023,Faktur Pembelian,JL.2304.00789,CANDRA (BLESSING),Lunas,"",13340000.0,0.0,17/04/2023,13340000.0,0.0,13340000.0,"","","","",AGUS,"",AIO ASUS V222FAK CI3 10110U 4GB 256 WIN 11,"","",1.0,UNIT,6820000.0,0.00 %,"",0.0,6820000.0,6820000.0,0.0,"",0.0,0.0,"","","","",0.0,0.0
03/04/2023,Faktur Pembelian,14195,FIKTIF BELI,Lunas,"",100000.0,0.0,03/05/2023,100000.0,0.0,100000.0,"","","","","","",MAP BISNIS,"","",50.0,PCS,2000.0,0.00 %,"",0.0,100000.0,100000.0,0.0,"",0.0,0.0,"","","","",0.0,0.0
03/04/2023,Faktur Pembelian,JL.2304.00739,CANDRA (BLESSING),Lunas,"",27265000.0,0.0,17/04/2023,27265000.0,0.0,27265000.0,"","","","",ARIES,"",HP PAVILION X360 CONVERTIBLE 14 CI7-1255U 16GB 512GB SSD INTEL IRIS XE WIN 11,"","",1.0,UNIT,14565000.0,0.00 %,"",0.0,14565000.0,14565000.0,0.0,"",0.0,0.0,"","","","",0.0,0.0
03/04/2023,Faktur Pembelian,JL.2304.00739,CANDRA (BLESSING),Lunas,"",27265000.0,0.0,17/04/2023,27265000.0,0.0,27265000.0,"","","","",ARIES,"",ACER 3 A314 36M Ci3-N305 8GB 512GB SSD WIN 11,"","",2.0,UNIT,6350000.0,0.00 %,"",0.0,12700000.0,12700000.0,0.0,"",0.0,0.0,"","","","",0.0,0.0
03/04/2023,Faktur Pembelian,KARMEN / INV/2023/32972,WULAN (DISCOUNT NOTEBOOK),Lunas,"",565000.0,0.0,03/05/2023,565000.0,0.0,565000.0,"","","JL. SOEKARNO HATTA RT. 012  RW. 004 PANE, RASANAE BARAT","","","",KEYBOARD LAPTOP TOSHIBA NB 520 (BLACK),"","",2.0,PCS,110000.0,0.00 %,"",0.0,220000.0,220000.0,0.0,"",5000.0,0.0,"","","","",0.0,0.0
03/04/2023,Faktur Pembelian,KARMEN / INV/2023/32972,WULAN (DISCOUNT NOTEBOOK),Lunas,"",565000.0,0.0,03/05/2023,565000.0,0.0,565000.0,"","","JL. SOEKARNO HATTA RT. 012  RW. 004 PANE, RASANAE BARAT","","","",KEYBOARD ACER D270,"","",1.0,PCS,65000.0,0.00 %,"",0.0,65000.0,65000.0,0.0,"",5000.0,0.0,"","","","",0.0,0.0
03/04/2023,Faktur Pembelian,KARMEN / INV/2023/32972,WULAN (DISCOUNT NOTEBOOK),Lunas,"",565000.0,0.0,03/05/2023,565000.0,0.0,565000.0,"","","JL. SOEKARNO HATTA RT. 012  RW. 004 PANE, RASANAE BARAT","","","",BATERAI LAPTOP ASUS A407,"","",1.0,PCS,275000.0,0.00 %,"",0.0,275000.0,275000.0,0.0,"",5000.0,0.0,"","","","",0.0,0.0
03/04/2023,Faktur Pembelian,001433,LILI (PLATINUM),Lunas,"",940000.0,0.0,03/05/2023,940000.0,0.0,940000.0,"","","","","","",BATERAI ACER E5 471 (AL14A32),"","",2.0,PCS,310000.0,0.00 %,"",0.0,620000.0,620000.0,0.0,"",0.0,0.0,"","","","",0.0,0.0
03/04/2023,Faktur Pembelian,001433,LILI (PLATINUM),Lunas,"",940000.0,0.0,03/05/2023,940000.0,0.0,940000.0,"","","","","","",ADAPTOR ASUS 20V 325A CL TYPE C,"","",2.0,PCS,160000.0,0.00 %,"",0.0,320000.0,320000.0,0.0,"",0.0,0.0,"","","","",0.0,0.0
04/04/2023,Faktur Pembelian,14196,FIKTIF BELI,Lunas,"",600000.0,0.0,04/05/2023,600000.0,0.0,600000.0,"","","","","","",MAP BISNIS,"","",300.0,PCS,2000.0,0.00 %,"",0.0,600000.0,600000.0,0.0,"",0.0,0.0,"","","","",0.0,0.0
04/04/2023,Faktur Pembelian,ACJ01/01/FP/2304/XC000012,PT. ANGKASA CERAH JAYA,Lunas,"",22650000.000001,0.0,04/05/2023,20405405.405406,2244594.594595,22650000.000001,"",SURABAYA,"","",CV TIGA NUSA,"","* LENOVO IDEAPAD 3 14IGL05 INTEL N4020 4GB 256GB SSD 14"" NW","","",6.0,UNIT,3400900.900901,0.00 %,11.0,2244594.5945946599999775540540540534,20405405.405406,20405405.405406,0.0,"",0.0,0.0,PT. ANGKASA CERAH JAYA,"",0815 5395 1313,"",0.0,0.0
04/04/2023,Faktur Pembelian,ACJ01/01/FP/2304/XD00002,PT. ANGKASA CERAH JAYA,Lunas,"",18875000.000001,0.0,18/04/2023,17004504.504505,1870495.495496,18875000.000001,"",SURABAYA,"","",CV TIGA NUSA,"","* LENOVO IDEAPAD 3 14IGL05 INTEL N4020 4GB 256GB SSD 14"" NW","","",5.0,UNIT,3400900.900901,0.00 %,11.0,1870495.4954955499999812950450450445,17004504.504505,17004504.504505,0.0,"",0.0,0.0,PT. ANGKASA CERAH JAYA,"",0815 5395 1313,"",0.0,0.0
04/04/2023,Faktur Pembelian,2304074,CV. BALI IT SOLUSI (ENY),Lunas,"",29499999.999998,0.0,18/04/2023,26576576.576575,2923423.423423,29499999.999998,"","","","",CV TIGA NUSA,"",* ASUS A416JAO CI3-1005G1/8GB/256GB SSD WIN 11,"","",5.0,UNIT,5315315.315315,0.00 %,11.0,2923423.4234232499999707657657657675,26576576.576575,26576576.576575,0.0,"",0.0,0.0,"","","","",0.0,0.0
04/04/2023,Faktur Pembelian,14205,ATC,Lunas,"",35200000.0,0.0,18/04/2023,35200000.0,0.0,35200000.0,"","","","","","",ACER A314-35-C2T9 N5100 4GB 256GB SSD #,"","",8.0,UNIT,4400000.0,0.00 %,"",0.0,35200000.0,35200000.0,0.0,"",0.0,0.0,"","","","",0.0,0.0
04/04/2023,Faktur Pembelian,14206,ATC,Lunas,"",30800000.0,0.0,18/04/2023,30800000.0,0.0,30800000.0,"","","","","","",ACER A314-35-C2T9 N5100 4GB 256GB SSD #,"","",7.0,UNIT,4400000.0,0.00 %,"",0.0,30800000.0,30800000.0,0.0,"",0.0,0.0,"","","","",0.0,0.0
04/04/2023,Faktur Pembelian,14207,ATC,Lunas,"",66000000.0,0.0,18/04/2023,66000000.0,0.0,66000000.0,"","","","","","",ACER A314-35-C2T9 N5100 4GB 256GB SSD #,"","",15.0,UNIT,4400000.0,0.00 %,"",0.0,66000000.0,66000000.0,0.0,"",0.0,0.0,"","","","",0.0,0.0
04/04/2023,Faktur Pembelian,JL.2304.01379,CANDRA (BLESSING),Lunas,"",13220000.0,0.0,18/04/2023,13220000.0,0.0,13220000.0,"","","","",AGUS,"",ACER 5 A514 CI3-1115G4 8gb 512GB SSD MX 350 2GB WIN 11,"","",2.0,UNIT,6610000.0,0.00 %,"",0.0,13220000.0,13220000.0,0.0,"",0.0,0.0,"","","","",0.0,0.0
04/04/2023,Faktur Pembelian,001436,LILI (PLATINUM),Lunas,"",760000.0,0.0,04/05/2023,760000.0,0.0,760000.0,"","","","","","",BATERAI ACER  V5 431 (AL12A32),"","",2.0,PCS,230000.0,0.00 %,"",0.0,460000.0,460000.0,0.0,"",0.0,0.0,"","","","",0.0,0.0
04/04/2023,Faktur Pembelian,001436,LILI (PLATINUM),Lunas,"",760000.0,0.0,04/05/2023,760000.0,0.0,760000.0,"","","","","","",KEYBOARD ACER A314-22 RYZEN,"","",2.0,PCS,150000.0,0.00 %,"",0.0,300000.0,300000.0,0.0,"",0.0,0.0,"","","","",0.0,0.0
05/04/2023,Faktur Pembelian,14197,DANISH COMPUTER,Lunas,"",1860000.0,0.0,05/05/2023,1860000.0,0.0,1860000.0,"","","","","","",CATRIDGE TONER BROTHER L2540 DW,"","",6.0,PCS,310000.0,0.00 %,"",0.0,1860000.0,1860000.0,0.0,"",0.0,0.0,"","","",082232721033,0.0,0.0
05/04/2023,Faktur Pembelian,JL.2304.01570,CANDRA (BLESSING),Lunas,"",2185000.0,0.0,19/04/2023,2185000.0,0.0,2185000.0,"","","","",AGUS,"",CONNECTOR RJ45 BELDEN CAT5E (PACK),"","",15.0,PCS,93000.0,0.00 %,"",0.0,1395000.0,1395000.0,0.0,"",0.0,0.0,"","","","",0.0,0.0
05/04/2023,Faktur Pembelian,JL.2304.01570,CANDRA (BLESSING),Lunas,"",2185000.0,0.0,19/04/2023,2185000.0,0.0,2185000.0,"","","","",AGUS,"",RAM PC TEAM ELITE PLUS DDR4 8GB PC 3200 PENDINGIN,"","",1.0,PCS,340000.0,0.00 %,"",0.0,340000.0,340000.0,0.0,"",0.0,0.0,"","","","",0.0,0.0
05/04/2023,Faktur Pembelian,JL.2304.01570,CANDRA (BLESSING),Lunas,"",2185000.0,0.0,19/04/2023,2185000.0,0.0,2185000.0,"","","","",AGUS,"",RAM PC NETAC BASIC DDR4 4GB,"","",1.0,PCS,215000.0,0.00 %,"",0.0,215000.0,215000.0,0.0,"",0.0,0.0,"","","","",0.0,0.0
05/04/2023,Faktur Pembelian,JL.2304.01570,CANDRA (BLESSING),Lunas,"",2185000.0,0.0,19/04/2023,2185000.0,0.0,2185000.0,"","","","",AGUS,"",RAM PC TEAM ELITE PLUS DDR4 4GB PC 2666 PENDINGIN,"","",1.0,PCS,235000.0,0.00 %,"",0.0,235000.0,235000.0,0.0,"",0.0,0.0,"","","","",0.0,0.0
05/04/2023,Faktur Pembelian,JL.2304.01606,CANDRA (BLESSING),Lunas,"",9590000.0,0.0,19/04/2023,9590000.0,0.0,9590000.0,"","","","",AGUS,"",USB WIFI TPLINK TL WN725N NANO SIZE,"","",30.0,PCS,74000.0,0.00 %,"",0.0,2220000.0,2220000.0,0.0,"",0.0,0.0,"","","","",0.0,0.0
05/04/2023,Faktur Pembelian,JL.2304.01606,CANDRA (BLESSING),Lunas,"",9590000.0,0.0,19/04/2023,9590000.0,0.0,9590000.0,"","","","",AGUS,"",TPLINK SWITCH 8 PORT LS1008 (HUB LAN 8 PORT K),"","",20.0,PCS,96000.0,0.00 %,"",0.0,1920000.0,1920000.0,0.0,"",0.0,0.0,"","","","",0.0,0.0
05/04/2023,Faktur Pembelian,JL.2304.01606,CANDRA (BLESSING),Lunas,"",9590000.0,0.0,19/04/2023,9590000.0,0.0,9590000.0,"","","","",AGUS,"",PRINTER EPSON L1210 ECOTANK (Print Only),"","",2.0,UNIT,1885000.0,0.00 %,"",0.0,3770000.0,3770000.0,0.0,"",0.0,0.0,"","","","",0.0,0.0
05/04/2023,Faktur Pembelian,JL.2304.01606,CANDRA (BLESSING),Lunas,"",9590000.0,0.0,19/04/2023,9590000.0,0.0,9590000.0,"","","","",AGUS,"",TPLINK SWITCH 5 PORT LS1005 ( HUB LAN 5 PORT K ),"","",20.0,UNIT,84000.0,0.00 %,"",0.0,1680000.0,1680000.0,0.0,"",0.0,0.0,"","","","",0.0,0.0
05/04/2023,Faktur Pembelian,JL.2304.01621,CANDRA (BLESSING),Lunas,"",192000.0,0.0,19/04/2023,192000.0,0.0,192000.0,"","","","",AGUS,"",FD SANDISK 16GB OTG TYPE C,"","",2.0,PCS,96000.0,0.00 %,"",0.0,192000.0,192000.0,0.0,"",0.0,0.0,"","","","",0.0,0.0
06/04/2023,Faktur Pembelian,14198,OBOR MAS,Lunas,"",48000.0,0.0,06/05/2023,48000.0,0.0,48000.0,"","","","","","",LEM KERTAS  POVINAL KECIL,"","",24.0,PCS,2000.0,0.00 %,"",0.0,48000.0,48000.0,0.0,"",0.0,0.0,"","","","",0.0,0.0
06/04/2023,Faktur Pembelian,14199,HAMDAN MELATI TOKO,Lunas,"",350000.0,0.0,06/05/2023,350000.0,0.0,350000.0,"","","","","","",BOLA BASKET,"","",1.0,PCS,350000.0,0.00 %,"",0.0,350000.0,350000.0,0.0,"",0.0,0.0,"","","","",0.0,0.0
06/04/2023,Faktur Pembelian,2301830,WAHANA,Lunas,"",5760000.0,0.0,06/05/2023,5760000.0,0.0,5760000.0,"","","","","","",KABEL CCTV RG 59 + POWER SPECTRA,"","",8.0,DUS,720000.0,0.00 %,"",0.0,5760000.0,5760000.0,0.0,"",0.0,0.0,"","","","",0.0,0.0
06/04/2023,Faktur Pembelian,2301828,WAHANA,Lunas,"",6595000.0,0.0,06/05/2023,6595000.0,0.0,6595000.0,"","","","","","",CCTV CAM DAHUA HAC B1A21 IR BULLET (OUTDOOR),"","",15.0,PCS,165000.0,0.00 %,"",0.0,2475000.0,2475000.0,0.0,"",0.0,0.0,"","","","",0.0,0.0
06/04/2023,Faktur Pembelian,2301828,WAHANA,Lunas,"",6595000.0,0.0,06/05/2023,6595000.0,0.0,6595000.0,"","","","","","",CCTV CAM DAHUA HAC-T1A21 IR BULLET (INDOOR),"","",20.0,PCS,155000.0,0.00 %,"",0.0,3100000.0,3100000.0,0.0,"",0.0,0.0,"","","","",0.0,0.0
06/04/2023,Faktur Pembelian,2301828,WAHANA,Lunas,"",6595000.0,0.0,06/05/2023,6595000.0,0.0,6595000.0,"","","","","","",CAMERA CCTV DAHUA DH-HAC-B1A29P FULL COLOUR OUTDOOR,"","",2.0,PCS,295000.0,0.00 %,"",0.0,590000.0,590000.0,0.0,"",0.0,0.0,"","","","",0.0,0.0
06/04/2023,Faktur Pembelian,2301828,WAHANA,Lunas,"",6595000.0,0.0,06/05/2023,6595000.0,0.0,6595000.0,"","","","","","",CAMERA CCTV DAHUA DH-HAC-T1A29P FULL COLOUR INDOOR,"","",2.0,PCS,215000.0,0.00 %,"",0.0,430000.0,430000.0,0.0,"",0.0,0.0,"","","","",0.0,0.0
06/04/2023,Faktur Pembelian,001437,LILI (PLATINUM),Lunas,"",4850000.0,0.0,06/05/2023,4850000.0,0.0,4850000.0,"","","","","","",FD SANDISK 16GB OTG TYPE C,"","",50.0,PCS,97000.0,0.00 %,"",0.0,4850000.0,4850000.0,0.0,"",0.0,0.0,"","","","",0.0,0.0
06/04/2023,Faktur Pembelian,04202316474,AGUS (DORAN),Lunas,"",2621979.999996,0.0,06/05/2023,2621979.999996,0.0,2621979.999996,"",SURABAYA,"","","","",POWER BANK JETE 10.000,"","",21.0,PCS,124856.190476,0.00 %,"",0.0,2621979.999996,2621979.999996,0.0,"",0.0,0.0,"","","","",0.0,0.0
07/04/2023,Faktur Pembelian,14200,CANON BALI,Lunas,"",1474483.000001,0.0,07/05/2023,1328363.063064,146119.936937,1474483.000001,"","","","",CV TIGA NUSA,"",* CATRIDGE CANON BH7,"","",2.0,PCS,306431.531532,0.00 %,11.0,67414.9369370399899993258506306296001,612863.063064,612863.063064,0.0,"",0.0,0.0,"","","","",0.0,0.0
07/04/2023,Faktur Pembelian,14200,CANON BALI,Lunas,"",1474483.000001,0.0,07/05/2023,1328363.063064,146119.936937,1474483.000001,"","","","",CV TIGA NUSA,"",* CATRIDGE CANON CA 92 / CH 7,"","",2.0,UNIT,357750.0,0.00 %,11.0,78704.99999999999999921295,715500.0,715500.0,0.0,"",0.0,0.0,"","","","",0.0,0.0
07/04/2023,Faktur Pembelian,14201,FIKTIF BELI,Lunas,"",120000.0,0.0,07/05/2023,120000.0,0.0,120000.0,"","","","","","",TINTA CANON ORI 790 BLACK NON PACK,"","",1.0,PCS,30000.0,0.00 %,"",0.0,30000.0,30000.0,0.0,"",0.0,0.0,"","","","",0.0,0.0
07/04/2023,Faktur Pembelian,14201,FIKTIF BELI,Lunas,"",120000.0,0.0,07/05/2023,120000.0,0.0,120000.0,"","","","","","",TINTA CANON ORI 790 CYAN NON PACK,"","",1.0,PCS,30000.0,0.00 %,"",0.0,30000.0,30000.0,0.0,"",0.0,0.0,"","","","",0.0,0.0
07/04/2023,Faktur Pembelian,14201,FIKTIF BELI,Lunas,"",120000.0,0.0,07/05/2023,120000.0,0.0,120000.0,"","","","","","",TINTA CANON ORI 790 YELLOW NON PACK,"","",1.0,PCS,30000.0,0.00 %,"",0.0,30000.0,30000.0,0.0,"",0.0,0.0,"","","","",0.0,0.0
07/04/2023,Faktur Pembelian,14201,FIKTIF BELI,Lunas,"",120000.0,0.0,07/05/2023,120000.0,0.0,120000.0,"","","","","","",TINTA CANON ORI 790 MAGENTA NON PACK,"","",1.0,PCS,30000.0,0.00 %,"",0.0,30000.0,30000.0,0.0,"",0.0,0.0,"","","","",0.0,0.0
07/04/2023,Faktur Pembelian,00636711_036,PRIYO (K GALAXY),Lunas,"",7232500.0,0.0,07/05/2023,7232500.0,0.0,7232500.0,"","","","","","",MB GIGABYTE GA H81M DS2,"","",5.0,PCS,940000.0,0.00 %,"",0.0,4700000.0,4700000.0,0.0,"",0.0,0.0,"","","","",0.0,0.0
07/04/2023,Faktur Pembelian,00636711_036,PRIYO (K GALAXY),Lunas,"",7232500.0,0.0,07/05/2023,7232500.0,0.0,7232500.0,"","","","","","","PROCESSOR INTEL I3-4160 3,6 GHZ","","",5.0,PCS,190000.0,0.00 %,"",0.0,950000.0,950000.0,0.0,"",0.0,0.0,"","","","",0.0,0.0
07/04/2023,Faktur Pembelian,00636711_036,PRIYO (K GALAXY),Lunas,"",7232500.0,0.0,07/05/2023,7232500.0,0.0,7232500.0,"","","","","","",PROCESSOR  INTEL I5 - GEN 4,"","",3.0,PCS,367500.0,0.00 %,"",0.0,1102500.0,1102500.0,0.0,"",0.0,0.0,"","","","",0.0,0.0
07/04/2023,Faktur Pembelian,00636711_036,PRIYO (K GALAXY),Lunas,"",7232500.0,0.0,07/05/2023,7232500.0,0.0,7232500.0,"","","","","","",RAM PC KINGSTONE DDR3 8GB,"","",4.0,PCS,120000.0,0.00 %,"",0.0,480000.0,480000.0,0.0,"",0.0,0.0,"","","","",0.0,0.0
07/04/2023,Faktur Pembelian,JL.2304.02451,CANDRA (BLESSING),Lunas,"",12700000.0,0.0,21/04/2023,12700000.0,0.0,12700000.0,"","","","",ARIES,"",ACER 3 A314 36M Ci3-N305 8GB 512GB SSD WIN 11,"","",2.0,UNIT,6350000.0,0.00 %,"",0.0,12700000.0,12700000.0,0.0,"",0.0,0.0,"","","","",0.0,0.0
07/04/2023,Faktur Pembelian,14203,EKO HASAN,Lunas,"",686000.0,0.0,07/05/2023,686000.0,0.0,686000.0,"","","JL. SOEKARNO HATTA RT. 012  RW. 004 PANE, RASANAE BARAT","","","",SENSOR KERTAS CANON 2770,"","",15.0,PCS,26000.0,0.00 %,"",0.0,390000.0,390000.0,0.0,"",56000.0,0.0,"","","","",0.0,0.0
07/04/2023,Faktur Pembelian,14203,EKO HASAN,Lunas,"",686000.0,0.0,07/05/2023,686000.0,0.0,686000.0,"","","JL. SOEKARNO HATTA RT. 012  RW. 004 PANE, RASANAE BARAT","","","",KABEL FLEXY HEAD EPSON ( KECIL ),"","",10.0,PCS,24000.0,0.00 %,"",0.0,240000.0,240000.0,0.0,"",56000.0,0.0,"","","","",0.0,0.0
07/04/2023,Faktur Pembelian,JL.2304.01159,CANDRA (BLESSING),Lunas,"",21935000.000001,1.0e-06,21/04/2023,19761261.261262,2173738.738739,21935000.0,"","","","",CV TIGA NUSA,"",* AIO ASUS V222FAK CI3-10110U 4GB 256GB SSD WIN 11 NW,"","",3.0,UNIT,6144144.144144,0.00 %,11.0,2027567.5675675199999797243243243248,18432432.432432,18432432.432432,0.0,"",0.0,0.0,"","","","",1.0e-06,0.0
07/04/2023,Faktur Pembelian,JL.2304.01159,CANDRA (BLESSING),Lunas,"",21935000.000001,1.0e-06,21/04/2023,19761261.261262,2173738.738739,21935000.0,"","","","",CV TIGA NUSA,"","* SSD LEXAR 256GB LNS100 - 256RB VALUE 2,5 SATA","","",5.0,PCS,265765.765766,0.00 %,11.0,146171.171171299999998538288288287,1328828.82883,1328828.82883,0.0,"",0.0,0.0,"","","","",1.0e-06,0.0
08/04/2023,Faktur Pembelian,JL.2304.02532,CANDRA (BLESSING),Lunas,"",21480000.0,0.0,22/04/2023,21480000.0,0.0,21480000.0,"","","","",ARIES,"",CONNECTOR RJ45 COMMSCOPE CAT 5E (PACK),"","",30.0,PACK,104000.0,0.00 %,"",0.0,3120000.0,3120000.0,0.0,"",0.0,0.0,"","","","",0.0,0.0
08/04/2023,Faktur Pembelian,JL.2304.02532,CANDRA (BLESSING),Lunas,"",21480000.0,0.0,22/04/2023,21480000.0,0.0,21480000.0,"","","","",ARIES,"",AXIOO MYBOOK 14E INTEL N4000 4GB SSD 256GB #,"","",2.0,UNIT,2580000.0,0.00 %,"",0.0,5160000.0,5160000.0,0.0,"",0.0,0.0,"","","","",0.0,0.0
08/04/2023,Faktur Pembelian,JL.2304.02532,CANDRA (BLESSING),Lunas,"",21480000.0,0.0,22/04/2023,21480000.0,0.0,21480000.0,"","","","",ARIES,"","AXIOO 11G N4000/4GB/256GB SSD/11,6""","","",2.0,UNIT,2330000.0,0.00 %,"",0.0,4660000.0,4660000.0,0.0,"",0.0,0.0,"","","","",0.0,0.0
08/04/2023,Faktur Pembelian,JL.2304.02532,CANDRA (BLESSING),Lunas,"",21480000.0,0.0,22/04/2023,21480000.0,0.0,21480000.0,"","","","",ARIES,"",ASUS EXPERTBOOK B1400CEAE CI5-1135G7 8GB 256GB SSD INTEL IRIS XE WIN11,"","",1.0,UNIT,8540000.0,0.00 %,"",0.0,8540000.0,8540000.0,0.0,"",0.0,0.0,"","","","",0.0,0.0
08/04/2023,Faktur Pembelian,14204,TATIK (LEGENDA),Lunas,"",17880000.0,0.0,08/05/2023,17880000.0,0.0,17880000.0,"","","","","","",TINTA EPSON 003 BLACK,"","",120.0,PCS,74500.0,0.00 %,"",0.0,8940000.0,8940000.0,0.0,"",0.0,0.0,"","","","",0.0,0.0
08/04/2023,Faktur Pembelian,14204,TATIK (LEGENDA),Lunas,"",17880000.0,0.0,08/05/2023,17880000.0,0.0,17880000.0,"","","","","","",TINTA EPSON 664 YELLOW,"","",60.0,PCS,74500.0,0.00 %,"",0.0,4470000.0,4470000.0,0.0,"",0.0,0.0,"","","","",0.0,0.0
08/04/2023,Faktur Pembelian,14204,TATIK (LEGENDA),Lunas,"",17880000.0,0.0,08/05/2023,17880000.0,0.0,17880000.0,"","","","","","",TINTA EPSON 664 BLACK,"","",60.0,PCS,74500.0,0.00 %,"",0.0,4470000.0,4470000.0,0.0,"",0.0,0.0,"","","","",0.0,0.0
08/04/2023,Faktur Pembelian,JL.2304.02568,CANDRA (BLESSING),Lunas,"",39660000.0,0.0,22/04/2023,39660000.0,0.0,39660000.0,"","","","",AGUS,"",ACER 5 A514 CI3-1115G4 8gb 512GB SSD MX 350 2GB WIN 11,"","",6.0,UNIT,6610000.0,0.00 %,"",0.0,39660000.0,39660000.0,0.0,"",0.0,0.0,"","","","",0.0,0.0
08/04/2023,Faktur Pembelian,JL.2304.02776,CANDRA (BLESSING),Lunas,"",11795000.0,0.0,22/04/2023,11795000.0,0.0,11795000.0,"","","","",ARIES,"",AIO ASUS V222GAK INTEL J4025 4GB 256GB SSD #,"","",1.0,UNIT,4975000.0,0.00 %,"",0.0,4975000.0,4975000.0,0.0,"",0.0,0.0,"","","","",0.0,0.0
08/04/2023,Faktur Pembelian,JL.2304.02776,CANDRA (BLESSING),Lunas,"",11795000.0,0.0,22/04/2023,11795000.0,0.0,11795000.0,"","","","",ARIES,"",AIO ASUS V222FAK CI3 10110U 4GB 256 WIN 11,"","",1.0,UNIT,6820000.0,0.00 %,"",0.0,6820000.0,6820000.0,0.0,"",0.0,0.0,"","","","",0.0,0.0
08/04/2023,Faktur Pembelian,04202320938,AGUS (DORAN),Lunas,"",3750000.0,0.0,08/05/2023,3750000.0,0.0,3750000.0,"",SURABAYA,"","","","",FD BLADE CZ50 16GB SANDISK,"","",100.0,PCS,37500.0,0.00 %,"",0.0,3750000.0,3750000.0,0.0,"",0.0,0.0,"","","","",0.0,0.0
08/04/2023,Faktur Pembelian,001443,LILI (PLATINUM),Lunas,"",620000.0,0.0,08/05/2023,620000.0,0.0,620000.0,"","","","","","",BATERAI ASUS X200CA,"","",1.0,PCS,230000.0,0.00 %,"",0.0,230000.0,230000.0,0.0,"",0.0,0.0,"","","","",0.0,0.0
08/04/2023,Faktur Pembelian,001443,LILI (PLATINUM),Lunas,"",620000.0,0.0,08/05/2023,620000.0,0.0,620000.0,"","","","","","",BATERAI LAPTOP TOSHIBA PA5107U,"","",1.0,PCS,390000.0,0.00 %,"",0.0,390000.0,390000.0,0.0,"",0.0,0.0,"","","","",0.0,0.0
08/04/2023,Faktur Pembelian,001442,LILI (PLATINUM),Lunas,"",2550000.0,0.0,08/05/2023,2550000.0,0.0,2550000.0,"","","","","","",LCD LAPTOP 14 TIPIS 30 PIN,"","",5.0,PCS,510000.0,0.00 %,"",0.0,2550000.0,2550000.0,0.0,"",0.0,0.0,"","","","",0.0,0.0
08/04/2023,Faktur Pembelian,KARMEN / INV/2023/35857,WULAN (DISCOUNT NOTEBOOK),Lunas,"",320000.0,0.0,08/05/2023,320000.0,0.0,320000.0,"","","JL. SOEKARNO HATTA RT. 012  RW. 004 PANE, RASANAE BARAT","","","",KEYBOARD ACER V5 123 / 725,"","",3.0,PCS,65000.0,0.00 %,"",0.0,195000.0,195000.0,0.0,"",5000.0,0.0,"","","","",0.0,0.0
08/04/2023,Faktur Pembelian,KARMEN / INV/2023/35857,WULAN (DISCOUNT NOTEBOOK),Lunas,"",320000.0,0.0,08/05/2023,320000.0,0.0,320000.0,"","","JL. SOEKARNO HATTA RT. 012  RW. 004 PANE, RASANAE BARAT","","","",KEYBOARD LAPTOP LENOVO 320 - 14 NLACK (NO POWER),"","",2.0,PCS,60000.0,0.00 %,"",0.0,120000.0,120000.0,0.0,"",5000.0,0.0,"","","","",0.0,0.0
09/04/2023,Faktur Pembelian,14208,FIKTIF BELI,Lunas,"",720000.0,0.0,09/05/2023,720000.0,0.0,720000.0,"","","","","","",KABEL CCTV PERMETER,"","",300.0,METER,2400.0,0.00 %,"",0.0,720000.0,720000.0,0.0,"",0.0,0.0,"","","","",0.0,0.0
10/04/2023,Faktur Pembelian,14209,FIKTIF BELI,Lunas,"",1350000.0,0.0,10/05/2023,1350000.0,0.0,1350000.0,"","","","","","",KERTAS JASMIN CREAM,"","",30.0,PCS,45000.0,0.00 %,"",0.0,1350000.0,1350000.0,0.0,"",0.0,0.0,"","","","",0.0,0.0
10/04/2023,Faktur Pembelian,14210,IQ TRONIK,Lunas,"",4280000.0,0.0,10/05/2023,4280000.0,0.0,4280000.0,"","","","","","",KERTAS FOTO TANPA MEREK,"","",180.0,PCS,11000.0,0.00 %,"",0.0,1980000.0,1980000.0,0.0,"",0.0,0.0,"","","","",0.0,0.0
10/04/2023,Faktur Pembelian,14210,IQ TRONIK,Lunas,"",4280000.0,0.0,10/05/2023,4280000.0,0.0,4280000.0,"","","","","","",KERTAS FOTO KODAK 270GR GLOSSY,"","",50.0,PCS,46000.0,0.00 %,"",0.0,2300000.0,2300000.0,0.0,"",0.0,0.0,"","","","",0.0,0.0
10/04/2023,Faktur Pembelian,JL.2304.02932,CANDRA (BLESSING),Lunas,"",1120000.0,0.0,24/04/2023,1120000.0,0.0,1120000.0,"","","","",AGUS,"",SSD LEXAR 512GB NM620 M.2 2280 NVME PCIE GEN 3X4,"","",2.0,PCS,560000.0,0.00 %,"",0.0,1120000.0,1120000.0,0.0,"",0.0,0.0,"","","","",0.0,0.0
10/04/2023,Faktur Pembelian,JL.2304.03038,CANDRA (BLESSING),Lunas,"",9370000.0,0.0,24/04/2023,9370000.0,0.0,9370000.0,"","","","",ARIES,"",HP 14S INTEL N4500  8GB 256GB SSD #,"","",2.0,UNIT,4685000.0,0.00 %,"",0.0,9370000.0,9370000.0,0.0,"",0.0,0.0,"","","","",0.0,0.0
10/04/2023,Faktur Pembelian,JL.2304.02777,CANDRA (BLESSING),Lunas,"",87705000.0,0.0,24/04/2023,87705000.0,0.0,87705000.0,"","","","",ARIES,"",AIO LENOVO IDEAPAD CENTRE 3 CI5-1135G7 4GB 512GB SSD INTEL IRIS XE WHITE EN,"","",9.0,UNIT,9745000.0,0.00 %,"",0.0,87705000.0,87705000.0,0.0,"",0.0,0.0,"","","","",0.0,0.0
10/04/2023,Faktur Pembelian,JL.2304.02705,CANDRA (BLESSING),Lunas,"",24555000.0,0.0,24/04/2023,24555000.0,0.0,24555000.0,"","","","",ARIES,"",AIO LENOVO IDEAPAD CENTRE 3 CI5-1135G7 4GB 512GB SSD INTEL IRIS XE WHITE EN,"","",1.0,UNIT,9275000.0,0.00 %,"",0.0,9275000.0,9275000.0,0.0,"",0.0,0.0,"","","","",0.0,0.0
10/04/2023,Faktur Pembelian,JL.2304.02705,CANDRA (BLESSING),Lunas,"",24555000.0,0.0,24/04/2023,24555000.0,0.0,24555000.0,"","","","",ARIES,"",SCANNER FUJITSU SP-1130N NETWORKING,"","",2.0,UNIT,7640000.0,0.00 %,"",0.0,15280000.0,15280000.0,0.0,"",0.0,0.0,"","","","",0.0,0.0
10/04/2023,Faktur Pembelian,14211,YULI (HP CENTRE),Lunas,"",6500000.0,0.0,10/05/2023,6500000.0,0.0,6500000.0,"","","","","","",ACER 5 A514 CI3-1115G4 8gb 512GB SSD MX 350 2GB WIN 11,"","",1.0,UNIT,6500000.0,0.00 %,"",0.0,6500000.0,6500000.0,0.0,"",0.0,0.0,"","","","",0.0,0.0
10/04/2023,Faktur Pembelian,14212,FIKTIF BELI,Lunas,"",200000.0,0.0,10/05/2023,200000.0,0.0,200000.0,"","","","","","",BATERAI CR2016,"","",20.0,PCS,10000.0,0.00 %,"",0.0,200000.0,200000.0,0.0,"",0.0,0.0,"","","","",0.0,0.0
10/04/2023,Faktur Pembelian,PJL-23-04-00189,PT. Surya Makmur Kreasindo (HJ),Lunas,"",31350000.000001,0.0,24/04/2023,28243243.243244,3106756.756757,31350000.000001,"",SURABAYA,"","",CV TIGA NUSA,"",* PRINTER EPSON L121,"","",6.0,UNIT,1463963.963964,0.00 %,11.0,966216.2162162399999903378378378376,8783783.783784,8783783.783784,0.0,"",0.0,0.0,PT. Surya Makmur Kreasindo,"",081515111951,"",0.0,0.0
10/04/2023,Faktur Pembelian,PJL-23-04-00189,PT. Surya Makmur Kreasindo (HJ),Lunas,"",31350000.000001,0.0,24/04/2023,28243243.243244,3106756.756757,31350000.000001,"",SURABAYA,"","",CV TIGA NUSA,"",* PRINTER EPSON L3210,"","",10.0,UNIT,1945945.945946,0.00 %,11.0,2140540.540540599999978594594594594,19459459.45946,19459459.45946,0.0,"",0.0,0.0,PT. Surya Makmur Kreasindo,"",081515111951,"",0.0,0.0
10/04/2023,Faktur Pembelian,FK 2422,BETA COM,Lunas,"",21648000.0,0.0,24/04/2023,21648000.0,0.0,21648000.0,"","","","","","",CATRIDGE CANON 810 BLACK,"","",96.0,PCS,203000.0,0.00 %,"",0.0,19488000.0,19488000.0,0.0,"",0.0,0.0,"","","","",0.0,0.0
10/04/2023,Faktur Pembelian,FK 2422,BETA COM,Lunas,"",21648000.0,0.0,24/04/2023,21648000.0,0.0,21648000.0,"","","","","","","MAINTENANCE BOX G SERIES G1020, G2020 ( MCG02 )","","",20.0,PCS,108000.0,0.00 %,"",0.0,2160000.0,2160000.0,0.0,"",0.0,0.0,"","","","",0.0,0.0
10/04/2023,Faktur Pembelian,JL202300001853,EDISON ATK,Lunas,"",16170000.0,0.0,09/06/2023,16170000.0,0.0,16170000.0,"","","","","","",TINTA SPIDOL SNOWMAN WBI-20 HT ( WHITE BOARD ),"",(1 KOTAK ISI 12PCS),1200.0,PCS,13475.0,0.00 %,"",0.0,16170000.0,16170000.0,0.0,"",0.0,0.0,"","","","",0.0,0.0
11/04/2023,Faktur Pembelian,JL.2304.03365,CANDRA (BLESSING),Lunas,"",23590000.0,0.0,25/04/2023,21252252.252252,2337747.747748,23590000.0,"","","","",CV TIGA NUSA,"",* AIO ASUS V222FAK CI3-10110U 4GB 256GB SSD WIN 11 NW,"","",2.0,UNIT,6144144.144144,0.00 %,11.0,1351711.7117116799999864828828828832,12288288.288288,12288288.288288,0.0,"",0.0,0.0,"","","","",0.0,0.0
11/04/2023,Faktur Pembelian,JL.2304.03365,CANDRA (BLESSING),Lunas,"",23590000.0,0.0,25/04/2023,21252252.252252,2337747.747748,23590000.0,"","","","",CV TIGA NUSA,"",* AIO ASUS V222GAK INTEL J4025 4GB 256GB SSD #,"","",2.0,UNIT,4481981.981982,0.00 %,11.0,986036.036036040099990139639639639599,8963963.963964,8963963.963964,0.0,"",0.0,0.0,"","","","",0.0,0.0
11/04/2023,Faktur Pembelian,JL.2304.03368,CANDRA (BLESSING),Lunas,"",1710000.0,0.0,25/04/2023,1710000.0,0.0,1710000.0,"","","","",ARIES,"",SODIMM KINGSTONE DDR4 4GB PC3200,"","",6.0,PCS,285000.0,0.00 %,"",0.0,1710000.0,1710000.0,0.0,"",0.0,0.0,"","","","",0.0,0.0
11/04/2023,Faktur Pembelian,14215,CV. ROYAL,Lunas,"",4300000.0,0.0,11/05/2023,3873873.873874,426126.126126,4300000.0,"","","","",CV TIGA NUSA,"",* SAMSUNG GALAXY TAB 8 X205 LTE 4 / 128GB,"","",1.0,UNIT,3873873.873874,0.00 %,11.0,426126.1261261399999957387387387386,3873873.873874,3873873.873874,0.0,"",0.0,0.0,"","","","",0.0,0.0
11/04/2023,Faktur Pembelian,14216,KEVIN TELKOMSEL,Lunas,"",3360000.0,0.0,11/05/2023,3360000.0,0.0,3360000.0,"","","","","","",MODEM ORBIT STAR N2,"","",6.0,UNIT,560000.0,0.00 %,"",0.0,3360000.0,3360000.0,0.0,"",0.0,0.0,"","","","",0.0,0.0
11/04/2023,Faktur Pembelian,14217,DARMA DJ COMP,Lunas,"",19050000.0,0.0,11/05/2023,19050000.0,0.0,19050000.0,"","","","","","",ASUS BR1100CKA INTEL N4500 4GB 128GB eMMC WIN 11,"","",6.0,UNIT,3175000.0,0.00 %,"",0.0,19050000.0,19050000.0,0.0,"",0.0,0.0,"","","",087876835295,0.0,0.0
11/04/2023,Faktur Pembelian,14218,DARMA DJ COMP,Lunas,"",4300000.0,0.0,11/05/2023,4300000.0,0.0,4300000.0,"","","","","","","ACER ASPIRE 3 A314 AMD ATHLON 3050 4GB SSD 256 14"" NW","","",1.0,UNIT,4300000.0,0.00 %,"",0.0,4300000.0,4300000.0,0.0,"",0.0,0.0,"","","",087876835295,0.0,0.0
11/04/2023,Faktur Pembelian,14219,FIKTIF BELI,Lunas,"",150000.0,0.0,11/05/2023,150000.0,0.0,150000.0,"","","","","","",TINTA CANON ORI 790 BLACK NON PACK,"","",1.0,PCS,60000.0,0.00 %,"",0.0,60000.0,60000.0,0.0,"",0.0,0.0,"","","","",0.0,0.0
11/04/2023,Faktur Pembelian,14219,FIKTIF BELI,Lunas,"",150000.0,0.0,11/05/2023,150000.0,0.0,150000.0,"","","","","","",TINTA CANON ORI 790 CYAN NON PACK,"","",1.0,PCS,30000.0,0.00 %,"",0.0,30000.0,30000.0,0.0,"",0.0,0.0,"","","","",0.0,0.0
11/04/2023,Faktur Pembelian,14219,FIKTIF BELI,Lunas,"",150000.0,0.0,11/05/2023,150000.0,0.0,150000.0,"","","","","","",TINTA CANON ORI 790 YELLOW NON PACK,"","",1.0,PCS,30000.0,0.00 %,"",0.0,30000.0,30000.0,0.0,"",0.0,0.0,"","","","",0.0,0.0
11/04/2023,Faktur Pembelian,14219,FIKTIF BELI,Lunas,"",150000.0,0.0,11/05/2023,150000.0,0.0,150000.0,"","","","","","",TINTA CANON ORI 790 MAGENTA NON PACK,"","",1.0,PCS,30000.0,0.00 %,"",0.0,30000.0,30000.0,0.0,"",0.0,0.0,"","","","",0.0,0.0
11/04/2023,Faktur Pembelian,2304224,CV. BALI IT SOLUSI (ENY),Lunas,"",23599999.999999,0.0,25/04/2023,21261261.26126,2338738.738739,23599999.999999,"","","","",CV TIGA NUSA,"",* ASUS A416JAO CI3-1005G1/8GB/256GB SSD WIN 11,"","",4.0,UNIT,5315315.315315,0.00 %,11.0,2338738.738738599999976612612612614,21261261.26126,21261261.26126,0.0,"",0.0,0.0,"","","","",0.0,0.0
11/04/2023,Faktur Pembelian,1432/JL/UTM/0423,ATC,Lunas,"",89000000.0,0.0,25/04/2023,80180180.18018,8819819.81982,89000000.0,"","","","",CV TIGA NUSA,"","* ACER 3 A314 - 35 N5100 4GB 256GB SSD 14""","","",20.0,UNIT,4009009.009009,0.00 %,11.0,8819819.81981980099991180180180180199,80180180.18018,80180180.18018,0.0,"",0.0,0.0,"","","","",0.0,0.0
11/04/2023,Faktur Pembelian,001446,LILI (PLATINUM),Lunas,"",4740000.0,0.0,11/05/2023,4740000.0,0.0,4740000.0,"","","","","","",BATERAI ASUS X200CA,"","",1.0,PCS,230000.0,0.00 %,"",0.0,230000.0,230000.0,0.0,"",0.0,0.0,"","","","",0.0,0.0
11/04/2023,Faktur Pembelian,001446,LILI (PLATINUM),Lunas,"",4740000.0,0.0,11/05/2023,4740000.0,0.0,4740000.0,"","","","","","",KABEL AUDIO 1 - 1,"","",60.0,PCS,6000.0,0.00 %,"",0.0,360000.0,360000.0,0.0,"",0.0,0.0,"","","","",0.0,0.0
11/04/2023,Faktur Pembelian,001446,LILI (PLATINUM),Lunas,"",4740000.0,0.0,11/05/2023,4740000.0,0.0,4740000.0,"","","","","","",KABEL AUDIO 1 - 2,"","",60.0,PCS,6000.0,0.00 %,"",0.0,360000.0,360000.0,0.0,"",0.0,0.0,"","","","",0.0,0.0
11/04/2023,Faktur Pembelian,001446,LILI (PLATINUM),Lunas,"",4740000.0,0.0,11/05/2023,4740000.0,0.0,4740000.0,"","","","","","",MOUSE WIRELESS BANDA,"","",39.0,PCS,30000.0,0.00 %,"",0.0,1170000.0,1170000.0,0.0,"",0.0,0.0,"","","","",0.0,0.0
11/04/2023,Faktur Pembelian,001446,LILI (PLATINUM),Lunas,"",4740000.0,0.0,11/05/2023,4740000.0,0.0,4740000.0,"","","","","","",TANG CRIMPING RJ45 BIASA,"","",50.0,PCS,29500.0,0.00 %,"",0.0,1475000.0,1475000.0,0.0,"",0.0,0.0,"","","","",0.0,0.0
11/04/2023,Faktur Pembelian,001446,LILI (PLATINUM),Lunas,"",4740000.0,0.0,11/05/2023,4740000.0,0.0,4740000.0,"","","","","","",KEYBOARD ACER A314-22 RYZEN,"","",6.0,PCS,115000.0,0.00 %,"",0.0,690000.0,690000.0,0.0,"",0.0,0.0,"","","","",0.0,0.0
11/04/2023,Faktur Pembelian,001446,LILI (PLATINUM),Lunas,"",4740000.0,0.0,11/05/2023,4740000.0,0.0,4740000.0,"","","","","","",CONVERTER USB TO VGA,"","",5.0,PCS,91000.0,0.00 %,"",0.0,455000.0,455000.0,0.0,"",0.0,0.0,"","","","",0.0,0.0
11/04/2023,Faktur Pembelian,2304033,ANDY (JMK),Lunas,BAYAR,12000000.0,0.0,11/05/2023,12000000.0,0.0,12000000.0,"","","","","","",KABEL LAN ZIMM LINK,"","",30.0,DUS,400000.0,0.00 %,"",0.0,12000000.0,12000000.0,0.0,"",0.0,0.0,"","","","",0.0,0.0
12/04/2023,Faktur Pembelian,14220,ONLINE,Lunas,"",461500.0,0.0,12/05/2023,461500.0,0.0,461500.0,"","","","","","",TABUNG INFUS 5 WARNA,"","",13.0,PCS,35500.0,0.00 %,"",0.0,461500.0,461500.0,0.0,"",0.0,0.0,"","","","",0.0,0.0
12/04/2023,Faktur Pembelian,14221,ONLINE,Lunas,"",800000.0,0.0,12/05/2023,800000.0,0.0,800000.0,"","","","","","",DRUM KIT BROTHER L2540 DW,"","",4.0,UNIT,200000.0,0.00 %,"",0.0,800000.0,800000.0,0.0,"",0.0,0.0,"","","","",0.0,0.0
12/04/2023,Faktur Pembelian,PJL-23-04-00269,PT. Surya Makmur Kreasindo (HJ),Lunas,"",25250000.000003,3.0e-06,26/04/2023,22747747.74775,2502252.252253,25250000.0,"",SURABAYA,"","",CV TIGA NUSA,"",* PROJECTOR EPSON EB E500 XVGAVGA HDMI,"","",5.0,UNIT,4549549.54955,0.00 %,11.0,2502252.252252499999974977477477475,22747747.74775,22747747.74775,0.0,"",0.0,0.0,PT. Surya Makmur Kreasindo,"",081515111951,"",3.0e-06,0.0
12/04/2023,Faktur Pembelian,00637097_036,PRIYO (K GALAXY),Lunas,"",4130000.0,0.0,12/05/2023,4130000.0,0.0,4130000.0,"","","","","","",MB FAST H61,"","",5.0,PCS,430000.0,0.00 %,"",0.0,2150000.0,2150000.0,0.0,"",0.0,0.0,"","","","",0.0,0.0
12/04/2023,Faktur Pembelian,00637097_036,PRIYO (K GALAXY),Lunas,"",4130000.0,0.0,12/05/2023,4130000.0,0.0,4130000.0,"","","","","","",RAM PC KINGSTONE DDR3 8GB,"","",2.0,PCS,125000.0,0.00 %,"",0.0,250000.0,250000.0,0.0,"",0.0,0.0,"","","","",0.0,0.0
12/04/2023,Faktur Pembelian,00637097_036,PRIYO (K GALAXY),Lunas,"",4130000.0,0.0,12/05/2023,4130000.0,0.0,4130000.0,"","","","","","",MB G41 EZPRO,"","",4.0,PCS,350000.0,0.00 %,"",0.0,1400000.0,1400000.0,0.0,"",0.0,0.0,"","","","",0.0,0.0
12/04/2023,Faktur Pembelian,00637097_036,PRIYO (K GALAXY),Lunas,"",4130000.0,0.0,12/05/2023,4130000.0,0.0,4130000.0,"","","","","","",PROC INTEL CORE I3 GEN 2,"","",3.0,PCS,110000.0,0.00 %,"",0.0,330000.0,330000.0,0.0,"",0.0,0.0,"","","","",0.0,0.0
12/04/2023,Faktur Pembelian,JL.2304.04114,CANDRA (BLESSING),Lunas,"",19012999.999999,0.0,26/04/2023,17128828.828828,1884171.171171,19012999.999999,"","","","",CV TIGA NUSA,"","* AXIOO MYBOOK 14E INTEL N4000 4GB 256GB SSD 14""","","",2.0,UNIT,2324324.324324,0.00 %,11.0,511351.3513512799999948864864864872,4648648.648648,4648648.648648,0.0,"",0.0,0.0,"","","","",0.0,0.0
12/04/2023,Faktur Pembelian,JL.2304.04114,CANDRA (BLESSING),Lunas,"",19012999.999999,0.0,26/04/2023,17128828.828828,1884171.171171,19012999.999999,"","","","",CV TIGA NUSA,"",* SCANNER Fujitsu Fast Image Fi-7140,"","",1.0,UNIT,12480180.18018,0.00 %,11.0,1372819.819819799999986271801801802,12480180.18018,12480180.18018,0.0,"",0.0,0.0,"","","","",0.0,0.0
12/04/2023,Faktur Pembelian,2304210,CV. BALI IT SOLUSI (ENY),Lunas,"",16500000.0,0.0,26/04/2023,14864864.864865,1635135.135135,16500000.0,"","","","",CV TIGA NUSA,"","* LENOVO IP D330 N4020 8GB eMMC 128GB 10.1""HD IPS TOUCH","","",5.0,UNIT,2972972.972973,0.00 %,11.0,1635135.1351351499999836486486486485,14864864.864865,14864864.864865,0.0,"",0.0,0.0,"","","","",0.0,0.0
12/04/2023,Faktur Pembelian,001447,LILI (PLATINUM),Lunas,"",7410000.0,0.0,12/05/2023,7410000.0,0.0,7410000.0,"","","","","","",COOLINGPAD KEPITING,"","",300.0,PCS,22000.0,0.00 %,"",0.0,6600000.0,6600000.0,0.0,"",0.0,0.0,"","","","",0.0,0.0
12/04/2023,Faktur Pembelian,001447,LILI (PLATINUM),Lunas,"",7410000.0,0.0,12/05/2023,7410000.0,0.0,7410000.0,"","","","","","","KABEL VGA 1,5 METER HQ","","",30.0,PCS,27000.0,0.00 %,"",0.0,810000.0,810000.0,0.0,"",0.0,0.0,"","","","",0.0,0.0
12/04/2023,Faktur Pembelian,04202331659,AGUS (DORAN),Lunas,"",3928000.0,0.0,12/05/2023,3928000.0,0.0,3928000.0,"",SURABAYA,"","","","",KEYBOARD LOGITECH K120,"","",40.0,PCS,98200.0,0.00 %,"",0.0,3928000.0,3928000.0,0.0,"",0.0,0.0,"","","","",0.0,0.0
12/04/2023,Faktur Pembelian,04202332101,AGUS (DORAN),Lunas,"",8680000.0,0.0,12/05/2023,8680000.0,0.0,8680000.0,"",SURABAYA,"","","","",SSD SANDISK PLUS 240GB,"","",28.0,PCS,310000.0,0.00 %,"",0.0,8680000.0,8680000.0,0.0,"",0.0,0.0,"","","","",0.0,0.0
12/04/2023,Faktur Pembelian,00637100_036,PRIYO (K GALAXY),Lunas,"",10425000.0,0.0,12/05/2023,10425000.0,0.0,10425000.0,"","","","","","",CASING PC SIMBADDA SIM V,"","",30.0,PCS,347500.0,0.00 %,"",0.0,10425000.0,10425000.0,0.0,"",0.0,0.0,"","","","",0.0,0.0
13/04/2023,Faktur Pembelian,00637144_036,PRIYO (K GALAXY),Lunas,"",15950000.0,0.0,13/05/2023,15950000.0,0.0,15950000.0,"","","","","","",PRINTER EPSON L121,"","",10.0,UNIT,1595000.0,0.00 %,"",0.0,15950000.0,15950000.0,0.0,"",0.0,0.0,"","","","",0.0,0.0
13/04/2023,Faktur Pembelian,JL.2304.04391,CANDRA (BLESSING),Lunas,"",33050000.0,0.0,27/04/2023,29774774.774775,3275225.225225,33050000.0,"","","","",CV TIGA NUSA,"","* ACER 5 A514 - 54G - 32GJ Ci3-1115G4 8GB 512GB SSD MX 350 2GB WIN 11 14""","","",5.0,UNIT,5954954.954955,0.00 %,11.0,3275225.2252252499999672477477477475,29774774.774775,29774774.774775,0.0,"",0.0,0.0,"","","","",0.0,0.0
13/04/2023,Faktur Pembelian,JL.2304.04297,CANDRA (BLESSING),Lunas,"",11120000.0,0.0,27/04/2023,11120000.0,0.0,11120000.0,"","","","",AGUS,"",HDD PC WD PURPLE 1 TB,"","",10.0,PCS,635000.0,0.00 %,"",0.0,6350000.0,6350000.0,0.0,"",0.0,0.0,"","","","",0.0,0.0
13/04/2023,Faktur Pembelian,JL.2304.04297,CANDRA (BLESSING),Lunas,"",11120000.0,0.0,27/04/2023,11120000.0,0.0,11120000.0,"","","","",AGUS,"",SSD LEXAR 256GB LNS100 - 256RB VALUE 2.5 SATA,"","",10.0,PCS,295000.0,0.00 %,"",0.0,2950000.0,2950000.0,0.0,"",0.0,0.0,"","","","",0.0,0.0
13/04/2023,Faktur Pembelian,JL.2304.04297,CANDRA (BLESSING),Lunas,"",11120000.0,0.0,27/04/2023,11120000.0,0.0,11120000.0,"","","","",AGUS,"",VGA DIGITAL ALIANCE GT730 2GB DDR3 128BIT,"","",2.0,PCS,600000.0,0.00 %,"",0.0,1200000.0,1200000.0,0.0,"",0.0,0.0,"","","","",0.0,0.0
13/04/2023,Faktur Pembelian,JL.2304.04297,CANDRA (BLESSING),Lunas,"",11120000.0,0.0,27/04/2023,11120000.0,0.0,11120000.0,"","","","",AGUS,"",SODIMM KINGSTONE DDR4 FURY 16GB PC 3200,"","",1.0,PCS,620000.0,0.00 %,"",0.0,620000.0,620000.0,0.0,"",0.0,0.0,"","","","",0.0,0.0
13/04/2023,Faktur Pembelian,JL.2304.04441,CANDRA (BLESSING),Lunas,"",6790000.0,0.0,27/04/2023,6790000.0,0.0,6790000.0,"","","","",AGUS,"",CASING PARADOX GAMING BELIAL,"","",1.0,PCS,415000.0,0.00 %,"",0.0,415000.0,415000.0,0.0,"",0.0,0.0,"","","","",0.0,0.0
13/04/2023,Faktur Pembelian,JL.2304.04441,CANDRA (BLESSING),Lunas,"",6790000.0,0.0,27/04/2023,6790000.0,0.0,6790000.0,"","","","",AGUS,"",MB GIGABYTE B560M DS3H V2,"","",1.0,UNIT,1685000.0,0.00 %,"",0.0,1685000.0,1685000.0,0.0,"",0.0,0.0,"","","","",0.0,0.0
13/04/2023,Faktur Pembelian,JL.2304.04441,CANDRA (BLESSING),Lunas,"",6790000.0,0.0,27/04/2023,6790000.0,0.0,6790000.0,"","","","",AGUS,"",PROC INTEL CORE i5 - 11400 ROCKET LAKE include Fan,"","",1.0,PCS,2360000.0,0.00 %,"",0.0,2360000.0,2360000.0,0.0,"",0.0,0.0,"","","","",0.0,0.0
13/04/2023,Faktur Pembelian,JL.2304.04441,CANDRA (BLESSING),Lunas,"",6790000.0,0.0,27/04/2023,6790000.0,0.0,6790000.0,"","","","",AGUS,"",SSD SAMSUNG 500GB 980 NVME,"","",1.0,PCS,750000.0,0.00 %,"",0.0,750000.0,750000.0,0.0,"",0.0,0.0,"","","","",0.0,0.0
13/04/2023,Faktur Pembelian,JL.2304.04441,CANDRA (BLESSING),Lunas,"",6790000.0,0.0,27/04/2023,6790000.0,0.0,6790000.0,"","","","",AGUS,"",RAM PC CORSAIR DDR4 PC1X16GB VENGEANCE RGB RS NW,"","",1.0,PCS,820000.0,0.00 %,"",0.0,820000.0,820000.0,0.0,"",0.0,0.0,"","","","",0.0,0.0
13/04/2023,Faktur Pembelian,JL.2304.04441,CANDRA (BLESSING),Lunas,"",6790000.0,0.0,27/04/2023,6790000.0,0.0,6790000.0,"","","","",AGUS,"",PSU COOLER MASTER MWE BRONZE 550W V2 230V,"","",1.0,PCS,760000.0,0.00 %,"",0.0,760000.0,760000.0,0.0,"",0.0,0.0,"","","","",0.0,0.0
13/04/2023,Faktur Pembelian,JL.2304.04445,CANDRA (BLESSING),Lunas,"",13220000.0,0.0,27/04/2023,11909909.90991,1310090.09009,13220000.0,"","","","",CV TIGA NUSA,"","* ACER 5 A514 - 54G - 32GJ Ci3-1115G4 8GB 512GB SSD MX 350 2GB WIN 11 14""","","",2.0,UNIT,5954954.954955,0.00 %,11.0,1310090.090090099999986899099099099,11909909.90991,11909909.90991,0.0,"",0.0,0.0,"","","","",0.0,0.0
13/04/2023,Faktur Pembelian,14228,FIKTIF BELI,Lunas,"",720000.0,0.0,13/05/2023,720000.0,0.0,720000.0,"","","","","","",KABEL CCTV PERMETER,"","",300.0,METER,2400.0,0.00 %,"",0.0,720000.0,720000.0,0.0,"",0.0,0.0,"","","","",0.0,0.0
13/04/2023,Faktur Pembelian,D/23/00395/NTB,PT SAMAMAJU PRIMA NTB,Lunas,"",1592552.0,0.0,13/05/2023,1592552.0,0.0,1592552.0,"","","","",RAHMAT,"",BUKU HARD COVER FOLIO (ISI 100),"","",100.0,PCS,15925.52,0.00 %,"",0.0,1592552.0,1592552.0,0.0,"",0.0,0.0,"","","","",0.0,0.0
13/04/2023,Faktur Pembelian,D/23/00394/NTB,PT SAMAMAJU PRIMA NTB,Lunas,"",28842405.4,0.0,13/05/2023,28842405.4,0.0,28842405.4,"","","","",RAHMAT,"",PAPERLINE CF K3 W PRS ( 3 PLY PRS ),"","",30.0,DUS,458028.1,0.00 %,"",0.0,13693368.387435,13740843.0,99999.0,"",0.0,0.0,"","","","",0.0,0.35
13/04/2023,Faktur Pembelian,D/23/00394/NTB,PT SAMAMAJU PRIMA NTB,Lunas,"",28842405.4,0.0,13/05/2023,28842405.4,0.0,28842405.4,"","","","",RAHMAT,"",KERTAS 2 PLY PRS,"","",30.0,DUS,297891.08,0.00 %,"",0.0,8905855.989558,8936732.4,99999.0,"",0.0,0.0,"","","","",0.0,0.35
13/04/2023,Faktur Pembelian,D/23/00394/NTB,PT SAMAMAJU PRIMA NTB,Lunas,"",28842405.4,0.0,13/05/2023,28842405.4,0.0,28842405.4,"","","","",RAHMAT,"",PAPERLINE 1 PLY A3 CF B1,"","",20.0,DUS,313241.45,0.00 %,"",0.0,6243184.015805,6264829.0,99999.0,"",0.0,0.0,"","","","",0.0,0.35
13/04/2023,Faktur Pembelian,D/23/00393/NTB ,PT SAMAMAJU PRIMA NTB,Lunas,"",45589955.0,0.0,13/05/2023,45589955.0,0.0,45589955.0,"","","","",AGUS,"",SIDU F4 70,"","",500.0,PCS,48507.83,0.00 %,"",0.0,24253915.0,24253915.0,0.0,"",0.0,0.0,"","","","",0.0,0.0
13/04/2023,Faktur Pembelian,D/23/00393/NTB ,PT SAMAMAJU PRIMA NTB,Lunas,"",45589955.0,0.0,13/05/2023,45589955.0,0.0,45589955.0,"","","","",AGUS,"",SIDU A4 70,"","",500.0,PCS,42672.08,0.00 %,"",0.0,21336040.0,21336040.0,0.0,"",0.0,0.0,"","","","",0.0,0.0
13/04/2023,Faktur Pembelian,14229,FIKTIF BELI,Lunas,"",308000.0,0.0,13/05/2023,308000.0,0.0,308000.0,"","","","","","",BATERAI CAMERA CANON LP E5,"","",1.0,PCS,200000.0,0.00 %,"",0.0,200000.0,200000.0,0.0,"",0.0,0.0,"","","","",0.0,0.0
13/04/2023,Faktur Pembelian,14229,FIKTIF BELI,Lunas,"",308000.0,0.0,13/05/2023,308000.0,0.0,308000.0,"","","","","","",BATERAI CAMERA CANON LP E8,"","",1.0,PCS,108000.0,0.00 %,"",0.0,108000.0,108000.0,0.0,"",0.0,0.0,"","","","",0.0,0.0
13/04/2023,Faktur Pembelian,PJL-23-04-00292,PT. Surya Makmur Kreasindo (HJ),Lunas,"",21600000.000001,1.0e-06,27/04/2023,19459459.45946,2140540.540541,21600000.0,"",SURABAYA,"","",CV TIGA NUSA,"",* PRINTER EPSON L3210,"","",10.0,UNIT,1945945.945946,0.00 %,11.0,2140540.540540599999978594594594594,19459459.45946,19459459.45946,0.0,"",0.0,0.0,PT. Surya Makmur Kreasindo,"",081515111951,"",1.0e-06,0.0
13/04/2023,Faktur Pembelian,PJL-23-04-00293,PT. Surya Makmur Kreasindo (HJ),Lunas,"",4905000.0,0.0,27/04/2023,4418918.918919,486081.081081,4905000.0,"",SURABAYA,"","",CV TIGA NUSA,"",* PRINTER EPSON L121,"","",3.0,UNIT,1472972.972973,0.00 %,11.0,486081.0810810899999951391891891891,4418918.918919,4418918.918919,0.0,"",0.0,0.0,PT. Surya Makmur Kreasindo,"",081515111951,"",0.0,0.0
13/04/2023,Faktur Pembelian,JL5523040396,YULI (HP CENTRE),Lunas,"",18382000.0,0.0,13/05/2023,16560360.36036,1821639.63964,18382000.0,"","","","",CV TIGA NUSA,"",* ACER 5 A514 - 55 Ci5 - 1235U 8GB 512GB SSD WIN 11,"","",2.0,UNIT,8280180.18018,0.00 %,11.0,1821639.639639599999981783603603604,16560360.36036,16560360.36036,0.0,"",0.0,0.0,"","","","",0.0,0.0
14/04/2023,Faktur Pembelian,JL.2304.04755,CANDRA (BLESSING),Lunas,TITIP BARU BAYAR,22000000.0,0.0,08/05/2023,19819819.81982,2180180.18018,22000000.0,"","","","",CV TIGA NUSA,"","* ASUS P1411CMA N4020 4GB 256GB SSD 14 "" (KS)","","",5.0,UNIT,3963963.963964,0.00 %,11.0,2180180.180180199999978198198198198,19819819.81982,19819819.81982,0.0,"",0.0,0.0,"","","","",0.0,0.0
14/04/2023,Faktur Pembelian,JL.2304.04754,CANDRA (BLESSING),Lunas,TITIP BARU BAYAR,4400000.0,0.0,08/05/2023,3963963.963964,436036.036036,4400000.0,"","","","",CV TIGA NUSA,"","* ASUS P1411CMA N4020 4GB 256GB SSD 14 "" (KS)","","",1.0,UNIT,3963963.963964,0.00 %,11.0,436036.0360360399999956396396396396,3963963.963964,3963963.963964,0.0,"",0.0,0.0,"","","","",0.0,0.0
14/04/2023,Faktur Pembelian,JL.2304.04592,CANDRA (BLESSING),Lunas,"",39270000.000001,0.0,08/05/2023,35378378.378379,3891621.621622,39270000.000001,"","","","",CV TIGA NUSA,"","* ACER 5 A514 - 54G - 32GJ Ci3-1115G4 8GB 512GB SSD MX 350 2GB WIN 11 14""","","",4.0,UNIT,5954954.954955,0.00 %,11.0,2620180.180180199999973798198198198,23819819.81982,23819819.81982,0.0,"",0.0,0.0,"","","","",0.0,0.0
14/04/2023,Faktur Pembelian,JL.2304.04592,CANDRA (BLESSING),Lunas,"",39270000.000001,0.0,08/05/2023,35378378.378379,3891621.621622,39270000.000001,"","","","",CV TIGA NUSA,"",* ACER SWIFT OLED SF31 Ci5-12500H 16GB 512GB SSD IRIS XE GRAPHICS 80EU WIN 11,"","",1.0,UNIT,11558558.558559,0.00 %,11.0,1271441.4414414899999872855855855851,11558558.558559,11558558.558559,0.0,"",0.0,0.0,"","","","",0.0,0.0
14/04/2023,Faktur Pembelian,14230,FIKTIF BELI,Lunas,"",1580000.000045,0.0,14/05/2023,1580000.000045,0.0,1580000.000045,"","","","","","",KABEL LAN BELDEN / COMSCAPE CAT 5 PERMETER,"","",305.0,METER,5180.327869,0.00 %,"",0.0,1580000.000045,1580000.000045,0.0,"",0.0,0.0,"","","","",0.0,0.0
14/04/2023,Faktur Pembelian,04202336733,AGUS (DORAN),Lunas,"",3799000.0,0.0,14/05/2023,3799000.0,0.0,3799000.0,"",SURABAYA,"","","","",MOUSE LOGITECH WIRELESS M170,"","",15.0,PCS,105000.0,0.00 %,"",0.0,1575000.0,1575000.0,0.0,"",0.0,0.0,"","","","",0.0,0.0
14/04/2023,Faktur Pembelian,04202336733,AGUS (DORAN),Lunas,"",3799000.0,0.0,14/05/2023,3799000.0,0.0,3799000.0,"",SURABAYA,"","","","",SWITCH LAN TPLINK TL-SG1008D GIGABIT 8 PORT #,"","",2.0,PCS,274500.0,0.00 %,"",0.0,549000.0,549000.0,0.0,"",0.0,0.0,"","","","",0.0,0.0
14/04/2023,Faktur Pembelian,04202336733,AGUS (DORAN),Lunas,"",3799000.0,0.0,14/05/2023,3799000.0,0.0,3799000.0,"",SURABAYA,"","","","",CAM CCTV EZVIZ C6N #,"","",5.0,UNIT,335000.0,0.00 %,"",0.0,1675000.0,1675000.0,0.0,"",0.0,0.0,"","","","",0.0,0.0
15/04/2023,Faktur Pembelian,14231,FIKTIF BELI,Lunas,"",367500.0,0.0,15/05/2023,367500.0,0.0,367500.0,"","","","","","",DATA PRINT DP 27,"","",15.0,KOTAK,24500.0,0.00 %,"",0.0,367500.0,367500.0,0.0,"",0.0,0.0,"","","","",0.0,0.0
15/04/2023,Faktur Pembelian,JL.2304.05179,CANDRA (BLESSING),Lunas,"",12645000.0,0.0,09/05/2023,11391891.891892,1253108.108108,12645000.0,"","","","",CV TIGA NUSA,"",* ACER SPIN 3 ACTIVE SP313 Ci5-1135G7 8GB 512GB SSD INTEL IRIS XE WIN 11,"","",1.0,UNIT,11391891.891892,0.00 %,11.0,1253108.1081081199999874689189189188,11391891.891892,11391891.891892,0.0,"",0.0,0.0,"","","","",0.0,0.0
15/04/2023,Faktur Pembelian,JL.2304.04879,CANDRA (BLESSING),Lunas,"",98150000.000002,0.0,09/05/2023,88423423.423425,9726576.576577,98150000.000002,"","","","",CV TIGA NUSA,"","* ACER 5 A514 - 54G - 32GJ Ci3-1115G4 8GB 512GB SSD MX 350 2GB WIN 11 14""","","",10.0,UNIT,5954954.954955,0.00 %,11.0,6550450.450450499999934495495495495,59549549.54955,59549549.54955,0.0,"",0.0,0.0,"","","","",0.0,0.0
15/04/2023,Faktur Pembelian,JL.2304.04879,CANDRA (BLESSING),Lunas,"",98150000.000002,0.0,09/05/2023,88423423.423425,9726576.576577,98150000.000002,"","","","",CV TIGA NUSA,"",* ACER 3 A314 36M Ci3-N305 / 8GB / 512GB SSD WIN 11,"","",3.0,UNIT,5720720.720721,0.00 %,11.0,1887837.8378379299999811216216216207,17162162.162163,17162162.162163,0.0,"",0.0,0.0,"","","","",0.0,0.0
15/04/2023,Faktur Pembelian,JL.2304.04879,CANDRA (BLESSING),Lunas,"",98150000.000002,0.0,09/05/2023,88423423.423425,9726576.576577,98150000.000002,"","","","",CV TIGA NUSA,"",* ASUS M3401QC OLED 759 AMD RYZEN 7 - 5800H 8GB 512GB SSD RTX 3050 4GB WIN 11,"","",1.0,UNIT,11711711.711712,0.00 %,11.0,1288288.2882883199999871171171171168,11711711.711712,11711711.711712,0.0,"",0.0,0.0,"","","","",0.0,0.0
15/04/2023,Faktur Pembelian,JL.2304.05176,CANDRA (BLESSING),Lunas,"",11030000.0,0.0,09/05/2023,11030000.0,0.0,11030000.0,"","","","",AGUS,"",BROTHER DCP L2540 DW,"","",1.0,PCS,2790000.0,0.00 %,"",0.0,2790000.0,2790000.0,0.0,"",0.0,0.0,"","","","",0.0,0.0
15/04/2023,Faktur Pembelian,JL.2304.05176,CANDRA (BLESSING),Lunas,"",11030000.0,0.0,09/05/2023,11030000.0,0.0,11030000.0,"","","","",AGUS,"",PRINTER EPSON L5290,"","",2.0,UNIT,4120000.0,0.00 %,"",0.0,8240000.0,8240000.0,0.0,"",0.0,0.0,"","","","",0.0,0.0
15/04/2023,Faktur Pembelian,JL.2304.05208,CANDRA (BLESSING),Lunas,"",12899999.999998,0.0,09/05/2023,11621621.62162,1278378.378378,12899999.999998,"","","","",CV TIGA NUSA,"","* AXIOO MYBOOK 14E INTEL N4000 4GB 256GB SSD 14""","","",5.0,UNIT,2324324.324324,0.00 %,11.0,1278378.378378199999987216216216218,11621621.62162,11621621.62162,0.0,"",0.0,0.0,"","","","",0.0,0.0
15/04/2023,Faktur Pembelian,JL.2304.05259,CANDRA (BLESSING),Lunas,"",1470000.0,0.0,09/05/2023,1470000.0,0.0,1470000.0,"","","","",AGUS,"","SSD LEXAR 512GB LNS100-512RB VALUE 2,5 SATA","","",3.0,PCS,490000.0,0.00 %,"",0.0,1470000.0,1470000.0,0.0,"",0.0,0.0,"","","","",0.0,0.0
15/04/2023,Faktur Pembelian,2304324,CV. BALI IT SOLUSI (ENY),Lunas,"",5900000.0,0.0,29/04/2023,5315315.315315,584684.684685,5900000.0,"","","","",CV TIGA NUSA,"",* ASUS A416JAO CI3-1005G1/8GB/256GB SSD WIN 11,"","",1.0,UNIT,5315315.315315,0.00 %,11.0,584684.6846846499999941531531531535,5315315.315315,5315315.315315,0.0,"",0.0,0.0,"","","","",0.0,0.0
15/04/2023,Faktur Pembelian,001451,LILI (PLATINUM),Lunas,"",255000.0,0.0,15/05/2023,255000.0,0.0,255000.0,"","","","","","",KEYBOARD LAPTOP HP 14S,"","",3.0,PCS,85000.0,0.00 %,"",0.0,255000.0,255000.0,0.0,"",0.0,0.0,"","","","",0.0,0.0
16/04/2023,Faktur Pembelian,14232,FIKTIF BELI,Lunas,"",150000.0,0.0,16/05/2023,150000.0,0.0,150000.0,"","","","","","",TINTA CANON ORI 790 BLACK NON PACK,"","",1.0,PCS,60000.0,0.00 %,"",0.0,60000.0,60000.0,0.0,"",0.0,0.0,"","","","",0.0,0.0
16/04/2023,Faktur Pembelian,14232,FIKTIF BELI,Lunas,"",150000.0,0.0,16/05/2023,150000.0,0.0,150000.0,"","","","","","",TINTA CANON ORI 790 CYAN NON PACK,"","",1.0,PCS,30000.0,0.00 %,"",0.0,30000.0,30000.0,0.0,"",0.0,0.0,"","","","",0.0,0.0
16/04/2023,Faktur Pembelian,14232,FIKTIF BELI,Lunas,"",150000.0,0.0,16/05/2023,150000.0,0.0,150000.0,"","","","","","",TINTA CANON ORI 790 YELLOW NON PACK,"","",1.0,PCS,30000.0,0.00 %,"",0.0,30000.0,30000.0,0.0,"",0.0,0.0,"","","","",0.0,0.0
16/04/2023,Faktur Pembelian,14232,FIKTIF BELI,Lunas,"",150000.0,0.0,16/05/2023,150000.0,0.0,150000.0,"","","","","","",TINTA CANON ORI 790 MAGENTA NON PACK,"","",1.0,PCS,30000.0,0.00 %,"",0.0,30000.0,30000.0,0.0,"",0.0,0.0,"","","","",0.0,0.0
17/04/2023,Faktur Pembelian,14233,KO ROBBY,Lunas,"",177595.56,0.0,17/05/2023,177595.56,0.0,177595.56,"","","","","","",BATERAI A 23,"","",12.0,PCS,14799.63,0.00 %,"",0.0,177595.56,177595.56,0.0,"",0.0,0.0,"","","","",0.0,0.0
17/04/2023,Faktur Pembelian,2304325,CV. BALI IT SOLUSI (ENY),Lunas,"",6960000.0,0.0,01/05/2023,6960000.0,0.0,6960000.0,"","","","","","",CCTV CAM DAHUA HAC B1A21 IR BULLET (OUTDOOR),"","",10.0,PCS,163000.0,0.00 %,"",0.0,1630000.0,1630000.0,0.0,"",0.0,0.0,"","","","",0.0,0.0
17/04/2023,Faktur Pembelian,2304325,CV. BALI IT SOLUSI (ENY),Lunas,"",6960000.0,0.0,01/05/2023,6960000.0,0.0,6960000.0,"","","","","","",CCTV CAM DAHUA HAC-T1A21 IR BULLET (INDOOR),"","",10.0,PCS,152000.0,0.00 %,"",0.0,1520000.0,1520000.0,0.0,"",0.0,0.0,"","","","",0.0,0.0
17/04/2023,Faktur Pembelian,2304325,CV. BALI IT SOLUSI (ENY),Lunas,"",6960000.0,0.0,01/05/2023,6960000.0,0.0,6960000.0,"","","","","","",CCTV DVR DAHUA 8CH XVR1B08-1 (MH),"","",6.0,UNIT,635000.0,0.00 %,"",0.0,3810000.0,3810000.0,0.0,"",0.0,0.0,"","","","",0.0,0.0
17/04/2023,Faktur Pembelian,14234,FIKTIF BELI,Lunas,"",1000000.0,0.0,17/05/2023,1000000.0,0.0,1000000.0,"","","","","","",MATERAI 10.000,"","",100.0,PCS,10000.0,0.00 %,"",0.0,1000000.0,1000000.0,0.0,"",0.0,0.0,"","","","",0.0,0.0
17/04/2023,Faktur Pembelian,14235,FIKTIF BELI,Lunas,"",150000.0,0.0,17/05/2023,150000.0,0.0,150000.0,"","","","","","",TINTA CANON ORI 790 BLACK NON PACK,"","",1.0,PCS,60000.0,0.00 %,"",0.0,60000.0,60000.0,0.0,"",0.0,0.0,"","","","",0.0,0.0
17/04/2023,Faktur Pembelian,14235,FIKTIF BELI,Lunas,"",150000.0,0.0,17/05/2023,150000.0,0.0,150000.0,"","","","","","",TINTA CANON ORI 790 CYAN NON PACK,"","",1.0,PCS,30000.0,0.00 %,"",0.0,30000.0,30000.0,0.0,"",0.0,0.0,"","","","",0.0,0.0
17/04/2023,Faktur Pembelian,14235,FIKTIF BELI,Lunas,"",150000.0,0.0,17/05/2023,150000.0,0.0,150000.0,"","","","","","",TINTA CANON ORI 790 YELLOW NON PACK,"","",1.0,PCS,30000.0,0.00 %,"",0.0,30000.0,30000.0,0.0,"",0.0,0.0,"","","","",0.0,0.0
17/04/2023,Faktur Pembelian,14235,FIKTIF BELI,Lunas,"",150000.0,0.0,17/05/2023,150000.0,0.0,150000.0,"","","","","","",TINTA CANON ORI 790 MAGENTA NON PACK,"","",1.0,PCS,30000.0,0.00 %,"",0.0,30000.0,30000.0,0.0,"",0.0,0.0,"","","","",0.0,0.0
17/04/2023,Faktur Pembelian,14236,FIKTIF BELI,Lunas,"",720000.0,0.0,17/05/2023,720000.0,0.0,720000.0,"","","","","","",KABEL CCTV PERMETER,"","",300.0,METER,2400.0,0.00 %,"",0.0,720000.0,720000.0,0.0,"",0.0,0.0,"","","","",0.0,0.0
18/04/2023,Faktur Pembelian,14237,KO ROBBY,Lunas,"",190400.0,0.0,18/05/2023,190400.0,0.0,190400.0,"","","","","","",BATERAI PANASONIC PRIMA / EVR MERAH AAA,"","",80.0,PCS,2380.0,0.00 %,"",0.0,190400.0,190400.0,0.0,"",0.0,0.0,"","","","",0.0,0.0
18/04/2023,Faktur Pembelian,JL2304.05537,CANDRA (BLESSING),Lunas,"",14589000.0,0.0,12/05/2023,14589000.0,0.0,14589000.0,"","","","",AGUS,"",PC BUILUP ACER TC 1650 CI3-10105 4GB 1TB + SSD 256GB 19 INCS LED,"","",1.0,UNIT,7599000.0,0.00 %,"",0.0,7599000.0,7599000.0,0.0,"",0.0,0.0,"","","","",0.0,0.0
18/04/2023,Faktur Pembelian,JL2304.05537,CANDRA (BLESSING),Lunas,"",14589000.0,0.0,12/05/2023,14589000.0,0.0,14589000.0,"","","","",AGUS,"","AXIOO 11G N4000/4GB/256GB SSD/11,6""","","",3.0,UNIT,2330000.0,0.00 %,"",0.0,6990000.0,6990000.0,0.0,"",0.0,0.0,"","","","",0.0,0.0
18/04/2023,Faktur Pembelian,14239,FIKTIF BELI,Lunas,"",150000.0,0.0,18/05/2023,150000.0,0.0,150000.0,"","","","","","",TINTA CANON ORI 790 BLACK NON PACK,"","",1.0,PCS,60000.0,0.00 %,"",0.0,60000.0,60000.0,0.0,"",0.0,0.0,"","","","",0.0,0.0
18/04/2023,Faktur Pembelian,14239,FIKTIF BELI,Lunas,"",150000.0,0.0,18/05/2023,150000.0,0.0,150000.0,"","","","","","",TINTA CANON ORI 790 CYAN NON PACK,"","",1.0,PCS,30000.0,0.00 %,"",0.0,30000.0,30000.0,0.0,"",0.0,0.0,"","","","",0.0,0.0
18/04/2023,Faktur Pembelian,14239,FIKTIF BELI,Lunas,"",150000.0,0.0,18/05/2023,150000.0,0.0,150000.0,"","","","","","",TINTA CANON ORI 790 YELLOW NON PACK,"","",1.0,PCS,30000.0,0.00 %,"",0.0,30000.0,30000.0,0.0,"",0.0,0.0,"","","","",0.0,0.0
18/04/2023,Faktur Pembelian,14239,FIKTIF BELI,Lunas,"",150000.0,0.0,18/05/2023,150000.0,0.0,150000.0,"","","","","","",TINTA CANON ORI 790 MAGENTA NON PACK,"","",1.0,PCS,30000.0,0.00 %,"",0.0,30000.0,30000.0,0.0,"",0.0,0.0,"","","","",0.0,0.0
18/04/2023,Faktur Pembelian,JL.2304.06142,CANDRA (BLESSING),Lunas,"",17080000.000001,0.0,12/05/2023,15387387.387388,1692612.612613,17080000.000001,"","","","",CV TIGA NUSA,"",* ASUS EXPERTBOOK B1400CEAE Ci5 - 1135G7 8GB 256GB SSD INTEL IRIS XE WIN 11,"","",2.0,UNIT,7693693.693694,0.00 %,11.0,1692612.6126126799999830738738738732,15387387.387388,15387387.387388,0.0,"",0.0,0.0,"","","","",0.0,0.0
18/04/2023,Faktur Pembelian,JL.2304.06144,CANDRA (BLESSING),Lunas,"",8540000.0,0.0,12/05/2023,8540000.0,0.0,8540000.0,"","","","",RAHMAT,"",ASUS EXPERTBOOK B1400CEAE CI5-1135G7 8GB 256GB SSD INTEL IRIS XE WIN11,"","",1.0,UNIT,8540000.0,0.00 %,"",0.0,8540000.0,8540000.0,0.0,"",0.0,0.0,"","","","",0.0,0.0
18/04/2023,Faktur Pembelian,JL.2304.06146,CANDRA (BLESSING),Lunas,"",2850000.0,0.0,12/05/2023,2850000.0,0.0,2850000.0,"","","","",AGUS,"",SODIMM KINGSTONE DDR4 4GB PC3200,"","",10.0,PCS,285000.0,0.00 %,"",0.0,2850000.0,2850000.0,0.0,"",0.0,0.0,"","","","",0.0,0.0
18/04/2023,Faktur Pembelian,001452,LILI (PLATINUM),Lunas,"",565000.0,0.0,18/05/2023,565000.0,0.0,565000.0,"","","","","","",BATERAI ACER ES1 432 AS16A8K / AS16A5K,"","",1.0,PCS,310000.0,0.00 %,"",0.0,310000.0,310000.0,0.0,"",0.0,0.0,"","","","",0.0,0.0
18/04/2023,Faktur Pembelian,001452,LILI (PLATINUM),Lunas,"",565000.0,0.0,18/05/2023,565000.0,0.0,565000.0,"","","","","","",KEYBOARD LAPTOP LENOVO IDEAPAD 110 ON OFF,"","",3.0,PCS,85000.0,0.00 %,"",0.0,255000.0,255000.0,0.0,"",0.0,0.0,"","","","",0.0,0.0
19/04/2023,Faktur Pembelian,JL.2304.06407,CANDRA (BLESSING),Lunas,"",28290000.000002,0.0,13/05/2023,25486486.486488,2803513.513514,28290000.000002,"","","","",CV TIGA NUSA,"",* PROJECTOR ACER BS 020P DLP 4000 Lumens + TAS,"","",6.0,UNIT,4247747.747748,0.00 %,11.0,2803513.5135136799999719648648648632,25486486.486488,25486486.486488,0.0,"",0.0,0.0,"","","","",0.0,0.0
20/04/2023,Faktur Pembelian,JL.2304.06791,CANDRA (BLESSING),Lunas,"",12690000.0,0.0,14/05/2023,11432432.432432,1257567.567568,12690000.0,"","","","",CV TIGA NUSA,"",* AIO HP 200 PRO G4 22 CI3 - 10110U 4GB 1TB HDD DVD RW WIN 11,"","",2.0,UNIT,5716216.216216,0.00 %,11.0,1257567.5675675199999874243243243248,11432432.432432,11432432.432432,0.0,"",0.0,0.0,"","","","",0.0,0.0
20/04/2023,Faktur Pembelian,JL.2304.06792,CANDRA (BLESSING),Lunas,"",700000.0,0.0,14/05/2023,700000.0,0.0,700000.0,"","","","",AGUS,"",SODIMM KINGSTONE DDR4 8GB PC 3200,"","",2.0,PCS,350000.0,0.00 %,"",0.0,700000.0,700000.0,0.0,"",0.0,0.0,"","","","",0.0,0.0
20/04/2023,Faktur Pembelian,14243,FIKTIF BELI,Lunas,"",1580000.000045,0.0,20/05/2023,1580000.000045,0.0,1580000.000045,"","","","","","",KABEL LAN BELDEN / COMSCAPE CAT 5 PERMETER,"","",305.0,METER,5180.327869,0.00 %,"",0.0,1580000.000045,1580000.000045,0.0,"",0.0,0.0,"","","","",0.0,0.0
26/04/2023,Faktur Pembelian,14244,FIKTIF BELI,Lunas,"",2504000.0,0.0,26/05/2023,2504000.0,0.0,2504000.0,"","","","","","",ISOLUTION X105 (ABSEN SIDIK JARI),"","",2.0,PCS,1252000.0,0.00 %,"",0.0,2504000.0,2504000.0,0.0,"",0.0,0.0,"","","","",0.0,0.0
26/04/2023,Faktur Pembelian,14245,ONLINE,Lunas,"",126150000.0,0.0,26/05/2023,126150000.0,0.0,126150000.0,"","","","","","",ACER A314-35-C2T9 N5100 4GB 256GB SSD #,"","",29.0,UNIT,4350000.0,0.00 %,"",0.0,126150000.0,126150000.0,0.0,"",0.0,0.0,"","","","",0.0,0.0
26/04/2023,Faktur Pembelian,PJL-23-04-00421,PT. Surya Makmur Kreasindo (HJ),Lunas,"",21400000.000001,0.0,10/05/2023,19279279.27928,2120720.720721,21400000.000001,"",SURABAYA,"","",CV TIGA NUSA,"",* PRINTER EPSON L3210,"","",10.0,UNIT,1927927.927928,0.00 %,11.0,2120720.720720799999978792792792792,19279279.27928,19279279.27928,0.0,"",0.0,0.0,PT. Surya Makmur Kreasindo,"",081515111951,"",0.0,0.0
26/04/2023,Faktur Pembelian,14247,FIKTIF BELI,Lunas,"",86000.0,0.0,26/05/2023,86000.0,0.0,86000.0,"","","","","","",CALCULATOR JOYCO CC-11A,"","",2.0,PCS,43000.0,0.00 %,"",0.0,86000.0,86000.0,0.0,"",0.0,0.0,"","","","",0.0,0.0
26/04/2023,Faktur Pembelian,14248,FIKTIF BELI,Lunas,"",172500.0,0.0,26/05/2023,172500.0,0.0,172500.0,"","","","","","",ODNER FOLIO 75MM,"","",10.0,PCS,17250.0,0.00 %,"",0.0,172500.0,172500.0,0.0,"",0.0,0.0,"","","","",0.0,0.0
26/04/2023,Faktur Pembelian,FK 2504,BETA COM,Lunas,"",32588000.0,0.0,10/05/2023,32588000.0,0.0,32588000.0,"","","","","","",CATRIDGE CANON 810 BLACK,"","",96.0,PCS,203000.0,0.00 %,"",0.0,19488000.0,19488000.0,0.0,"",0.0,0.0,"","","","",0.0,0.0
26/04/2023,Faktur Pembelian,FK 2504,BETA COM,Lunas,"",32588000.0,0.0,10/05/2023,32588000.0,0.0,32588000.0,"","","","","","",TINTA CANON ORI 790 BLACK,"","",48.0,PCS,105000.0,0.00 %,"",0.0,5040000.0,5040000.0,0.0,"",0.0,0.0,"","","","",0.0,0.0
26/04/2023,Faktur Pembelian,FK 2504,BETA COM,Lunas,"",32588000.0,0.0,10/05/2023,32588000.0,0.0,32588000.0,"","","","","","",TINTA CANON ORI 790 YELLOW,"","",40.0,PCS,93000.0,0.00 %,"",0.0,3720000.0,3720000.0,0.0,"",0.0,0.0,"","","","",0.0,0.0
26/04/2023,Faktur Pembelian,FK 2504,BETA COM,Lunas,"",32588000.0,0.0,10/05/2023,32588000.0,0.0,32588000.0,"","","","","","",CATRDIGE CANON CA91 / BH7 (G2010),"","",10.0,PCS,354000.0,0.00 %,"",0.0,3540000.0,3540000.0,0.0,"",0.0,0.0,"","","","",0.0,0.0
26/04/2023,Faktur Pembelian,FK 2504,BETA COM,Lunas,"",32588000.0,0.0,10/05/2023,32588000.0,0.0,32588000.0,"","","","","","",CATRIDGE CANON CA92 / CH7 (G2010),"","",2.0,PCS,400000.0,0.00 %,"",0.0,800000.0,800000.0,0.0,"",0.0,0.0,"","","","",0.0,0.0
26/04/2023,Faktur Pembelian,KARMEN / INV/2023/42401,WULAN (DISCOUNT NOTEBOOK),Lunas,"",1665000.0,0.0,26/05/2023,1665000.0,0.0,1665000.0,"","","JL. SOEKARNO HATTA RT. 012  RW. 004 PANE, RASANAE BARAT","","","",KEYBOARD LAPTOP ASUS X441 (BLACK),"","",15.0,PCS,60000.0,0.00 %,"",0.0,832500.0,900000.0,135000.0,"",0.0,0.0,"","","","",0.0,7.5
26/04/2023,Faktur Pembelian,KARMEN / INV/2023/42401,WULAN (DISCOUNT NOTEBOOK),Lunas,"",1665000.0,0.0,26/05/2023,1665000.0,0.0,1665000.0,"","","JL. SOEKARNO HATTA RT. 012  RW. 004 PANE, RASANAE BARAT","","","",KEYBOARD LAPTOP ASUS X453M / X451 (BLACK),"","",5.0,PCS,60000.0,0.00 %,"",0.0,277500.0,300000.0,135000.0,"",0.0,0.0,"","","","",0.0,7.5
26/04/2023,Faktur Pembelian,KARMEN / INV/2023/42401,WULAN (DISCOUNT NOTEBOOK),Lunas,"",1665000.0,0.0,26/05/2023,1665000.0,0.0,1665000.0,"","","JL. SOEKARNO HATTA RT. 012  RW. 004 PANE, RASANAE BARAT","","","",KEYBOARD ACER 4736,"","",10.0,PCS,60000.0,0.00 %,"",0.0,555000.0,600000.0,135000.0,"",0.0,0.0,"","","","",0.0,7.5
26/04/2023,Faktur Pembelian,JL5523040629,YULI (HP CENTRE),Lunas,"",16880000.000001,1.0e-06,26/05/2023,15207207.207208,1672792.792793,16880000.0,"","","","",CV TIGA NUSA,"","* ASUS A416MAO INTEL N4020 4GB 256GB SSD 14""","","",4.0,UNIT,3801801.801802,0.00 %,11.0,1672792.7927928799999832720720720712,15207207.207208,15207207.207208,0.0,"",0.0,0.0,"","","","",1.0e-06,0.0
26/04/2023,Faktur Pembelian,JL5523040598,YULI (HP CENTRE),Lunas,"",18382000.0,0.0,26/05/2023,16560360.36036,1821639.63964,18382000.0,"","","","",CV TIGA NUSA,"",* ACER 5 A514 - 55 Ci5 - 1235U 8GB 512GB SSD WIN 11,"","",2.0,UNIT,8280180.18018,0.00 %,11.0,1821639.639639599999981783603603604,16560360.36036,16560360.36036,0.0,"",0.0,0.0,"","","","",0.0,0.0
27/04/2023,Faktur Pembelian,JL.2304.07299,CANDRA (BLESSING),Lunas,"",25400000.000001,0.0,11/05/2023,22882882.882884,2517117.117117,25400000.000001,"","","","",CV TIGA NUSA,"",* ACER 3 A314 36M Ci3-N305 / 8GB / 512GB SSD WIN 11,"","",4.0,UNIT,5720720.720721,0.00 %,11.0,2517117.1171172399999748288288288276,22882882.882884,22882882.882884,0.0,"",0.0,0.0,"","","","",0.0,0.0
27/04/2023,Faktur Pembelian,JL.2304.07125,CANDRA (BLESSING),Lunas,"",5735000.0,0.0,11/05/2023,5735000.0,0.0,5735000.0,"","","","",AGUS,"",HDD PC WD PURPLE 2TB,"","",2.0,PCS,820000.0,0.00 %,"",0.0,1640000.0,1640000.0,0.0,"",0.0,0.0,"","","","",0.0,0.0
27/04/2023,Faktur Pembelian,JL.2304.07125,CANDRA (BLESSING),Lunas,"",5735000.0,0.0,11/05/2023,5735000.0,0.0,5735000.0,"","","","",AGUS,"",PSU AEROCOOL LUX RGB 550W BRONZE,"","",2.0,PCS,590000.0,0.00 %,"",0.0,1180000.0,1180000.0,0.0,"",0.0,0.0,"","","","",0.0,0.0
27/04/2023,Faktur Pembelian,JL.2304.07125,CANDRA (BLESSING),Lunas,"",5735000.0,0.0,11/05/2023,5735000.0,0.0,5735000.0,"","","","",AGUS,"",LOGITECH MK 220 (WIRELESS KEYBOARD MOUSE),"","",5.0,SET,253000.0,0.00 %,"",0.0,1265000.0,1265000.0,0.0,"",0.0,0.0,"","","","",0.0,0.0
27/04/2023,Faktur Pembelian,JL.2304.07125,CANDRA (BLESSING),Lunas,"",5735000.0,0.0,11/05/2023,5735000.0,0.0,5735000.0,"","","","",AGUS,"",SODIMM KINGSTONE DDR4 4GB PC3200,"","",5.0,PCS,285000.0,0.00 %,"",0.0,1425000.0,1425000.0,0.0,"",0.0,0.0,"","","","",0.0,0.0
27/04/2023,Faktur Pembelian,JL.2304.07125,CANDRA (BLESSING),Lunas,"",5735000.0,0.0,11/05/2023,5735000.0,0.0,5735000.0,"","","","",AGUS,"",SODIMM DIGITAL ALLIANCE DDR3L 8GB,"","",1.0,PCS,225000.0,0.00 %,"",0.0,225000.0,225000.0,0.0,"",0.0,0.0,"","","","",0.0,0.0
27/04/2023,Faktur Pembelian,2304522,CV. BALI IT SOLUSI (ENY),Lunas,"",35399999.999998,0.0,11/05/2023,31891891.89189,3508108.108108,35399999.999998,"","","","",CV TIGA NUSA,"",* ASUS A416JAO CI3-1005G1/8GB/256GB SSD WIN 11,"","",6.0,UNIT,5315315.315315,0.00 %,11.0,3508108.108107899999964918918918921,31891891.89189,31891891.89189,0.0,"",0.0,0.0,"","","","",0.0,0.0
27/04/2023,Faktur Pembelian,001454,LILI (PLATINUM),Lunas,"",850000.0,0.0,27/05/2023,850000.0,0.0,850000.0,"","","","","","",BATERAI ACER ES1 432 AS16A8K / AS16A5K,"","",2.0,PCS,310000.0,0.00 %,"",0.0,620000.0,620000.0,0.0,"",0.0,0.0,"","","","",0.0,0.0
27/04/2023,Faktur Pembelian,001454,LILI (PLATINUM),Lunas,"",850000.0,0.0,27/05/2023,850000.0,0.0,850000.0,"","","","","","",BATERAI TOSHIBA PA5024U (C800),"","",1.0,PCS,230000.0,0.00 %,"",0.0,230000.0,230000.0,0.0,"",0.0,0.0,"","","","",0.0,0.0
27/04/2023,Faktur Pembelian,PJ230128,ATC,Lunas,"",42950000.0,0.0,11/05/2023,42950000.0,0.0,42950000.0,"","","","","","",ACER A314-35-C2T9 N5100 4GB 256GB SSD #,"","",1.0,UNIT,4450000.0,0.00 %,"",0.0,4450000.0,4450000.0,0.0,"",0.0,0.0,"","","","",0.0,0.0
27/04/2023,Faktur Pembelian,PJ230128,ATC,Lunas,"",42950000.0,0.0,11/05/2023,42950000.0,0.0,42950000.0,"","","","","","","LENOVO IDEAPAD 3 14IGL05 INTEL N4020 4GB 256GB SSD 14 "" NW","","",10.0,UNIT,3850000.0,0.00 %,"",0.0,38500000.0,38500000.0,0.0,"",0.0,0.0,"","","","",0.0,0.0
27/04/2023,Faktur Pembelian,00637497_036,PRIYO (K GALAXY),Lunas,BAYAR ,21400000.0,0.0,27/05/2023,21400000.0,0.0,21400000.0,"","","","","","",PRINTER EPSON L3210,"","",10.0,UNIT,2140000.0,0.00 %,"",0.0,21400000.0,21400000.0,0.0,"",0.0,0.0,"","","","",0.0,0.0
27/04/2023,Faktur Pembelian,00637480_036,PRIYO (K GALAXY),Lunas,BAYAR ,15950000.0,0.0,11/05/2023,15950000.0,0.0,15950000.0,"","","","","","",PRINTER EPSON L121,"","",10.0,UNIT,1595000.0,0.00 %,"",0.0,15950000.0,15950000.0,0.0,"",0.0,0.0,"","","","",0.0,0.0
28/04/2023,Faktur Pembelian,JL.2304.07594,CANDRA (BLESSING),Lunas,"",6320000.0,0.0,12/05/2023,6320000.0,0.0,6320000.0,"","","","",RAHMAT,"",KABEL LAN BELDEN USA CAT 5,"","",4.0,DUS,1580000.0,0.00 %,"",0.0,6320000.0,6320000.0,0.0,"",0.0,0.0,"","","","",0.0,0.0
28/04/2023,Faktur Pembelian,JL.2304.07707,CANDRA (BLESSING),Lunas,"",5580000.0,0.0,12/05/2023,5580000.0,0.0,5580000.0,"","","","",AGUS,"",BROTHER DCP L2540 DW,"","",2.0,PCS,2790000.0,0.00 %,"",0.0,5580000.0,5580000.0,0.0,"",0.0,0.0,"","","","",0.0,0.0
28/04/2023,Faktur Pembelian,JL.2304.07961,CANDRA (BLESSING),Lunas,"",20085000.000002,0.0,12/05/2023,18094594.594596,1990405.405406,20085000.000002,"","","","",CV TIGA NUSA,"",* AIO ASUS V222FAK CI3-10110U 4GB 256GB SSD WIN 11 NW,"","",3.0,UNIT,6031531.531532,0.00 %,11.0,1990405.4054055599999800959459459444,18094594.594596,18094594.594596,0.0,"",0.0,0.0,"","","","",0.0,0.0
28/04/2023,Faktur Pembelian,PJL-23-04-00496,PT. Surya Makmur Kreasindo (HJ),Lunas,"",32100000.000001,0.0,12/05/2023,28918918.91892,3181081.081081,32100000.000001,"",SURABAYA,"","",CV TIGA NUSA,"",* PRINTER EPSON L3210,"","",15.0,UNIT,1927927.927928,0.00 %,11.0,3181081.081081199999968189189189188,28918918.91892,28918918.91892,0.0,"",0.0,0.0,PT. Surya Makmur Kreasindo,"",081515111951,"",0.0,0.0
28/04/2023,Faktur Pembelian,JL.2304.07963,CANDRA (BLESSING),Lunas,"",8680000.0,0.0,12/05/2023,8680000.0,0.0,8680000.0,"","","","",ARIES,"",PRINTER EPSON L3210,"","",4.0,UNIT,2170000.0,0.00 %,"",0.0,8680000.0,8680000.0,0.0,"",0.0,0.0,"","","","",0.0,0.0
28/04/2023,Faktur Pembelian,14250,RIO MATRIX TOKO,Lunas,"",11000000.0,0.0,28/05/2023,11000000.0,0.0,11000000.0,"","","","","","",PRINTER EPSON L3210,"","",5.0,UNIT,2200000.0,0.00 %,"",0.0,11000000.0,11000000.0,0.0,"",0.0,0.0,"","","","",0.0,0.0
28/04/2023,Faktur Pembelian,2304510,CV. BALI IT SOLUSI (ENY),Lunas,"",21374999.999999,0.0,12/05/2023,19256756.756756,2118243.243243,21374999.999999,"","","","",CV TIGA NUSA,"",* HP 14S INTEL N4120 4GB SSD 256GB WIN 10 #,"","",1.0,UNIT,3941441.441441,0.00 %,11.0,433558.5585585099999956644144144149,3941441.441441,3941441.441441,0.0,"",0.0,0.0,"","","","",0.0,0.0
28/04/2023,Faktur Pembelian,2304510,CV. BALI IT SOLUSI (ENY),Lunas,"",21374999.999999,0.0,12/05/2023,19256756.756756,2118243.243243,21374999.999999,"","","","",CV TIGA NUSA,"","* LENOVO IP D330 N4020 8GB eMMC 128GB 10.1""HD IPS TOUCH","","",5.0,UNIT,3063063.063063,0.00 %,11.0,1684684.6846846499999831531531531535,15315315.315315,15315315.315315,0.0,"",0.0,0.0,"","","","",0.0,0.0
28/04/2023,Faktur Pembelian,14251,CV. BALI IT SOLUSI (ENY),Lunas,"",17150000.0,0.0,12/05/2023,17150000.0,0.0,17150000.0,"","","","","","",CCTV CAM DAHUA HAC B1A21 IR BULLET (OUTDOOR),"","",50.0,PCS,163000.0,0.00 %,"",0.0,8150000.0,8150000.0,0.0,"",0.0,0.0,"","","","",0.0,0.0
28/04/2023,Faktur Pembelian,14251,CV. BALI IT SOLUSI (ENY),Lunas,"",17150000.0,0.0,12/05/2023,17150000.0,0.0,17150000.0,"","","","","","",CCTV DVR DAHUA XVR1B16H 16CH,"","",3.0,PCS,1210000.0,0.00 %,"",0.0,3630000.0,3630000.0,0.0,"",0.0,0.0,"","","","",0.0,0.0
28/04/2023,Faktur Pembelian,14251,CV. BALI IT SOLUSI (ENY),Lunas,"",17150000.0,0.0,12/05/2023,17150000.0,0.0,17150000.0,"","","","","","",CCTV DVR DAHUA 8CH XVR1B08-1 (MH),"","",10.0,UNIT,537000.0,0.00 %,"",0.0,5370000.0,5370000.0,0.0,"",0.0,0.0,"","","","",0.0,0.0
29/04/2023,Faktur Pembelian,14252,ONLINE,Lunas,"",2200000.0,0.0,29/05/2023,2200000.0,0.0,2200000.0,"","","","","","",ISOLUTION X105 (ABSEN SIDIK JARI),"","",2.0,PCS,1100000.0,0.00 %,"",0.0,2200000.0,2200000.0,0.0,"",0.0,0.0,"","","","",0.0,0.0
29/04/2023,Faktur Pembelian,JL.2304.08060,CANDRA (BLESSING),Lunas,"",13510000.0,0.0,13/05/2023,13510000.0,0.0,13510000.0,"","","","",ARIES,"",SODIMM DIGITAL ALLIANCE DDR3L 4GB,"","",2.0,PCS,145000.0,0.00 %,"",0.0,290000.0,290000.0,0.0,"",0.0,0.0,"","","","",0.0,0.0
29/04/2023,Faktur Pembelian,JL.2304.08060,CANDRA (BLESSING),Lunas,"",13510000.0,0.0,13/05/2023,13510000.0,0.0,13510000.0,"","","","",ARIES,"",ACER 5 A514 CI3-1115G4 8gb 512GB SSD MX 350 2GB WIN 11,"","",2.0,UNIT,6610000.0,0.00 %,"",0.0,13220000.0,13220000.0,0.0,"",0.0,0.0,"","","","",0.0,0.0
29/04/2023,Faktur Pembelian,JL.2304.08155,CANDRA (BLESSING),Lunas,"",18495000.0,0.0,13/05/2023,18495000.0,0.0,18495000.0,"","","","",AGUS,"",HP 14S CI3 1115G4 4GB 512GB SSD WIN 11,"","",1.0,UNIT,5795000.0,0.00 %,"",0.0,5795000.0,5795000.0,0.0,"",0.0,0.0,"","","","",0.0,0.0
29/04/2023,Faktur Pembelian,JL.2304.08155,CANDRA (BLESSING),Lunas,"",18495000.0,0.0,13/05/2023,18495000.0,0.0,18495000.0,"","","","",AGUS,"",ACER 3 A314 36M Ci3-N305 8GB 512GB SSD WIN 11,"","",2.0,UNIT,6350000.0,0.00 %,"",0.0,12700000.0,12700000.0,0.0,"",0.0,0.0,"","","","",0.0,0.0
29/04/2023,Faktur Pembelian,04202365328,AGUS (DORAN),Lunas,"",18000000.0,0.0,29/05/2023,18000000.0,0.0,18000000.0,"",SURABAYA,"","","","",TINTA EPSON 003 MAGENTA,"","",60.0,PCS,75000.0,0.00 %,"",0.0,4500000.0,4500000.0,0.0,"",0.0,0.0,"","","","",0.0,0.0
29/04/2023,Faktur Pembelian,04202365328,AGUS (DORAN),Lunas,"",18000000.0,0.0,29/05/2023,18000000.0,0.0,18000000.0,"",SURABAYA,"","","","",TINTA EPSON 003 CYAN,"","",60.0,PCS,75000.0,0.00 %,"",0.0,4500000.0,4500000.0,0.0,"",0.0,0.0,"","","","",0.0,0.0
29/04/2023,Faktur Pembelian,04202365328,AGUS (DORAN),Lunas,"",18000000.0,0.0,29/05/2023,18000000.0,0.0,18000000.0,"",SURABAYA,"","","","",TINTA EPSON 003 YELLOW,"","",60.0,PCS,75000.0,0.00 %,"",0.0,4500000.0,4500000.0,0.0,"",0.0,0.0,"","","","",0.0,0.0
29/04/2023,Faktur Pembelian,04202365328,AGUS (DORAN),Lunas,"",18000000.0,0.0,29/05/2023,18000000.0,0.0,18000000.0,"",SURABAYA,"","","","",TINTA EPSON 664 BLACK,"","",60.0,PCS,75000.0,0.00 %,"",0.0,4500000.0,4500000.0,0.0,"",0.0,0.0,"","","","",0.0,0.0
29/04/2023,Faktur Pembelian,14255,FIKTIF BELI,Lunas,"",375000.0,0.0,29/05/2023,375000.0,0.0,375000.0,"","","","","","",CATRIDGE 811 COPOTAN,"","",1.0,PCS,187500.0,0.00 %,"",0.0,187500.0,187500.0,0.0,"",0.0,0.0,"","","","",0.0,0.0
29/04/2023,Faktur Pembelian,14255,FIKTIF BELI,Lunas,"",375000.0,0.0,29/05/2023,375000.0,0.0,375000.0,"","","","","","",CATRIDGE 810 COPOTAN,"","",1.0,PCS,187500.0,0.00 %,"",0.0,187500.0,187500.0,0.0,"",0.0,0.0,"","","","",0.0,0.0
29/04/2023,Faktur Pembelian,KARMEN / INV/2023/44128,WULAN (DISCOUNT NOTEBOOK),Lunas,"",605000.0,0.0,29/05/2023,605000.0,0.0,605000.0,"","","JL. SOEKARNO HATTA RT. 012  RW. 004 PANE, RASANAE BARAT","","","",KEYBOARD LAPTOP ASUS X441 (BLACK),"","",5.0,PCS,60000.0,0.00 %,"",0.0,288095.1,300000.0,25000.0,"",0.0,0.0,"","","","",0.0,3.97
29/04/2023,Faktur Pembelian,KARMEN / INV/2023/44128,WULAN (DISCOUNT NOTEBOOK),Lunas,"",605000.0,0.0,29/05/2023,605000.0,0.0,605000.0,"","","JL. SOEKARNO HATTA RT. 012  RW. 004 PANE, RASANAE BARAT","","","",BATERAI HP 14-CE HT03XL AG,"","",1.0,PCS,330000.0,0.00 %,"",0.0,316904.61,330000.0,25000.0,"",0.0,0.0,"","","","",0.0,3.97
29/04/2023,Faktur Pembelian,JL5523040725,YULI (HP CENTRE),Lunas,"",2580000.0,0.0,29/05/2023,2580000.0,0.0,2580000.0,"","","","",RAHMAT,"",BLUEPRINT PRINTER LITE TMU58D BLUETOOTH,"","",3.0,UNIT,316000.0,0.00 %,"",0.0,948000.0,948000.0,0.0,"",0.0,0.0,"","","","",0.0,0.0
29/04/2023,Faktur Pembelian,JL5523040725,YULI (HP CENTRE),Lunas,"",2580000.0,0.0,29/05/2023,2580000.0,0.0,2580000.0,"","","","",RAHMAT,"",BLUEPRINT PRINTER LITE DEKSTOP USB - LITE80L,"","",2.0,UNIT,816000.0,0.00 %,"",0.0,1632000.0,1632000.0,0.0,"",0.0,0.0,"","","","",0.0,0.0
29/04/2023,Faktur Pembelian,001458,LILI (PLATINUM),Lunas,"",5890000.0,0.0,29/05/2023,5890000.0,0.0,5890000.0,"","","","","","",KABEL DATA PRINTER 3 METER,"","",30.0,PCS,18000.0,0.00 %,"",0.0,540000.0,540000.0,0.0,"",0.0,0.0,"","","","",0.0,0.0
29/04/2023,Faktur Pembelian,001458,LILI (PLATINUM),Lunas,"",5890000.0,0.0,29/05/2023,5890000.0,0.0,5890000.0,"","","","","","",MOUSE VOTRE / SANURPRO,"","",400.0,PCS,9750.0,0.00 %,"",0.0,3900000.0,3900000.0,0.0,"",0.0,0.0,"","","","",0.0,0.0
29/04/2023,Faktur Pembelian,001458,LILI (PLATINUM),Lunas,"",5890000.0,0.0,29/05/2023,5890000.0,0.0,5890000.0,"","","","","","",SOUNDCARD USB 7.1,"","",55.0,PCS,14000.0,0.00 %,"",0.0,770000.0,770000.0,0.0,"",0.0,0.0,"","","","",0.0,0.0
29/04/2023,Faktur Pembelian,001458,LILI (PLATINUM),Lunas,"",5890000.0,0.0,29/05/2023,5890000.0,0.0,5890000.0,"","","","","","",BATERAI TOSHIBA PA5024U (C800),"","",1.0,PCS,230000.0,0.00 %,"",0.0,230000.0,230000.0,0.0,"",0.0,0.0,"","","","",0.0,0.0
29/04/2023,Faktur Pembelian,001458,LILI (PLATINUM),Lunas,"",5890000.0,0.0,29/05/2023,5890000.0,0.0,5890000.0,"","","","","","",HDMI SWITCH 4 PORT,"","",5.0,PCS,90000.0,0.00 %,"",0.0,450000.0,450000.0,0.0,"",0.0,0.0,"","","","",0.0,0.0
30/04/2023,Faktur Pembelian,14256,FIKTIF BELI,Lunas,"",104000.0,0.0,30/05/2023,104000.0,0.0,104000.0,"","","","","","",RJ45 COMMSCOPE,"","",50.0,BIJI,2080.0,0.00 %,"",0.0,104000.0,104000.0,0.0,"",0.0,0.0,"","","","",0.0,0.0
30/04/2023,Faktur Pembelian,14257,FIKTIF BELI,Lunas,"",789999.99987,0.0,30/05/2023,789999.99987,0.0,789999.99987,"","","","","","",KABEL LAN ZIMM LINK PERMETER,"","",610.0,METER,1295.081967,0.00 %,"",0.0,789999.99987,789999.99987,0.0,"",0.0,0.0,"","","","",0.0,0.0
30/04/2023,Faktur Pembelian,14258,FIKTIF BELI,Lunas,"",150000.0,0.0,30/05/2023,150000.0,0.0,150000.0,"","","","","","",TINTA CANON ORI 790 BLACK NON PACK,"","",1.0,PCS,60000.0,0.00 %,"",0.0,60000.0,60000.0,0.0,"",0.0,0.0,"","","","",0.0,0.0
30/04/2023,Faktur Pembelian,14258,FIKTIF BELI,Lunas,"",150000.0,0.0,30/05/2023,150000.0,0.0,150000.0,"","","","","","",TINTA CANON ORI 790 CYAN NON PACK,"","",1.0,PCS,30000.0,0.00 %,"",0.0,30000.0,30000.0,0.0,"",0.0,0.0,"","","","",0.0,0.0
30/04/2023,Faktur Pembelian,14258,FIKTIF BELI,Lunas,"",150000.0,0.0,30/05/2023,150000.0,0.0,150000.0,"","","","","","",TINTA CANON ORI 790 YELLOW NON PACK,"","",1.0,PCS,30000.0,0.00 %,"",0.0,30000.0,30000.0,0.0,"",0.0,0.0,"","","","",0.0,0.0
30/04/2023,Faktur Pembelian,14258,FIKTIF BELI,Lunas,"",150000.0,0.0,30/05/2023,150000.0,0.0,150000.0,"","","","","","",TINTA CANON ORI 790 MAGENTA NON PACK,"","",1.0,PCS,30000.0,0.00 %,"",0.0,30000.0,30000.0,0.0,"",0.0,0.0,"","","","",0.0,0.0
30/04/2023,Faktur Pembelian,14259,FIKTIF BELI,Lunas,"",2400000.0,0.0,30/05/2023,2400000.0,0.0,2400000.0,"","","","","","",CHARGER BATERAI AA/AAA,"","",30.0,PCS,80000.0,0.00 %,"",0.0,2400000.0,2400000.0,0.0,"",0.0,0.0,"","","","",0.0,0.0
01/05/2023,Faktur Pembelian,14260,CANON BALI,Lunas,"",4098295.000003,0.0,31/05/2023,3692157.65766,406137.342343,4098295.000003,"","","","",CV TIGA NUSA,"",* CATRIDGE CANON BH7,"","",5.0,PCS,306431.531532,0.00 %,11.0,168537.342342599999998314626576574,1532157.65766,1532157.65766,0.0,"",0.0,0.0,"","","","",0.0,0.0
01/05/2023,Faktur Pembelian,14260,CANON BALI,Lunas,"",4098295.000003,0.0,31/05/2023,3692157.65766,406137.342343,4098295.000003,"","","","",CV TIGA NUSA,"",* PRINT HEAD BLACK G2020 / G1020 / BH 70,"","",4.0,UNIT,360000.0,0.00 %,11.0,158399.999999999999998416,1440000.0,1440000.0,0.0,"",0.0,0.0,"","","","",0.0,0.0
01/05/2023,Faktur Pembelian,14260,CANON BALI,Lunas,"",4098295.000003,0.0,31/05/2023,3692157.65766,406137.342343,4098295.000003,"","","","",CV TIGA NUSA,"",* PRINT HEAD COLOR G2020 / G1020 / CH 70,"","",2.0,UNIT,360000.0,0.00 %,11.0,79199.999999999999999208,720000.0,720000.0,0.0,"",0.0,0.0,"","","","",0.0,0.0
01/05/2023,Faktur Pembelian,14261,FIKTIF BELI,Lunas,"",150000.0,0.0,31/05/2023,150000.0,0.0,150000.0,"","","","","","",TINTA CANON ORI 790 BLACK NON PACK,"","",1.0,PCS,60000.0,0.00 %,"",0.0,60000.0,60000.0,0.0,"",0.0,0.0,"","","","",0.0,0.0
01/05/2023,Faktur Pembelian,14261,FIKTIF BELI,Lunas,"",150000.0,0.0,31/05/2023,150000.0,0.0,150000.0,"","","","","","",TINTA CANON ORI 790 CYAN NON PACK,"","",1.0,PCS,30000.0,0.00 %,"",0.0,30000.0,30000.0,0.0,"",0.0,0.0,"","","","",0.0,0.0
01/05/2023,Faktur Pembelian,14261,FIKTIF BELI,Lunas,"",150000.0,0.0,31/05/2023,150000.0,0.0,150000.0,"","","","","","",TINTA CANON ORI 790 YELLOW NON PACK,"","",1.0,PCS,30000.0,0.00 %,"",0.0,30000.0,30000.0,0.0,"",0.0,0.0,"","","","",0.0,0.0
01/05/2023,Faktur Pembelian,14261,FIKTIF BELI,Lunas,"",150000.0,0.0,31/05/2023,150000.0,0.0,150000.0,"","","","","","",TINTA CANON ORI 790 MAGENTA NON PACK,"","",1.0,PCS,30000.0,0.00 %,"",0.0,30000.0,30000.0,0.0,"",0.0,0.0,"","","","",0.0,0.0
02/05/2023,Faktur Pembelian,JL.2305.00416,CANDRA (BLESSING),Lunas,BAYAR TITIP,35200000.0,0.0,16/05/2023,31711711.711712,3488288.288288,35200000.0,"","","","",CV TIGA NUSA,"","* ASUS P1411CMA N4020 4GB 256GB SSD 14 "" (KS)","","",8.0,UNIT,3963963.963964,0.00 %,11.0,3488288.2882883199999651171171171168,31711711.711712,31711711.711712,0.0,"",0.0,0.0,"","","","",0.0,0.0
02/05/2023,Faktur Pembelian,14263,TATIK (LEGENDA),Lunas,"",7625000.0,0.0,01/06/2023,7625000.0,0.0,7625000.0,"","","","","","",DATA PRINT DP 41,"","",100.0,PCS,24750.0,0.00 %,"",0.0,2475000.0,2475000.0,0.0,"",0.0,0.0,"","","","",0.0,0.0
02/05/2023,Faktur Pembelian,14263,TATIK (LEGENDA),Lunas,"",7625000.0,0.0,01/06/2023,7625000.0,0.0,7625000.0,"","","","","","",DATA PRINT DP 40,"","",200.0,PCS,25750.0,0.00 %,"",0.0,5150000.0,5150000.0,0.0,"",0.0,0.0,"","","","",0.0,0.0
02/05/2023,Faktur Pembelian,JL.2305.00390,CANDRA (BLESSING),Lunas,"",12375000.0,0.0,16/05/2023,12375000.0,0.0,12375000.0,"","","","",ARIES,"",VGA MSI GT 1030 AERO ITX 2GB OC,"","",1.0,PCS,1445000.0,0.00 %,"",0.0,1445000.0,1445000.0,0.0,"",0.0,0.0,"","","","",0.0,0.0
02/05/2023,Faktur Pembelian,JL.2305.00390,CANDRA (BLESSING),Lunas,"",12375000.0,0.0,16/05/2023,12375000.0,0.0,12375000.0,"","","","",ARIES,"",ASUS M415D FHD 321 AMD RYZEN 3 3250U 4GB 256GB SSD WIN 11,"","",2.0,UNIT,5465000.0,0.00 %,"",0.0,10930000.0,10930000.0,0.0,"",0.0,0.0,"","","","",0.0,0.0
02/05/2023,Faktur Pembelian,JL.2305.00394,CANDRA (BLESSING),Lunas,"",38100000.000002,0.0,16/05/2023,34324324.324326,3775675.675676,38100000.000002,"","","","",CV TIGA NUSA,"",* ACER 3 A314 36M Ci3-N305 / 8GB / 512GB SSD WIN 11,"","",6.0,UNIT,5720720.720721,0.00 %,11.0,3775675.6756758599999622432432432414,34324324.324326,34324324.324326,0.0,"",0.0,0.0,"","","","",0.0,0.0
02/05/2023,Faktur Pembelian,JL.2305.00812,CANDRA (BLESSING),Lunas,"",2790000.0,0.0,16/05/2023,2790000.0,0.0,2790000.0,"","","","",AGUS,"",BROTHER DCP L2540 DW,"","",1.0,PCS,2790000.0,0.00 %,"",0.0,2790000.0,2790000.0,0.0,"",0.0,0.0,"","","","",0.0,0.0
02/05/2023,Faktur Pembelian,JL.2305.00810,CANDRA (BLESSING),Lunas,"",672000.0,0.0,16/05/2023,672000.0,0.0,672000.0,"","","","",AGUS,"",HEADSET REXUS VONIX F27,"","",6.0,PCS,112000.0,0.00 %,"",0.0,672000.0,672000.0,0.0,"",0.0,0.0,"","","","",0.0,0.0
02/05/2023,Faktur Pembelian,J/00005142,CV SAHABAT KITA (EPRINT),Lunas,"",22803000.0,0.0,01/06/2023,22803000.0,0.0,22803000.0,"","","","","","",EPRINT CANON 200ML BLACK,"","",100.0,PCS,48500.0,0.00 %,"",0.0,4850000.0,4850000.0,0.0,"",0.0,0.0,"","","","",0.0,0.0
02/05/2023,Faktur Pembelian,J/00005142,CV SAHABAT KITA (EPRINT),Lunas,"",22803000.0,0.0,01/06/2023,22803000.0,0.0,22803000.0,"","","","","","",EPRINT CANON 200ML CYAN,"","",100.0,PCS,48500.0,0.00 %,"",0.0,4850000.0,4850000.0,0.0,"",0.0,0.0,"","","","",0.0,0.0
02/05/2023,Faktur Pembelian,J/00005142,CV SAHABAT KITA (EPRINT),Lunas,"",22803000.0,0.0,01/06/2023,22803000.0,0.0,22803000.0,"","","","","","",EPRINT CANON 200ML MAGENTA,"","",50.0,PCS,48500.0,0.00 %,"",0.0,2425000.0,2425000.0,0.0,"",0.0,0.0,"","","","",0.0,0.0
02/05/2023,Faktur Pembelian,J/00005142,CV SAHABAT KITA (EPRINT),Lunas,"",22803000.0,0.0,01/06/2023,22803000.0,0.0,22803000.0,"","","","","","",EPRINT CANON 200ML YELLOW,"","",50.0,PCS,48500.0,0.00 %,"",0.0,2425000.0,2425000.0,0.0,"",0.0,0.0,"","","","",0.0,0.0
02/05/2023,Faktur Pembelian,J/00005142,CV SAHABAT KITA (EPRINT),Lunas,"",22803000.0,0.0,01/06/2023,22803000.0,0.0,22803000.0,"","","","","","",TINTA EPRINT CANON 100ML BK,"","",240.0,PCS,28000.0,0.00 %,"",0.0,6720000.0,6720000.0,0.0,"",0.0,0.0,"","","","",0.0,0.0
02/05/2023,Faktur Pembelian,J/00005142,CV SAHABAT KITA (EPRINT),Lunas,"",22803000.0,0.0,01/06/2023,22803000.0,0.0,22803000.0,"","","","","","",CALCULATOR JOYCO CC-11A,"","",10.0,PCS,45300.0,0.00 %,"",0.0,453000.0,453000.0,0.0,"",0.0,0.0,"","","","",0.0,0.0
02/05/2023,Faktur Pembelian,J/00005142,CV SAHABAT KITA (EPRINT),Lunas,"",22803000.0,0.0,01/06/2023,22803000.0,0.0,22803000.0,"","","","","","",CALCULATOR JOYCO CC-31,"","",10.0,PCS,71000.0,0.00 %,"",0.0,710000.0,710000.0,0.0,"",0.0,0.0,"","","","",0.0,0.0
02/05/2023,Faktur Pembelian,J/00005142,CV SAHABAT KITA (EPRINT),Lunas,"",22803000.0,0.0,01/06/2023,22803000.0,0.0,22803000.0,"","","","","","",CALCULATOR JOYCO DTC 1313 CH,"","",10.0,PCS,37000.0,0.00 %,"",0.0,370000.0,370000.0,0.0,"",0.0,0.0,"","","","",0.0,0.0
02/05/2023,Faktur Pembelian,FK 2537 ,BETA COM,Lunas,"",32112000.0,0.0,16/05/2023,32112000.0,0.0,32112000.0,"","","","","","",CATRIDGE CANON 811 COLOUR,"","",96.0,PCS,257000.0,0.00 %,"",0.0,24672000.0,24672000.0,0.0,"",0.0,0.0,"","","","",0.0,0.0
02/05/2023,Faktur Pembelian,FK 2537 ,BETA COM,Lunas,"",32112000.0,0.0,16/05/2023,32112000.0,0.0,32112000.0,"","","","","","",TINTA CANON ORI 790 MAGENTA,"","",40.0,PCS,93000.0,0.00 %,"",0.0,3720000.0,3720000.0,0.0,"",0.0,0.0,"","","","",0.0,0.0
02/05/2023,Faktur Pembelian,FK 2537 ,BETA COM,Lunas,"",32112000.0,0.0,16/05/2023,32112000.0,0.0,32112000.0,"","","","","","",TINTA CANON ORI 790 CYAN,"","",40.0,PCS,93000.0,0.00 %,"",0.0,3720000.0,3720000.0,0.0,"",0.0,0.0,"","","","",0.0,0.0
02/05/2023,Faktur Pembelian,2305044,CV. BALI IT SOLUSI (ENY),Lunas,"",1500000.0,0.0,16/05/2023,1500000.0,0.0,1500000.0,"","","","","","",CCTV CAM DAHUA HAC-T1A21 IR BULLET (INDOOR),"","",10.0,PCS,150000.0,0.00 %,"",0.0,1500000.0,1500000.0,0.0,"",0.0,0.0,"","","","",0.0,0.0
02/05/2023,Faktur Pembelian,2305047,CV. BALI IT SOLUSI (ENY),Lunas,"",13200000.0,0.0,16/05/2023,11891891.891892,1308108.108108,13200000.0,"","","","",CV TIGA NUSA,"",* HP 14S INTEL N4500 4GB 256GB SSD WIN 11,"","",3.0,UNIT,3963963.963964,0.00 %,11.0,1308108.1081081199999869189189189188,11891891.891892,11891891.891892,0.0,"",0.0,0.0,"","","","",0.0,0.0
02/05/2023,Faktur Pembelian,0520231466,AGUS (DORAN),Lunas,"",7750000.0,0.0,01/06/2023,7750000.0,0.0,7750000.0,"",SURABAYA,"","","","",SSD SANDISK PLUS 240GB,"","",25.0,PCS,310000.0,0.00 %,"",0.0,7750000.0,7750000.0,0.0,"",0.0,0.0,"","","","",0.0,0.0
02/05/2023,Faktur Pembelian,KARMEN / INV/2023/45729,WULAN (DISCOUNT NOTEBOOK),Lunas,"",459999.999998,0.0,01/06/2023,459999.999998,0.0,459999.999998,"","","","","","",KEYBOARD LAPTOP ASUS E203 BLACK,"","",7.0,PCS,65714.285714,0.00 %,"",0.0,459999.999998,459999.999998,0.0,"",0.0,0.0,"","","","",0.0,0.0
02/05/2023,Faktur Pembelian,00637681_036,PRIYO (K GALAXY),Lunas,"",2180000.0,0.0,01/06/2023,2180000.0,0.0,2180000.0,"","","","","","",SPEAKER ADVANCE K1506,"","",2.0,UNIT,1090000.0,0.00 %,"",0.0,2180000.0,2180000.0,0.0,"",0.0,0.0,"","","","",0.0,0.0
02/05/2023,Faktur Pembelian,00637676_036,PRIYO (K GALAXY),Lunas,"",13002500.0,0.0,01/06/2023,13002500.0,0.0,13002500.0,"","","","","","",RAM PC KINGSTONE DDR3 4GB,"","",10.0,PCS,80000.0,0.00 %,"",0.0,800000.0,800000.0,0.0,"",0.0,0.0,"","","","",0.0,0.0
02/05/2023,Faktur Pembelian,00637676_036,PRIYO (K GALAXY),Lunas,"",13002500.0,0.0,01/06/2023,13002500.0,0.0,13002500.0,"","","","","","",MB GIGABYTE GA H81M DS2,"","",2.0,PCS,945000.0,0.00 %,"",0.0,1890000.0,1890000.0,0.0,"",0.0,0.0,"","","","",0.0,0.0
02/05/2023,Faktur Pembelian,00637676_036,PRIYO (K GALAXY),Lunas,"",13002500.0,0.0,01/06/2023,13002500.0,0.0,13002500.0,"","","","","","","PROCESSOR CORE I5-4570 3,2GHZ","","",3.0,PCS,337500.0,0.00 %,"",0.0,1012500.0,1012500.0,0.0,"",0.0,0.0,"","","","",0.0,0.0
02/05/2023,Faktur Pembelian,00637676_036,PRIYO (K GALAXY),Lunas,"",13002500.0,0.0,01/06/2023,13002500.0,0.0,13002500.0,"","","","","","","LED LG 18,5 19M38A","","",10.0,UNIT,930000.0,0.00 %,"",0.0,9300000.0,9300000.0,0.0,"",0.0,0.0,"","","","",0.0,0.0
02/05/2023,Faktur Pembelian,JL / 23 / 05 / 00000007,CV. NOAH SEJAHTERA ABADI,Lunas,"",7500000.0,0.0,16/05/2023,7500000.0,0.0,7500000.0,"","","","","","","LED MONITOR PIXEL 19""","","",10.0,UNIT,750000.0,0.00 %,"",0.0,7500000.0,7500000.0,0.0,"",0.0,0.0,"","","","",0.0,0.0
03/05/2023,Faktur Pembelian,14264,ONLINE,Lunas,"",108000.0,0.0,02/06/2023,108000.0,0.0,108000.0,"","","","","","",BATERAI CAMERA CANON LP E8,"","",1.0,PCS,108000.0,0.00 %,"",0.0,108000.0,108000.0,0.0,"",0.0,0.0,"","","","",0.0,0.0
03/05/2023,Faktur Pembelian,14265,TATIK (LEGENDA),Lunas,"",3720000.0,0.0,02/06/2023,3720000.0,0.0,3720000.0,"","","","","","",TINTA HP GT 53 BLACK,"","",24.0,PCS,78000.0,0.00 %,"",0.0,1872000.0,1872000.0,0.0,"",0.0,0.0,"","","","",0.0,0.0
03/05/2023,Faktur Pembelian,14265,TATIK (LEGENDA),Lunas,"",3720000.0,0.0,02/06/2023,3720000.0,0.0,3720000.0,"","","","","","",TINTA HP GT 52 YELLOW,"","",24.0,PCS,77000.0,0.00 %,"",0.0,1848000.0,1848000.0,0.0,"",0.0,0.0,"","","","",0.0,0.0
03/05/2023,Faktur Pembelian,JL.2305.00942,CANDRA (BLESSING),Lunas,"",10085000.0,0.0,17/05/2023,10085000.0,0.0,10085000.0,"","","","",RAHMAT,"",PC SERVER ASUS TS100 - E10 / PI4 8GB 1TB BLACK,"","",1.0,UNIT,10085000.0,0.00 %,"",0.0,10085000.0,10085000.0,0.0,"",0.0,0.0,"","","","",0.0,0.0
03/05/2023,Faktur Pembelian,JL.2305.00883,CANDRA (BLESSING),Lunas,"",25410000.0,0.0,17/05/2023,25410000.0,0.0,25410000.0,"","","","",AGUS,"",ASUS A416MAO INTEL N4020 4GB 256GB SSD #,"","",6.0,UNIT,4235000.0,0.00 %,"",0.0,25410000.0,25410000.0,0.0,"",0.0,0.0,"","","","",0.0,0.0
03/05/2023,Faktur Pembelian,JL.2305.01014,CANDRA (BLESSING),Lunas,"",5165000.0,0.0,17/05/2023,5165000.0,0.0,5165000.0,"","","","",AGUS,"",HDD PC WD PURPLE 2TB,"","",2.0,PCS,820000.0,0.00 %,"",0.0,1640000.0,1640000.0,0.0,"",0.0,0.0,"","","","",0.0,0.0
03/05/2023,Faktur Pembelian,JL.2305.01014,CANDRA (BLESSING),Lunas,"",5165000.0,0.0,17/05/2023,5165000.0,0.0,5165000.0,"","","","",AGUS,"",HDD EXTERNAL SEAGATE EXPANSION 1TB #,"","",5.0,PCS,705000.0,0.00 %,"",0.0,3525000.0,3525000.0,0.0,"",0.0,0.0,"","","","",0.0,0.0
03/05/2023,Faktur Pembelian,14266,FIKTIF BELI,Lunas,"",150000.0,0.0,02/06/2023,150000.0,0.0,150000.0,"","","","","","",TINTA CANON ORI 790 BLACK NON PACK,"","",1.0,PCS,60000.0,0.00 %,"",0.0,60000.0,60000.0,0.0,"",0.0,0.0,"","","","",0.0,0.0
03/05/2023,Faktur Pembelian,14266,FIKTIF BELI,Lunas,"",150000.0,0.0,02/06/2023,150000.0,0.0,150000.0,"","","","","","",TINTA CANON ORI 790 CYAN NON PACK,"","",1.0,PCS,30000.0,0.00 %,"",0.0,30000.0,30000.0,0.0,"",0.0,0.0,"","","","",0.0,0.0
03/05/2023,Faktur Pembelian,14266,FIKTIF BELI,Lunas,"",150000.0,0.0,02/06/2023,150000.0,0.0,150000.0,"","","","","","",TINTA CANON ORI 790 YELLOW NON PACK,"","",1.0,PCS,30000.0,0.00 %,"",0.0,30000.0,30000.0,0.0,"",0.0,0.0,"","","","",0.0,0.0
03/05/2023,Faktur Pembelian,14266,FIKTIF BELI,Lunas,"",150000.0,0.0,02/06/2023,150000.0,0.0,150000.0,"","","","","","",TINTA CANON ORI 790 MAGENTA NON PACK,"","",1.0,PCS,30000.0,0.00 %,"",0.0,30000.0,30000.0,0.0,"",0.0,0.0,"","","","",0.0,0.0
03/05/2023,Faktur Pembelian,14267,FIKTIF BELI,Lunas,"",570000.0,0.0,02/06/2023,570000.0,0.0,570000.0,"","","","","","",BINGKAI FOTO 10R,"","",30.0,PCS,19000.0,0.00 %,"",0.0,570000.0,570000.0,0.0,"",0.0,0.0,"","","","",0.0,0.0
03/05/2023,Faktur Pembelian,JL.2305.01194,CANDRA (BLESSING),Lunas,"",12700000.000001,0.0,17/05/2023,11441441.441442,1258558.558559,12700000.000001,"","","","",CV TIGA NUSA,"",* ACER 3 A314 36M Ci3-N305 / 8GB / 512GB SSD WIN 11,"","",2.0,UNIT,5720720.720721,0.00 %,11.0,1258558.5585586199999874144144144138,11441441.441442,11441441.441442,0.0,"",0.0,0.0,"","","","",0.0,0.0
03/05/2023,Faktur Pembelian,14268,KO ANDREAS,Lunas,"",13200000.0,0.0,02/06/2023,13200000.0,0.0,13200000.0,"","","","","","",ACER EXTENSA 15 EX215-31 INTEL N4020 4GB SSD 256GB WIN 10,"","",3.0,UNIT,4400000.0,0.00 %,"",0.0,13200000.0,13200000.0,0.0,"",0.0,0.0,"","","","",0.0,0.0
03/05/2023,Faktur Pembelian,14269,FIKTIF BELI,Lunas,"",108000.0,0.0,02/06/2023,108000.0,0.0,108000.0,"","","","","","",BATERAI CAMERA CANON LP E8,"","",1.0,PCS,108000.0,0.00 %,"",0.0,108000.0,108000.0,0.0,"",0.0,0.0,"","","","",0.0,0.0
03/05/2023,Faktur Pembelian,2302212,WAHANA,Lunas,"",29500000.0,0.0,02/06/2023,29500000.0,0.0,29500000.0,"","","","","","",ASUS A416J I3 1005G1 8GB SSD 256GB WIN 11,"","",5.0,UNIT,5900000.0,0.00 %,"",0.0,29500000.0,29500000.0,0.0,"",0.0,0.0,"","","","",0.0,0.0
03/05/2023,Faktur Pembelian,2302206,WAHANA,Lunas,"",2880000.0,0.0,02/06/2023,2880000.0,0.0,2880000.0,"","","","","","",KABEL CCTV RG 59 + POWER SPECTRA,"","",4.0,DUS,720000.0,0.00 %,"",0.0,2880000.0,2880000.0,0.0,"",0.0,0.0,"","","","",0.0,0.0
03/05/2023,Faktur Pembelian,001462,LILI (PLATINUM),Lunas,"",9270000.0,0.0,02/06/2023,9270000.0,0.0,9270000.0,"","","","","","",CONNECTOR RJ45 BELDEN CAT5E (PACK),"","",20.0,PCS,87500.0,0.00 %,"",0.0,1750000.0,1750000.0,0.0,"",0.0,0.0,"","","","",0.0,0.0
03/05/2023,Faktur Pembelian,001462,LILI (PLATINUM),Lunas,"",9270000.0,0.0,02/06/2023,9270000.0,0.0,9270000.0,"","","","","","",KABEL VGA 20 METER,"","",5.0,PCS,110000.0,0.00 %,"",0.0,550000.0,550000.0,0.0,"",0.0,0.0,"","","","",0.0,0.0
03/05/2023,Faktur Pembelian,001462,LILI (PLATINUM),Lunas,"",9270000.0,0.0,02/06/2023,9270000.0,0.0,9270000.0,"","","","","","",KABEL HDMI 3 IN 1 UNIVERSAL,"","",10.0,PCS,35000.0,0.00 %,"",0.0,350000.0,350000.0,0.0,"",0.0,0.0,"","","","",0.0,0.0
03/05/2023,Faktur Pembelian,001462,LILI (PLATINUM),Lunas,"",9270000.0,0.0,02/06/2023,9270000.0,0.0,9270000.0,"","","","","","",GAMEPAD DOUBLE BLACK,"","",20.0,PCS,68000.0,0.00 %,"",0.0,1360000.0,1360000.0,0.0,"",0.0,0.0,"","","","",0.0,0.0
03/05/2023,Faktur Pembelian,001462,LILI (PLATINUM),Lunas,"",9270000.0,0.0,02/06/2023,9270000.0,0.0,9270000.0,"","","","","","",BATERAI LAPTOP ACER Z1402,"","",2.0,PCS,290000.0,0.00 %,"",0.0,580000.0,580000.0,0.0,"",0.0,0.0,"","","","",0.0,0.0
03/05/2023,Faktur Pembelian,001462,LILI (PLATINUM),Lunas,"",9270000.0,0.0,02/06/2023,9270000.0,0.0,9270000.0,"","","","","","",BATERAI HP JC 04 ORI,"","",1.0,PCS,240000.0,0.00 %,"",0.0,240000.0,240000.0,0.0,"",0.0,0.0,"","","","",0.0,0.0
03/05/2023,Faktur Pembelian,001462,LILI (PLATINUM),Lunas,"",9270000.0,0.0,02/06/2023,9270000.0,0.0,9270000.0,"","","","","","",CONVERTER USB TO VGA,"","",5.0,PCS,88000.0,0.00 %,"",0.0,440000.0,440000.0,0.0,"",0.0,0.0,"","","","",0.0,0.0
03/05/2023,Faktur Pembelian,001462,LILI (PLATINUM),Lunas,"",9270000.0,0.0,02/06/2023,9270000.0,0.0,9270000.0,"","","","","","",MOUSEPAD LOGITECH / MICROSOFT,"","",1000.0,PCS,4000.0,0.00 %,"",0.0,4000000.0,4000000.0,0.0,"",0.0,0.0,"","","","",0.0,0.0
03/05/2023,Faktur Pembelian,001463,LILI (PLATINUM),Lunas,"",800000.0,0.0,02/06/2023,800000.0,0.0,800000.0,"","","","","","",KEYBOARD ACER A314 33 (LM),"","",5.0,PCS,80000.0,0.00 %,"",0.0,400000.0,400000.0,0.0,"",0.0,0.0,"","","","",0.0,0.0
03/05/2023,Faktur Pembelian,001463,LILI (PLATINUM),Lunas,"",800000.0,0.0,02/06/2023,800000.0,0.0,800000.0,"","","","","","",KEYBOARD LAPTOP LENOVO 330 ON OFF,"","",5.0,PCS,80000.0,0.00 %,"",0.0,400000.0,400000.0,0.0,"",0.0,0.0,"","","","",0.0,0.0
03/05/2023,Faktur Pembelian,JL5523050122,YULI (HP CENTRE),Lunas,"",21100000.0,0.0,02/06/2023,21100000.0,0.0,21100000.0,"","","","",RAHMAT,"",ASUS A416MAO INTEL N4020 4GB 256GB SSD #,"","",5.0,UNIT,4220000.0,0.00 %,"",0.0,21100000.0,21100000.0,0.0,"",0.0,0.0,"","","","",0.0,0.0
03/05/2023,Faktur Pembelian,FK 2566,BETA COM,Lunas,"",11610000.0,0.0,17/05/2023,11610000.0,0.0,11610000.0,"","","","","","",PRINTER CANON G2010,"","",5.0,UNIT,1855000.0,0.00 %,"",0.0,9275000.0,9275000.0,0.0,"",0.0,0.0,"","","","",0.0,0.0
03/05/2023,Faktur Pembelian,FK 2566,BETA COM,Lunas,"",11610000.0,0.0,17/05/2023,11610000.0,0.0,11610000.0,"","","","","","",PRINTER CANON G3010 WIFI PSC,"","",1.0,UNIT,2335000.0,0.00 %,"",0.0,2335000.0,2335000.0,0.0,"",0.0,0.0,"","","","",0.0,0.0
03/05/2023,Faktur Pembelian,00637857_036,PRIYO (K GALAXY),Lunas,"",4650000.0,0.0,02/06/2023,4650000.0,0.0,4650000.0,"","","","","","","LED LG 18,5 19M38A","","",5.0,UNIT,930000.0,0.00 %,"",0.0,4650000.0,4650000.0,0.0,"",0.0,0.0,"","","","",0.0,0.0
04/05/2023,Faktur Pembelian,JL.2305.01496,CANDRA (BLESSING),Lunas,"",23175000.0,0.0,18/05/2023,23175000.0,0.0,23175000.0,"","","","",AGUS,"","SSD LEXAR 512GB LNS100-512RB VALUE 2,5 SATA","","",2.0,PCS,490000.0,0.00 %,"",0.0,980000.0,980000.0,0.0,"",0.0,0.0,"","","","",0.0,0.0
04/05/2023,Faktur Pembelian,JL.2305.01496,CANDRA (BLESSING),Lunas,"",23175000.0,0.0,18/05/2023,23175000.0,0.0,23175000.0,"","","","",AGUS,"",ASUS A416MAO INTEL N4020 4GB 256GB SSD #,"","",5.0,UNIT,4235000.0,0.00 %,"",0.0,21175000.0,21175000.0,0.0,"",0.0,0.0,"","","","",0.0,0.0
04/05/2023,Faktur Pembelian,JL.2305.01496,CANDRA (BLESSING),Lunas,"",23175000.0,0.0,18/05/2023,23175000.0,0.0,23175000.0,"","","","",AGUS,"",SSD COLORFUL 480GB M.2 2280 KODE CN500,"","",2.0,PCS,510000.0,0.00 %,"",0.0,1020000.0,1020000.0,0.0,"",0.0,0.0,"","","","",0.0,0.0
04/05/2023,Faktur Pembelian,14270,IQ TRONIK,Lunas,"",10400000.0,0.0,03/06/2023,10400000.0,0.0,10400000.0,"","","","","","",KERTAS FOTO SPECTRA GLOSSY 260,"","",80.0,PCS,52000.0,0.00 %,"",0.0,4160000.0,4160000.0,0.0,"",0.0,0.0,"","","","",0.0,0.0
04/05/2023,Faktur Pembelian,14270,IQ TRONIK,Lunas,"",10400000.0,0.0,03/06/2023,10400000.0,0.0,10400000.0,"","","","","","",KERTAS FOTO SPECTRA SILKY 260,"","",120.0,PCS,52000.0,0.00 %,"",0.0,6240000.0,6240000.0,0.0,"",0.0,0.0,"","","","",0.0,0.0
04/05/2023,Faktur Pembelian,14271,EKO HASAN,Lunas,"",278000.0,0.0,03/06/2023,278000.0,0.0,278000.0,"","","","","","",TALI BELT L210,"","",10.0,PCS,27800.0,0.00 %,"",0.0,278000.0,278000.0,0.0,"",0.0,0.0,"","","","",0.0,0.0
04/05/2023,Faktur Pembelian,14272,FIKTIF BELI,Lunas,"",150000.0,0.0,03/06/2023,150000.0,0.0,150000.0,"","","","","","",TINTA CANON ORI 790 BLACK NON PACK,"","",1.0,PCS,60000.0,0.00 %,"",0.0,60000.0,60000.0,0.0,"",0.0,0.0,"","","","",0.0,0.0
04/05/2023,Faktur Pembelian,14272,FIKTIF BELI,Lunas,"",150000.0,0.0,03/06/2023,150000.0,0.0,150000.0,"","","","","","",TINTA CANON ORI 790 CYAN NON PACK,"","",1.0,PCS,30000.0,0.00 %,"",0.0,30000.0,30000.0,0.0,"",0.0,0.0,"","","","",0.0,0.0
04/05/2023,Faktur Pembelian,14272,FIKTIF BELI,Lunas,"",150000.0,0.0,03/06/2023,150000.0,0.0,150000.0,"","","","","","",TINTA CANON ORI 790 YELLOW NON PACK,"","",1.0,PCS,30000.0,0.00 %,"",0.0,30000.0,30000.0,0.0,"",0.0,0.0,"","","","",0.0,0.0
04/05/2023,Faktur Pembelian,14272,FIKTIF BELI,Lunas,"",150000.0,0.0,03/06/2023,150000.0,0.0,150000.0,"","","","","","",TINTA CANON ORI 790 MAGENTA NON PACK,"","",1.0,PCS,30000.0,0.00 %,"",0.0,30000.0,30000.0,0.0,"",0.0,0.0,"","","","",0.0,0.0
04/05/2023,Faktur Pembelian,14273,TK WIJAYA,Lunas,"",4467500.00004,0.0,03/06/2023,4467500.00004,0.0,4467500.00004,"","","","","","",KERTAS KINGSTRIK 230 GRAM F4,"","",110.0,PCS,40613.636364,0.00 %,"",0.0,4467500.00004,4467500.00004,0.0,"",0.0,0.0,"","","","",0.0,0.0
04/05/2023,Faktur Pembelian,JL.2305.01526,CANDRA (BLESSING),Lunas,"",2790000.0,0.0,18/05/2023,2790000.0,0.0,2790000.0,"","","","",ARIES,"",BROTHER DCP L2540 DW,"","",1.0,PCS,2790000.0,0.00 %,"",0.0,2790000.0,2790000.0,0.0,"",0.0,0.0,"","","","",0.0,0.0
04/05/2023,Faktur Pembelian,2305016,ANDY (JMK),Lunas,BAYAR,2850000.0,0.0,03/06/2023,2850000.0,0.0,2850000.0,"","","","","","",FD JOINT / INDILINX 8GB,"","",100.0,PCS,28500.0,0.00 %,"",0.0,2850000.0,2850000.0,0.0,"",0.0,0.0,"","","","",0.0,0.0
04/05/2023,Faktur Pembelian,0520237912,AGUS (DORAN),Lunas,"",13255500.0,0.0,03/06/2023,13255500.0,0.0,13255500.0,"",SURABAYA,"","","","",TPLINK ROUTER TL WR840N,"","",40.0,PCS,148500.0,0.00 %,"",0.0,5940000.0,5940000.0,0.0,"",0.0,0.0,"","","","",0.0,0.0
04/05/2023,Faktur Pembelian,0520237912,AGUS (DORAN),Lunas,"",13255500.0,0.0,03/06/2023,13255500.0,0.0,13255500.0,"",SURABAYA,"","","","",FD BLADE CZ50 16GB SANDISK,"","",50.0,PCS,37500.0,0.00 %,"",0.0,1875000.0,1875000.0,0.0,"",0.0,0.0,"","","","",0.0,0.0
04/05/2023,Faktur Pembelian,0520237912,AGUS (DORAN),Lunas,"",13255500.0,0.0,03/06/2023,13255500.0,0.0,13255500.0,"",SURABAYA,"","","","",CAM CCTV EZVIZ C6N #,"","",5.0,UNIT,335000.0,0.00 %,"",0.0,1675000.0,1675000.0,0.0,"",0.0,0.0,"","","","",0.0,0.0
04/05/2023,Faktur Pembelian,0520237912,AGUS (DORAN),Lunas,"",13255500.0,0.0,03/06/2023,13255500.0,0.0,13255500.0,"",SURABAYA,"","","","",TPLINK SWITCH 5 PORT LS1005 ( HUB LAN 5 PORT K ),"","",23.0,UNIT,73500.0,0.00 %,"",0.0,1690500.0,1690500.0,0.0,"",0.0,0.0,"","","","",0.0,0.0
04/05/2023,Faktur Pembelian,0520237912,AGUS (DORAN),Lunas,"",13255500.0,0.0,03/06/2023,13255500.0,0.0,13255500.0,"",SURABAYA,"","","","",FD BLADE CZ50 32GB SANDISK,"","",50.0,PCS,41500.0,0.00 %,"",0.0,2075000.0,2075000.0,0.0,"",0.0,0.0,"","","","",0.0,0.0
04/05/2023,Faktur Pembelian,0520235227,AGUS (DORAN),Lunas,"",9000000.0,0.0,18/05/2023,9000000.0,0.0,9000000.0,"","","","","","",TINTA EPSON 003 BLACK,"","",120.0,PCS,75000.0,0.00 %,"",0.0,9000000.0,9000000.0,0.0,"",0.0,0.0,"","","","",0.0,0.0
04/05/2023,Faktur Pembelian,001468,LILI (PLATINUM),Lunas,"",1130000.0,0.0,03/06/2023,1130000.0,0.0,1130000.0,"","","","","","",ANYCAST M9,"","",10.0,PCS,90000.0,0.00 %,"",0.0,900000.0,900000.0,0.0,"",0.0,0.0,"","","","",0.0,0.0
04/05/2023,Faktur Pembelian,001468,LILI (PLATINUM),Lunas,"",1130000.0,0.0,03/06/2023,1130000.0,0.0,1130000.0,"","","","","","",BATERAI TOSHIBA C40 PA5109U,"","",1.0,PCS,230000.0,0.00 %,"",0.0,230000.0,230000.0,0.0,"",0.0,0.0,"","","","",0.0,0.0
05/05/2023,Faktur Pembelian,14274,FIKTIF BELI,Lunas,"",150000.0,0.0,04/06/2023,150000.0,0.0,150000.0,"","","","","","",ONGKIR JNE,"","",2.0,JASA,75000.0,0.00 %,"",0.0,150000.0,150000.0,0.0,"",0.0,0.0,"","","","",0.0,0.0
05/05/2023,Faktur Pembelian,14275,PT. INDO WARNA MULIA ( ALFA INK ),Lunas,"",9115200.0,0.0,04/07/2023,9115200.0,0.0,9115200.0,"","","","","","",ALFA INK L SERIES EPSON YELLOW,"","",96.0,PCS,31650.0,0.00 %,"",0.0,3038400.0,3038400.0,0.0,"",0.0,0.0,"","","","",0.0,0.0
05/05/2023,Faktur Pembelian,14275,PT. INDO WARNA MULIA ( ALFA INK ),Lunas,"",9115200.0,0.0,04/07/2023,9115200.0,0.0,9115200.0,"","","","","","",ALFA INK L SERIES EPSON CYAN,"","",96.0,PCS,31650.0,0.00 %,"",0.0,3038400.0,3038400.0,0.0,"",0.0,0.0,"","","","",0.0,0.0
05/05/2023,Faktur Pembelian,14275,PT. INDO WARNA MULIA ( ALFA INK ),Lunas,"",9115200.0,0.0,04/07/2023,9115200.0,0.0,9115200.0,"","","","","","",ALFA INK L SERIES EPSON MAGENTA,"","",96.0,PCS,31650.0,0.00 %,"",0.0,3038400.0,3038400.0,0.0,"",0.0,0.0,"","","","",0.0,0.0
05/05/2023,Faktur Pembelian,14277,UCUP,Lunas,"",2900000.0,0.0,04/06/2023,2900000.0,0.0,2900000.0,"","","","","","",MESIN LAMINATING A3 330 BRIGHT OFFICE,"","",4.0,UNIT,725000.0,0.00 %,"",0.0,2900000.0,2900000.0,0.0,"",0.0,0.0,"","","","",0.0,0.0
05/05/2023,Faktur Pembelian,14278,FIKTIF BELI,Lunas,"",1500000.0,0.0,04/06/2023,1500000.0,0.0,1500000.0,"","","","","","",KERTAS PIAGAM A4,"","",50.0,PCS,30000.0,0.00 %,"",0.0,1500000.0,1500000.0,0.0,"",0.0,0.0,"","","","",0.0,0.0
05/05/2023,Faktur Pembelian,14279,PT TERA DATA INDONUSA,Lunas,"",420000.0,0.0,04/06/2023,378378.378378,41621.621622,420000.0,"","","","",CV TIGA NUSA,"",* KEY AXIOO 14E + COVER,"","",1.0,PCS,180180.18018,0.00 %,11.0,19819.819819799999999801801801802,180180.18018,180180.18018,0.0,"",0.0,0.0,"","","","",0.0,0.0
05/05/2023,Faktur Pembelian,14279,PT TERA DATA INDONUSA,Lunas,"",420000.0,0.0,04/06/2023,378378.378378,41621.621622,420000.0,"","","","",CV TIGA NUSA,"",* BATERAI AXIOO 14E,"","",1.0,PCS,198198.198198,0.00 %,11.0,21801.8018017799999997819819819822,198198.198198,198198.198198,0.0,"",0.0,0.0,"","","","",0.0,0.0
05/05/2023,Faktur Pembelian,14280,PT TERA DATA INDONUSA,Lunas,"",200000.0,0.0,04/06/2023,180180.18018,19819.81982,200000.0,"","","","",CV TIGA NUSA,"",* KEY AXIOO 14E + COVER,"","",1.0,PCS,180180.18018,0.00 %,11.0,19819.819819799999999801801801802,180180.18018,180180.18018,0.0,"",0.0,0.0,"","","","",0.0,0.0
05/05/2023,Faktur Pembelian,14281,FIKTIF BELI,Lunas,"",720000.0,0.0,04/06/2023,720000.0,0.0,720000.0,"","","","","","",KABEL CCTV PERMETER,"","",300.0,METER,2400.0,0.00 %,"",0.0,720000.0,720000.0,0.0,"",0.0,0.0,"","","","",0.0,0.0
05/05/2023,Faktur Pembelian,JL.2305.01903,CANDRA (BLESSING),Lunas,"",2880000.0,0.0,19/05/2023,2880000.0,0.0,2880000.0,"","","","",AGUS,"",KABEL CCTV RG 59 + POWER SPECTRA,"","",4.0,DUS,720000.0,0.00 %,"",0.0,2880000.0,2880000.0,0.0,"",0.0,0.0,"","","","",0.0,0.0
05/05/2023,Faktur Pembelian,14282,OBOR MAS,Lunas,"",550000.0,0.0,04/06/2023,550000.0,0.0,550000.0,"","","","","","",AMPLOP PAPER LINE ( LEM ),"","",25.0,KOTAK,22000.0,0.00 %,"",0.0,550000.0,550000.0,0.0,"",0.0,0.0,"","","","",0.0,0.0
05/05/2023,Faktur Pembelian,14283,ATC,Lunas,"",38750000.0,0.0,19/05/2023,38750000.0,0.0,38750000.0,"","","","","","","LENOVO IDEAPAD 3 14IGL05 INTEL N4020 4GB 256GB SSD 14 "" NW","","",10.0,UNIT,3875000.0,0.00 %,"",0.0,38750000.0,38750000.0,0.0,"",0.0,0.0,"","","","",0.0,0.0
05/05/2023,Faktur Pembelian,14284,ONLINE,Lunas,"",950000.0,0.0,04/06/2023,950000.0,0.0,950000.0,"","","","","","",MESIN HITUNG UANG KONZURE MC-101,"","",1.0,PCS,950000.0,0.00 %,"",0.0,950000.0,950000.0,0.0,"",0.0,0.0,"","","","",0.0,0.0
05/05/2023,Faktur Pembelian,001471,LILI (PLATINUM),Lunas,"",1185000.0,0.0,04/06/2023,1185000.0,0.0,1185000.0,"","","","","","",KEYBOARD ACER A314-22 RYZEN,"","",7.0,PCS,105000.0,0.00 %,"",0.0,735000.0,735000.0,0.0,"",0.0,0.0,"","","","",0.0,0.0
05/05/2023,Faktur Pembelian,001471,LILI (PLATINUM),Lunas,"",1185000.0,0.0,04/06/2023,1185000.0,0.0,1185000.0,"","","","","","",KEY ACER A314 22 BR,"","",3.0,PCS,150000.0,0.00 %,"",0.0,450000.0,450000.0,0.0,"",0.0,0.0,"","","","",0.0,0.0
05/05/2023,Faktur Pembelian,FK 2603,BETA COM,Lunas,"",27825000.0,0.0,19/05/2023,27825000.0,0.0,27825000.0,"","","","","","",PRINTER CANON G2010,"","",15.0,UNIT,1855000.0,0.00 %,"",0.0,27825000.0,27825000.0,0.0,"",0.0,0.0,"","","","",0.0,0.0
05/05/2023,Faktur Pembelian,05202312442,AGUS (DORAN),Lunas,"",26268000.0,0.0,04/06/2023,26268000.0,0.0,26268000.0,"",SURABAYA,"","","","",TINTA EPSON 003 BLACK,"","",120.0,PCS,75000.0,0.00 %,"",0.0,9000000.0,9000000.0,0.0,"",0.0,0.0,"","","","",0.0,0.0
05/05/2023,Faktur Pembelian,05202312442,AGUS (DORAN),Lunas,"",26268000.0,0.0,04/06/2023,26268000.0,0.0,26268000.0,"",SURABAYA,"","","","",TINTA EPSON 664 MAGENTA,"","",60.0,PCS,75000.0,0.00 %,"",0.0,4500000.0,4500000.0,0.0,"",0.0,0.0,"","","","",0.0,0.0
05/05/2023,Faktur Pembelian,05202312442,AGUS (DORAN),Lunas,"",26268000.0,0.0,04/06/2023,26268000.0,0.0,26268000.0,"",SURABAYA,"","","","",TINTA EPSON 664 CYAN,"","",60.0,PCS,75000.0,0.00 %,"",0.0,4500000.0,4500000.0,0.0,"",0.0,0.0,"","","","",0.0,0.0
05/05/2023,Faktur Pembelian,05202312442,AGUS (DORAN),Lunas,"",26268000.0,0.0,04/06/2023,26268000.0,0.0,26268000.0,"",SURABAYA,"","","","",TINTA EPSON 664 BLACK,"","",60.0,PCS,75000.0,0.00 %,"",0.0,4500000.0,4500000.0,0.0,"",0.0,0.0,"","","","",0.0,0.0
05/05/2023,Faktur Pembelian,05202312442,AGUS (DORAN),Lunas,"",26268000.0,0.0,04/06/2023,26268000.0,0.0,26268000.0,"",SURABAYA,"","","","",TINTA HP GT 52 CYAN,"","",24.0,PCS,78500.0,0.00 %,"",0.0,1884000.0,1884000.0,0.0,"",0.0,0.0,"","","","",0.0,0.0
05/05/2023,Faktur Pembelian,05202312442,AGUS (DORAN),Lunas,"",26268000.0,0.0,04/06/2023,26268000.0,0.0,26268000.0,"",SURABAYA,"","","","",TINTA HP  GT 52 MAGENTA,"","",24.0,PCS,78500.0,0.00 %,"",0.0,1884000.0,1884000.0,0.0,"",0.0,0.0,"","","","",0.0,0.0
05/05/2023,Faktur Pembelian,00637993_036,PRIYO (K GALAXY),Lunas,"",40800000.0,0.0,04/06/2023,40800000.0,0.0,40800000.0,"","","","","","",UPS PROLINK 2000VA PRO2000SFCU super fast charging,"","",17.0,UNIT,2400000.0,0.00 %,"",0.0,40800000.0,40800000.0,0.0,"",0.0,0.0,"","","","",0.0,0.0
06/05/2023,Faktur Pembelian,14285,DARMA DJ COMP,Lunas,"",35850000.0,0.0,05/06/2023,35850000.0,0.0,35850000.0,"","","","","","",ACER A314-35-C2T9 N5100 4GB 256GB SSD #,"","",6.0,UNIT,4400000.0,0.00 %,"",0.0,26400000.0,26400000.0,0.0,"",0.0,0.0,"","","",087876835295,0.0,0.0
06/05/2023,Faktur Pembelian,14285,DARMA DJ COMP,Lunas,"",35850000.0,0.0,05/06/2023,35850000.0,0.0,35850000.0,"","","","","","",ACER A314 35 N5100 8GB SSD 256GB,"","",2.0,UNIT,4725000.0,0.00 %,"",0.0,9450000.0,9450000.0,0.0,"",0.0,0.0,"","","",087876835295,0.0,0.0
06/05/2023,Faktur Pembelian,JL.2305.02060,CANDRA (BLESSING),Lunas,"",15010000.0,0.0,20/05/2023,15010000.0,0.0,15010000.0,"","","","",AGUS,"",CASING PC COOLER PLATINUM LM3000W ARGB,"","",1.0,UNIT,450000.0,0.00 %,"",0.0,450000.0,450000.0,0.0,"",0.0,0.0,"","","","",0.0,0.0
06/05/2023,Faktur Pembelian,JL.2305.02060,CANDRA (BLESSING),Lunas,"",15010000.0,0.0,20/05/2023,15010000.0,0.0,15010000.0,"","","","",AGUS,"",MIKROTIK RB 450GX4,"","",1.0,UNIT,1860000.0,0.00 %,"",0.0,1860000.0,1860000.0,0.0,"",0.0,0.0,"","","","",0.0,0.0
06/05/2023,Faktur Pembelian,JL.2305.02060,CANDRA (BLESSING),Lunas,"",15010000.0,0.0,20/05/2023,15010000.0,0.0,15010000.0,"","","","",AGUS,"",ACER 3 A314 36M Ci3-N305 8GB 512GB SSD WIN 11,"","",2.0,UNIT,6350000.0,0.00 %,"",0.0,12700000.0,12700000.0,0.0,"",0.0,0.0,"","","","",0.0,0.0
06/05/2023,Faktur Pembelian,14286,EDO VGEN,Lunas,"",3400000.0,0.0,20/05/2023,3400000.0,0.0,3400000.0,"","","","","","",FD V-GEN 8GB,"","",100.0,PCS,34000.0,0.00 %,"",0.0,3400000.0,3400000.0,0.0,"",0.0,0.0,"","","","",0.0,0.0
06/05/2023,Faktur Pembelian,14287,FIKTIF BELI,Lunas,"",365000.0,0.0,05/06/2023,365000.0,0.0,365000.0,"","","","","","",CATRIDGE 811 COPOTAN,"","",1.0,PCS,182500.0,0.00 %,"",0.0,182500.0,182500.0,0.0,"",0.0,0.0,"","","","",0.0,0.0
06/05/2023,Faktur Pembelian,14287,FIKTIF BELI,Lunas,"",365000.0,0.0,05/06/2023,365000.0,0.0,365000.0,"","","","","","",CATRIDGE 810 COPOTAN,"","",1.0,PCS,182500.0,0.00 %,"",0.0,182500.0,182500.0,0.0,"",0.0,0.0,"","","","",0.0,0.0
06/05/2023,Faktur Pembelian,14288,TE2 COMPUTER SURABAYA,Lunas,"",2990000.0,0.0,05/06/2023,2990000.0,0.0,2990000.0,"","","","","","",PRINTER BARCODE ZEBRA ZE220,"","",1.0,UNIT,2800000.0,0.00 %,"",0.0,2800000.0,2800000.0,0.0,"",0.0,0.0,"","","","",0.0,0.0
06/05/2023,Faktur Pembelian,14288,TE2 COMPUTER SURABAYA,Lunas,"",2990000.0,0.0,05/06/2023,2990000.0,0.0,2990000.0,"","","","","","",KERTAS BARCODE 10RB PC,"","",2.0,PACK,65000.0,0.00 %,"",0.0,130000.0,130000.0,0.0,"",0.0,0.0,"","","","",0.0,0.0
06/05/2023,Faktur Pembelian,14288,TE2 COMPUTER SURABAYA,Lunas,"",2990000.0,0.0,05/06/2023,2990000.0,0.0,2990000.0,"","","","","","",RIBBON 110 X 300 UNTUK ZEBRA,"","",1.0,PCS,60000.0,0.00 %,"",0.0,60000.0,60000.0,0.0,"",0.0,0.0,"","","","",0.0,0.0
06/05/2023,Faktur Pembelian,14310,KO ANDREAS,Lunas,"",57700000.0,0.0,16/05/2023,57700000.0,0.0,57700000.0,"","","","","","",ACER EXTENSA 15 EX215-31 INTEL N4020 4GB SSD 256GB WIN 10,"","",10.0,UNIT,4450000.0,0.00 %,"",0.0,44500000.0,44500000.0,0.0,"",0.0,0.0,"","","","",0.0,0.0
06/05/2023,Faktur Pembelian,14310,KO ANDREAS,Lunas,"",57700000.0,0.0,16/05/2023,57700000.0,0.0,57700000.0,"","","","","","",ACER EXTENSA 15 EX215-31 INTEL N4020 4GB SSD 256GB WIN 10,"","",3.0,UNIT,4400000.0,0.00 %,"",0.0,13200000.0,13200000.0,0.0,"",0.0,0.0,"","","","",0.0,0.0
06/05/2023,Faktur Pembelian,05202316550,AGUS (DORAN),Lunas,"",3750000.0,0.0,05/06/2023,3750000.0,0.0,3750000.0,"",SURABAYA,"","","","",FD BLADE CZ50 16GB SANDISK,"","",100.0,PCS,37500.0,0.00 %,"",0.0,3750000.0,3750000.0,0.0,"",0.0,0.0,"","","","",0.0,0.0
06/05/2023,Faktur Pembelian,PJL-23-05-00143,PT. Surya Makmur Kreasindo (HJ),Lunas,"",8125000.0,0.0,20/05/2023,7319819.81982,805180.18018,8125000.0,"",SURABAYA,"","",CV TIGA NUSA,"",* PRINTER EPSON L121,"","",5.0,UNIT,1463963.963964,0.00 %,11.0,805180.180180199999991948198198198,7319819.81982,7319819.81982,0.0,"",0.0,0.0,PT. Surya Makmur Kreasindo,"",081515111951,"",0.0,0.0
06/05/2023,Faktur Pembelian,001472 ,LILI (PLATINUM),Lunas,"",5750000.0,0.0,05/06/2023,5750000.0,0.0,5750000.0,"","","","","","",PSU CCTV BOX 30A,"","",14.0,PCS,275000.0,0.00 %,"",0.0,3850000.0,3850000.0,0.0,"",0.0,0.0,"","","","",0.0,0.0
06/05/2023,Faktur Pembelian,001472 ,LILI (PLATINUM),Lunas,"",5750000.0,0.0,05/06/2023,5750000.0,0.0,5750000.0,"","","","","","",ANYCAST M9,"","",5.0,PCS,90000.0,0.00 %,"",0.0,450000.0,450000.0,0.0,"",0.0,0.0,"","","","",0.0,0.0
06/05/2023,Faktur Pembelian,001472 ,LILI (PLATINUM),Lunas,"",5750000.0,0.0,05/06/2023,5750000.0,0.0,5750000.0,"","","","","","",SAMBUNGAN KABEL LAN,"","",100.0,PCS,2000.0,0.00 %,"",0.0,200000.0,200000.0,0.0,"",0.0,0.0,"","","","",0.0,0.0
06/05/2023,Faktur Pembelian,001472 ,LILI (PLATINUM),Lunas,"",5750000.0,0.0,05/06/2023,5750000.0,0.0,5750000.0,"","","","","","",Converter BAFO (USB to LPT Parallel Printer),"","",10.0,PCS,125000.0,0.00 %,"",0.0,1250000.0,1250000.0,0.0,"",0.0,0.0,"","","","",0.0,0.0
06/05/2023,Faktur Pembelian,JL202300002044,EDISON ATK,Lunas,"",10350000.0,0.0,05/07/2023,10350000.0,0.0,10350000.0,"","","","","","",ODNER FOLIO 75MM,"","",400.0,PCS,17250.0,0.00 %,"",0.0,6900000.0,6900000.0,0.0,"",0.0,0.0,"","","","",0.0,0.0
06/05/2023,Faktur Pembelian,JL202300002044,EDISON ATK,Lunas,"",10350000.0,0.0,05/07/2023,10350000.0,0.0,10350000.0,"","","","","","",ODNER KWT 75MM,"","",200.0,PCS,17250.0,0.00 %,"",0.0,3450000.0,3450000.0,0.0,"",0.0,0.0,"","","","",0.0,0.0
06/05/2023,Faktur Pembelian,00638059_036,PRIYO (K GALAXY),Lunas,"",16500000.0,0.0,05/06/2023,16500000.0,0.0,16500000.0,"","","","","","",PRINTER EPSON L121,"","",10.0,UNIT,1650000.0,0.00 %,"",0.0,16500000.0,16500000.0,0.0,"",0.0,0.0,"","","","",0.0,0.0
07/05/2023,Faktur Pembelian,JL.2305.02361,CANDRA (BLESSING),Lunas,"",18112001.0,0.0,21/05/2023,18112001.0,0.0,18112001.0,"","","","",ARIES,"",ASUS TUF GAMING A15 FA507RM AMD Ryzen 7-6800H 2x8GB 512GB SSD RTX3060 6GB W11 Home + OHS 2021,"","",1.0,UNIT,18306000.0,0.00 %,"",0.0,18111993.012,18306000.0,193999.0,"",0.0,0.0,"","","","",0.0,1.06
07/05/2023,Faktur Pembelian,14290,DARMA DJ COMP,Lunas,"",41625000.0,0.0,06/06/2023,41625000.0,0.0,41625000.0,"","","","","","",ACER A314-35-C2T9 N5100 4GB 256GB SSD #,"","",5.0,UNIT,4500000.0,0.00 %,"",0.0,22500000.0,22500000.0,0.0,"",0.0,0.0,"","","",087876835295,0.0,0.0
07/05/2023,Faktur Pembelian,14290,DARMA DJ COMP,Lunas,"",41625000.0,0.0,06/06/2023,41625000.0,0.0,41625000.0,"","","","","","","ACER 3 SLIM A314 - 35 INTEL N6000 4GB 256GB SSD 14""","","",3.0,UNIT,4800000.0,0.00 %,"",0.0,14400000.0,14400000.0,0.0,"",0.0,0.0,"","","",087876835295,0.0,0.0
07/05/2023,Faktur Pembelian,14290,DARMA DJ COMP,Lunas,"",41625000.0,0.0,06/06/2023,41625000.0,0.0,41625000.0,"","","","","","",ACER A314 35 N5100 8GB SSD 256GB,"","",1.0,UNIT,4725000.0,0.00 %,"",0.0,4725000.0,4725000.0,0.0,"",0.0,0.0,"","","",087876835295,0.0,0.0
07/05/2023,Faktur Pembelian,14291,HARAPAN BARU,Lunas,"",1715000.0,0.0,06/06/2023,1715000.0,0.0,1715000.0,"","","","","","",SPEAKER ADVANCE K1512,"","",1.0,PCS,1715000.0,0.00 %,"",0.0,1715000.0,1715000.0,0.0,"",0.0,0.0,"","","","",0.0,0.0
08/05/2023,Faktur Pembelian,14292,KO ANDREAS,Lunas,"",48250000.0,0.0,18/05/2023,48250000.0,0.0,48250000.0,"","","","","","","ACER 3 SLIM A314 - 35 INTEL N6000 4GB 256GB SSD 14""","","",10.0,UNIT,4825000.0,0.00 %,"",0.0,48250000.0,48250000.0,0.0,"",0.0,0.0,"","","","",0.0,0.0
08/05/2023,Faktur Pembelian,14293,KO ANDREAS,Lunas,"",48250000.0,0.0,18/05/2023,48250000.0,0.0,48250000.0,"","","","","","","ACER 3 SLIM A314 - 35 INTEL N6000 4GB 256GB SSD 14""","","",10.0,UNIT,4825000.0,0.00 %,"",0.0,48250000.0,48250000.0,0.0,"",0.0,0.0,"","","","",0.0,0.0
08/05/2023,Faktur Pembelian,14294,ANDRIANY MUSTIKA SARI (cencen),Lunas,"",14947500.0,0.0,07/06/2023,14947500.0,0.0,14947500.0,"","","","","","",KERTAS NCR YELLOW CFB (MIDDLE),"",( 1 DUS ISI 10 RIM ),50.0,PCS,58850.0,0.00 %,"",0.0,2942500.0,2942500.0,0.0,"",0.0,0.0,"","","","",0.0,0.0
08/05/2023,Faktur Pembelian,14294,ANDRIANY MUSTIKA SARI (cencen),Lunas,"",14947500.0,0.0,07/06/2023,14947500.0,0.0,14947500.0,"","","","","","",KERTAS NCR WHITE CFB (MIDDLE),"",( 1 DUS ISI 10 RIM ),100.0,PCS,58850.0,0.00 %,"",0.0,5885000.0,5885000.0,0.0,"",0.0,0.0,"","","","",0.0,0.0
08/05/2023,Faktur Pembelian,14294,ANDRIANY MUSTIKA SARI (cencen),Lunas,"",14947500.0,0.0,07/06/2023,14947500.0,0.0,14947500.0,"","","","","","",KERTAS NCR WHITE CB (TOP),"",( 1 DUS ISI 10 RIM ),100.0,PCS,61200.0,0.00 %,"",0.0,6120000.0,6120000.0,0.0,"",0.0,0.0,"","","","",0.0,0.0
08/05/2023,Faktur Pembelian,14295,FIKTIF BELI,Lunas,"",355000.0,0.0,07/06/2023,355000.0,0.0,355000.0,"","","","","","",CATRIDGE 811 COPOTAN,"","",1.0,PCS,177500.0,0.00 %,"",0.0,177500.0,177500.0,0.0,"",0.0,0.0,"","","","",0.0,0.0
08/05/2023,Faktur Pembelian,14295,FIKTIF BELI,Lunas,"",355000.0,0.0,07/06/2023,355000.0,0.0,355000.0,"","","","","","",CATRIDGE 810 COPOTAN,"","",1.0,PCS,177500.0,0.00 %,"",0.0,177500.0,177500.0,0.0,"",0.0,0.0,"","","","",0.0,0.0
08/05/2023,Faktur Pembelian,JL.2305.02397,CANDRA (BLESSING),Lunas,"",23575000.0,0.0,22/05/2023,23575000.0,0.0,23575000.0,"","","","",RAHMAT,"",PROJECTOR ACER BS 020P DLP 4000 LUMENS + TAS,"","",5.0,PCS,4715000.0,0.00 %,"",0.0,23575000.0,23575000.0,0.0,"",0.0,0.0,"","","","",0.0,0.0
08/05/2023,Faktur Pembelian,JL.2305.02496,CANDRA (BLESSING),Lunas,"",6990000.0,0.0,22/05/2023,6990000.0,0.0,6990000.0,"","","","",RAHMAT,"","AXIOO 11G N4000/4GB/256GB SSD/11,6""","","",3.0,UNIT,2330000.0,0.00 %,"",0.0,6990000.0,6990000.0,0.0,"",0.0,0.0,"","","","",0.0,0.0
08/05/2023,Faktur Pembelian,2305034,ANDY (JMK),Lunas,BAYAR,16715000.0,0.0,07/06/2023,16715000.0,0.0,16715000.0,"","","","","","",KABEL LAN ZIMM LINK FTP ( SEMI OUTDOOR ),"","",16.0,DUS,515000.0,0.00 %,"",0.0,8240000.0,8240000.0,0.0,"",0.0,0.0,"","","","",0.0,0.0
08/05/2023,Faktur Pembelian,2305034,ANDY (JMK),Lunas,BAYAR,16715000.0,0.0,07/06/2023,16715000.0,0.0,16715000.0,"","","","","","",MOUSE GENIUS WIRELESS NX-7005 / NX-7015,"","",50.0,PCS,93500.0,0.00 %,"",0.0,4675000.0,4675000.0,0.0,"",0.0,0.0,"","","","",0.0,0.0
08/05/2023,Faktur Pembelian,2305034,ANDY (JMK),Lunas,BAYAR,16715000.0,0.0,07/06/2023,16715000.0,0.0,16715000.0,"","","","","","",SPEAKER ADVANCE M8 BT,"","",16.0,UNIT,237500.0,0.00 %,"",0.0,3800000.0,3800000.0,0.0,"",0.0,0.0,"","","","",0.0,0.0
09/05/2023,Faktur Pembelian,PJL-23-05-00187,PT. Surya Makmur Kreasindo (HJ),Lunas,"",36975000.000001,0.0,23/05/2023,33310810.810812,3664189.189189,36975000.000001,"",SURABAYA,"","",CV TIGA NUSA,"",* PRINTER EPSON L121,"","",3.0,UNIT,1463963.963964,0.00 %,11.0,483108.1081081199999951689189189188,4391891.891892,4391891.891892,0.0,"",0.0,0.0,PT. Surya Makmur Kreasindo,"",081515111951,"",0.0,0.0
09/05/2023,Faktur Pembelian,PJL-23-05-00187,PT. Surya Makmur Kreasindo (HJ),Lunas,"",36975000.000001,0.0,23/05/2023,33310810.810812,3664189.189189,36975000.000001,"",SURABAYA,"","",CV TIGA NUSA,"",* PRINTER EPSON L3210,"","",15.0,UNIT,1927927.927928,0.00 %,11.0,3181081.081081199999968189189189188,28918918.91892,28918918.91892,0.0,"",0.0,0.0,PT. Surya Makmur Kreasindo,"",081515111951,"",0.0,0.0
09/05/2023,Faktur Pembelian,14297,DARMA DJ COMP,Lunas,"",38100000.0,0.0,08/06/2023,38100000.0,0.0,38100000.0,"","","","","","","ACER 3 SLIM A314 - 35 INTEL N6000 4GB 256GB SSD 14""","","",4.0,UNIT,4800000.0,0.00 %,"",0.0,19200000.0,19200000.0,0.0,"",0.0,0.0,"","","",087876835295,0.0,0.0
09/05/2023,Faktur Pembelian,14297,DARMA DJ COMP,Lunas,"",38100000.0,0.0,08/06/2023,38100000.0,0.0,38100000.0,"","","","","","",ASUS BR1100CKA INTEL N4500 4GB 128GB eMMC WIN 11,"","",3.0,UNIT,3150000.0,0.00 %,"",0.0,9450000.0,9450000.0,0.0,"",0.0,0.0,"","","",087876835295,0.0,0.0
09/05/2023,Faktur Pembelian,14297,DARMA DJ COMP,Lunas,"",38100000.0,0.0,08/06/2023,38100000.0,0.0,38100000.0,"","","","","","",ACER A314 35 N5100 8GB SSD 256GB,"","",2.0,UNIT,4725000.0,0.00 %,"",0.0,9450000.0,9450000.0,0.0,"",0.0,0.0,"","","",087876835295,0.0,0.0
09/05/2023,Faktur Pembelian,001464,LILI (PLATINUM),Lunas,"",2940000.0,0.0,08/06/2023,2940000.0,0.0,2940000.0,"","","","","","",LCD LAPTOP 14 30 PIN SMALL FRAME NO BR,"","",6.0,PCS,490000.0,0.00 %,"",0.0,2940000.0,2940000.0,0.0,"",0.0,0.0,"","","","",0.0,0.0
09/05/2023,Faktur Pembelian,14299,GLOBAL FIBER OPTIC,Lunas,"",7500000.0,0.0,08/06/2023,7500000.0,0.0,7500000.0,"","","","","","",KABEL FIBER OPTIK GLOBAL 1KM 1000M CORE 3 SELING SPECIAL TYPE,"","",10.0,DUS,750000.0,0.00 %,"",0.0,7500000.0,7500000.0,0.0,"",0.0,0.0,"","","","",0.0,0.0
09/05/2023,Faktur Pembelian,14300,LEGALA,Lunas,"",2000000.0,0.0,08/06/2023,2000000.0,0.0,2000000.0,"","","","","","",TINTA ART PAPER KOREA BLACK,"","",6.0,PCS,100000.0,0.00 %,"",0.0,600000.0,600000.0,0.0,"",0.0,0.0,"","","","",0.0,0.0
09/05/2023,Faktur Pembelian,14300,LEGALA,Lunas,"",2000000.0,0.0,08/06/2023,2000000.0,0.0,2000000.0,"","","","","","",TINTA ART PAPER KOREA MAGENTA,"","",8.0,PCS,100000.0,0.00 %,"",0.0,800000.0,800000.0,0.0,"",0.0,0.0,"","","","",0.0,0.0
09/05/2023,Faktur Pembelian,14300,LEGALA,Lunas,"",2000000.0,0.0,08/06/2023,2000000.0,0.0,2000000.0,"","","","","","",TINTA ART PAPER KOREA YELLOW,"","",2.0,PCS,100000.0,0.00 %,"",0.0,200000.0,200000.0,0.0,"",0.0,0.0,"","","","",0.0,0.0
09/05/2023,Faktur Pembelian,14300,LEGALA,Lunas,"",2000000.0,0.0,08/06/2023,2000000.0,0.0,2000000.0,"","","","","","",TINTA ART PAPER KOREA LIGHT MAGENTA,"","",2.0,PCS,100000.0,0.00 %,"",0.0,200000.0,200000.0,0.0,"",0.0,0.0,"","","","",0.0,0.0
09/05/2023,Faktur Pembelian,14300,LEGALA,Lunas,"",2000000.0,0.0,08/06/2023,2000000.0,0.0,2000000.0,"","","","","","",TINTA ART PAPER KOREA LIGHT CYAN,"","",2.0,PCS,100000.0,0.00 %,"",0.0,200000.0,200000.0,0.0,"",0.0,0.0,"","","","",0.0,0.0
09/05/2023,Faktur Pembelian,14301,FIKTIF BELI,Lunas,"",2500000.0,0.0,08/06/2023,2500000.0,0.0,2500000.0,"","","","","","",BLUEPRINT KERTAS FOTO SILKY,"","",50.0,PCS,50000.0,0.00 %,"",0.0,2500000.0,2500000.0,0.0,"",0.0,0.0,"","","","",0.0,0.0
09/05/2023,Faktur Pembelian,00638273_036,PRIYO (K GALAXY),Lunas,"",2967500.0,0.0,23/05/2023,2967500.0,0.0,2967500.0,"","","","","","",RAM PC KINGSTONE DDR3 4GB,"","",5.0,PCS,77500.0,0.00 %,"",0.0,387500.0,387500.0,0.0,"",0.0,0.0,"","","","",0.0,0.0
09/05/2023,Faktur Pembelian,00638273_036,PRIYO (K GALAXY),Lunas,"",2967500.0,0.0,23/05/2023,2967500.0,0.0,2967500.0,"","","","","","",MB FAST H61,"","",6.0,PCS,430000.0,0.00 %,"",0.0,2580000.0,2580000.0,0.0,"",0.0,0.0,"","","","",0.0,0.0
09/05/2023,Faktur Pembelian,14303,FIKTIF BELI,Lunas,"",150000.0,0.0,08/06/2023,150000.0,0.0,150000.0,"","","","","","",TINTA CANON ORI 790 BLACK NON PACK,"","",1.0,PCS,60000.0,0.00 %,"",0.0,60000.0,60000.0,0.0,"",0.0,0.0,"","","","",0.0,0.0
09/05/2023,Faktur Pembelian,14303,FIKTIF BELI,Lunas,"",150000.0,0.0,08/06/2023,150000.0,0.0,150000.0,"","","","","","",TINTA CANON ORI 790 CYAN NON PACK,"","",1.0,PCS,30000.0,0.00 %,"",0.0,30000.0,30000.0,0.0,"",0.0,0.0,"","","","",0.0,0.0
09/05/2023,Faktur Pembelian,14303,FIKTIF BELI,Lunas,"",150000.0,0.0,08/06/2023,150000.0,0.0,150000.0,"","","","","","",TINTA CANON ORI 790 YELLOW NON PACK,"","",1.0,PCS,30000.0,0.00 %,"",0.0,30000.0,30000.0,0.0,"",0.0,0.0,"","","","",0.0,0.0
09/05/2023,Faktur Pembelian,14303,FIKTIF BELI,Lunas,"",150000.0,0.0,08/06/2023,150000.0,0.0,150000.0,"","","","","","",TINTA CANON ORI 790 MAGENTA NON PACK,"","",1.0,PCS,30000.0,0.00 %,"",0.0,30000.0,30000.0,0.0,"",0.0,0.0,"","","","",0.0,0.0
09/05/2023,Faktur Pembelian,14304,IQ TRONIK,Lunas,"",15000000.0,0.0,08/06/2023,15000000.0,0.0,15000000.0,"","","","","","",KERTAS FOTO SPECTRA GLOSSY 260,"","",80.0,PCS,52000.0,0.00 %,"",0.0,4160000.0,4160000.0,0.0,"",0.0,0.0,"","","","",0.0,0.0
09/05/2023,Faktur Pembelian,14304,IQ TRONIK,Lunas,"",15000000.0,0.0,08/06/2023,15000000.0,0.0,15000000.0,"","","","","","",KERTAS FOTO SPECTRA SILKY 260,"","",120.0,PCS,52000.0,0.00 %,"",0.0,6240000.0,6240000.0,0.0,"",0.0,0.0,"","","","",0.0,0.0
09/05/2023,Faktur Pembelian,14304,IQ TRONIK,Lunas,"",15000000.0,0.0,08/06/2023,15000000.0,0.0,15000000.0,"","","","","","",KERTAS FOTO KODAK 270GR GLOSSY,"","",100.0,PCS,46000.0,0.00 %,"",0.0,4600000.0,4600000.0,0.0,"",0.0,0.0,"","","","",0.0,0.0
09/05/2023,Faktur Pembelian,14305,IQ TRONIK,Lunas,"",10400000.0,0.0,08/06/2023,10400000.0,0.0,10400000.0,"","","","","","",KERTAS FOTO SPECTRA GLOSSY 260,"","",80.0,PCS,52000.0,0.00 %,"",0.0,4160000.0,4160000.0,0.0,"",0.0,0.0,"","","","",0.0,0.0
09/05/2023,Faktur Pembelian,14305,IQ TRONIK,Lunas,"",10400000.0,0.0,08/06/2023,10400000.0,0.0,10400000.0,"","","","","","",KERTAS FOTO SPECTRA SILKY 260,"","",120.0,PCS,52000.0,0.00 %,"",0.0,6240000.0,6240000.0,0.0,"",0.0,0.0,"","","","",0.0,0.0
09/05/2023,Faktur Pembelian,14306,FIKTIF BELI,Lunas,"",1125000.0,0.0,08/06/2023,1125000.0,0.0,1125000.0,"","","","","","",SODIMM KINGSTONE DDR4 4GB PC3200,"","",5.0,PCS,225000.0,0.00 %,"",0.0,1125000.0,1125000.0,0.0,"",0.0,0.0,"","","","",0.0,0.0
09/05/2023,Faktur Pembelian,14307,FIKTIF BELI,Lunas,"",1350000.0,0.0,08/06/2023,1350000.0,0.0,1350000.0,"","","","","","",KERTAS JASMIN PINK,"","",30.0,PCS,45000.0,0.00 %,"",0.0,1350000.0,1350000.0,0.0,"",0.0,0.0,"","","","",0.0,0.0
09/05/2023,Faktur Pembelian,PJL-23-05-00207,PT. Surya Makmur Kreasindo (HJ),Lunas,"",14650000.0,0.0,23/05/2023,13198198.198198,1451801.801802,14650000.0,"",SURABAYA,"","",CV TIGA NUSA,"",* PRINTER EPSON L3210,"","",5.0,UNIT,1927927.927928,0.00 %,11.0,1060360.360360399999989396396396396,9639639.63964,9639639.63964,0.0,"",0.0,0.0,PT. Surya Makmur Kreasindo,"",081515111951,"",0.0,0.0
09/05/2023,Faktur Pembelian,PJL-23-05-00207,PT. Surya Makmur Kreasindo (HJ),Lunas,"",14650000.0,0.0,23/05/2023,13198198.198198,1451801.801802,14650000.0,"",SURABAYA,"","",CV TIGA NUSA,"",* PRINTER EPSON L1210,"","",2.0,UNIT,1779279.279279,0.00 %,11.0,391441.4414413799999960855855855862,3558558.558558,3558558.558558,0.0,"",0.0,0.0,PT. Surya Makmur Kreasindo,"",081515111951,"",0.0,0.0
09/05/2023,Faktur Pembelian,JL5523050366,YULI (HP CENTRE),Lunas,"",12750000.0,0.0,08/06/2023,12750000.0,0.0,12750000.0,"","","","",RAHMAT,"",BLUEPRINT KERTAS FOTO MATAHARI 230GR,"","",100.0,PCS,22500.0,0.00 %,"",0.0,2250000.0,2250000.0,0.0,"",0.0,0.0,"","","","",0.0,0.0
09/05/2023,Faktur Pembelian,JL5523050366,YULI (HP CENTRE),Lunas,"",12750000.0,0.0,08/06/2023,12750000.0,0.0,12750000.0,"","","","",RAHMAT,"",BLUEPRINT CANON BLACK (100ML),"","",300.0,PCS,35000.0,0.00 %,"",0.0,10500000.0,10500000.0,0.0,"",0.0,0.0,"","","","",0.0,0.0
09/05/2023,Faktur Pembelian,FK 2649,BETA COM,Lunas,"",38592000.0,0.0,23/05/2023,38592000.0,0.0,38592000.0,"","","","","","",CATRIDGE CANON 810 BLACK,"","",192.0,PCS,201000.0,0.00 %,"",0.0,38592000.0,38592000.0,0.0,"",0.0,0.0,"","","","",0.0,0.0
10/05/2023,Faktur Pembelian,14308,AIRAV,Lunas,"",249999.999984,0.0,09/06/2023,249999.999984,0.0,249999.999984,"","","","","","",BATERAI PANASONIC / ABC ALKALINE AAA,"","",48.0,PCS,5208.333333,0.00 %,"",0.0,249999.999984,249999.999984,0.0,"",0.0,0.0,"","","","",0.0,0.0
10/05/2023,Faktur Pembelian,14309,KO ROBBY,Lunas,"",240000.000012,0.0,09/06/2023,240000.000012,0.0,240000.000012,"","","","","","",BATERAI PANASONIC / ENR POWER/ ABC  ALKALINE AA,"","",38.0,PCS,6315.789474,0.00 %,"",0.0,240000.000012,240000.000012,0.0,"",0.0,0.0,"","","","",0.0,0.0
10/05/2023,Faktur Pembelian,JL.2305.03541,CANDRA (BLESSING),Lunas,"",12700000.0,0.0,24/05/2023,12700000.0,0.0,12700000.0,"","","","",RAHMAT,"",ACER 3 A314 36M Ci3-N305 8GB 512GB SSD WIN 11,"","",2.0,UNIT,6350000.0,0.00 %,"",0.0,12700000.0,12700000.0,0.0,"",0.0,0.0,"","","","",0.0,0.0
10/05/2023,Faktur Pembelian,14312,KO ANDREAS,Lunas,"",44500000.0,0.0,20/05/2023,44500000.0,0.0,44500000.0,"","","","","","",ACER EXTENSA 15 EX215-31 INTEL N4020 4GB SSD 256GB WIN 10,"","",10.0,UNIT,4450000.0,0.00 %,"",0.0,44500000.0,44500000.0,0.0,"",0.0,0.0,"","","","",0.0,0.0
10/05/2023,Faktur Pembelian,001475,LILI (PLATINUM),Lunas,"",495000.0,0.0,09/06/2023,495000.0,0.0,495000.0,"","","","","","",KEYBOARD ACER 4732Z BLACK,"","",3.0,PCS,85000.0,0.00 %,"",0.0,255000.0,255000.0,0.0,"",0.0,0.0,"","","","",0.0,0.0
10/05/2023,Faktur Pembelian,001475,LILI (PLATINUM),Lunas,"",495000.0,0.0,09/06/2023,495000.0,0.0,495000.0,"","","","","","",BATERAI LAPTOP ASUS X441,"","",1.0,PCS,240000.0,0.00 %,"",0.0,240000.0,240000.0,0.0,"",0.0,0.0,"","","","",0.0,0.0
10/05/2023,Faktur Pembelian,KARMEN / INV/2023/51206,WULAN (DISCOUNT NOTEBOOK),Lunas,"",334999.999998,0.0,09/06/2023,334999.999998,0.0,334999.999998,"","","","","","",KEYBOARD LAPTOP TOSHIBA L645 DOFF,"","",6.0,PCS,55833.333333,0.00 %,"",0.0,334999.999998,334999.999998,0.0,"",0.0,0.0,"","","","",0.0,0.0
10/05/2023,Faktur Pembelian,05202325011,AGUS (DORAN),Lunas,"",19520000.0,0.0,09/06/2023,19520000.0,0.0,19520000.0,"",SURABAYA,"","","","",MOUSE LOGITECH WIRELESS M170,"","",50.0,PCS,105000.0,0.00 %,"",0.0,5250000.0,5250000.0,0.0,"",0.0,0.0,"","","","",0.0,0.0
10/05/2023,Faktur Pembelian,05202325011,AGUS (DORAN),Lunas,"",19520000.0,0.0,09/06/2023,19520000.0,0.0,19520000.0,"",SURABAYA,"","","","",MOUSE LOGITECH M90,"","",100.0,PCS,44500.0,0.00 %,"",0.0,4450000.0,4450000.0,0.0,"",0.0,0.0,"","","","",0.0,0.0
10/05/2023,Faktur Pembelian,05202325011,AGUS (DORAN),Lunas,"",19520000.0,0.0,09/06/2023,19520000.0,0.0,19520000.0,"",SURABAYA,"","","","",KEYBOARD LOGITECH K120,"","",100.0,PCS,98200.0,0.00 %,"",0.0,9820000.0,9820000.0,0.0,"",0.0,0.0,"","","","",0.0,0.0
11/05/2023,Faktur Pembelian,14313,PT. INDO WARNA MULIA ( ALFA INK ),Lunas,"",7500000.0,0.0,10/07/2023,7500000.0,0.0,7500000.0,"","","","","","",ALFA INK ECO TANK EPSON BLACK,"","",200.0,PCS,37500.0,0.00 %,"",0.0,7500000.0,7500000.0,0.0,"",0.0,0.0,"","","","",0.0,0.0
11/05/2023,Faktur Pembelian,14314,PT TERA DATA INDONUSA,Lunas,"",200000.0,0.0,10/06/2023,180180.18018,19819.81982,200000.0,"","","","",CV TIGA NUSA,"",* KEY AXIOO 14E + COVER,"","",1.0,PCS,180180.18018,0.00 %,11.0,19819.819819799999999801801801802,180180.18018,180180.18018,0.0,"",0.0,0.0,"","","","",0.0,0.0
11/05/2023,Faktur Pembelian,14316,ONLINE,Lunas,"",2500000.0,0.0,10/06/2023,2500000.0,0.0,2500000.0,"","","","","","",LED ASUS ZENBOOK,"","",1.0,PCS,2500000.0,0.00 %,"",0.0,2500000.0,2500000.0,0.0,"",0.0,0.0,"","","","",0.0,0.0
11/05/2023,Faktur Pembelian,14317,PT TERA DATA INDONUSA,Lunas,"",200000.0,0.0,10/06/2023,180180.18018,19819.81982,200000.0,"","","","",CV TIGA NUSA,"",* KEY AXIOO 14E + COVER,"","",1.0,PCS,180180.18018,0.00 %,11.0,19819.819819799999999801801801802,180180.18018,180180.18018,0.0,"",0.0,0.0,"","","","",0.0,0.0
11/05/2023,Faktur Pembelian,2302369,WAHANA,Lunas,"",6795000.0,0.0,10/06/2023,6795000.0,0.0,6795000.0,"","","","","","",CCTV CAM DAHUA HAC B1A21 IR BULLET (OUTDOOR),"","",20.0,PCS,165000.0,0.00 %,"",0.0,3300000.0,3300000.0,0.0,"",0.0,0.0,"","","","",0.0,0.0
11/05/2023,Faktur Pembelian,2302369,WAHANA,Lunas,"",6795000.0,0.0,10/06/2023,6795000.0,0.0,6795000.0,"","","","","","",CCTV DVR DAHUA XVR1B16H 16CH,"","",3.0,PCS,1165000.0,0.00 %,"",0.0,3495000.0,3495000.0,0.0,"",0.0,0.0,"","","","",0.0,0.0
11/05/2023,Faktur Pembelian,pjl-23-05-00229,PT. Surya Makmur Kreasindo (HJ),Lunas,"",6099999.999999,0.0,25/05/2023,5495495.495495,604504.504504,6099999.999999,"",SURABAYA,"","",CV TIGA NUSA,"",* PRINTER EPSON L1300,"","",1.0,UNIT,5495495.495495,0.00 %,11.0,604504.5045044499999939549549549555,5495495.495495,5495495.495495,0.0,"",0.0,0.0,PT. Surya Makmur Kreasindo,"",081515111951,"",0.0,0.0
11/05/2023,Faktur Pembelian,FK 2680,BETA COM,Lunas,"",2979000.0,0.0,25/05/2023,2979000.0,0.0,2979000.0,"","","","","","",SCANNER CANON LIDE 300,"","",3.0,UNIT,895000.0,0.00 %,"",0.0,2685000.0,2685000.0,0.0,"",0.0,0.0,"","","","",0.0,0.0
11/05/2023,Faktur Pembelian,FK 2680,BETA COM,Lunas,"",2979000.0,0.0,25/05/2023,2979000.0,0.0,2979000.0,"","","","","","",CATRIDGE CANON 745 BLACK S,"","",3.0,PCS,98000.0,0.00 %,"",0.0,294000.0,294000.0,0.0,"",0.0,0.0,"","","","",0.0,0.0
11/05/2023,Faktur Pembelian,05202326984,AGUS (DORAN),Lunas,BAYAR,20278500.0,0.0,10/06/2023,20278500.0,0.0,20278500.0,"",SURABAYA,"","","","",MEMORY SDHC 64GB SANDISK ULTRA (C10),"","",30.0,PCS,115500.0,0.00 %,"",0.0,3465000.0,3465000.0,0.0,"",0.0,0.0,"","","","",0.0,0.0
11/05/2023,Faktur Pembelian,05202326984,AGUS (DORAN),Lunas,BAYAR,20278500.0,0.0,10/06/2023,20278500.0,0.0,20278500.0,"",SURABAYA,"","","","",MEMORY MICRO SD SANDISK ULTRA 16GB (C10),"","",100.0,PCS,41700.0,0.00 %,"",0.0,4170000.0,4170000.0,0.0,"",0.0,0.0,"","","","",0.0,0.0
11/05/2023,Faktur Pembelian,05202326984,AGUS (DORAN),Lunas,BAYAR,20278500.0,0.0,10/06/2023,20278500.0,0.0,20278500.0,"",SURABAYA,"","","","",MEMORY MICRO SD SANDISK ULTRA 32GB (C10),"","",100.0,PCS,50000.0,0.00 %,"",0.0,5000000.0,5000000.0,0.0,"",0.0,0.0,"","","","",0.0,0.0
11/05/2023,Faktur Pembelian,05202326984,AGUS (DORAN),Lunas,BAYAR,20278500.0,0.0,10/06/2023,20278500.0,0.0,20278500.0,"",SURABAYA,"","","","",MEMORY MICRO SD SANDISK ULTRA 64GB (C10),"","",30.0,PCS,81000.0,0.00 %,"",0.0,2430000.0,2430000.0,0.0,"",0.0,0.0,"","","","",0.0,0.0
11/05/2023,Faktur Pembelian,05202326984,AGUS (DORAN),Lunas,BAYAR,20278500.0,0.0,10/06/2023,20278500.0,0.0,20278500.0,"",SURABAYA,"","","","",CAM CCTV EZVIZ C6N #,"","",10.0,UNIT,335000.0,0.00 %,"",0.0,3350000.0,3350000.0,0.0,"",0.0,0.0,"","","","",0.0,0.0
11/05/2023,Faktur Pembelian,05202326984,AGUS (DORAN),Lunas,BAYAR,20278500.0,0.0,10/06/2023,20278500.0,0.0,20278500.0,"",SURABAYA,"","","","",MICRO SD 64GB CL10 EXTREME SANDISK,"","",2.0,PCS,155500.0,0.00 %,"",0.0,311000.0,311000.0,0.0,"",0.0,0.0,"","","","",0.0,0.0
11/05/2023,Faktur Pembelian,05202326984,AGUS (DORAN),Lunas,BAYAR,20278500.0,0.0,10/06/2023,20278500.0,0.0,20278500.0,"",SURABAYA,"","","","",MICRO SD 128GB CL10 ULTRA SANDISK,"","",10.0,PCS,131500.0,0.00 %,"",0.0,1315000.0,1315000.0,0.0,"",0.0,0.0,"","","","",0.0,0.0
11/05/2023,Faktur Pembelian,05202326984,AGUS (DORAN),Lunas,BAYAR,20278500.0,0.0,10/06/2023,20278500.0,0.0,20278500.0,"",SURABAYA,"","","","",MICRO SD 128GB A2 EXTREME SANDISK,"","",1.0,PCS,237500.0,0.00 %,"",0.0,237500.0,237500.0,0.0,"",0.0,0.0,"","","","",0.0,0.0
11/05/2023,Faktur Pembelian,05202326979,AGUS (DORAN),Lunas,BAYAR,594000.0,0.0,10/06/2023,594000.0,0.0,594000.0,"",SURABAYA,"","","","",SDHC 128GB CL 10 SANDISK,"","",3.0,PCS,198000.0,0.00 %,"",0.0,594000.0,594000.0,0.0,"",0.0,0.0,"","","","",0.0,0.0
11/05/2023,Faktur Pembelian,05202327147,AGUS (DORAN),Lunas,"",2600000.0,0.0,10/06/2023,2600000.0,0.0,2600000.0,"",SURABAYA,"","","","",TINTA EPSON 001 MAGENTA,"","",5.0,PCS,86000.0,0.00 %,"",0.0,430000.0,430000.0,0.0,"",0.0,0.0,"","","","",0.0,0.0
11/05/2023,Faktur Pembelian,05202327147,AGUS (DORAN),Lunas,"",2600000.0,0.0,10/06/2023,2600000.0,0.0,2600000.0,"",SURABAYA,"","","","",TINTA EPSON 001 BLACK,"","",10.0,PCS,131000.0,0.00 %,"",0.0,1310000.0,1310000.0,0.0,"",0.0,0.0,"","","","",0.0,0.0
11/05/2023,Faktur Pembelian,05202327147,AGUS (DORAN),Lunas,"",2600000.0,0.0,10/06/2023,2600000.0,0.0,2600000.0,"",SURABAYA,"","","","",TINTA EPSON 001 YELLOW,"","",5.0,PCS,86000.0,0.00 %,"",0.0,430000.0,430000.0,0.0,"",0.0,0.0,"","","","",0.0,0.0
11/05/2023,Faktur Pembelian,05202327147,AGUS (DORAN),Lunas,"",2600000.0,0.0,10/06/2023,2600000.0,0.0,2600000.0,"",SURABAYA,"","","","",TINTA EPSON 001 CYAN,"","",5.0,PCS,86000.0,0.00 %,"",0.0,430000.0,430000.0,0.0,"",0.0,0.0,"","","","",0.0,0.0
11/05/2023,Faktur Pembelian,05202326977,AGUS (DORAN),Lunas,BAYAR,3750000.0,0.0,10/06/2023,3750000.0,0.0,3750000.0,"",SURABAYA,"","","","",FD BLADE CZ50 16GB SANDISK,"","",100.0,PCS,37500.0,0.00 %,"",0.0,3750000.0,3750000.0,0.0,"",0.0,0.0,"","","","",0.0,0.0
11/05/2023,Faktur Pembelian,05202326983,AGUS (DORAN),Lunas,BAYAR,549049.0,0.0,10/06/2023,549049.0,0.0,549049.0,"",SURABAYA,"","","","",HFB JETE 06 EXTREME SILVER BT,"","",1.0,PCS,227250.0,0.00 %,"",0.0,227250.0,227250.0,0.0,"",0.0,0.0,"","","","",0.0,0.0
11/05/2023,Faktur Pembelian,05202326983,AGUS (DORAN),Lunas,BAYAR,549049.0,0.0,10/06/2023,549049.0,0.0,549049.0,"",SURABAYA,"","","","",HFB JETE 11 BT,"","",1.0,PCS,119900.0,0.00 %,"",0.0,119900.0,119900.0,0.0,"",0.0,0.0,"","","","",0.0,0.0
11/05/2023,Faktur Pembelian,05202326983,AGUS (DORAN),Lunas,BAYAR,549049.0,0.0,10/06/2023,549049.0,0.0,549049.0,"",SURABAYA,"","","","",HFB JETE 12 BT,"","",1.0,PCS,201899.0,0.00 %,"",0.0,201899.0,201899.0,0.0,"",0.0,0.0,"","","","",0.0,0.0
11/05/2023,Faktur Pembelian,JL5523050439,YULI (HP CENTRE),Lunas,"",9500000.0,0.0,10/06/2023,9500000.0,0.0,9500000.0,"","","","",RAHMAT,"",BLUEPRINT KERTAS FOTO MATAHARI 230GR,"","",150.0,PCS,22500.0,0.00 %,"",0.0,3375000.0,3375000.0,0.0,"",0.0,0.0,"","","","",0.0,0.0
11/05/2023,Faktur Pembelian,JL5523050439,YULI (HP CENTRE),Lunas,"",9500000.0,0.0,10/06/2023,9500000.0,0.0,9500000.0,"","","","",RAHMAT,"",BLUEPRINT KERTAS FOTO STIKER A4,"","",250.0,PCS,24500.0,0.00 %,"",0.0,6125000.0,6125000.0,0.0,"",0.0,0.0,"","","","",0.0,0.0
11/05/2023,Faktur Pembelian,D/23/00476/NTB,PT SAMAMAJU PRIMA NTB,Lunas,"",42672080.0,0.0,10/06/2023,42672080.0,0.0,42672080.0,"","","","",ARIES,"",SIDU A4 70,"","",1000.0,PCS,42672.08,0.00 %,"",0.0,42672080.0,42672080.0,0.0,"",0.0,0.0,"","","","",0.0,0.0
11/05/2023,Faktur Pembelian,D/23/00477/NTB,PT SAMAMAJU PRIMA NTB,Lunas,"",7979920.0,7979920.0,10/06/2023,7979920.0,0.0,0.0,"","","","",RAHMAT,"",SIDU F4 WARNA MERAH MUDA,"","",50.0,PCS,63839.36,0.00 %,"",0.0,3191968.0,3191968.0,0.0,"",0.0,0.0,"","","","",0.0,0.0
11/05/2023,Faktur Pembelian,D/23/00477/NTB,PT SAMAMAJU PRIMA NTB,Lunas,"",7979920.0,7979920.0,10/06/2023,7979920.0,0.0,0.0,"","","","",RAHMAT,"",SIDU F4 WARNA BIRU,"","",50.0,PCS,63839.36,0.00 %,"",0.0,3191968.0,3191968.0,0.0,"",0.0,0.0,"","","","",0.0,0.0
11/05/2023,Faktur Pembelian,D/23/00477/NTB,PT SAMAMAJU PRIMA NTB,Lunas,"",7979920.0,7979920.0,10/06/2023,7979920.0,0.0,0.0,"","","","",RAHMAT,"",SIDU F4 WARNA HIJAU,"","",25.0,PCS,63839.36,0.00 %,"",0.0,1595984.0,1595984.0,0.0,"",0.0,0.0,"","","","",0.0,0.0
12/05/2023,Faktur Pembelian,14318,ONLINE,Lunas,"",875000.0,0.0,11/06/2023,875000.0,0.0,875000.0,"","","","","","",BATERAI 1616,"","",50.0,PCS,17500.0,0.00 %,"",0.0,875000.0,875000.0,0.0,"",0.0,0.0,"","","","",0.0,0.0
12/05/2023,Faktur Pembelian,00638796_036,PRIYO (K GALAXY),Lunas,LAPTOP ,107800000.0,0.0,11/06/2023,107800000.0,0.0,107800000.0,"","","","","","","ACER SF314 551 i5 1135G7 8GB 512GB SSD 14""","","",14.0,UNIT,7700000.0,0.00 %,"",0.0,107800000.0,107800000.0,0.0,"",0.0,0.0,"","","","",0.0,0.0
12/05/2023,Faktur Pembelian,JL.2305.04030,CANDRA (BLESSING),Lunas,"",14925000.0,0.0,26/05/2023,14925000.0,0.0,14925000.0,"","","","",RAHMAT,"",AIO ASUS V222GAK INTEL J4025 4GB 256GB SSD #,"","",3.0,UNIT,4975000.0,0.00 %,"",0.0,14925000.0,14925000.0,0.0,"",0.0,0.0,"","","","",0.0,0.0
12/05/2023,Faktur Pembelian,JL.2305.04333,CANDRA (BLESSING),Lunas,"",11810000.0,0.0,26/05/2023,10639639.63964,1170360.36036,11810000.0,"","","","",CV TIGA NUSA,"",* ACER 5 A514 I7-1255U 8GB 512GB SSD WIN11,"","",1.0,UNIT,10639639.63964,0.00 %,11.0,1170360.360360399999988296396396396,10639639.63964,10639639.63964,0.0,"",0.0,0.0,"","","","",0.0,0.0
12/05/2023,Faktur Pembelian,JL.2305.04344,CANDRA (BLESSING),Lunas,"",4660000.0,0.0,26/05/2023,4660000.0,0.0,4660000.0,"","","","",AGUS,"","AXIOO 11G N4000/4GB/256GB SSD/11,6""","","",2.0,UNIT,2330000.0,0.00 %,"",0.0,4660000.0,4660000.0,0.0,"",0.0,0.0,"","","","",0.0,0.0
12/05/2023,Faktur Pembelian,14320,FIKTIF BELI,Lunas,"",380000.0,0.0,11/06/2023,380000.0,0.0,380000.0,"","","","","","",KERTAS FOTO ALFA INK RC SILKY,"","",10.0,PCS,38000.0,0.00 %,"",0.0,380000.0,380000.0,0.0,"",0.0,0.0,"","","","",0.0,0.0
12/05/2023,Faktur Pembelian,2305284,CV. BALI IT SOLUSI (ENY),Lunas,"",35400000.0,0.0,26/05/2023,35400000.0,0.0,35400000.0,"","","","","","",ASUS A416J I3 1005G1 8GB SSD 256GB WIN 11,"","",6.0,UNIT,5900000.0,0.00 %,"",0.0,35400000.0,35400000.0,0.0,"",0.0,0.0,"","","","",0.0,0.0
12/05/2023,Faktur Pembelian,KARMEN / INV/2023/52899,WULAN (DISCOUNT NOTEBOOK),Lunas,"",380000.0,0.0,11/06/2023,380000.0,0.0,380000.0,"","","","","","",KEYBOARD LAPTOP TOSHIBA C40A / L40 BLACK,"","",5.0,PCS,76000.0,0.00 %,"",0.0,380000.0,380000.0,0.0,"",0.0,0.0,"","","","",0.0,0.0
12/05/2023,Faktur Pembelian,JL202300002343,EDISON ATK,Lunas,"",8750000.0004,0.0,11/07/2023,8750000.0004,0.0,8750000.0004,"","","","","","",MAP SPRING SEAGULL AF-350,"","",1200.0,PCS,7291.666667,0.00 %,"",0.0,8750000.0004,8750000.0004,0.0,"",0.0,0.0,"","","","",0.0,0.0
12/05/2023,Faktur Pembelian,JL5523050476,YULI (HP CENTRE),Lunas,"",1152000.0,0.0,11/06/2023,1152000.0,0.0,1152000.0,"","","","",RAHMAT,"",THERMAL PAPER ROLL BP LITE 80 X 80,"","",96.0,PCS,12000.0,0.00 %,"",0.0,1152000.0,1152000.0,0.0,"",0.0,0.0,"","","","",0.0,0.0
12/05/2023,Faktur Pembelian,JL5523050477,YULI (HP CENTRE),Lunas,"",38500000.0,0.0,11/06/2023,38500000.0,0.0,38500000.0,"","","","",RAHMAT,"",BLUEPRINT CANON YELLOW (100ML),"","",200.0,PCS,35000.0,0.00 %,"",0.0,7000000.0,7000000.0,0.0,"",0.0,0.0,"","","","",0.0,0.0
12/05/2023,Faktur Pembelian,JL5523050477,YULI (HP CENTRE),Lunas,"",38500000.0,0.0,11/06/2023,38500000.0,0.0,38500000.0,"","","","",RAHMAT,"",BLUEPRINT CANON CYAN (100ML),"","",200.0,PCS,35000.0,0.00 %,"",0.0,7000000.0,7000000.0,0.0,"",0.0,0.0,"","","","",0.0,0.0
12/05/2023,Faktur Pembelian,JL5523050477,YULI (HP CENTRE),Lunas,"",38500000.0,0.0,11/06/2023,38500000.0,0.0,38500000.0,"","","","",RAHMAT,"",BLUEPRINT CANON MAGENTA (100ML),"","",200.0,PCS,35000.0,0.00 %,"",0.0,7000000.0,7000000.0,0.0,"",0.0,0.0,"","","","",0.0,0.0
12/05/2023,Faktur Pembelian,JL5523050477,YULI (HP CENTRE),Lunas,"",38500000.0,0.0,11/06/2023,38500000.0,0.0,38500000.0,"","","","",RAHMAT,"",BLUEPRINT CANON BLACK (100ML),"","",500.0,PCS,35000.0,0.00 %,"",0.0,17500000.0,17500000.0,0.0,"",0.0,0.0,"","","","",0.0,0.0
13/05/2023,Faktur Pembelian,14324,ONLINE,Lunas,CV ANNISA JOGJA,23000000.0,0.0,12/06/2023,23000000.0,0.0,23000000.0,"","","","","","","ACER 3 SLIM A314 - 35 INTEL N6000 4GB 256GB SSD 14""","","",5.0,UNIT,4600000.0,0.00 %,"",0.0,23000000.0,23000000.0,0.0,CV ANNISA JOGJA,0.0,0.0,"","","","",0.0,0.0
13/05/2023,Faktur Pembelian,14325,ONLINE,Lunas,"",1500000.0,0.0,12/06/2023,1500000.0,0.0,1500000.0,"","","","","","",BATERAI CR1620,"","",100.0,PCS,15000.0,0.00 %,"",0.0,1500000.0,1500000.0,0.0,"",0.0,0.0,"","","","",0.0,0.0
13/05/2023,Faktur Pembelian,14326,FIKTIF BELI,Lunas,"",570000.0,0.0,12/06/2023,570000.0,0.0,570000.0,"","","","","","",KERTAS FOTO ALFA INK RC SILKY,"","",15.0,PCS,38000.0,0.00 %,"",0.0,570000.0,570000.0,0.0,"",0.0,0.0,"","","","",0.0,0.0
13/05/2023,Faktur Pembelian,JL.2305.04539,CANDRA (BLESSING),Lunas,"",22296000.0,0.0,27/05/2023,22296000.0,0.0,22296000.0,"","","","",RAHMAT,"",SSD ADATA 240GB ULTIMATE SU650 M2 2280 3D NAND SATA,"","",2.0,PCS,300000.0,0.00 %,"",0.0,600000.0,600000.0,0.0,"",0.0,0.0,"","","","",0.0,0.0
13/05/2023,Faktur Pembelian,JL.2305.04539,CANDRA (BLESSING),Lunas,"",22296000.0,0.0,27/05/2023,22296000.0,0.0,22296000.0,"","","","",RAHMAT,"",TENDA SWITCH 5 PORT TEG1005D ( GIGABIT HUB LAN ),"","",2.0,UNIT,168000.0,0.00 %,"",0.0,336000.0,336000.0,0.0,"",0.0,0.0,"","","","",0.0,0.0
13/05/2023,Faktur Pembelian,JL.2305.04539,CANDRA (BLESSING),Lunas,"",22296000.0,0.0,27/05/2023,22296000.0,0.0,22296000.0,"","","","",RAHMAT,"",TPLINK SWITCH 8 PORT SG1008D ( GIGABIT HUB LAN ),"","",2.0,UNIT,260000.0,0.00 %,"",0.0,520000.0,520000.0,0.0,"",0.0,0.0,"","","","",0.0,0.0
13/05/2023,Faktur Pembelian,JL.2305.04539,CANDRA (BLESSING),Lunas,"",22296000.0,0.0,27/05/2023,22296000.0,0.0,22296000.0,"","","","",RAHMAT,"",ASUS M1403QA OLEDS751 AMD RYZEN 7 - 5800H 2X8GB 512GB SSD WIN 11 DP,"","",1.0,UNIT,11365000.0,0.00 %,"",0.0,11365000.0,11365000.0,0.0,"",0.0,0.0,"","","","",0.0,0.0
13/05/2023,Faktur Pembelian,JL.2305.04539,CANDRA (BLESSING),Lunas,"",22296000.0,0.0,27/05/2023,22296000.0,0.0,22296000.0,"","","","",RAHMAT,"",ASUS M1403QA - VIPS752 AMD RYZEN 7 5800H 2X8GB 512GB SSD WIN 11 DP,"","",1.0,UNIT,9475000.0,0.00 %,"",0.0,9475000.0,9475000.0,0.0,"",0.0,0.0,"","","","",0.0,0.0
13/05/2023,Faktur Pembelian,14327,KO ROBBY,Lunas,"",347310.000009,0.0,12/06/2023,347310.000009,0.0,347310.000009,"","","","","","",BATERAI EVEREADY 9V,"","",23.0,PCS,15100.434783,0.00 %,"",0.0,347310.000009,347310.000009,0.0,"",0.0,0.0,"","","","",0.0,0.0
13/05/2023,Faktur Pembelian,JL5523050388,YULI (HP CENTRE),Lunas,"",27572999.999999,0.0,12/06/2023,24840540.54054,2732459.459459,27572999.999999,"","","","",CV TIGA NUSA,"",* ACER 5 A514 - 55 Ci5 - 1235U 8GB 512GB SSD WIN 11,"","",3.0,UNIT,8280180.18018,0.00 %,11.0,2732459.459459399999972675405405406,24840540.54054,24840540.54054,0.0,"",0.0,0.0,"","","","",0.0,0.0
13/05/2023,Faktur Pembelian,JL.2305.04525,CANDRA (BLESSING),Lunas,"",5580000.0,0.0,27/05/2023,5580000.0,0.0,5580000.0,"","","","",RAHMAT,"",BROTHER DCP L2540 DW,"","",2.0,PCS,2790000.0,0.00 %,"",0.0,5580000.0,5580000.0,0.0,"",0.0,0.0,"","","","",0.0,0.0
13/05/2023,Faktur Pembelian,2302427,WAHANA,Lunas,"",14775000.0,0.0,12/06/2023,14775000.0,0.0,14775000.0,"","","","","","",CCTV CAM DAHUA HAC B1A21 IR BULLET (OUTDOOR),"","",10.0,PCS,165000.0,0.00 %,"",0.0,1650000.0,1650000.0,0.0,"",0.0,0.0,"","","","",0.0,0.0
13/05/2023,Faktur Pembelian,2302427,WAHANA,Lunas,"",14775000.0,0.0,12/06/2023,14775000.0,0.0,14775000.0,"","","","","","",HP 14S INTEL N4500 4GB SSD 256GB WIN 11,"","",3.0,UNIT,4375000.0,0.00 %,"",0.0,13125000.0,13125000.0,0.0,"",0.0,0.0,"","","","",0.0,0.0
13/05/2023,Faktur Pembelian,ACJ01/01/FP/2305/AC00001,PT. ANGKASA CERAH JAYA,Lunas,"",19500000.0,0.0,27/05/2023,17567567.567568,1932432.432432,19500000.0,"",SURABAYA,"","",CV TIGA NUSA,"",* ASUS TUF FX506LH-I565B6T GREY I5 10300H GTX 1650 512GB SSD #,"","",2.0,UNIT,8783783.783784,0.00 %,11.0,1932432.4324324799999806756756756752,17567567.567568,17567567.567568,0.0,"",0.0,0.0,PT. ANGKASA CERAH JAYA,"",0815 5395 1313,"",0.0,0.0
13/05/2023,Faktur Pembelian,FK 2726,BETA COM,Lunas,"",4670000.0,0.0,27/05/2023,4670000.0,0.0,4670000.0,"","","","","","",PRINTER CANON G3010 WIFI PSC,"","",2.0,UNIT,2335000.0,0.00 %,"",0.0,4670000.0,4670000.0,0.0,"",0.0,0.0,"","","","",0.0,0.0
13/05/2023,Faktur Pembelian,PJL-23-05-00284,PT. Surya Makmur Kreasindo (HJ),Lunas,"",40275000.000001,0.0,27/05/2023,36283783.783785,3991216.216216,40275000.000001,"",SURABAYA,"","",CV TIGA NUSA,"",* PRINTER EPSON L121,"","",5.0,UNIT,1472972.972973,0.00 %,11.0,810135.1351351499999918986486486485,7364864.864865,7364864.864865,0.0,"",0.0,0.0,PT. Surya Makmur Kreasindo,"",081515111951,"",0.0,0.0
13/05/2023,Faktur Pembelian,PJL-23-05-00284,PT. Surya Makmur Kreasindo (HJ),Lunas,"",40275000.000001,0.0,27/05/2023,36283783.783785,3991216.216216,40275000.000001,"",SURABAYA,"","",CV TIGA NUSA,"",* PRINTER EPSON L3210,"","",15.0,UNIT,1927927.927928,0.00 %,11.0,3181081.081081199999968189189189188,28918918.91892,28918918.91892,0.0,"",0.0,0.0,PT. Surya Makmur Kreasindo,"",081515111951,"",0.0,0.0
14/05/2023,Faktur Pembelian,14330,RIO MATRIX TOKO,Lunas,"",11000000.0,0.0,13/06/2023,11000000.0,0.0,11000000.0,"","","","","","",PRINTER EPSON L3210,"","",5.0,UNIT,2200000.0,0.00 %,"",0.0,11000000.0,11000000.0,0.0,"",0.0,0.0,"","","","",0.0,0.0
14/05/2023,Faktur Pembelian,14332,FIKTIF BELI,Lunas,"",720000.0,0.0,13/06/2023,720000.0,0.0,720000.0,"","","","","","",KABEL CCTV PERMETER,"","",300.0,METER,2400.0,0.00 %,"",0.0,720000.0,720000.0,0.0,"",0.0,0.0,"","","","",0.0,0.0
14/05/2023,Faktur Pembelian,JL.2305.06055,CANDRA (BLESSING),Lunas,"",11365000.0,0.0,28/05/2023,11365000.0,0.0,11365000.0,"","","","",RAHMAT,"",ASUS M1403QA-OLEDS751 AMD Ryzen 7-5800H 2x8GB 512GB W11,"","",1.0,UNIT,11365000.0,0.00 %,"",0.0,11365000.0,11365000.0,0.0,"",0.0,0.0,"","","","",0.0,0.0
15/05/2023,Faktur Pembelian,PJL-23-05-00299,PT. Surya Makmur Kreasindo (HJ),Lunas,"",58710000.000001,0.0,29/05/2023,52891891.891893,5818108.108108,58710000.000001,"",SURABAYA,"","",CV TIGA NUSA,"",* PRINTER EPSON L1300,"","",1.0,UNIT,5495495.495495,0.00 %,11.0,604504.5045044499999939549549549555,5495495.495495,5495495.495495,0.0,"",0.0,0.0,PT. Surya Makmur Kreasindo,"",081515111951,"",0.0,0.0
15/05/2023,Faktur Pembelian,PJL-23-05-00299,PT. Surya Makmur Kreasindo (HJ),Lunas,"",58710000.000001,0.0,29/05/2023,52891891.891893,5818108.108108,58710000.000001,"",SURABAYA,"","",CV TIGA NUSA,"",* PRINTER EPSON L121,"","",6.0,UNIT,1472972.972973,0.00 %,11.0,972162.162162179899990278378378378201,8837837.837838,8837837.837838,0.0,"",0.0,0.0,PT. Surya Makmur Kreasindo,"",081515111951,"",0.0,0.0
15/05/2023,Faktur Pembelian,PJL-23-05-00299,PT. Surya Makmur Kreasindo (HJ),Lunas,"",58710000.000001,0.0,29/05/2023,52891891.891893,5818108.108108,58710000.000001,"",SURABAYA,"","",CV TIGA NUSA,"",* PRINTER EPSON L3210,"","",20.0,UNIT,1927927.927928,0.00 %,11.0,4241441.441441599999957585585585584,38558558.55856,38558558.55856,0.0,"",0.0,0.0,PT. Surya Makmur Kreasindo,"",081515111951,"",0.0,0.0
15/05/2023,Faktur Pembelian,14334,RIO MATRIX TOKO,Lunas,"",2200000.0,0.0,14/06/2023,2200000.0,0.0,2200000.0,"","","","","","",PRINTER EPSON L3210,"","",1.0,UNIT,2200000.0,0.00 %,"",0.0,2200000.0,2200000.0,0.0,"",0.0,0.0,"","","","",0.0,0.0
15/05/2023,Faktur Pembelian,14335,LEGALA,Lunas,"",2000000.0,0.0,14/06/2023,2000000.0,0.0,2000000.0,"","","","","","",TINTA ART PAPER KOREA BLACK,"","",6.0,PCS,100000.0,0.00 %,"",0.0,600000.0,600000.0,0.0,"",0.0,0.0,"","","","",0.0,0.0
15/05/2023,Faktur Pembelian,14335,LEGALA,Lunas,"",2000000.0,0.0,14/06/2023,2000000.0,0.0,2000000.0,"","","","","","",TINTA ART PAPER KOREA MAGENTA,"","",8.0,PCS,100000.0,0.00 %,"",0.0,800000.0,800000.0,0.0,"",0.0,0.0,"","","","",0.0,0.0
15/05/2023,Faktur Pembelian,14335,LEGALA,Lunas,"",2000000.0,0.0,14/06/2023,2000000.0,0.0,2000000.0,"","","","","","",TINTA ART PAPER KOREA YELLOW,"","",2.0,PCS,100000.0,0.00 %,"",0.0,200000.0,200000.0,0.0,"",0.0,0.0,"","","","",0.0,0.0
15/05/2023,Faktur Pembelian,14335,LEGALA,Lunas,"",2000000.0,0.0,14/06/2023,2000000.0,0.0,2000000.0,"","","","","","",TINTA ART PAPER KOREA LIGHT MAGENTA,"","",2.0,PCS,100000.0,0.00 %,"",0.0,200000.0,200000.0,0.0,"",0.0,0.0,"","","","",0.0,0.0
15/05/2023,Faktur Pembelian,14335,LEGALA,Lunas,"",2000000.0,0.0,14/06/2023,2000000.0,0.0,2000000.0,"","","","","","",TINTA ART PAPER KOREA LIGHT CYAN,"","",2.0,PCS,100000.0,0.00 %,"",0.0,200000.0,200000.0,0.0,"",0.0,0.0,"","","","",0.0,0.0
15/05/2023,Faktur Pembelian,14336,PT. INDO WARNA MULIA ( ALFA INK ),Lunas,"",4509600.0,0.0,14/07/2023,4509600.0,0.0,4509600.0,"","","","","","",ALFA INK L SERIES EPSON BLACK,"","",12.0,PCS,31650.0,0.00 %,"",0.0,379800.0,379800.0,0.0,"",0.0,0.0,"","","","",0.0,0.0
15/05/2023,Faktur Pembelian,14336,PT. INDO WARNA MULIA ( ALFA INK ),Lunas,"",4509600.0,0.0,14/07/2023,4509600.0,0.0,4509600.0,"","","","","","",ALFA INK L SERIES EPSON YELLOW,"","",4.0,PCS,31650.0,0.00 %,"",0.0,126600.0,126600.0,0.0,"",0.0,0.0,"","","","",0.0,0.0
15/05/2023,Faktur Pembelian,14336,PT. INDO WARNA MULIA ( ALFA INK ),Lunas,"",4509600.0,0.0,14/07/2023,4509600.0,0.0,4509600.0,"","","","","","",ALFA INK L SERIES EPSON CYAN,"","",4.0,PCS,31650.0,0.00 %,"",0.0,126600.0,126600.0,0.0,"",0.0,0.0,"","","","",0.0,0.0
15/05/2023,Faktur Pembelian,14336,PT. INDO WARNA MULIA ( ALFA INK ),Lunas,"",4509600.0,0.0,14/07/2023,4509600.0,0.0,4509600.0,"","","","","","",ALFA INK L SERIES EPSON MAGENTA,"","",4.0,PCS,31650.0,0.00 %,"",0.0,126600.0,126600.0,0.0,"",0.0,0.0,"","","","",0.0,0.0
15/05/2023,Faktur Pembelian,14336,PT. INDO WARNA MULIA ( ALFA INK ),Lunas,"",4509600.0,0.0,14/07/2023,4509600.0,0.0,4509600.0,"","","","","","",ALFA INK ECO TANK EPSON CYAN,"","",100.0,PCS,37500.0,0.00 %,"",0.0,3750000.0,3750000.0,0.0,"",0.0,0.0,"","","","",0.0,0.0
15/05/2023,Faktur Pembelian,14337,TATIK (LEGENDA),Lunas,"",625000.0,0.0,14/06/2023,625000.0,0.0,625000.0,"","","","","","",CATRIDGE PRINTER HP GT 51 (BLACK),"","",3.0,PCS,135000.0,0.00 %,"",0.0,375000.03,405000.0,50000.0,"",0.0,0.0,"","","","",0.0,7.41
15/05/2023,Faktur Pembelian,14337,TATIK (LEGENDA),Lunas,"",625000.0,0.0,14/06/2023,625000.0,0.0,625000.0,"","","","","","",CATRIDGE PRINTER HP GT 52 (COLOUR),"","",2.0,PCS,135000.0,0.00 %,"",0.0,250000.02,270000.0,50000.0,"",0.0,0.0,"","","","",0.0,7.41
15/05/2023,Faktur Pembelian,jl.2305.04832,CANDRA (BLESSING),Lunas,"",34585000.0,0.0,29/05/2023,31157657.657658,3427342.342342,34585000.0,"","","","",CV TIGA NUSA,"",* PROJECTOR ACER BS 020P DLP 4000 Lumens + TAS,"","",3.0,UNIT,4247747.747748,0.00 %,11.0,1401756.7567568399999859824324324316,12743243.243244,12743243.243244,0.0,"",0.0,0.0,"","","","",0.0,0.0
15/05/2023,Faktur Pembelian,jl.2305.04832,CANDRA (BLESSING),Lunas,"",34585000.0,0.0,29/05/2023,31157657.657658,3427342.342342,34585000.0,"","","","",CV TIGA NUSA,"","* AXIOO MYBOOK 14E INTEL N4000 4GB 256GB SSD 14""","","",3.0,UNIT,2324324.324324,0.00 %,11.0,767027.0270269199999923297297297308,6972972.972972,6972972.972972,0.0,"",0.0,0.0,"","","","",0.0,0.0
15/05/2023,Faktur Pembelian,jl.2305.04832,CANDRA (BLESSING),Lunas,"",34585000.0,0.0,29/05/2023,31157657.657658,3427342.342342,34585000.0,"","","","",CV TIGA NUSA,"",* ACER 3 A314 36M Ci3-N305 / 8GB / 512GB SSD WIN 11,"","",2.0,UNIT,5720720.720721,0.00 %,11.0,1258558.5585586199999874144144144138,11441441.441442,11441441.441442,0.0,"",0.0,0.0,"","","","",0.0,0.0
15/05/2023,Faktur Pembelian,23024335,WAHANA,Lunas,"",35459999.999998,0.0,14/06/2023,31945945.945944,3514054.054054,35459999.999998,"","","","",CV TIGA NUSA,"",* ASUS A416JAO CI3-1005G1/8GB/256GB SSD WIN 11,"","",6.0,UNIT,5324324.324324,0.00 %,11.0,3514054.0540538399999648594594594616,31945945.945944,31945945.945944,0.0,"",0.0,0.0,"","","","",0.0,0.0
15/05/2023,Faktur Pembelian,001480,LILI (PLATINUM),Lunas,"",12670000.0,0.0,14/06/2023,12670000.0,0.0,12670000.0,"","","","","","",KABEL DATA PRINTER 3 METER,"","",20.0,PCS,18000.0,0.00 %,"",0.0,360000.0,360000.0,0.0,"",0.0,0.0,"","","","",0.0,0.0
15/05/2023,Faktur Pembelian,001480,LILI (PLATINUM),Lunas,"",12670000.0,0.0,14/06/2023,12670000.0,0.0,12670000.0,"","","","","","",CONVERTER HDMI TO VGA (KABEL),"","",20.0,PCS,20000.0,0.00 %,"",0.0,400000.0,400000.0,0.0,"",0.0,0.0,"","","","",0.0,0.0
15/05/2023,Faktur Pembelian,001480,LILI (PLATINUM),Lunas,"",12670000.0,0.0,14/06/2023,12670000.0,0.0,12670000.0,"","","","","","",KABEL HDMI 10 METER,"","",20.0,PCS,55000.0,0.00 %,"",0.0,1100000.0,1100000.0,0.0,"",0.0,0.0,"","","","",0.0,0.0
15/05/2023,Faktur Pembelian,001480,LILI (PLATINUM),Lunas,"",12670000.0,0.0,14/06/2023,12670000.0,0.0,12670000.0,"","","","","","",ADAPTOR ACER OR 19V 3.42A (KUNING),"","",60.0,PCS,60000.0,0.00 %,"",0.0,3600000.0,3600000.0,0.0,"",0.0,0.0,"","","","",0.0,0.0
15/05/2023,Faktur Pembelian,001480,LILI (PLATINUM),Lunas,"",12670000.0,0.0,14/06/2023,12670000.0,0.0,12670000.0,"","","","","","",KABEL DATA 5 PIN,"","",50.0,PCS,15000.0,0.00 %,"",0.0,750000.0,750000.0,0.0,"",0.0,0.0,"","","","",0.0,0.0
15/05/2023,Faktur Pembelian,001480,LILI (PLATINUM),Lunas,"",12670000.0,0.0,14/06/2023,12670000.0,0.0,12670000.0,"","","","","","",BATERAI TOSHIBA C640 OR (PA3817U),"","",1.0,PCS,230000.0,0.00 %,"",0.0,230000.0,230000.0,0.0,"",0.0,0.0,"","","","",0.0,0.0
15/05/2023,Faktur Pembelian,001480,LILI (PLATINUM),Lunas,"",12670000.0,0.0,14/06/2023,12670000.0,0.0,12670000.0,"","","","","","",BATERAI TOSHIBA PA5024U (C800),"","",1.0,PCS,230000.0,0.00 %,"",0.0,230000.0,230000.0,0.0,"",0.0,0.0,"","","","",0.0,0.0
15/05/2023,Faktur Pembelian,001480,LILI (PLATINUM),Lunas,"",12670000.0,0.0,14/06/2023,12670000.0,0.0,12670000.0,"","","","","","",ADAPTOR CCTV LG / SAMSUNG / DF12V #,"","",40.0,PCS,31000.0,0.00 %,"",0.0,1240000.0,1240000.0,0.0,"",0.0,0.0,"","","","",0.0,0.0
15/05/2023,Faktur Pembelian,001480,LILI (PLATINUM),Lunas,"",12670000.0,0.0,14/06/2023,12670000.0,0.0,12670000.0,"","","","","","",ADAPTOR ASUS 19V 2.37A (X441),"","",42.0,PCS,80000.0,0.00 %,"",0.0,3360000.0,3360000.0,0.0,"",0.0,0.0,"","","","",0.0,0.0
15/05/2023,Faktur Pembelian,001480,LILI (PLATINUM),Lunas,"",12670000.0,0.0,14/06/2023,12670000.0,0.0,12670000.0,"","","","","","",CONVERTER FIBER OPTIC TO LAN HTB 3100 A,"","",10.0,PCS,140000.0,0.00 %,"",0.0,1400000.0,1400000.0,0.0,"",0.0,0.0,"","","","",0.0,0.0
15/05/2023,Faktur Pembelian,001479,LILI (PLATINUM),Lunas,"",3060000.0,0.0,14/06/2023,3060000.0,0.0,3060000.0,"","","","","","",LCD LAPTOP 14 TIPIS 30 PIN,"","",6.0,PCS,510000.0,0.00 %,"",0.0,3060000.0,3060000.0,0.0,"",0.0,0.0,"","","","",0.0,0.0
15/05/2023,Faktur Pembelian,JL5523050587,YULI (HP CENTRE),Lunas,"",25500000.000001,0.0,29/05/2023,22972972.972974,2527027.027027,25500000.000001,"","","","",CV TIGA NUSA,"","* ASUS A416MAO INTEL N4020 4GB 256GB SSD 14""","","",6.0,UNIT,3828828.828829,0.00 %,11.0,2527027.0270271399999747297297297286,22972972.972974,22972972.972974,0.0,"",0.0,0.0,"","","","",0.0,0.0
15/05/2023,Faktur Pembelian,05202369107,AGUS (DORAN),Lunas,"",5720000.0,0.0,14/06/2023,5720000.0,0.0,5720000.0,"",SURABAYA,"","","","",TPLINK ROUTER TL WR840N,"","",20.0,PCS,148500.0,0.00 %,"",0.0,2970000.0,2970000.0,0.0,"",0.0,0.0,"","","","",0.0,0.0
15/05/2023,Faktur Pembelian,05202369107,AGUS (DORAN),Lunas,"",5720000.0,0.0,14/06/2023,5720000.0,0.0,5720000.0,"",SURABAYA,"","","","",TPLINK TL WR844N,"","",20.0,UNIT,137500.0,0.00 %,"",0.0,2750000.0,2750000.0,0.0,"",0.0,0.0,"","","","",0.0,0.0
15/05/2023,Faktur Pembelian,2305073,ANDY (JMK),Lunas,"",11700000.0,11700000.0,14/06/2023,11700000.0,0.0,0.0,"","","","","","",KABEL LAN ZIMM LINK,"","",30.0,DUS,390000.0,0.00 %,"",0.0,11700000.0,11700000.0,0.0,"",0.0,0.0,"","","","",0.0,0.0
16/05/2023,Faktur Pembelian,14338,FIKTIF BELI,Lunas,"",1370000.0,0.0,15/06/2023,1370000.0,0.0,1370000.0,"","","","","","",OPP 23 X 30 (PLASTIK 10R),"","",100.0,PCS,13700.0,0.00 %,"",0.0,1370000.0,1370000.0,0.0,"",0.0,0.0,"","","","",0.0,0.0
16/05/2023,Faktur Pembelian,14339,UCUP,Lunas,"",250000.0,0.0,15/06/2023,250000.0,0.0,250000.0,"","","","","","",ADAPTER MEMORY,"","",100.0,PCS,2500.0,0.00 %,"",0.0,250000.0,250000.0,0.0,"",0.0,0.0,"","","","",0.0,0.0
16/05/2023,Faktur Pembelian,JL.2305.05502,CANDRA (BLESSING),Lunas,"",42500000.000002,0.0,30/05/2023,38288288.28829,4211711.711712,42500000.000002,"","","","",CV TIGA NUSA,"","* ASUS A416MAO INTEL N4020 4GB 256GB SSD 14""","","",10.0,UNIT,3828828.828829,0.00 %,11.0,4211711.711711899999957882882882881,38288288.28829,38288288.28829,0.0,"",0.0,0.0,"","","","",0.0,0.0
16/05/2023,Faktur Pembelian,JL.2305.05504,CANDRA (BLESSING),Lunas,"",10645000.0,0.0,30/05/2023,9590090.09009,1054909.90991,10645000.0,"","","","",CV TIGA NUSA,"",* LENOVO IDEPAD FLEX 5 14ALC7 AMD RYZEN 5 5500U 16GB 512GB SSD WIN 11,"","",1.0,UNIT,9590090.09009,0.00 %,11.0,1054909.909909899999989450900900901,9590090.09009,9590090.09009,0.0,"",0.0,0.0,"","","","",0.0,0.0
16/05/2023,Faktur Pembelian,14364,ANDRIANY MUSTIKA SARI (cencen),Lunas,"",15975000.0,0.0,15/06/2023,15975000.0,0.0,15975000.0,"","","","","","",MIKA JILID  BENING TRANSPARANT,"","",60.0,PCS,28250.0,0.00 %,"",0.0,1695000.0,1695000.0,0.0,"",0.0,0.0,"","","","",0.0,0.0
16/05/2023,Faktur Pembelian,14364,ANDRIANY MUSTIKA SARI (cencen),Lunas,"",15975000.0,0.0,15/06/2023,15975000.0,0.0,15975000.0,"","","","","","",KERTAS BUFFALO MERAH (NO 1),"","",90.0,PCS,23000.0,0.00 %,"",0.0,2070000.0,2070000.0,0.0,"",0.0,0.0,"","","","",0.0,0.0
16/05/2023,Faktur Pembelian,14364,ANDRIANY MUSTIKA SARI (cencen),Lunas,"",15975000.0,0.0,15/06/2023,15975000.0,0.0,15975000.0,"","","","","","",MIKA JILID KUNING,"","",60.0,PCS,30750.0,0.00 %,"",0.0,1845000.0,1845000.0,0.0,"",0.0,0.0,"","","","",0.0,0.0
16/05/2023,Faktur Pembelian,14364,ANDRIANY MUSTIKA SARI (cencen),Lunas,"",15975000.0,0.0,15/06/2023,15975000.0,0.0,15975000.0,"","","","","","",MIKA JILID BIRU TUA,"","",60.0,PCS,30750.0,0.00 %,"",0.0,1845000.0,1845000.0,0.0,"",0.0,0.0,"","","","",0.0,0.0
16/05/2023,Faktur Pembelian,14364,ANDRIANY MUSTIKA SARI (cencen),Lunas,"",15975000.0,0.0,15/06/2023,15975000.0,0.0,15975000.0,"","","","","","",MIKA JILID HIJAU TUA,"","",60.0,PCS,30750.0,0.00 %,"",0.0,1845000.0,1845000.0,0.0,"",0.0,0.0,"","","","",0.0,0.0
16/05/2023,Faktur Pembelian,14364,ANDRIANY MUSTIKA SARI (cencen),Lunas,"",15975000.0,0.0,15/06/2023,15975000.0,0.0,15975000.0,"","","","","","",KERTAS BUFFALO  HIJAU MUDA (NO 08),"","",60.0,PCS,23000.0,0.00 %,"",0.0,1380000.0,1380000.0,0.0,"",0.0,0.0,"","","","",0.0,0.0
16/05/2023,Faktur Pembelian,14364,ANDRIANY MUSTIKA SARI (cencen),Lunas,"",15975000.0,0.0,15/06/2023,15975000.0,0.0,15975000.0,"","","","","","",KERTAS BUFFALO CROWN BIRU MUDA (NO 14),"","",90.0,PACK,23000.0,0.00 %,"",0.0,2070000.0,2070000.0,0.0,"",0.0,0.0,"","","","",0.0,0.0
16/05/2023,Faktur Pembelian,14364,ANDRIANY MUSTIKA SARI (cencen),Lunas,"",15975000.0,0.0,15/06/2023,15975000.0,0.0,15975000.0,"","","","","","",MIKA JILID BIRU MUDA,"","",60.0,PCS,30750.0,0.00 %,"",0.0,1845000.0,1845000.0,0.0,"",0.0,0.0,"","","","",0.0,0.0
16/05/2023,Faktur Pembelian,14364,ANDRIANY MUSTIKA SARI (cencen),Lunas,"",15975000.0,0.0,15/06/2023,15975000.0,0.0,15975000.0,"","","","","","",KERTAS FOTO BUFFALO HIJAU MUDA (NO 7),"","",60.0,PCS,23000.0,0.00 %,"",0.0,1380000.0,1380000.0,0.0,"",0.0,0.0,"","","","",0.0,0.0
16/05/2023,Faktur Pembelian,00638818_036,PRIYO (K GALAXY),Lunas,"",2145000.0,0.0,15/06/2023,2145000.0,0.0,2145000.0,"","","","","","","TRIPOT LAYAR PROJECTOR 70"" 172cm x 172cm SCREEN PROJECTOR","","",6.0,PCS,357500.0,0.00 %,"",0.0,2145000.0,2145000.0,0.0,"",0.0,0.0,"","","","",0.0,0.0
16/05/2023,Faktur Pembelian,14371,LILI (PLATINUM),Lunas,"",720000.0,0.0,15/06/2023,720000.0,0.0,720000.0,"","","","","","",BATERAI HP JC 04 ORI,"","",1.0,PCS,240000.0,0.00 %,"",0.0,240000.0,240000.0,0.0,"",0.0,0.0,"","","","",0.0,0.0
16/05/2023,Faktur Pembelian,14371,LILI (PLATINUM),Lunas,"",720000.0,0.0,15/06/2023,720000.0,0.0,720000.0,"","","","","","",KEYBOARD ASUS A409,"","",3.0,PCS,120000.0,0.00 %,"",0.0,360000.0,360000.0,0.0,"",0.0,0.0,"","","","",0.0,0.0
16/05/2023,Faktur Pembelian,14371,LILI (PLATINUM),Lunas,"",720000.0,0.0,15/06/2023,720000.0,0.0,720000.0,"","","","","","",KEYBOARD LENOVO 20V 4.5A 55 X 25 IRL,"","",1.0,PCS,120000.0,0.00 %,"",0.0,120000.0,120000.0,0.0,"",0.0,0.0,"","","","",0.0,0.0
17/05/2023,Faktur Pembelian,14340,DUTA CELL ELEKTRONIK,Lunas,"",16250000.0,0.0,16/06/2023,16250000.0,0.0,16250000.0,"","","","","","",SAMSUNG TAB S8 PLUS,"","",1.0,UNIT,16250000.0,0.00 %,"",0.0,16250000.0,16250000.0,0.0,"",0.0,0.0,"","","","",0.0,0.0
17/05/2023,Faktur Pembelian,001485,LILI (PLATINUM),Lunas,"",1260000.0,0.0,16/06/2023,1260000.0,0.0,1260000.0,"","","","","","",BATERAI LAPTOP ACER Z1401 #,"","",1.0,PCS,320000.0,0.00 %,"",0.0,320000.0,320000.0,0.0,"",0.0,0.0,"","","","",0.0,0.0
17/05/2023,Faktur Pembelian,001485,LILI (PLATINUM),Lunas,"",1260000.0,0.0,16/06/2023,1260000.0,0.0,1260000.0,"","","","","","",BATERAI LAPTOP ACER D255 AL10B31,"","",1.0,PCS,320000.0,0.00 %,"",0.0,320000.0,320000.0,0.0,"",0.0,0.0,"","","","",0.0,0.0
17/05/2023,Faktur Pembelian,001485,LILI (PLATINUM),Lunas,"",1260000.0,0.0,16/06/2023,1260000.0,0.0,1260000.0,"","","","","","",KEYBOARD LAPTOP ASUS S14 / M413DA,"","",2.0,PCS,310000.0,0.00 %,"",0.0,620000.0,620000.0,0.0,"",0.0,0.0,"","","","",0.0,0.0
17/05/2023,Faktur Pembelian,05202372866,AGUS (DORAN),Lunas,"",27000000.0,0.0,16/06/2023,27000000.0,0.0,27000000.0,"",SURABAYA,"","","","",TINTA EPSON 003 BLACK,"","",60.0,PCS,75000.0,0.00 %,"",0.0,4500000.0,4500000.0,0.0,"",0.0,0.0,"","","","",0.0,0.0
17/05/2023,Faktur Pembelian,05202372866,AGUS (DORAN),Lunas,"",27000000.0,0.0,16/06/2023,27000000.0,0.0,27000000.0,"",SURABAYA,"","","","",TINTA EPSON 003 MAGENTA,"","",60.0,PCS,75000.0,0.00 %,"",0.0,4500000.0,4500000.0,0.0,"",0.0,0.0,"","","","",0.0,0.0
17/05/2023,Faktur Pembelian,05202372866,AGUS (DORAN),Lunas,"",27000000.0,0.0,16/06/2023,27000000.0,0.0,27000000.0,"",SURABAYA,"","","","",TINTA EPSON 003 CYAN,"","",60.0,PCS,75000.0,0.00 %,"",0.0,4500000.0,4500000.0,0.0,"",0.0,0.0,"","","","",0.0,0.0
17/05/2023,Faktur Pembelian,05202372866,AGUS (DORAN),Lunas,"",27000000.0,0.0,16/06/2023,27000000.0,0.0,27000000.0,"",SURABAYA,"","","","",TINTA EPSON 003 YELLOW,"","",60.0,PCS,75000.0,0.00 %,"",0.0,4500000.0,4500000.0,0.0,"",0.0,0.0,"","","","",0.0,0.0
17/05/2023,Faktur Pembelian,05202372866,AGUS (DORAN),Lunas,"",27000000.0,0.0,16/06/2023,27000000.0,0.0,27000000.0,"",SURABAYA,"","","","",TINTA EPSON 664 YELLOW,"","",60.0,PCS,75000.0,0.00 %,"",0.0,4500000.0,4500000.0,0.0,"",0.0,0.0,"","","","",0.0,0.0
17/05/2023,Faktur Pembelian,05202372866,AGUS (DORAN),Lunas,"",27000000.0,0.0,16/06/2023,27000000.0,0.0,27000000.0,"",SURABAYA,"","","","",TINTA EPSON 664 BLACK,"","",60.0,PCS,75000.0,0.00 %,"",0.0,4500000.0,4500000.0,0.0,"",0.0,0.0,"","","","",0.0,0.0
17/05/2023,Faktur Pembelian,00638930_036,PRIYO (K GALAXY),Lunas,"",3055000.0,0.0,16/06/2023,3055000.0,0.0,3055000.0,"","","","","","",MB FAST H61,"","",3.0,PCS,435000.0,0.00 %,"",0.0,1305000.0,1305000.0,0.0,"",0.0,0.0,"","","","",0.0,0.0
17/05/2023,Faktur Pembelian,00638930_036,PRIYO (K GALAXY),Lunas,"",3055000.0,0.0,16/06/2023,3055000.0,0.0,3055000.0,"","","","","","",MB G41 EZPRO,"","",5.0,PCS,350000.0,0.00 %,"",0.0,1750000.0,1750000.0,0.0,"",0.0,0.0,"","","","",0.0,0.0
18/05/2023,Faktur Pembelian,14341,FIKTIF BELI,Lunas,"",2050000.0,0.0,17/06/2023,2050000.0,0.0,2050000.0,"","","","","","",MESIN HITUNG UANG KONZURE MC-101,"","",2.0,PCS,1025000.0,0.00 %,"",0.0,2050000.0,2050000.0,0.0,"",0.0,0.0,"","","","",0.0,0.0
18/05/2023,Faktur Pembelian,14342,DARMA DJ COMP,Lunas,"",18360000.0,0.0,17/06/2023,18360000.0,0.0,18360000.0,"","","","","","","ACER ASPIRE 3 A314 AMD ATHLON 3050 4GB SSD 256 14"" NW","","",2.0,UNIT,4500000.0,0.00 %,"",0.0,9000000.0,9000000.0,0.0,"",0.0,0.0,"","","",087876835295,0.0,0.0
18/05/2023,Faktur Pembelian,14342,DARMA DJ COMP,Lunas,"",18360000.0,0.0,17/06/2023,18360000.0,0.0,18360000.0,"","","","","","",ACER A314 35 N5100 8GB SSD 256GB,"","",2.0,UNIT,4680000.0,0.00 %,"",0.0,9360000.0,9360000.0,0.0,"",0.0,0.0,"","","",087876835295,0.0,0.0
18/05/2023,Faktur Pembelian,14343,RIO MATRIX TOKO,Lunas,"",650000.0,0.0,17/06/2023,650000.0,0.0,650000.0,"","","","","","",LCD LAPTOP 14 TIPIS 30 PIN,"","",1.0,PCS,650000.0,0.00 %,"",0.0,650000.0,650000.0,0.0,"",0.0,0.0,"","","","",0.0,0.0
18/05/2023,Faktur Pembelian,JL.2305.06065,CANDRA (BLESSING),Lunas,"",6580000.0,0.0,01/06/2023,5927927.927928,652072.072072,6580000.0,"","","","",CV TIGA NUSA,"",* PRINTER EPSON LQ 310 DOT MATRIX HIGH SPEED,"","",2.0,UNIT,2963963.963964,0.00 %,11.0,652072.0720720799999934792792792792,5927927.927928,5927927.927928,0.0,"",0.0,0.0,"","","","",0.0,0.0
18/05/2023,Faktur Pembelian,FK 2724,BETA COM,Lunas,"",8616000.0,0.0,01/06/2023,8616000.0,0.0,8616000.0,"","","","","","",TINTA CANON ORI 790 BLACK,"","",48.0,PCS,102000.0,0.00 %,"",0.0,4896000.0,4896000.0,0.0,"",0.0,0.0,"","","","",0.0,0.0
18/05/2023,Faktur Pembelian,FK 2724,BETA COM,Lunas,"",8616000.0,0.0,01/06/2023,8616000.0,0.0,8616000.0,"","","","","","",TINTA CANON ORI 790 YELLOW,"","",40.0,PCS,93000.0,0.00 %,"",0.0,3720000.0,3720000.0,0.0,"",0.0,0.0,"","","","",0.0,0.0
18/05/2023,Faktur Pembelian,14345,PT. INDO WARNA MULIA ( ALFA INK ),Lunas,"",3038400.0,0.0,17/07/2023,3038400.0,0.0,3038400.0,"","","","","","",ALFA INK L SERIES EPSON BLACK,"","",96.0,PCS,31650.0,0.00 %,"",0.0,3038400.0,3038400.0,0.0,"",0.0,0.0,"","","","",0.0,0.0
19/05/2023,Faktur Pembelian,JL.2305.06312,CANDRA (BLESSING),Lunas,"",6380000.0,0.0,02/06/2023,5747747.747748,632252.252252,6380000.0,"","","","",CV TIGA NUSA,"",* PRINTER EPSON LX 310,"","",2.0,UNIT,2873873.873874,0.00 %,11.0,632252.2522522799999936774774774772,5747747.747748,5747747.747748,0.0,"",0.0,0.0,"","","","",0.0,0.0
19/05/2023,Faktur Pembelian,JL.2305.06460,CANDRA (BLESSING),Lunas,"",9950000.0,0.0,02/06/2023,8963963.963964,986036.036036,9950000.0,"","","","",CV TIGA NUSA,"",* AIO ASUS V222GAK INTEL J4025 4GB 256GB SSD #,"","",2.0,UNIT,4481981.981982,0.00 %,11.0,986036.036036040099990139639639639599,8963963.963964,8963963.963964,0.0,"",0.0,0.0,"","","","",0.0,0.0
19/05/2023,Faktur Pembelian,14346,ONLINE,Lunas,"",220000.0,0.0,18/06/2023,220000.0,0.0,220000.0,"","","","","","",BATERAI CAMERA CANON LP E8,"","",2.0,PCS,110000.0,0.00 %,"",0.0,220000.0,220000.0,0.0,"",0.0,0.0,"","","","",0.0,0.0
19/05/2023,Faktur Pembelian,JL.2305.06398,CANDRA (BLESSING),Lunas,"",10019999.999999,0.0,02/06/2023,9027027.027026,992972.972973,10019999.999999,"","","","",CV TIGA NUSA,"","* AXIOO MYBOOK 11G GREY DC N4020 11,6 4GB 256GB SSD","","",2.0,UNIT,2099099.099099,0.00 %,11.0,461801.8018017799999953819819819822,4198198.198198,4198198.198198,0.0,"",0.0,0.0,"","","","",0.0,0.0
19/05/2023,Faktur Pembelian,JL.2305.06398,CANDRA (BLESSING),Lunas,"",10019999.999999,0.0,02/06/2023,9027027.027026,992972.972973,10019999.999999,"","","","",CV TIGA NUSA,"",* AXIOO MYBOOK 14F N4020 4GB 256GB SSD FHD 13,"","",2.0,UNIT,2414414.414414,0.00 %,11.0,531171.1711710799999946882882882892,4828828.828828,4828828.828828,0.0,"",0.0,0.0,"","","","",0.0,0.0
19/05/2023,Faktur Pembelian,05202377324,AGUS (DORAN),Lunas,"",10800000.0,0.0,18/06/2023,10800000.0,0.0,10800000.0,"",SURABAYA,"","","","",SSD SANDISK PLUS 240GB,"","",36.0,PCS,300000.0,0.00 %,"",0.0,10800000.0,10800000.0,0.0,"",0.0,0.0,"","","","",0.0,0.0
19/05/2023,Faktur Pembelian,FK 2785,BETA COM,Lunas,"",6910000.0,0.0,02/06/2023,6910000.0,0.0,6910000.0,"","","","","","",PRINTER CANON IX 6770,"","",2.0,UNIT,3455000.0,0.00 %,"",0.0,6910000.0,6910000.0,0.0,"",0.0,0.0,"","","","",0.0,0.0
19/05/2023,Faktur Pembelian,1475/jl/utm/0523,ATC,Lunas,"",66000000.0,0.0,02/06/2023,66000000.0,0.0,66000000.0,"","","","","","",PRINTER CANON PIXMA IP 2770,"","",100.0,UNIT,660000.0,0.00 %,"",0.0,66000000.0,66000000.0,0.0,"",0.0,0.0,"","","","",0.0,0.0
19/05/2023,Faktur Pembelian,JL0000011351,PT IS PRATAMA ABADI JAKARTA,Lunas,"",32500000.0,0.0,09/06/2023,32500000.0,0.0,32500000.0,"","","","",AGUS,"",PRINTER CANON PIXMA IP 2770,"","",50.0,UNIT,650000.0,0.00 %,"",0.0,32500000.0,32500000.0,0.0,"",0.0,0.0,"","","","",0.0,0.0
19/05/2023,Faktur Pembelian,JL0000011348,PT IS PRATAMA ABADI JAKARTA,Lunas,"",32500000.0,0.0,09/06/2023,32500000.0,0.0,32500000.0,"","","","",RAHMAT,"",PRINTER CANON PIXMA IP 2770,"","",50.0,UNIT,650000.0,0.00 %,"",0.0,32500000.0,32500000.0,0.0,"",0.0,0.0,"","","","",0.0,0.0
20/05/2023,Faktur Pembelian,14347,DARMA DJ COMP,Lunas,"",36840000.0,0.0,19/06/2023,36840000.0,0.0,36840000.0,"","","","","","",ACER 3 A314-22 AMD RYZEN3-3250U 4GB 256GB SSD #,"","",1.0,UNIT,5200000.0,0.00 %,"",0.0,5200000.0,5200000.0,0.0,"",0.0,0.0,"","","",087876835295,0.0,0.0
20/05/2023,Faktur Pembelian,14347,DARMA DJ COMP,Lunas,"",36840000.0,0.0,19/06/2023,36840000.0,0.0,36840000.0,"","","","","","",ASUS E210MAO INTEL N4020 8GB 512GB SSD WIN 11 #,"","",1.0,UNIT,3500000.0,0.00 %,"",0.0,3500000.0,3500000.0,0.0,"",0.0,0.0,"","","",087876835295,0.0,0.0
20/05/2023,Faktur Pembelian,14347,DARMA DJ COMP,Lunas,"",36840000.0,0.0,19/06/2023,36840000.0,0.0,36840000.0,"","","","","","",ACER A314 35 N5100 8GB SSD 256GB,"","",6.0,UNIT,4690000.0,0.00 %,"",0.0,28140000.0,28140000.0,0.0,"",0.0,0.0,"","","",087876835295,0.0,0.0
20/05/2023,Faktur Pembelian,JL.2305.06694,CANDRA (BLESSING),Lunas,"",17645000.0,0.0,03/06/2023,17645000.0,0.0,17645000.0,"","","","",RAHMAT,"","LED SAMSUNG 24"" LS24R350FZEXXD FHD 75HZ #","","",1.0,UNIT,1705000.0,0.00 %,"",0.0,1705000.0,1705000.0,0.0,"",0.0,0.0,"","","","",0.0,0.0
20/05/2023,Faktur Pembelian,JL.2305.06694,CANDRA (BLESSING),Lunas,"",17645000.0,0.0,03/06/2023,17645000.0,0.0,17645000.0,"","","","",RAHMAT,"",ASUS A1405ZA Ci3-1215U 8GB 512GB SSD WIN 11,"","",2.0,UNIT,7970000.0,0.00 %,"",0.0,15940000.0,15940000.0,0.0,"",0.0,0.0,"","","","",0.0,0.0
20/05/2023,Faktur Pembelian,JL.2305.06695,CANDRA (BLESSING),Lunas,"",10719999.999998,0.0,03/06/2023,9657657.657656,1062342.342342,10719999.999998,"","","","",CV TIGA NUSA,"",* AXIOO MYBOOK 14F N4020 4GB 256GB SSD FHD 13,"","",4.0,UNIT,2414414.414414,0.00 %,11.0,1062342.3423421599999893765765765784,9657657.657656,9657657.657656,0.0,"",0.0,0.0,"","","","",0.0,0.0
20/05/2023,Faktur Pembelian,14348,FIKTIF BELI,Lunas,"",250000.0,0.0,19/06/2023,250000.0,0.0,250000.0,"","","","","","",ONGKIR JNE,"","",4.0,JASA,62500.0,0.00 %,"",0.0,250000.0,250000.0,0.0,"",0.0,0.0,"","","","",0.0,0.0
20/05/2023,Faktur Pembelian,14349,TIMBUL SUBUR PLASTIK,Lunas,"",9142000.0,0.0,19/06/2023,9142000.0,0.0,9142000.0,"","","","","","","PLASTIK OPP 10,5 X 24","","",700.0,PCS,4700.0,0.00 %,"",0.0,3290000.0,3290000.0,0.0,"",0.0,0.0,"","","","",0.0,0.0
20/05/2023,Faktur Pembelian,14349,TIMBUL SUBUR PLASTIK,Lunas,"",9142000.0,0.0,19/06/2023,9142000.0,0.0,9142000.0,"","","","","","",PLASTIK OPP 12 X 24,"","",160.0,PCS,5300.0,0.00 %,"",0.0,848000.0,848000.0,0.0,"",0.0,0.0,"","","","",0.0,0.0
20/05/2023,Faktur Pembelian,14349,TIMBUL SUBUR PLASTIK,Lunas,"",9142000.0,0.0,19/06/2023,9142000.0,0.0,9142000.0,"","","","","","",OPP 10 X 24,"","",360.0,PCS,4500.0,0.00 %,"",0.0,1620000.0,1620000.0,0.0,"",0.0,0.0,"","","","",0.0,0.0
20/05/2023,Faktur Pembelian,14349,TIMBUL SUBUR PLASTIK,Lunas,"",9142000.0,0.0,19/06/2023,9142000.0,0.0,9142000.0,"","","","","","",OPP 16 X 25,"","",100.0,PCS,7300.0,0.00 %,"",0.0,730000.0,730000.0,0.0,"",0.0,0.0,"","","","",0.0,0.0
20/05/2023,Faktur Pembelian,14349,TIMBUL SUBUR PLASTIK,Lunas,"",9142000.0,0.0,19/06/2023,9142000.0,0.0,9142000.0,"","","","","","",OPP 22 X 30 10R #,"","",140.0,PCS,11500.0,0.00 %,"",0.0,1610000.0,1610000.0,0.0,"",0.0,0.0,"","","","",0.0,0.0
20/05/2023,Faktur Pembelian,14349,TIMBUL SUBUR PLASTIK,Lunas,"",9142000.0,0.0,19/06/2023,9142000.0,0.0,9142000.0,"","","","","","",PLASTIK KLIP 7 X 10,"","",360.0,PCS,2900.0,0.00 %,"",0.0,1044000.0,1044000.0,0.0,"",0.0,0.0,"","","","",0.0,0.0
20/05/2023,Faktur Pembelian,14350,PT TERA DATA INDONUSA,Lunas,"",200000.0,0.0,19/06/2023,180180.18018,19819.81982,200000.0,"","","","",CV TIGA NUSA,"",* KEY AXIOO 14E + COVER,"","",1.0,PCS,180180.18018,0.00 %,11.0,19819.819819799999999801801801802,180180.18018,180180.18018,0.0,"",0.0,0.0,"","","","",0.0,0.0
20/05/2023,Faktur Pembelian,14351,FIKTIF BELI,Lunas,"",394999.999935,0.0,19/06/2023,394999.999935,0.0,394999.999935,"","","","","","",KABEL LAN ZIMM LINK PERMETER,"","",305.0,METER,1295.081967,0.00 %,"",0.0,394999.999935,394999.999935,0.0,"",0.0,0.0,"","","","",0.0,0.0
20/05/2023,Faktur Pembelian,14352,FIKTIF BELI,Lunas,"",394999.999935,0.0,19/06/2023,394999.999935,0.0,394999.999935,"","","","","","",KABEL LAN ZIMM LINK PERMETER,"","",305.0,METER,1295.081967,0.00 %,"",0.0,394999.999935,394999.999935,0.0,"",0.0,0.0,"","","","",0.0,0.0
20/05/2023,Faktur Pembelian,002673,PT. INDO WARNA MULIA ( ALFA INK ),Lunas,"",6076800.0,0.0,19/07/2023,6076800.0,0.0,6076800.0,"","","","","","",ALFA INK L SERIES EPSON BLACK,"","",192.0,PCS,31650.0,0.00 %,"",0.0,6076800.0,6076800.0,0.0,"",0.0,0.0,"","","","",0.0,0.0
20/05/2023,Faktur Pembelian,00639116_036,PRIYO (K GALAXY),Lunas,LAPTOP ,7700000.0,0.0,19/06/2023,7700000.0,0.0,7700000.0,"","","","","","","ACER SF314 551 i5 1135G7 8GB 512GB SSD 14""","","",1.0,UNIT,7700000.0,0.00 %,"",0.0,7700000.0,7700000.0,0.0,"",0.0,0.0,"","","","",0.0,0.0
20/05/2023,Faktur Pembelian,00639117_036,PRIYO (K GALAXY),Lunas,"",4900000.0,0.0,19/06/2023,4900000.0,0.0,4900000.0,"","","","","","",RAM PC KINGSTONE DDR3 4GB,"","",8.0,PCS,77500.0,0.00 %,"",0.0,620000.0,620000.0,0.0,"",0.0,0.0,"","","","",0.0,0.0
20/05/2023,Faktur Pembelian,00639117_036,PRIYO (K GALAXY),Lunas,"",4900000.0,0.0,19/06/2023,4900000.0,0.0,4900000.0,"","","","","","",MB FAST H61,"","",8.0,PCS,435000.0,0.00 %,"",0.0,3480000.0,3480000.0,0.0,"",0.0,0.0,"","","","",0.0,0.0
20/05/2023,Faktur Pembelian,00639117_036,PRIYO (K GALAXY),Lunas,"",4900000.0,0.0,19/06/2023,4900000.0,0.0,4900000.0,"","","","","","",PROC INTEL CORE I3 GEN 2,"","",8.0,PCS,100000.0,0.00 %,"",0.0,800000.0,800000.0,0.0,"",0.0,0.0,"","","","",0.0,0.0
21/05/2023,Faktur Pembelian,14353,FIKTIF BELI,Lunas,"",25415.0,0.0,20/06/2023,25415.0,0.0,25415.0,"","","","","","",SALMA ECO 7,"","",1.0,PCS,25415.0,0.00 %,"",0.0,25415.0,25415.0,0.0,"",0.0,0.0,"","","","",0.0,0.0
21/05/2023,Faktur Pembelian,14354,FIKTIF BELI,Lunas,"",29750.0,0.0,20/06/2023,29750.0,0.0,29750.0,"","","","","","",UNDANGAN AVIS 117,"","",1.0,PCS,29750.0,0.00 %,"",0.0,29750.0,29750.0,0.0,"",0.0,0.0,"","","","",0.0,0.0
22/05/2023,Faktur Pembelian,14355,FIKTIF BELI,Lunas,"",150000.0,0.0,21/06/2023,150000.0,0.0,150000.0,"","","","","","",TINTA CANON ORI 790 BLACK NON PACK,"","",1.0,PCS,60000.0,0.00 %,"",0.0,60000.0,60000.0,0.0,"",0.0,0.0,"","","","",0.0,0.0
22/05/2023,Faktur Pembelian,14355,FIKTIF BELI,Lunas,"",150000.0,0.0,21/06/2023,150000.0,0.0,150000.0,"","","","","","",TINTA CANON ORI 790 CYAN NON PACK,"","",1.0,PCS,30000.0,0.00 %,"",0.0,30000.0,30000.0,0.0,"",0.0,0.0,"","","","",0.0,0.0
22/05/2023,Faktur Pembelian,14355,FIKTIF BELI,Lunas,"",150000.0,0.0,21/06/2023,150000.0,0.0,150000.0,"","","","","","",TINTA CANON ORI 790 YELLOW NON PACK,"","",1.0,PCS,30000.0,0.00 %,"",0.0,30000.0,30000.0,0.0,"",0.0,0.0,"","","","",0.0,0.0
22/05/2023,Faktur Pembelian,14355,FIKTIF BELI,Lunas,"",150000.0,0.0,21/06/2023,150000.0,0.0,150000.0,"","","","","","",TINTA CANON ORI 790 MAGENTA NON PACK,"","",1.0,PCS,30000.0,0.00 %,"",0.0,30000.0,30000.0,0.0,"",0.0,0.0,"","","","",0.0,0.0
22/05/2023,Faktur Pembelian,FK 2820 ,BETA COM,Lunas,"",27791000.0,0.0,05/06/2023,27791000.0,0.0,27791000.0,"","","","","","",CATRIDGE CANON 810 BLACK,"","",96.0,PCS,201000.0,0.00 %,"",0.0,19296000.0,19296000.0,0.0,"",0.0,0.0,"","","","",0.0,0.0
22/05/2023,Faktur Pembelian,FK 2820 ,BETA COM,Lunas,"",27791000.0,0.0,05/06/2023,27791000.0,0.0,27791000.0,"","","","","","",CATRDIGE CANON CA91 / BH7 (G2010),"","",15.0,PCS,353000.0,0.00 %,"",0.0,5295000.0,5295000.0,0.0,"",0.0,0.0,"","","","",0.0,0.0
22/05/2023,Faktur Pembelian,FK 2820 ,BETA COM,Lunas,"",27791000.0,0.0,05/06/2023,27791000.0,0.0,27791000.0,"","","","","","",CATRIDGE CANON CA92 / CH7 (G2010),"","",8.0,PCS,400000.0,0.00 %,"",0.0,3200000.0,3200000.0,0.0,"",0.0,0.0,"","","","",0.0,0.0
22/05/2023,Faktur Pembelian,14358,ANDY (JMK),Lunas,REFISI NOTA KETINGGALAN MUTIARA NOTA ,6720000.0,0.0,21/06/2023,6720000.0,0.0,6720000.0,"","","","","","",SPEAKER ADVAN DUO 050,"","",120.0,PCS,56000.0,0.00 %,"",0.0,6720000.0,6720000.0,0.0,"",0.0,0.0,"","","","",0.0,0.0
22/05/2023,Faktur Pembelian,JL.2305.07152,CANDRA (BLESSING),Lunas,"",11490000.0,0.0,05/06/2023,11490000.0,0.0,11490000.0,"","","","",RAHMAT,"",PROJECTOR ACER X1 DLP XGA 4000 LUMENS,"","",1.0,UNIT,5470000.0,0.00 %,"",0.0,5470000.0,5470000.0,0.0,"",0.0,0.0,"","","","",0.0,0.0
22/05/2023,Faktur Pembelian,JL.2305.07152,CANDRA (BLESSING),Lunas,"",11490000.0,0.0,05/06/2023,11490000.0,0.0,11490000.0,"","","","",RAHMAT,"",ASUS A1400EA CI3-1115G4 4GB 256GB SSD WIN 11,"","",1.0,UNIT,6020000.0,0.00 %,"",0.0,6020000.0,6020000.0,0.0,"",0.0,0.0,"","","","",0.0,0.0
22/05/2023,Faktur Pembelian,JL.2305.07012,CANDRA (BLESSING),Lunas,"",3570000.0,0.0,05/06/2023,3570000.0,0.0,3570000.0,"","","","",RAHMAT,"",BROTHER DCP L2540 DW,"","",1.0,PCS,2790000.0,0.00 %,"",0.0,2790000.0,2790000.0,0.0,"",0.0,0.0,"","","","",0.0,0.0
22/05/2023,Faktur Pembelian,JL.2305.07012,CANDRA (BLESSING),Lunas,"",3570000.0,0.0,05/06/2023,3570000.0,0.0,3570000.0,"","","","",RAHMAT,"",CASH DRAWER IWARE UL400 48CM X 49CM X 16CM 6 SLOT UANG KERTAS,"","",2.0,PCS,390000.0,0.00 %,"",0.0,780000.0,780000.0,0.0,"",0.0,0.0,"","","","",0.0,0.0
22/05/2023,Faktur Pembelian,JL.2305.07011,CANDRA (BLESSING),Lunas,"",25200000.000003,0.0,05/06/2023,22702702.702705,2497297.297298,25200000.000003,"","","","",CV TIGA NUSA,"",* PROJECTOR EPSON EB E500 XVGAVGA HDMI,"","",5.0,UNIT,4540540.540541,0.00 %,11.0,2497297.2972975499999750270270270245,22702702.702705,22702702.702705,0.0,"",0.0,0.0,"","","","",0.0,0.0
22/05/2023,Faktur Pembelian,14359,ULTIMATE,Lunas,"",5480199.996689,5480199.996689,21/06/2023,5480199.996689,0.0,0.0,"","","","","","","TAS ULTIMATE 12""","","",25.0,PCS,82052.666667,0.00 %,"",0.0,2044850.9165416404,2051316.666675,17328.67,"",0.0,0.0,"","","","",0.0,0.32
22/05/2023,Faktur Pembelian,14359,ULTIMATE,Lunas,"",5480199.996689,5480199.996689,21/06/2023,5480199.996689,0.0,0.0,"","","","","","",TAS ULTIMATE,"","",42.0,PCS,82052.666667,0.00 %,"",0.0,3435349.539789956,3446212.000014,17328.67,"",0.0,0.0,"","","","",0.0,0.32
22/05/2023,Faktur Pembelian,14360,TK WIJAYA,Lunas,"",5550000.0,0.0,21/06/2023,5550000.0,0.0,5550000.0,"","","","","","",STIKER CAMEL GLOSSY F4 CAST COAT,"","",50.0,PCS,56000.0,0.00 %,"",0.0,2800000.0,2800000.0,0.0,"",0.0,0.0,"","","","",0.0,0.0
22/05/2023,Faktur Pembelian,14360,TK WIJAYA,Lunas,"",5550000.0,0.0,21/06/2023,5550000.0,0.0,5550000.0,"","","","","","",STIKER CAMEL HVS f4,"","",50.0,PCS,55000.0,0.00 %,"",0.0,2750000.0,2750000.0,0.0,"",0.0,0.0,"","","","",0.0,0.0
22/05/2023,Faktur Pembelian,14361,ATM SURABAYA,Lunas,"",3100000.0,0.0,21/06/2023,3100000.0,0.0,3100000.0,"","","","","","",HANDYCAM SONY CX405,"","",1.0,UNIT,3100000.0,0.00 %,"",0.0,3100000.0,3100000.0,0.0,"",0.0,0.0,"","","","",0.0,0.0
22/05/2023,Faktur Pembelian,05202384506,AGUS (DORAN),Lunas,"",637200.0,0.0,21/06/2023,637200.0,0.0,637200.0,"",SURABAYA,"","","","",OTG MICRO,"","",60.0,PCS,4545.0,0.00 %,"",0.0,272700.0,272700.0,0.0,"",0.0,0.0,"","","","",0.0,0.0
22/05/2023,Faktur Pembelian,05202384506,AGUS (DORAN),Lunas,"",637200.0,0.0,21/06/2023,637200.0,0.0,637200.0,"",SURABAYA,"","","","",OTG TYPE C,"","",60.0,PCS,6075.0,0.00 %,"",0.0,364500.0,364500.0,0.0,"",0.0,0.0,"","","","",0.0,0.0
22/05/2023,Faktur Pembelian,JL5523050958,YULI (HP CENTRE),Lunas,"",3225000.0,0.0,21/06/2023,3225000.0,0.0,3225000.0,"","","","",RAHMAT,"",BLUEPRINT PRINTER LITE TMU58D BLUETOOTH,"","",5.0,UNIT,316000.0,0.00 %,"",0.0,1580000.0,1580000.0,0.0,"",0.0,0.0,"","","","",0.0,0.0
22/05/2023,Faktur Pembelian,JL5523050958,YULI (HP CENTRE),Lunas,"",3225000.0,0.0,21/06/2023,3225000.0,0.0,3225000.0,"","","","",RAHMAT,"",BLUEPRINT PRINTER ECO BP-ECO58 (BATERAI),"","",5.0,UNIT,329000.0,0.00 %,"",0.0,1645000.0,1645000.0,0.0,"",0.0,0.0,"","","","",0.0,0.0
23/05/2023,Faktur Pembelian,14362,ONLINE,Lunas,"",400000.0,0.0,22/06/2023,400000.0,0.0,400000.0,"","","","","","",POMPA PRINTER EPSON L4150,"","",1.0,PCS,400000.0,0.00 %,"",0.0,400000.0,400000.0,0.0,"",0.0,0.0,"","","","",0.0,0.0
23/05/2023,Faktur Pembelian,JL.2305.07287,CANDRA (BLESSING),Lunas,"",1450000.0,0.0,06/06/2023,1450000.0,0.0,1450000.0,"","","","",RAHMAT,"",BATERAI UPS 12V 7 AH KIJO,"","",10.0,PCS,145000.0,0.00 %,"",0.0,1450000.0,1450000.0,0.0,"",0.0,0.0,"","","","",0.0,0.0
23/05/2023,Faktur Pembelian,JL.2305.07295,CANDRA (BLESSING),Lunas,"",6990000.0,0.0,06/06/2023,6297297.297297,692702.702703,6990000.0,"","","","",CV TIGA NUSA,"","* AXIOO MYBOOK 11G GREY DC N4020 11,6 4GB 256GB SSD","","",3.0,UNIT,2099099.099099,0.00 %,11.0,692702.7027026699999930729729729733,6297297.297297,6297297.297297,0.0,"",0.0,0.0,"","","","",0.0,0.0
23/05/2023,Faktur Pembelian,14363,PT SUMBER BAHAGIA DIGITAL,Lunas,"",16370000.0,0.0,22/06/2023,16370000.0,0.0,16370000.0,"",SURABAYA,"","","","",CAMERA FUJIFILM XT30 KIT 18 - 55,"","",1.0,UNIT,16370000.0,0.00 %,"",0.0,16370000.0,16370000.0,0.0,"",0.0,0.0,PT SUMBER BAHAGIA DIGITAL,"","","",0.0,0.0
23/05/2023,Faktur Pembelian,JL.2305.07412,CANDRA (BLESSING),Lunas,"",30015000.000002,0.0,06/06/2023,27040540.540542,2974459.45946,30015000.000002,"","","","",CV TIGA NUSA,"",* AIO ACER C22 - 1700 Ci5-1235U 8GB 512GB SSD INTEL IRIS XE WIN 11,"","",3.0,UNIT,9013513.513514,0.00 %,11.0,2974459.4594596199999702554054054038,27040540.540542,27040540.540542,0.0,"",0.0,0.0,"","","","",0.0,0.0
23/05/2023,Faktur Pembelian,14365,TIMBUL SUBUR PLASTIK,Lunas,"",1140000.0,0.0,22/06/2023,1140000.0,0.0,1140000.0,"","","","","","",PLASTIK KRESEK 03 X 28 HITAM (SH),"","",60.0,PACK,16000.0,0.00 %,"",0.0,960000.0,960000.0,0.0,"",0.0,0.0,"","","","",0.0,0.0
23/05/2023,Faktur Pembelian,14365,TIMBUL SUBUR PLASTIK,Lunas,"",1140000.0,0.0,22/06/2023,1140000.0,0.0,1140000.0,"","","","","","",PLASTIK KRESEK 03 X 20 X 35,"","",10.0,PCS,18000.0,0.00 %,"",0.0,180000.0,180000.0,0.0,"",0.0,0.0,"","","","",0.0,0.0
23/05/2023,Faktur Pembelian,14366,FIKTIF BELI,Lunas,"",1900000.0,0.0,22/06/2023,1900000.0,0.0,1900000.0,"","","","","","",BINGKAI FOTO 10R,"","",100.0,PCS,19000.0,0.00 %,"",0.0,1900000.0,1900000.0,0.0,"",0.0,0.0,"","","","",0.0,0.0
23/05/2023,Faktur Pembelian,14367,FIKTIF BELI,Lunas,"",580000.0,0.0,22/06/2023,580000.0,0.0,580000.0,"","","","","","","OPP 12,5","","",100.0,PCS,5800.0,0.00 %,"",0.0,580000.0,580000.0,0.0,"",0.0,0.0,"","","","",0.0,0.0
23/05/2023,Faktur Pembelian,JL.2305.07518,CANDRA (BLESSING),Lunas,"",1240000.0,0.0,06/06/2023,1240000.0,0.0,1240000.0,"","","","",RAHMAT,"",LED SAMSUNG LS22A336NHEXXD 22FHD VGA+HDMI,"","",1.0,UNIT,1240000.0,0.00 %,"",0.0,1240000.0,1240000.0,0.0,"",0.0,0.0,"","","","",0.0,0.0
23/05/2023,Faktur Pembelian,001490,LILI (PLATINUM),Lunas,"",2980000.0,0.0,22/06/2023,2980000.0,0.0,2980000.0,"","","","","","",LCD LAPTOP 14 TEBAL,"","",3.0,PCS,330000.0,0.00 %,"",0.0,990000.0,990000.0,0.0,"",0.0,0.0,"","","","",0.0,0.0
23/05/2023,Faktur Pembelian,001490,LILI (PLATINUM),Lunas,"",2980000.0,0.0,22/06/2023,2980000.0,0.0,2980000.0,"","","","","","",LCD LAPTOP 14 TIPIS 30 PIN,"","",2.0,PCS,510000.0,0.00 %,"",0.0,1020000.0,1020000.0,0.0,"",0.0,0.0,"","","","",0.0,0.0
23/05/2023,Faktur Pembelian,001490,LILI (PLATINUM),Lunas,"",2980000.0,0.0,22/06/2023,2980000.0,0.0,2980000.0,"","","","","","",LCD 15 SLIM 30PIN FHD SMALL FRAME,"","",1.0,PCS,700000.0,0.00 %,"",0.0,700000.0,700000.0,0.0,"",0.0,0.0,"","","","",0.0,0.0
23/05/2023,Faktur Pembelian,001490,LILI (PLATINUM),Lunas,"",2980000.0,0.0,22/06/2023,2980000.0,0.0,2980000.0,"","","","","","",KEYBOARD LAPTOP LENOVO IDEAPAD 110 ON OFF,"","",3.0,PCS,90000.0,0.00 %,"",0.0,270000.0,270000.0,0.0,"",0.0,0.0,"","","","",0.0,0.0
23/05/2023,Faktur Pembelian,PJL-23-05-00491,PT. Surya Makmur Kreasindo (HJ),Lunas,"",12250000.0,0.0,06/06/2023,11036036.036036,1213963.963964,12250000.0,"",SURABAYA,"","",CV TIGA NUSA,"",* SCANNER EPSON DS-780N,"","",1.0,Buah,11036036.036036,0.00 %,11.0,1213963.9639639599999878603603603604,11036036.036036,11036036.036036,0.0,"",0.0,0.0,PT. Surya Makmur Kreasindo,"",081515111951,"",0.0,0.0
23/05/2023,Faktur Pembelian,JL5523050989,YULI (HP CENTRE),Lunas,"",2860500.0,0.0,22/06/2023,2860500.0,0.0,2860500.0,"","","","",RAHMAT,"",BLUEPRINT PRINTER LITE TMU58D BLUETOOTH,"","",3.0,UNIT,316000.0,0.00 %,"",0.0,948000.0,948000.0,0.0,"",0.0,0.0,"","","","",0.0,0.0
23/05/2023,Faktur Pembelian,JL5523050989,YULI (HP CENTRE),Lunas,"",2860500.0,0.0,22/06/2023,2860500.0,0.0,2860500.0,"","","","",RAHMAT,"",BLUEPRINT SCANNER BARCODE OMNI,"","",3.0,PCS,637500.0,0.00 %,"",0.0,1912500.0,1912500.0,0.0,"",0.0,0.0,"","","","",0.0,0.0
24/05/2023,Faktur Pembelian,ACJ01/01/FP/2305/BD00012,PT. ANGKASA CERAH JAYA,Lunas,"",30359999.999999,0.0,07/06/2023,27351351.35135,3008648.648649,30359999.999999,"",SURABAYA,"","",CV TIGA NUSA,"","* ACER 5 A514 - 54G - 32GJ Ci3-1115G4 8GB 512GB SSD MX 350 2GB WIN 11 14""","","",2.0,UNIT,5900900.900901,0.00 %,11.0,1298198.1981982199999870180180180178,11801801.801802,11801801.801802,0.0,"",0.0,0.0,PT. ANGKASA CERAH JAYA,"",0815 5395 1313,"",0.0,0.0
24/05/2023,Faktur Pembelian,ACJ01/01/FP/2305/BD00012,PT. ANGKASA CERAH JAYA,Lunas,"",30359999.999999,0.0,07/06/2023,27351351.35135,3008648.648649,30359999.999999,"",SURABAYA,"","",CV TIGA NUSA,"",* HP 14S INTEL N4500 4GB 256GB SSD WIN 11,"","",4.0,UNIT,3887387.387387,0.00 %,11.0,1710450.4504502799999828954954954972,15549549.549548,15549549.549548,0.0,"",0.0,0.0,PT. ANGKASA CERAH JAYA,"",0815 5395 1313,"",0.0,0.0
24/05/2023,Faktur Pembelian,14368,ONLINE,Lunas,"",2200000.0,0.0,23/06/2023,2200000.0,0.0,2200000.0,"","","","","","",LCD AIO,"","",1.0,UNIT,2200000.0,0.00 %,"",0.0,2200000.0,2200000.0,0.0,"",0.0,0.0,"","","","",0.0,0.0
24/05/2023,Faktur Pembelian,14369,KO ROBBY,Lunas,"",169203.96,0.0,23/06/2023,169203.96,0.0,169203.96,"","","","","","",BATERAI A 27,"","",12.0,PCS,14100.33,0.00 %,"",0.0,169203.96,169203.96,0.0,"",0.0,0.0,"","","","",0.0,0.0
24/05/2023,Faktur Pembelian,14370,FIKTIF BELI,Lunas,"",152000.0,0.0,23/06/2023,152000.0,0.0,152000.0,"","","","","","",KERTAS FOTO ALFA INK RC SILKY,"","",4.0,PCS,38000.0,0.00 %,"",0.0,152000.0,152000.0,0.0,"",0.0,0.0,"","","","",0.0,0.0
24/05/2023,Faktur Pembelian,001492,LILI (PLATINUM),Lunas,"",495000.0,0.0,23/06/2023,495000.0,0.0,495000.0,"","","","","","","KEYBOARD LAPTOP LENOVO 330 15,6 BIG ENTER","","",3.0,PCS,165000.0,0.00 %,"",0.0,495000.0,495000.0,0.0,"",0.0,0.0,"","","","",0.0,0.0
24/05/2023,Faktur Pembelian,NJL-EX1/240523/004,PT. INDO WARNA MULIA ( ALFA INK ),Lunas,"",7788750.0,7788750.0,23/07/2023,7788750.0,0.0,0.0,"","","","","","",ALFA INK TONER BROTHER 500 GRAM,"","",50.0,PCS,155775.0,0.00 %,"",0.0,7788750.0,7788750.0,0.0,"",0.0,0.0,"","","","",0.0,0.0
24/05/2023,Faktur Pembelian,14400,ANDRIANY MUSTIKA SARI (cencen),Lunas,"",850000.0,850000.0,23/06/2023,850000.0,0.0,0.0,"","","","","","",MAP KERTAS KUNING,"","",10.0,PACK,21250.0,0.00 %,"",0.0,212500.0,212500.0,0.0,"",0.0,0.0,"","","","",0.0,0.0
24/05/2023,Faktur Pembelian,14400,ANDRIANY MUSTIKA SARI (cencen),Lunas,"",850000.0,850000.0,23/06/2023,850000.0,0.0,0.0,"","","","","","",MAP KERTAS MERAH,"","",10.0,PACK,21250.0,0.00 %,"",0.0,212500.0,212500.0,0.0,"",0.0,0.0,"","","","",0.0,0.0
24/05/2023,Faktur Pembelian,14400,ANDRIANY MUSTIKA SARI (cencen),Lunas,"",850000.0,850000.0,23/06/2023,850000.0,0.0,0.0,"","","","","","",MAP KERTAS BIRU,"","",20.0,PACK,21250.0,0.00 %,"",0.0,425000.0,425000.0,0.0,"",0.0,0.0,"","","","",0.0,0.0
24/05/2023,Faktur Pembelian,05202388116,AGUS (DORAN),Lunas,"",26250000.0,0.0,23/06/2023,26250000.0,0.0,26250000.0,"",SURABAYA,"","","","",TINTA EPSON 001 MAGENTA,"","",5.0,PCS,86000.0,0.00 %,"",0.0,430000.0,430000.0,0.0,"",0.0,0.0,"","","","",0.0,0.0
24/05/2023,Faktur Pembelian,05202388116,AGUS (DORAN),Lunas,"",26250000.0,0.0,23/06/2023,26250000.0,0.0,26250000.0,"",SURABAYA,"","","","",TINTA EPSON 003 BLACK,"","",60.0,PCS,75000.0,0.00 %,"",0.0,4500000.0,4500000.0,0.0,"",0.0,0.0,"","","","",0.0,0.0
24/05/2023,Faktur Pembelian,05202388116,AGUS (DORAN),Lunas,"",26250000.0,0.0,23/06/2023,26250000.0,0.0,26250000.0,"",SURABAYA,"","","","",TINTA EPSON 003 MAGENTA,"","",60.0,PCS,75000.0,0.00 %,"",0.0,4500000.0,4500000.0,0.0,"",0.0,0.0,"","","","",0.0,0.0
24/05/2023,Faktur Pembelian,05202388116,AGUS (DORAN),Lunas,"",26250000.0,0.0,23/06/2023,26250000.0,0.0,26250000.0,"",SURABAYA,"","","","",TINTA EPSON 003 YELLOW,"","",60.0,PCS,75000.0,0.00 %,"",0.0,4500000.0,4500000.0,0.0,"",0.0,0.0,"","","","",0.0,0.0
24/05/2023,Faktur Pembelian,05202388116,AGUS (DORAN),Lunas,"",26250000.0,0.0,23/06/2023,26250000.0,0.0,26250000.0,"",SURABAYA,"","","","",TINTA EPSON 664 CYAN,"","",60.0,PCS,75000.0,0.00 %,"",0.0,4500000.0,4500000.0,0.0,"",0.0,0.0,"","","","",0.0,0.0
24/05/2023,Faktur Pembelian,05202388116,AGUS (DORAN),Lunas,"",26250000.0,0.0,23/06/2023,26250000.0,0.0,26250000.0,"",SURABAYA,"","","","",TINTA EPSON 664 BLACK,"","",60.0,PCS,75000.0,0.00 %,"",0.0,4500000.0,4500000.0,0.0,"",0.0,0.0,"","","","",0.0,0.0
24/05/2023,Faktur Pembelian,05202388116,AGUS (DORAN),Lunas,"",26250000.0,0.0,23/06/2023,26250000.0,0.0,26250000.0,"",SURABAYA,"","","","",TINTA EPSON 673 YELLOW,"","",10.0,PCS,123000.0,0.00 %,"",0.0,1230000.0,1230000.0,0.0,"",0.0,0.0,"","","","",0.0,0.0
24/05/2023,Faktur Pembelian,05202388116,AGUS (DORAN),Lunas,"",26250000.0,0.0,23/06/2023,26250000.0,0.0,26250000.0,"",SURABAYA,"","","","",TINTA EPSON 673 LC,"","",10.0,PCS,123000.0,0.00 %,"",0.0,1230000.0,1230000.0,0.0,"",0.0,0.0,"","","","",0.0,0.0
24/05/2023,Faktur Pembelian,05202388116,AGUS (DORAN),Lunas,"",26250000.0,0.0,23/06/2023,26250000.0,0.0,26250000.0,"",SURABAYA,"","","","",TINTA EPSON 001 YELLOW,"","",5.0,PCS,86000.0,0.00 %,"",0.0,430000.0,430000.0,0.0,"",0.0,0.0,"","","","",0.0,0.0
24/05/2023,Faktur Pembelian,05202388116,AGUS (DORAN),Lunas,"",26250000.0,0.0,23/06/2023,26250000.0,0.0,26250000.0,"",SURABAYA,"","","","",TINTA EPSON 001 CYAN,"","",5.0,PCS,86000.0,0.00 %,"",0.0,430000.0,430000.0,0.0,"",0.0,0.0,"","","","",0.0,0.0
25/05/2023,Faktur Pembelian,JL.2305.08228,CANDRA (BLESSING),Lunas,"",6400000.0,0.0,08/06/2023,6400000.0,0.0,6400000.0,"","","","",RAHMAT,"",KABEL LAN BELDEN USA CAT 5,"","",4.0,DUS,1600000.0,0.00 %,"",0.0,6400000.0,6400000.0,0.0,"",0.0,0.0,"","","","",0.0,0.0
25/05/2023,Faktur Pembelian,JL.2305.08262,CANDRA (BLESSING),Lunas,"",24790000.0,0.0,08/06/2023,24790000.0,0.0,24790000.0,"","","","",RAHMAT,"",ASUS A416MAO INTEL N4020 4GB 256GB SSD #,"","",4.0,UNIT,4270000.0,0.00 %,"",0.0,17080000.0,17080000.0,0.0,"",0.0,0.0,"","","","",0.0,0.0
25/05/2023,Faktur Pembelian,JL.2305.08262,CANDRA (BLESSING),Lunas,"",24790000.0,0.0,08/06/2023,24790000.0,0.0,24790000.0,"","","","",RAHMAT,"",ASUS K513EA OLED I3 1115G4 4GB 512GB SSD WIN 11,"","",1.0,UNIT,7710000.0,0.00 %,"",0.0,7710000.0,7710000.0,0.0,"",0.0,0.0,"","","","",0.0,0.0
25/05/2023,Faktur Pembelian,14372,HARAPAN BARU,Lunas,"",3300000.0,0.0,24/06/2023,3300000.0,0.0,3300000.0,"","","","","","",AC POLYTRON 1 PK,"","",1.0,UNIT,3300000.0,0.00 %,"",0.0,3300000.0,3300000.0,0.0,"",0.0,0.0,"","","","",0.0,0.0
25/05/2023,Faktur Pembelian,14373,FIKTIF BELI,Lunas,"",200000.000001,0.0,24/06/2023,200000.000001,0.0,200000.000001,"","","","","","",ONGKIR JNE,"","",3.0,JASA,66666.666667,0.00 %,"",0.0,200000.000001,200000.000001,0.0,"",0.0,0.0,"","","","",0.0,0.0
25/05/2023,Faktur Pembelian,JL.2305.08060,CANDRA (BLESSING),Lunas,"",7125000.0,0.0,08/06/2023,7125000.0,0.0,7125000.0,"","","","",AGUS,"",PRINTER EPSON PLQ 35 PASSBOOK,"","",1.0,UNIT,7125000.0,0.00 %,"",0.0,7125000.0,7125000.0,0.0,"",0.0,0.0,"","","","",0.0,0.0
25/05/2023,Faktur Pembelian,JL.2305.08145,CANDRA (BLESSING),Lunas,"",17745000.0,0.0,08/06/2023,17745000.0,0.0,17745000.0,"","","","",RAHMAT,"",LOGITECH MK 220 (WIRELESS KEYBOARD MOUSE),"","",10.0,SET,250000.0,0.00 %,"",0.0,2500000.0,2500000.0,0.0,"",0.0,0.0,"","","","",0.0,0.0
25/05/2023,Faktur Pembelian,JL.2305.08145,CANDRA (BLESSING),Lunas,"",17745000.0,0.0,08/06/2023,17745000.0,0.0,17745000.0,"","","","",RAHMAT,"",LENOVO IDEAPAD GAMING 3 Ci7-12650H 8GB 512GB SSD RTX 3050 4GB WIN 11,"","",1.0,UNIT,15245000.0,0.00 %,"",0.0,15245000.0,15245000.0,0.0,"",0.0,0.0,"","","","",0.0,0.0
25/05/2023,Faktur Pembelian,KARMEN / INV/2023/60352,WULAN (DISCOUNT NOTEBOOK),Lunas,"",1700000.0,0.0,24/06/2023,1700000.0,0.0,1700000.0,"","","","","","",BATERAI LAPTOP DELL INSP 13 700 BG,"","",4.0,PCS,425000.0,0.00 %,"",0.0,1700000.0,1700000.0,0.0,"",0.0,0.0,"","","","",0.0,0.0
25/05/2023,Faktur Pembelian,2305573,CV. BALI IT SOLUSI (ENY),Lunas,"",26200000.0,0.0,08/06/2023,23603603.603604,2596396.396396,26200000.0,"","","","",CV TIGA NUSA,"","* ACER 5 A514 - 54G - 32GJ Ci3-1115G4 8GB 512GB SSD MX 350 2GB WIN 11 14""","","",4.0,UNIT,5900900.900901,0.00 %,11.0,2596396.3963964399999740360360360356,23603603.603604,23603603.603604,0.0,"",0.0,0.0,"","","","",0.0,0.0
26/05/2023,Faktur Pembelian,14374,FIKTIF BELI,Lunas,"",70000.0,0.0,25/06/2023,70000.0,0.0,70000.0,"","","","","","",BRAKET TV,"","",1.0,PCS,70000.0,0.00 %,"",0.0,70000.0,70000.0,0.0,"",0.0,0.0,"","","","",0.0,0.0
26/05/2023,Faktur Pembelian,14375,TATIK (LEGENDA),Lunas,"",3000000.0,0.0,25/06/2023,3000000.0,0.0,3000000.0,"","","","","","",REFILL PITA PRINTER PRINTECH 8758,"","",300.0,PCS,10000.0,0.00 %,"",0.0,3000000.0,3000000.0,0.0,"",0.0,0.0,"","","","",0.0,0.0
26/05/2023,Faktur Pembelian,14376,HARAPAN BARU,Lunas,"",350000.0,0.0,25/06/2023,350000.0,0.0,350000.0,"","","","","","",BRAKET TV,"","",5.0,PCS,70000.0,0.00 %,"",0.0,350000.0,350000.0,0.0,"",0.0,0.0,"","","","",0.0,0.0
26/05/2023,Faktur Pembelian,14377,DANISH COMPUTER,Lunas,"",5860000.0,0.0,25/06/2023,5860000.0,0.0,5860000.0,"","","","","","",BROTHER DCP L2540 DW,"","",2.0,PCS,2930000.0,0.00 %,"",0.0,5860000.0,5860000.0,0.0,"",0.0,0.0,"","","",082232721033,0.0,0.0
26/05/2023,Faktur Pembelian,05202395232,AGUS (DORAN),Lunas,"",265000.0,0.0,25/06/2023,265000.0,0.0,265000.0,"",SURABAYA,"","","","",TPLINK ARCHER C54,"","",1.0,PCS,265000.0,0.00 %,"",0.0,265000.0,265000.0,0.0,"",0.0,0.0,"","","","",0.0,0.0
26/05/2023,Faktur Pembelian,05202395643,AGUS (DORAN),Lunas,BAYAR,36000000.0,0.0,25/06/2023,36000000.0,0.0,36000000.0,"",SURABAYA,"","","","",TINTA EPSON 003 BLACK,"","",120.0,PCS,75000.0,0.00 %,"",0.0,9000000.0,9000000.0,0.0,"",0.0,0.0,"","","","",0.0,0.0
26/05/2023,Faktur Pembelian,05202395643,AGUS (DORAN),Lunas,BAYAR,36000000.0,0.0,25/06/2023,36000000.0,0.0,36000000.0,"",SURABAYA,"","","","",TINTA EPSON 003 MAGENTA,"","",60.0,PCS,75000.0,0.00 %,"",0.0,4500000.0,4500000.0,0.0,"",0.0,0.0,"","","","",0.0,0.0
26/05/2023,Faktur Pembelian,05202395643,AGUS (DORAN),Lunas,BAYAR,36000000.0,0.0,25/06/2023,36000000.0,0.0,36000000.0,"",SURABAYA,"","","","",TINTA EPSON 003 CYAN,"","",60.0,PCS,75000.0,0.00 %,"",0.0,4500000.0,4500000.0,0.0,"",0.0,0.0,"","","","",0.0,0.0
26/05/2023,Faktur Pembelian,05202395643,AGUS (DORAN),Lunas,BAYAR,36000000.0,0.0,25/06/2023,36000000.0,0.0,36000000.0,"",SURABAYA,"","","","",TINTA EPSON 003 YELLOW,"","",60.0,PCS,75000.0,0.00 %,"",0.0,4500000.0,4500000.0,0.0,"",0.0,0.0,"","","","",0.0,0.0
26/05/2023,Faktur Pembelian,05202395643,AGUS (DORAN),Lunas,BAYAR,36000000.0,0.0,25/06/2023,36000000.0,0.0,36000000.0,"",SURABAYA,"","","","",TINTA EPSON 664 MAGENTA,"","",60.0,PCS,75000.0,0.00 %,"",0.0,4500000.0,4500000.0,0.0,"",0.0,0.0,"","","","",0.0,0.0
26/05/2023,Faktur Pembelian,05202395643,AGUS (DORAN),Lunas,BAYAR,36000000.0,0.0,25/06/2023,36000000.0,0.0,36000000.0,"",SURABAYA,"","","","",TINTA EPSON 664 CYAN,"","",60.0,PCS,75000.0,0.00 %,"",0.0,4500000.0,4500000.0,0.0,"",0.0,0.0,"","","","",0.0,0.0
26/05/2023,Faktur Pembelian,05202395643,AGUS (DORAN),Lunas,BAYAR,36000000.0,0.0,25/06/2023,36000000.0,0.0,36000000.0,"",SURABAYA,"","","","",TINTA EPSON 664 BLACK,"","",60.0,PCS,75000.0,0.00 %,"",0.0,4500000.0,4500000.0,0.0,"",0.0,0.0,"","","","",0.0,0.0
26/05/2023,Faktur Pembelian,2305590 ,CV. BALI IT SOLUSI (ENY),Lunas,"",23600000.0,0.0,09/06/2023,23600000.0,0.0,23600000.0,"","","","","","",ASUS A416J I3 1005G1 8GB SSD 256GB WIN 11,"","",4.0,UNIT,5900000.0,0.00 %,"",0.0,23600000.0,23600000.0,0.0,"",0.0,0.0,"","","","",0.0,0.0
26/05/2023,Faktur Pembelian,FK 2891,BETA COM,Lunas,"",21955000.0,0.0,09/06/2023,21955000.0,0.0,21955000.0,"","","","","","",PRINTER CANON IX 6770,"","",1.0,UNIT,3455000.0,0.00 %,"",0.0,3455000.0,3455000.0,0.0,"",0.0,0.0,"","","","",0.0,0.0
26/05/2023,Faktur Pembelian,FK 2891,BETA COM,Lunas,"",21955000.0,0.0,09/06/2023,21955000.0,0.0,21955000.0,"","","","","","",PRINTER CANON G2010,"","",10.0,UNIT,1850000.0,0.00 %,"",0.0,18500000.0,18500000.0,0.0,"",0.0,0.0,"","","","",0.0,0.0
27/05/2023,Faktur Pembelian,14378,ONLINE,Lunas,"",1365000.0,0.0,26/06/2023,1365000.0,0.0,1365000.0,"","","","","","",POMPA PURGE EPSON L3110 L3210 L3250,"","",7.0,PCS,195000.0,0.00 %,"",0.0,1365000.0,1365000.0,0.0,"",0.0,0.0,"","","","",0.0,0.0
27/05/2023,Faktur Pembelian,JL.2305.08725,CANDRA (BLESSING),Lunas,"",34910000.0,0.0,10/06/2023,34910000.0,0.0,34910000.0,"","","","",RAHMAT,"",ASUS M7400QE - OLED713 AMD Ryzen75800H 16GB 1TB SSD RTX 3050Ti 4GB WIN 11,"","",1.0,UNIT,15790000.0,0.00 %,"",0.0,15790000.0,15790000.0,0.0,"",0.0,0.0,"","","","",0.0,0.0
27/05/2023,Faktur Pembelian,JL.2305.08725,CANDRA (BLESSING),Lunas,"",34910000.0,0.0,10/06/2023,34910000.0,0.0,34910000.0,"","","","",RAHMAT,"",ASUS ZENBOOK FLIP UN5401QA - OLEDS913 AMD RYZEN 9 5900HX 16GB 1TB SSD WIN 11,"","",1.0,UNIT,16570000.0,0.00 %,"",0.0,16570000.0,16570000.0,0.0,"",0.0,0.0,"","","","",0.0,0.0
27/05/2023,Faktur Pembelian,JL.2305.08725,CANDRA (BLESSING),Lunas,"",34910000.0,0.0,10/06/2023,34910000.0,0.0,34910000.0,"","","","",RAHMAT,"",SSD EXTERNAL SANDISK PORTABLE 1TB,"","",2.0,PCS,1275000.0,0.00 %,"",0.0,2550000.0,2550000.0,0.0,"",0.0,0.0,"","","","",0.0,0.0
27/05/2023,Faktur Pembelian,14379,FIKTIF BELI,Lunas,"",150000.0,0.0,26/06/2023,150000.0,0.0,150000.0,"","","","","","",SODIMM KINGSTONE DDR4 4GB PC3200,"","",1.0,PCS,150000.0,0.00 %,"",0.0,150000.0,150000.0,0.0,"",0.0,0.0,"","","","",0.0,0.0
27/05/2023,Faktur Pembelian,05202381741,AGUS (DORAN),Lunas,"",5940000.0,0.0,26/06/2023,5940000.0,0.0,5940000.0,"",SURABAYA,"","","","",TPLINK ROUTER TL WR840N,"","",40.0,PCS,148500.0,0.00 %,"",0.0,5940000.0,5940000.0,0.0,"",0.0,0.0,"","","","",0.0,0.0
27/05/2023,Faktur Pembelian,05202397527,AGUS (DORAN),Lunas,CASH ,690000.0,0.0,26/06/2023,690000.0,0.0,690000.0,"",SURABAYA,"","","","",CAM CCTV EZVIZ OUTDOOR H8C #,"","",1.0,UNIT,690000.0,0.00 %,"",0.0,690000.0,690000.0,0.0,"",0.0,0.0,"","","","",0.0,0.0
27/05/2023,Faktur Pembelian,05202397548,AGUS (DORAN),Lunas,ANGKING TINA ,660000.0,0.0,26/06/2023,660000.0,0.0,660000.0,"",SURABAYA,"","","","",CAM CCTV EZVIZ C6N #,"","",2.0,UNIT,330000.0,0.00 %,"",0.0,660000.0,660000.0,0.0,"",0.0,0.0,"","","","",0.0,0.0
27/05/2023,Faktur Pembelian,14380,FIKTIF BELI,Lunas,"",720000.0,0.0,26/06/2023,720000.0,0.0,720000.0,"","","","","","",KABEL CCTV PERMETER,"","",300.0,METER,2400.0,0.00 %,"",0.0,720000.0,720000.0,0.0,"",0.0,0.0,"","","","",0.0,0.0
27/05/2023,Faktur Pembelian,00639663_036,PRIYO (K GALAXY),Lunas,"",4625000.0,0.0,26/06/2023,4625000.0,0.0,4625000.0,"","","","","","","LED LG 18,5 19M38A","","",5.0,UNIT,925000.0,0.00 %,"",0.0,4625000.0,4625000.0,0.0,"",0.0,0.0,"","","","",0.0,0.0
27/05/2023,Faktur Pembelian,05202395925,AGUS (DORAN),Lunas,BAYAR,5580000.0,0.0,26/06/2023,5580000.0,0.0,5580000.0,"",SURABAYA,"","","","",PRINTER CANON G2010,"","",3.0,UNIT,1860000.0,0.00 %,"",0.0,5580000.0,5580000.0,0.0,"",0.0,0.0,"","","","",0.0,0.0
29/05/2023,Faktur Pembelian,JL.2305.08969,CANDRA (BLESSING),Lunas,"",6320000.0,0.0,12/06/2023,6320000.0,0.0,6320000.0,"","","","",RAHMAT,"",HP 14 I3 - N305 8GB 512GB SSD WIN 11,"","",1.0,UNIT,6320000.0,0.00 %,"",0.0,6320000.0,6320000.0,0.0,"",0.0,0.0,"","","","",0.0,0.0
29/05/2023,Faktur Pembelian,JL.2305.08900,CANDRA (BLESSING),Lunas,"",690000.0,0.0,12/06/2023,690000.0,0.0,690000.0,"","","","",RAHMAT,"",SODIMM KINGSTONE DDR4 FURY 8GB PC 3200,"","",2.0,PCS,345000.0,0.00 %,"",0.0,690000.0,690000.0,0.0,"",0.0,0.0,"","","","",0.0,0.0
29/05/2023,Faktur Pembelian,JL.2305.08961,CANDRA (BLESSING),Lunas,"",14925000.0,0.0,12/06/2023,14925000.0,0.0,14925000.0,"","","","",RAHMAT,"",AIO ASUS V222GAK INTEL J4025 4GB 256GB SSD #,"","",3.0,UNIT,4975000.0,0.00 %,"",0.0,14925000.0,14925000.0,0.0,"",0.0,0.0,"","","","",0.0,0.0
29/05/2023,Faktur Pembelian,JL.2305.09020,CANDRA (BLESSING),Lunas,"",17080000.000001,0.0,12/06/2023,15387387.387388,1692612.612613,17080000.000001,"","","","",CV TIGA NUSA,"","* ASUS A416MAO INTEL N4020 4GB 256GB SSD 14""","","",4.0,UNIT,3846846.846847,0.00 %,11.0,1692612.6126126799999830738738738732,15387387.387388,15387387.387388,0.0,"",0.0,0.0,"","","","",0.0,0.0
29/05/2023,Faktur Pembelian,14382,CV SARANA DUTA SOLUSINDO,Lunas,"",5480000.0,0.0,28/06/2023,5480000.0,0.0,5480000.0,"","","","","","",KABEL CCTV RG 59 + POWER ULTIMATE,"","",8.0,DUS,685000.0,0.00 %,"",0.0,5480000.0,5480000.0,0.0,"",0.0,0.0,"","","","",0.0,0.0
29/05/2023,Faktur Pembelian,JL.2305.09118,CANDRA (BLESSING),Lunas,"",5760000.0,0.0,12/06/2023,5760000.0,0.0,5760000.0,"","","","",RAHMAT,"",KABEL CCTV RG 59 + POWER SPECTRA,"","",8.0,DUS,720000.0,0.00 %,"",0.0,5760000.0,5760000.0,0.0,"",0.0,0.0,"","","","",0.0,0.0
29/05/2023,Faktur Pembelian,JL.2305.09164,CANDRA (BLESSING),Lunas,"",18600000.000001,0.0,12/06/2023,16756756.756758,1843243.243243,18600000.000001,"","","","",CV TIGA NUSA,"",* ACER 3 A314 36M Ci3-N305 / 8GB / 512GB SSD WIN 11,"","",3.0,UNIT,5585585.585586,0.00 %,11.0,1843243.2432433799999815675675675662,16756756.756758,16756756.756758,0.0,"",0.0,0.0,"","","","",0.0,0.0
29/05/2023,Faktur Pembelian,PJL-23-05-00648,PT. Surya Makmur Kreasindo (HJ),Lunas,"",40124999.99999,0.0,12/06/2023,36148648.64864,3976351.35135,40124999.99999,"",SURABAYA,"","",CV TIGA NUSA,"",* PRINTER EPSON L121,"","",5.0,UNIT,1459459.459459,0.00 %,11.0,802702.7027024499999919729729729755,7297297.297295,7297297.297295,0.0,"",0.0,0.0,PT. Surya Makmur Kreasindo,"",081515111951,"",0.0,0.0
29/05/2023,Faktur Pembelian,PJL-23-05-00648,PT. Surya Makmur Kreasindo (HJ),Lunas,"",40124999.99999,0.0,12/06/2023,36148648.64864,3976351.35135,40124999.99999,"",SURABAYA,"","",CV TIGA NUSA,"",* PRINTER EPSON L3210,"","",15.0,UNIT,1923423.423423,0.00 %,11.0,3173648.6486479499999682635135135205,28851351.351345,28851351.351345,0.0,"",0.0,0.0,PT. Surya Makmur Kreasindo,"",081515111951,"",0.0,0.0
29/05/2023,Faktur Pembelian,ACJ01/01/FP/2305/BI00019,PT. ANGKASA CERAH JAYA,Lunas,PAKE UANG LINDA LUNAS,26200000.0,0.0,12/06/2023,23603603.603604,2596396.396396,26200000.0,"",SURABAYA,"","",CV TIGA NUSA,"","* ACER 5 A514 - 54G - 32GJ Ci3-1115G4 8GB 512GB SSD MX 350 2GB WIN 11 14""","","",4.0,UNIT,5900900.900901,0.00 %,11.0,2596396.3963964399999740360360360356,23603603.603604,23603603.603604,0.0,"",0.0,0.0,PT. ANGKASA CERAH JAYA,"",0815 5395 1313,"",0.0,0.0
29/05/2023,Faktur Pembelian,ACJ01/01/FP/2305/BI00021,PT. ANGKASA CERAH JAYA,Lunas,"",11300000.0,0.0,12/06/2023,10180180.18018,1119819.81982,11300000.0,"",SURABAYA,"","",CV TIGA NUSA,"",* ACER SPIN 3 ACTIVE SP313 Ci5-1135G7 8GB 512GB SSD INTEL IRIS XE WIN 11,"","",1.0,UNIT,10180180.18018,0.00 %,11.0,1119819.819819799999988801801801802,10180180.18018,10180180.18018,0.0,"",0.0,0.0,PT. ANGKASA CERAH JAYA,"",0815 5395 1313,"",0.0,0.0
29/05/2023,Faktur Pembelian,14384,FIKTIF BELI,Lunas,"",1252000.0,0.0,28/06/2023,1252000.0,0.0,1252000.0,"","","","","","",ISOLUTION X105 (ABSEN SIDIK JARI),"","",1.0,PCS,1252000.0,0.00 %,"",0.0,1252000.0,1252000.0,0.0,"",0.0,0.0,"","","","",0.0,0.0
29/05/2023,Faktur Pembelian,14385,Karina Plustek,Lunas,"",3861000.0,0.0,28/06/2023,3478378.378378,382621.621622,3861000.0,"","","","",CV TIGA NUSA,"",* SCANNER PLUSTEK SMART OFFICE PS 283,"","",1.0,UNIT,3478378.378378,0.00 %,11.0,382621.6216215799999961737837837842,3478378.378378,3478378.378378,0.0,"",0.0,0.0,"","","",081703079329,0.0,0.0
29/05/2023,Faktur Pembelian,14386,FIKTIF BELI,Lunas,"",390000.0,0.0,28/06/2023,390000.0,0.0,390000.0,"","","","","","",CATRIDGE 811 COPOTAN,"","",1.0,PCS,195000.0,0.00 %,"",0.0,195000.0,195000.0,0.0,"",0.0,0.0,"","","","",0.0,0.0
29/05/2023,Faktur Pembelian,14386,FIKTIF BELI,Lunas,"",390000.0,0.0,28/06/2023,390000.0,0.0,390000.0,"","","","","","",CATRIDGE 810 COPOTAN,"","",1.0,PCS,195000.0,0.00 %,"",0.0,195000.0,195000.0,0.0,"",0.0,0.0,"","","","",0.0,0.0
29/05/2023,Faktur Pembelian,14387,FIKTIF BELI,Lunas,"",150000.0,0.0,28/06/2023,150000.0,0.0,150000.0,"","","","","","",TINTA CANON ORI GI 71 BLACK NON PACK,"","",1.0,PCS,60000.0,0.00 %,"",0.0,60000.0,60000.0,0.0,"",0.0,0.0,"","","","",0.0,0.0
29/05/2023,Faktur Pembelian,14387,FIKTIF BELI,Lunas,"",150000.0,0.0,28/06/2023,150000.0,0.0,150000.0,"","","","","","",TINTA CANON ORI GI 71 MAGENTA NON PACK,"","",1.0,PCS,30000.0,0.00 %,"",0.0,30000.0,30000.0,0.0,"",0.0,0.0,"","","","",0.0,0.0
29/05/2023,Faktur Pembelian,14387,FIKTIF BELI,Lunas,"",150000.0,0.0,28/06/2023,150000.0,0.0,150000.0,"","","","","","",TINTA CANON ORI GI 71 YELLOW NON PACK,"","",1.0,PCS,30000.0,0.00 %,"",0.0,30000.0,30000.0,0.0,"",0.0,0.0,"","","","",0.0,0.0
29/05/2023,Faktur Pembelian,14387,FIKTIF BELI,Lunas,"",150000.0,0.0,28/06/2023,150000.0,0.0,150000.0,"","","","","","",TINTA CANON ORI GI 71 CYAN NON PACK,"","",1.0,PCS,30000.0,0.00 %,"",0.0,30000.0,30000.0,0.0,"",0.0,0.0,"","","","",0.0,0.0
29/05/2023,Faktur Pembelian,001495,LILI (PLATINUM),Lunas,"",930000.0,930000.0,28/06/2023,930000.0,0.0,0.0,"","","","","","",BATERAI ACER ES1 432 AS16A8K / AS16A5K,"","",2.0,PCS,310000.0,0.00 %,"",0.0,620000.0,620000.0,0.0,"",0.0,0.0,"","","","",0.0,0.0
29/05/2023,Faktur Pembelian,001495,LILI (PLATINUM),Lunas,"",930000.0,930000.0,28/06/2023,930000.0,0.0,0.0,"","","","","","",BATERAI ACER E5 471 (AL14A32),"","",1.0,PCS,310000.0,0.00 %,"",0.0,310000.0,310000.0,0.0,"",0.0,0.0,"","","","",0.0,0.0
30/05/2023,Faktur Pembelian,JL.2305.09424,CANDRA (BLESSING),Lunas,PAKE UANG LINDA LUNAS ,32205000.0,0.0,13/06/2023,32205000.0,0.0,32205000.0,"","","","",RAHMAT,"",AIO ASUS V222FAK CI3 10110U 4GB 256 WIN 11,"","",2.0,UNIT,6845000.0,0.00 %,"",0.0,13690000.0,13690000.0,0.0,"",0.0,0.0,"","","","",0.0,0.0
30/05/2023,Faktur Pembelian,JL.2305.09424,CANDRA (BLESSING),Lunas,PAKE UANG LINDA LUNAS ,32205000.0,0.0,13/06/2023,32205000.0,0.0,32205000.0,"","","","",RAHMAT,"",LENOVO YOGA SLIM 7 PRO Ci7-12700H 16GB 1TB SSD RTX 2050 4GB WIN 11,"","",1.0,UNIT,18515000.0,0.00 %,"",0.0,18515000.0,18515000.0,0.0,"",0.0,0.0,"","","","",0.0,0.0
30/05/2023,Faktur Pembelian,14388,DARMA DJ COMP,Lunas,"",19375000.0,0.0,29/06/2023,19375000.0,0.0,19375000.0,"","","","","","",ASUS BR1100CKA INTEL N4500 4GB 128GB eMMC WIN 11,"","",3.0,UNIT,3325000.0,0.00 %,"",0.0,9975000.0,9975000.0,0.0,"",0.0,0.0,"","","",087876835295,0.0,0.0
30/05/2023,Faktur Pembelian,14388,DARMA DJ COMP,Lunas,"",19375000.0,0.0,29/06/2023,19375000.0,0.0,19375000.0,"","","","","","",ACER A314 35 N5100 8GB SSD 256GB,"","",2.0,UNIT,4700000.0,0.00 %,"",0.0,9400000.0,9400000.0,0.0,"",0.0,0.0,"","","",087876835295,0.0,0.0
30/05/2023,Faktur Pembelian,JL.2305.09610,CANDRA (BLESSING),Lunas,"",12400000.000001,0.0,13/06/2023,11171171.171172,1228828.828829,12400000.000001,"","","","",CV TIGA NUSA,"",* ACER 3 A314 36M Ci3-N305 / 8GB / 512GB SSD WIN 11,"","",2.0,UNIT,5585585.585586,0.00 %,11.0,1228828.8288289199999877117117117108,11171171.171172,11171171.171172,0.0,"",0.0,0.0,"","","","",0.0,0.0
30/05/2023,Faktur Pembelian,JL.2305.09658,CANDRA (BLESSING),Lunas,"",6020000.0,0.0,13/06/2023,6020000.0,0.0,6020000.0,"","","","",AGUS,"",ASUS A1400EA CI3-1115G4 4GB 256GB SSD WIN 11,"","",1.0,UNIT,6020000.0,0.00 %,"",0.0,6020000.0,6020000.0,0.0,"",0.0,0.0,"","","","",0.0,0.0
30/05/2023,Faktur Pembelian,JL.2305.09721,CANDRA (BLESSING),Lunas,"",8685000.0,0.0,13/06/2023,8685000.0,0.0,8685000.0,"","","","",RAHMAT,"",LED SAMSUNG LS22A336NHEXXD 22FHD VGA+HDMI,"","",1.0,UNIT,1240000.0,0.00 %,"",0.0,1240000.0,1240000.0,0.0,"",0.0,0.0,"","","","",0.0,0.0
30/05/2023,Faktur Pembelian,JL.2305.09721,CANDRA (BLESSING),Lunas,"",8685000.0,0.0,13/06/2023,8685000.0,0.0,8685000.0,"","","","",RAHMAT,"",AIO ASUS V222FAK CI3 10110U 4GB 256 WIN 11,"","",1.0,UNIT,6845000.0,0.00 %,"",0.0,6845000.0,6845000.0,0.0,"",0.0,0.0,"","","","",0.0,0.0
30/05/2023,Faktur Pembelian,JL.2305.09721,CANDRA (BLESSING),Lunas,"",8685000.0,0.0,13/06/2023,8685000.0,0.0,8685000.0,"","","","",RAHMAT,"",FAN CASING PC RGB COOLER FX-120-3 120MM 3 PIN FIXED COLOR,"","",10.0,PCS,35000.0,0.00 %,"",0.0,350000.0,350000.0,0.0,"",0.0,0.0,"","","","",0.0,0.0
30/05/2023,Faktur Pembelian,JL.2305.09721,CANDRA (BLESSING),Lunas,"",8685000.0,0.0,13/06/2023,8685000.0,0.0,8685000.0,"","","","",RAHMAT,"",FAN PROC COOLER MASTER 170C LGA 1700 ARGB,"","",1.0,PCS,250000.0,0.00 %,"",0.0,250000.0,250000.0,0.0,"",0.0,0.0,"","","","",0.0,0.0
30/05/2023,Faktur Pembelian,14390,GLOBAL FIBER OPTIC,Lunas,"",7500000.0,0.0,29/06/2023,7500000.0,0.0,7500000.0,"","","","","","",KABEL FIBER OPTIK GLOBAL 1KM 1000M CORE 3 SELING SPECIAL TYPE,"","",10.0,DUS,750000.0,0.00 %,"",0.0,7500000.0,7500000.0,0.0,"",0.0,0.0,"","","","",0.0,0.0
30/05/2023,Faktur Pembelian,14391,GLOBAL FIBER OPTIC,Lunas,"",1450000.0,0.0,29/06/2023,1450000.0,0.0,1450000.0,"","","","","","",KABEL FIBER OPTIK GLOBAL 1KM 1000M CORE 3 SELING NON DUS,"","",2.0,DUS,725000.0,0.00 %,"",0.0,1450000.0,1450000.0,0.0,"",0.0,0.0,"","","","",0.0,0.0
30/05/2023,Faktur Pembelian,14392,ATM SURABAYA,Lunas,"",6627000.0,0.0,29/06/2023,6627000.0,0.0,6627000.0,"","","","","","",CAMERA CANON EOS 3000D 18-55MM III RSM,"","",1.0,UNIT,6627000.0,0.00 %,"",0.0,6627000.0,6627000.0,0.0,"",0.0,0.0,"","","","",0.0,0.0
30/05/2023,Faktur Pembelian,KARMEN / INV/2023/63104,WULAN (DISCOUNT NOTEBOOK),Lunas,"",910000.000005,0.0,29/06/2023,910000.000005,0.0,910000.000005,"","","","","","",KEYBOARD LAPTOP ASUS X441 (BLACK),"","",15.0,PCS,60666.666667,0.00 %,"",0.0,910000.000005,910000.000005,0.0,"",0.0,0.0,"","","","",0.0,0.0
30/05/2023,Faktur Pembelian,001498,LILI (PLATINUM),Lunas,"",910000.0,910000.0,29/06/2023,910000.0,0.0,0.0,"","","","","","",BATERAI ACER AL12B32 SLIM,"","",2.0,PCS,320000.0,0.00 %,"",0.0,640000.0,640000.0,0.0,"",0.0,0.0,"","","","",0.0,0.0
30/05/2023,Faktur Pembelian,001498,LILI (PLATINUM),Lunas,"",910000.0,910000.0,29/06/2023,910000.0,0.0,0.0,"","","","","","",KEYBOARD LENOVO V15 INCS ADA TOMBOL ENTER BAGI 2,"","",3.0,PCS,90000.0,0.00 %,"",0.0,270000.0,270000.0,0.0,"",0.0,0.0,"","","","",0.0,0.0
30/05/2023,Faktur Pembelian,JL5523051313,YULI (HP CENTRE),Lunas,DOUBLE TRANSFER,27573000.0,0.0,29/06/2023,27573000.0,0.0,27573000.0,"","","","",RAHMAT,"",ACER A514 - 55 - 537X CI5 - 1235U 8GB 512GB SSD WIN 11,"","",3.0,UNIT,9191000.0,0.00 %,"",0.0,27573000.0,27573000.0,0.0,"",0.0,0.0,"","","","",0.0,0.0
31/05/2023,Faktur Pembelian,JL.2305.09776,CANDRA (BLESSING),Lunas,"",9535000.0,0.0,14/06/2023,9535000.0,0.0,9535000.0,"","","","",RAHMAT,"",AIO LENOVO IDEACENTRE 3 CI5 - 12450H 8GB 512GB SSD INTEL IRIS XE,"","",1.0,UNIT,9535000.0,0.00 %,"",0.0,9535000.0,9535000.0,0.0,"",0.0,0.0,"","","","",0.0,0.0
31/05/2023,Faktur Pembelian,JL.2305.09850,CANDRA (BLESSING),Lunas,"",309000.0,0.0,14/06/2023,309000.0,0.0,309000.0,"","","","",RAHMAT,"",CATRIDGE CANON 745 BLACK S,"","",3.0,PCS,103000.0,0.00 %,"",0.0,309000.0,309000.0,0.0,"",0.0,0.0,"","","","",0.0,0.0
31/05/2023,Faktur Pembelian,JL.2305.09841,CANDRA (BLESSING),Lunas,"",21450000.0,0.0,14/06/2023,21450000.0,0.0,21450000.0,"","","","",RAHMAT,"",ASUS A416MAO INTEL N4020 4GB 256GB SSD #,"","",5.0,UNIT,4290000.0,0.00 %,"",0.0,21450000.0,21450000.0,0.0,"",0.0,0.0,"","","","",0.0,0.0
31/05/2023,Faktur Pembelian,jl.2305.09876,CANDRA (BLESSING),Lunas,"",19420000.0,0.0,14/06/2023,19420000.0,0.0,19420000.0,"","","","",AGUS,"",HDD EXTERNAL TOSHIBA BASIC 1 TB,"","",5.0,PCS,640000.0,0.00 %,"",0.0,3200000.0,3200000.0,0.0,"",0.0,0.0,"","","","",0.0,0.0
31/05/2023,Faktur Pembelian,jl.2305.09876,CANDRA (BLESSING),Lunas,"",19420000.0,0.0,14/06/2023,19420000.0,0.0,19420000.0,"","","","",AGUS,"","HDD EXTERNAL 2TB  SEAGATE 2,5""","","",1.0,PCS,1020000.0,0.00 %,"",0.0,1020000.0,1020000.0,0.0,"",0.0,0.0,"","","","",0.0,0.0
31/05/2023,Faktur Pembelian,jl.2305.09876,CANDRA (BLESSING),Lunas,"",19420000.0,0.0,14/06/2023,19420000.0,0.0,19420000.0,"","","","",AGUS,"",HDD EXTERNAL SEAGATE EXPANSION 1TB #,"","",5.0,PCS,690000.0,0.00 %,"",0.0,3450000.0,3450000.0,0.0,"",0.0,0.0,"","","","",0.0,0.0
31/05/2023,Faktur Pembelian,jl.2305.09876,CANDRA (BLESSING),Lunas,"",19420000.0,0.0,14/06/2023,19420000.0,0.0,19420000.0,"","","","",AGUS,"",ASUS A1400EA FHD I3 - 1115G4 4GB 256GB SSD WIN 11,"","",2.0,UNIT,5875000.0,0.00 %,"",0.0,11750000.0,11750000.0,0.0,"",0.0,0.0,"","","","",0.0,0.0
31/05/2023,Faktur Pembelian,14393,FIKTIF BELI,Lunas,"",249999.999999,0.0,30/06/2023,249999.999999,0.0,249999.999999,"","","","","","",ONGKIR JNE,"","",3.0,JASA,83333.333333,0.00 %,"",0.0,249999.999999,249999.999999,0.0,"",0.0,0.0,"","","","",0.0,0.0
31/05/2023,Faktur Pembelian,14394,FIKTIF BELI,Lunas,"",104000.0,0.0,30/06/2023,104000.0,0.0,104000.0,"","","","","","",RJ45 COMMSCOPE,"","",50.0,BIJI,2080.0,0.00 %,"",0.0,104000.0,104000.0,0.0,"",0.0,0.0,"","","","",0.0,0.0
31/05/2023,Faktur Pembelian,2302726,WAHANA,Lunas,"",29400000.0,0.0,30/06/2023,29400000.0,0.0,29400000.0,"","","","","","",ASUS A416J I3 1005G1 8GB SSD 256GB WIN 11,"","",5.0,UNIT,5880000.0,0.00 %,"",0.0,29400000.0,29400000.0,0.0,"",0.0,0.0,"","","","",0.0,0.0
31/05/2023,Faktur Pembelian,JL5523051345,YULI (HP CENTRE),Lunas,"",10500000.0,0.0,30/06/2023,10500000.0,0.0,10500000.0,"","","","",RAHMAT,"",BLUEPRINT CATRIDGE TONER HP 285A,"","",30.0,PCS,350000.0,0.00 %,"",0.0,10500000.0,10500000.0,0.0,"",0.0,0.0,"","","","",0.0,0.0
31/05/2023,Faktur Pembelian,JL5523051357,YULI (HP CENTRE),Lunas,"",21250000.0,0.0,30/06/2023,21250000.0,0.0,21250000.0,"","","","",AGUS,"",ASUS A416MAO INTEL N4020 4GB 256GB SSD #,"","",5.0,UNIT,4250000.0,0.00 %,"",0.0,21250000.0,21250000.0,0.0,"",0.0,0.0,"","","","",0.0,0.0
31/05/2023,Faktur Pembelian,001499,LILI (PLATINUM),Lunas,"",10340000.0,10340000.0,30/06/2023,10340000.0,0.0,0.0,"","","","","","",HDMI SPLITER 4 PORT,"","",20.0,PCS,80000.0,0.00 %,"",0.0,1600000.0,1600000.0,0.0,"",0.0,0.0,"","","","",0.0,0.0
31/05/2023,Faktur Pembelian,001499,LILI (PLATINUM),Lunas,"",10340000.0,10340000.0,30/06/2023,10340000.0,0.0,0.0,"","","","","","","CASING HDD 3,5","","",10.0,PCS,120000.0,0.00 %,"",0.0,1200000.0,1200000.0,0.0,"",0.0,0.0,"","","","",0.0,0.0
31/05/2023,Faktur Pembelian,001499,LILI (PLATINUM),Lunas,"",10340000.0,10340000.0,30/06/2023,10340000.0,0.0,0.0,"","","","","","",COOLINGPAD KEPITING,"","",100.0,PCS,22000.0,0.00 %,"",0.0,2200000.0,2200000.0,0.0,"",0.0,0.0,"","","","",0.0,0.0
31/05/2023,Faktur Pembelian,001499,LILI (PLATINUM),Lunas,"",10340000.0,10340000.0,30/06/2023,10340000.0,0.0,0.0,"","","","","","",ADAPTOR LENOVO USB 20V - 3.25A #,"","",22.0,PCS,80000.0,0.00 %,"",0.0,1760000.0,1760000.0,0.0,"",0.0,0.0,"","","","",0.0,0.0
31/05/2023,Faktur Pembelian,001499,LILI (PLATINUM),Lunas,"",10340000.0,10340000.0,30/06/2023,10340000.0,0.0,0.0,"","","","","","",CLEANER LCD 3 IN 1,"","",50.0,PCS,6500.0,0.00 %,"",0.0,325000.0,325000.0,0.0,"",0.0,0.0,"","","","",0.0,0.0
31/05/2023,Faktur Pembelian,001499,LILI (PLATINUM),Lunas,"",10340000.0,10340000.0,30/06/2023,10340000.0,0.0,0.0,"","","","","","",ADAPTOR UNIVERSAL,"","",30.0,PCS,59000.0,0.00 %,"",0.0,1770000.0,1770000.0,0.0,"",0.0,0.0,"","","","",0.0,0.0
31/05/2023,Faktur Pembelian,001499,LILI (PLATINUM),Lunas,"",10340000.0,10340000.0,30/06/2023,10340000.0,0.0,0.0,"","","","","","",BATERAI LENOVO LI6L2PB3,"","",1.0,PCS,400000.0,0.00 %,"",0.0,400000.0,400000.0,0.0,"",0.0,0.0,"","","","",0.0,0.0
31/05/2023,Faktur Pembelian,001499,LILI (PLATINUM),Lunas,"",10340000.0,10340000.0,30/06/2023,10340000.0,0.0,0.0,"","","","","","",BATERAI ACER E5 471 (AL14A32),"","",1.0,PCS,310000.0,0.00 %,"",0.0,310000.0,310000.0,0.0,"",0.0,0.0,"","","","",0.0,0.0
31/05/2023,Faktur Pembelian,001499,LILI (PLATINUM),Lunas,"",10340000.0,10340000.0,30/06/2023,10340000.0,0.0,0.0,"","","","","","",KABEL HDMI 15 METER 4K,"","",5.0,PCS,155000.0,0.00 %,"",0.0,775000.0,775000.0,0.0,"",0.0,0.0,"","","","",0.0,0.0
31/05/2023,Faktur Pembelian,NJL-EX1/310523/004,PT. INDO WARNA MULIA ( ALFA INK ),Lunas,"",7788750.0,7788750.0,30/07/2023,7788750.0,0.0,0.0,"","","","","","",ALFA INK TONER BROTHER 500 GRAM,"","",50.0,PCS,155775.0,0.00 %,"",0.0,7788750.0,7788750.0,0.0,"",0.0,0.0,"","","","",0.0,0.0
01/06/2023,Faktur Pembelian,14395,FIKTIF BELI,Lunas,"",646000.0,0.0,01/07/2023,646000.0,0.0,646000.0,"","","","","","",KERTAS FOTO ALFA INK RC SILKY,"","",17.0,PCS,38000.0,0.00 %,"",0.0,646000.0,646000.0,0.0,"",0.0,0.0,"","","","",0.0,0.0
01/06/2023,Faktur Pembelian,14396,PT TERA DATA INDONUSA,Lunas,"",200000.0,0.0,01/07/2023,180180.18018,19819.81982,200000.0,"","","","",CV TIGA NUSA,"",* KEYBOARD AXIOO MY BOOK 14F,"","",1.0,PCS,180180.18018,0.00 %,11.0,19819.819819799999999801801801802,180180.18018,180180.18018,0.0,"",0.0,0.0,"","","","",0.0,0.0
01/06/2023,Faktur Pembelian,14397,FIKTIF BELI,Lunas,"",440000.0,0.0,01/07/2023,440000.0,0.0,440000.0,"","","","","","",KEYBOARD MULTIMEDIA BANDA BW 09,"","",10.0,PCS,44000.0,0.00 %,"",0.0,440000.0,440000.0,0.0,"",0.0,0.0,"","","","",0.0,0.0
01/06/2023,Faktur Pembelian,JL.2306.00208,CANDRA (BLESSING),Lunas,"",15030000.0,0.0,15/06/2023,15030000.0,0.0,15030000.0,"","","","",AGUS,"","AXIOO 14F N4020/4GB/256GB SSD/13.3""","","",3.0,UNIT,2680000.0,0.00 %,"",0.0,8040000.0,8040000.0,0.0,"",0.0,0.0,"","","","",0.0,0.0
01/06/2023,Faktur Pembelian,JL.2306.00208,CANDRA (BLESSING),Lunas,"",15030000.0,0.0,15/06/2023,15030000.0,0.0,15030000.0,"","","","",AGUS,"","AXIOO 11G N4000/4GB/256GB SSD/11,6""","","",3.0,UNIT,2330000.0,0.00 %,"",0.0,6990000.0,6990000.0,0.0,"",0.0,0.0,"","","","",0.0,0.0
02/06/2023,Faktur Pembelian,14398,CV. MITRA TEGUH DISTRIBUSI,Lunas,EPRINT MATARAM,2293200.0,0.0,02/07/2023,2293200.0,0.0,2293200.0,"","","","","","",REFILL PITA PRINTER EPRINT 8758,"","",280.0,PCS,8190.0,0.00 %,"",0.0,2293200.0,2293200.0,0.0,"",0.0,0.0,"","","","",0.0,0.0
02/06/2023,Faktur Pembelian,14399,FIKTIF BELI,Lunas,"",1599999.999895,0.0,02/07/2023,1599999.999895,0.0,1599999.999895,"","","","","","",KABEL LAN BELDEN / COMSCAPE CAT 5 PERMETER,"","",305.0,METER,5245.901639,0.00 %,"",0.0,1599999.999895,1599999.999895,0.0,"",0.0,0.0,"","","","",0.0,0.0
02/06/2023,Faktur Pembelian,JL0000025879,IP COM TOKO,Lunas,"",6190000.0,0.0,02/07/2023,6190000.0,0.0,6190000.0,"","","","","","",CONVERTER HDMI TO VGA (KABEL),"","",50.0,PCS,17500.0,0.00 %,"",0.0,875000.0,875000.0,0.0,"",0.0,0.0,"","","","",0.0,0.0
02/06/2023,Faktur Pembelian,JL0000025879,IP COM TOKO,Lunas,"",6190000.0,0.0,02/07/2023,6190000.0,0.0,6190000.0,"","","","","","",SWITCH PRINTER 4 PORT,"","",4.0,PCS,39000.0,0.00 %,"",0.0,156000.0,156000.0,0.0,"",0.0,0.0,"","","","",0.0,0.0
02/06/2023,Faktur Pembelian,JL0000025879,IP COM TOKO,Lunas,"",6190000.0,0.0,02/07/2023,6190000.0,0.0,6190000.0,"","","","","","",SWITCH PRINTER 1 - 4 AUTO,"","",2.0,UNIT,130000.0,0.00 %,"",0.0,260000.0,260000.0,0.0,"",0.0,0.0,"","","","",0.0,0.0
02/06/2023,Faktur Pembelian,JL0000025879,IP COM TOKO,Lunas,"",6190000.0,0.0,02/07/2023,6190000.0,0.0,6190000.0,"","","","","","",USB LAN 3.0 GIGABIT,"","",30.0,PCS,51000.0,0.00 %,"",0.0,1530000.0,1530000.0,0.0,"",0.0,0.0,"","","","",0.0,0.0
02/06/2023,Faktur Pembelian,JL0000025879,IP COM TOKO,Lunas,"",6190000.0,0.0,02/07/2023,6190000.0,0.0,6190000.0,"","","","","","",USB LAN TYPE C 3.0 GIGABIT,"","",2.0,PCS,55000.0,0.00 %,"",0.0,110000.0,110000.0,0.0,"",0.0,0.0,"","","","",0.0,0.0
02/06/2023,Faktur Pembelian,JL0000025879,IP COM TOKO,Lunas,"",6190000.0,0.0,02/07/2023,6190000.0,0.0,6190000.0,"","","","","","",HUB USB 3.0 TYPE C 3 PORT + MICRO SD,"","",3.0,PCS,47000.0,0.00 %,"",0.0,141000.0,141000.0,0.0,"",0.0,0.0,"","","","",0.0,0.0
02/06/2023,Faktur Pembelian,JL0000025879,IP COM TOKO,Lunas,"",6190000.0,0.0,02/07/2023,6190000.0,0.0,6190000.0,"","","","","","",HUB USB TYPE C 4 PORT,"","",3.0,PCS,37000.0,0.00 %,"",0.0,111000.0,111000.0,0.0,"",0.0,0.0,"","","","",0.0,0.0
02/06/2023,Faktur Pembelian,JL0000025879,IP COM TOKO,Lunas,"",6190000.0,0.0,02/07/2023,6190000.0,0.0,6190000.0,"","","","","","",HDMI EXTENDER RJ45 LAN,"","",3.0,PCS,34000.0,0.00 %,"",0.0,102000.0,102000.0,0.0,"",0.0,0.0,"","","","",0.0,0.0
02/06/2023,Faktur Pembelian,JL0000025879,IP COM TOKO,Lunas,"",6190000.0,0.0,02/07/2023,6190000.0,0.0,6190000.0,"","","","","","",CONVERTER VGA HDMI AUDIO MR,"","",30.0,PCS,30000.0,0.00 %,"",0.0,900000.0,900000.0,0.0,"",0.0,0.0,"","","","",0.0,0.0
02/06/2023,Faktur Pembelian,JL0000025879,IP COM TOKO,Lunas,"",6190000.0,0.0,02/07/2023,6190000.0,0.0,6190000.0,"","","","","","",KABEL HDMI 10M 4K,"","",5.0,PCS,83000.0,0.00 %,"",0.0,415000.0,415000.0,0.0,"",0.0,0.0,"","","","",0.0,0.0
02/06/2023,Faktur Pembelian,JL0000025879,IP COM TOKO,Lunas,"",6190000.0,0.0,02/07/2023,6190000.0,0.0,6190000.0,"","","","","","",KABEL HDMI 15 METER 4K,"","",5.0,PCS,128000.0,0.00 %,"",0.0,640000.0,640000.0,0.0,"",0.0,0.0,"","","","",0.0,0.0
02/06/2023,Faktur Pembelian,JL0000025879,IP COM TOKO,Lunas,"",6190000.0,0.0,02/07/2023,6190000.0,0.0,6190000.0,"","","","","","",KABEL VGA 3 METER HQ,"","",19.0,PCS,50000.0,0.00 %,"",0.0,950000.0,950000.0,0.0,"",0.0,0.0,"","","","",0.0,0.0
02/06/2023,Faktur Pembelian,14401,IQ TRONIK,Lunas,"",10400000.0,0.0,02/07/2023,10400000.0,0.0,10400000.0,"","","","","","",KERTAS FOTO SPECTRA GLOSSY 260,"","",100.0,PCS,52000.0,0.00 %,"",0.0,5200000.0,5200000.0,0.0,"",0.0,0.0,"","","","",0.0,0.0
02/06/2023,Faktur Pembelian,14401,IQ TRONIK,Lunas,"",10400000.0,0.0,02/07/2023,10400000.0,0.0,10400000.0,"","","","","","",KERTAS FOTO SPECTRA SILKY 260,"","",100.0,PCS,52000.0,0.00 %,"",0.0,5200000.0,5200000.0,0.0,"",0.0,0.0,"","","","",0.0,0.0
02/06/2023,Faktur Pembelian,14402,IQ TRONIK,Lunas,"",10400000.0,0.0,02/07/2023,10400000.0,0.0,10400000.0,"","","","","","",KERTAS FOTO SPECTRA GLOSSY 260,"","",200.0,PCS,52000.0,0.00 %,"",0.0,10400000.0,10400000.0,0.0,"",0.0,0.0,"","","","",0.0,0.0
02/06/2023,Faktur Pembelian,14403,FIKTIF BELI,Lunas,"",57000.0,0.0,02/07/2023,57000.0,0.0,57000.0,"","","","","","",MERCUSYS MW150US N150 WIRLESS NANO USB ADAPTER,"","",1.0,PCS,57000.0,0.00 %,"",0.0,57000.0,57000.0,0.0,"",0.0,0.0,"","","","",0.0,0.0
02/06/2023,Faktur Pembelian,14404,FIKTIF BELI,Lunas,"",1040000.0,0.0,02/07/2023,1040000.0,0.0,1040000.0,"","","","","","",KERTAS FOTO SPECTRA SILKY 260,"","",20.0,PCS,52000.0,0.00 %,"",0.0,1040000.0,1040000.0,0.0,"",0.0,0.0,"","","","",0.0,0.0
02/06/2023,Faktur Pembelian,001502,LILI (PLATINUM),Lunas,"",1220000.0,1220000.0,02/07/2023,1220000.0,0.0,0.0,"","","","","","","LCD Laptop 15,6 SLIM 30PIN","","",2.0,PCS,610000.0,0.00 %,"",0.0,1220000.0,1220000.0,0.0,"",0.0,0.0,"","","","",0.0,0.0
02/06/2023,Faktur Pembelian,JL8823060001,YULI (HP CENTRE),Lunas,"",25250000.0,0.0,02/07/2023,25250000.0,0.0,25250000.0,"","","","","","","ACER 3 SLIM A314 - 35 INTEL N6000 4GB 256GB SSD 14""","","",5.0,UNIT,5050000.0,0.00 %,"",0.0,25250000.0,25250000.0,0.0,"",0.0,0.0,"","","","",0.0,0.0
02/06/2023,Faktur Pembelian,0620230942,AGUS (DORAN),Lunas,"",12640000.0,12640000.0,02/07/2023,12640000.0,0.0,0.0,"",SURABAYA,"","","","",TPLINK ROUTER TL WR840N,"","",20.0,PCS,148500.0,0.00 %,"",0.0,2970000.0,2970000.0,0.0,"",0.0,0.0,"","","","",0.0,0.0
02/06/2023,Faktur Pembelian,0620230942,AGUS (DORAN),Lunas,"",12640000.0,12640000.0,02/07/2023,12640000.0,0.0,0.0,"",SURABAYA,"","","","",USB WIFI TPLINK TL WN725N NANO SIZE,"","",30.0,PCS,75000.0,0.00 %,"",0.0,2250000.0,2250000.0,0.0,"",0.0,0.0,"","","","",0.0,0.0
02/06/2023,Faktur Pembelian,0620230942,AGUS (DORAN),Lunas,"",12640000.0,12640000.0,02/07/2023,12640000.0,0.0,0.0,"",SURABAYA,"","","","",LOGITECH MK 220 (WIRELESS KEYBOARD MOUSE),"","",16.0,SET,245000.0,0.00 %,"",0.0,3920000.0,3920000.0,0.0,"",0.0,0.0,"","","","",0.0,0.0
02/06/2023,Faktur Pembelian,0620230942,AGUS (DORAN),Lunas,"",12640000.0,12640000.0,02/07/2023,12640000.0,0.0,0.0,"",SURABAYA,"","","","",TPLINK TL-SF1016D SWITCH 16 PORT (HUB LAN 16 PORT),"","",3.0,PCS,250000.0,0.00 %,"",0.0,750000.0,750000.0,0.0,"",0.0,0.0,"","","","",0.0,0.0
02/06/2023,Faktur Pembelian,0620230942,AGUS (DORAN),Lunas,"",12640000.0,12640000.0,02/07/2023,12640000.0,0.0,0.0,"",SURABAYA,"","","","",TPLINK TL WR844N,"","",20.0,UNIT,137500.0,0.00 %,"",0.0,2750000.0,2750000.0,0.0,"",0.0,0.0,"","","","",0.0,0.0
02/06/2023,Faktur Pembelian,0620230944,AGUS (DORAN),Lunas,"",18000000.0,0.0,02/07/2023,18000000.0,0.0,18000000.0,"",SURABAYA,"","","","",TINTA EPSON 003 BLACK,"","",240.0,PCS,75000.0,0.00 %,"",0.0,18000000.0,18000000.0,0.0,"",0.0,0.0,"","","","",0.0,0.0
02/06/2023,Faktur Pembelian,NJL-EX1/020623/002,PT. INDO WARNA MULIA ( ALFA INK ),Lunas,"",7600000.0,7600000.0,01/08/2023,7600000.0,0.0,0.0,"","","","","","",ALFA INK KERTAS FOTO RC SATIN 260G,"","",200.0,PCS,38000.0,0.00 %,"",0.0,7600000.0,7600000.0,0.0,"",0.0,0.0,"","","","",0.0,0.0
03/06/2023,Faktur Pembelian,JL.2306.00650,CANDRA (BLESSING),Lunas,"",18600000.0,0.0,17/06/2023,18600000.0,0.0,18600000.0,"","","","",AGUS,"",ACER 3 A314 36M Ci3-N305 8GB 512GB SSD WIN 11,"","",3.0,UNIT,6200000.0,0.00 %,"",0.0,18600000.0,18600000.0,0.0,"",0.0,0.0,"","","","",0.0,0.0
03/06/2023,Faktur Pembelian,JL.2306.00522,CANDRA (BLESSING),Lunas,"",3120000.0,0.0,17/06/2023,3120000.0,0.0,3120000.0,"","","","",RAHMAT,"",CONNECTOR RJ45 COMMSCOPE CAT 5E (PACK),"","",30.0,PACK,104000.0,0.00 %,"",0.0,3120000.0,3120000.0,0.0,"",0.0,0.0,"","","","",0.0,0.0
03/06/2023,Faktur Pembelian,14405,FIKTIF BELI,Lunas,"",720000.0,0.0,03/07/2023,720000.0,0.0,720000.0,"","","","","","",KABEL CCTV PERMETER,"","",300.0,METER,2400.0,0.00 %,"",0.0,720000.0,720000.0,0.0,"",0.0,0.0,"","","","",0.0,0.0
03/06/2023,Faktur Pembelian,14406,TATIK (LEGENDA),Lunas,"",19500000.0,0.0,03/06/2023,19500000.0,0.0,19500000.0,"","","","","","",Epson EcoTank L15160 A3 Wi-Fi Duplex All-in-One Ink Tank Printer,"","",1.0,UNIT,19500000.0,0.00 %,"",0.0,19500000.0,19500000.0,0.0,"",0.0,0.0,"","","","",0.0,0.0
03/06/2023,Faktur Pembelian,2305661,CV. BALI IT SOLUSI (ENY),Lunas,PAKE UANG LINDA LUNAS,27900000.0,0.0,17/06/2023,27900000.0,0.0,27900000.0,"","","","","","",CCTV CAM DAHUA HAC B1A21 IR BULLET (OUTDOOR),"","",10.0,PCS,163000.0,0.00 %,"",0.0,1630000.0,1630000.0,0.0,"",0.0,0.0,"","","","",0.0,0.0
03/06/2023,Faktur Pembelian,2305661,CV. BALI IT SOLUSI (ENY),Lunas,PAKE UANG LINDA LUNAS,27900000.0,0.0,17/06/2023,27900000.0,0.0,27900000.0,"","","","","","",CCTV CAM DAHUA HAC-T1A21 IR BULLET (INDOOR),"","",10.0,PCS,152000.0,0.00 %,"",0.0,1520000.0,1520000.0,0.0,"",0.0,0.0,"","","","",0.0,0.0
03/06/2023,Faktur Pembelian,2305661,CV. BALI IT SOLUSI (ENY),Lunas,PAKE UANG LINDA LUNAS,27900000.0,0.0,17/06/2023,27900000.0,0.0,27900000.0,"","","","","","",CCTV DVR DAHUA 8CH XVR1B08-1 (MH),"","",5.0,UNIT,635000.0,0.00 %,"",0.0,3175000.0,3175000.0,0.0,"",0.0,0.0,"","","","",0.0,0.0
03/06/2023,Faktur Pembelian,2305661,CV. BALI IT SOLUSI (ENY),Lunas,PAKE UANG LINDA LUNAS,27900000.0,0.0,17/06/2023,27900000.0,0.0,27900000.0,"","","","","","",HP 14S INTEL N4500 4GB SSD 256GB WIN 11,"","",5.0,UNIT,4315000.0,0.00 %,"",0.0,21575000.0,21575000.0,0.0,"",0.0,0.0,"","","","",0.0,0.0
03/06/2023,Faktur Pembelian,14407,KEVIN TELKOMSEL,Lunas,"",1120000.0,0.0,03/07/2023,1120000.0,0.0,1120000.0,"","","","","","",MODEM ORBIT STAR N2,"","",2.0,UNIT,560000.0,0.00 %,"",0.0,1120000.0,1120000.0,0.0,"",0.0,0.0,"","","","",0.0,0.0
03/06/2023,Faktur Pembelian,JL.2306.00693,CANDRA (BLESSING),Lunas,"",1040000.0,0.0,17/06/2023,1040000.0,0.0,1040000.0,"","","","",RAHMAT,"",SODIMM TEAM ELITE DDR3 4GB LOW VOLT,"","",2.0,PCS,180000.0,0.00 %,"",0.0,360000.0,360000.0,0.0,"",0.0,0.0,"","","","",0.0,0.0
03/06/2023,Faktur Pembelian,JL.2306.00693,CANDRA (BLESSING),Lunas,"",1040000.0,0.0,17/06/2023,1040000.0,0.0,1040000.0,"","","","",RAHMAT,"",SODIMM TEAM ELITE DDR3 8GB LOW VOLT PC 1600,"","",2.0,PCS,340000.0,0.00 %,"",0.0,680000.0,680000.0,0.0,"",0.0,0.0,"","","","",0.0,0.0
03/06/2023,Faktur Pembelian,062023110231,AGUS (DORAN),Lunas,"",7800000.0,7800000.0,03/07/2023,7800000.0,0.0,0.0,"",SURABAYA,"","","","",FD BLADE CZ50 16GB SANDISK,"","",100.0,PCS,37000.0,0.00 %,"",0.0,3700000.0,3700000.0,0.0,"",0.0,0.0,"","","","",0.0,0.0
03/06/2023,Faktur Pembelian,062023110231,AGUS (DORAN),Lunas,"",7800000.0,7800000.0,03/07/2023,7800000.0,0.0,0.0,"",SURABAYA,"","","","",FD BLADE CZ50 32GB SANDISK,"","",100.0,PCS,41000.0,0.00 %,"",0.0,4100000.0,4100000.0,0.0,"",0.0,0.0,"","","","",0.0,0.0
03/06/2023,Faktur Pembelian,0620232852,AGUS (DORAN),Lunas,"",6420000.0,6420000.0,03/07/2023,6420000.0,0.0,0.0,"",SURABAYA,"","","","",USB WIFI TPLINK WN 722,"","",30.0,PCS,102000.0,0.00 %,"",0.0,3060000.0,3060000.0,0.0,"",0.0,0.0,"","","","",0.0,0.0
03/06/2023,Faktur Pembelian,0620232852,AGUS (DORAN),Lunas,"",6420000.0,6420000.0,03/07/2023,6420000.0,0.0,0.0,"",SURABAYA,"","","","",CAM CCTV EZVIZ C6N #,"","",6.0,UNIT,330000.0,0.00 %,"",0.0,1980000.0,1980000.0,0.0,"",0.0,0.0,"","","","",0.0,0.0
03/06/2023,Faktur Pembelian,0620232852,AGUS (DORAN),Lunas,"",6420000.0,6420000.0,03/07/2023,6420000.0,0.0,0.0,"",SURABAYA,"","","","",CAM CCTV EZVIZ OUTDOOR C8C,"","",2.0,UNIT,690000.0,0.00 %,"",0.0,1380000.0,1380000.0,0.0,"",0.0,0.0,"","","","",0.0,0.0
03/06/2023,Faktur Pembelian,001503,LILI (PLATINUM),Lunas,"",9520000.0,9520000.0,03/07/2023,9520000.0,0.0,0.0,"","","","","","",BATERAI CMOS CR2032,"","",100.0,PCS,2000.0,0.00 %,"",0.0,200000.0,200000.0,0.0,"",0.0,0.0,"","","","",0.0,0.0
03/06/2023,Faktur Pembelian,001503,LILI (PLATINUM),Lunas,"",9520000.0,9520000.0,03/07/2023,9520000.0,0.0,0.0,"","","","","","",PSU CCTV SN 120 20A (JARING),"","",72.0,PCS,105000.0,0.00 %,"",0.0,7560000.0,7560000.0,0.0,"",0.0,0.0,"","","","",0.0,0.0
03/06/2023,Faktur Pembelian,001503,LILI (PLATINUM),Lunas,"",9520000.0,9520000.0,03/07/2023,9520000.0,0.0,0.0,"","","","","","",KABEL HDMI 15 METER 4K,"","",10.0,PCS,155000.0,0.00 %,"",0.0,1550000.0,1550000.0,0.0,"",0.0,0.0,"","","","",0.0,0.0
03/06/2023,Faktur Pembelian,001503,LILI (PLATINUM),Lunas,"",9520000.0,9520000.0,03/07/2023,9520000.0,0.0,0.0,"","","","","","","ADAPTOR LENOVO 19,5V - 6.15A USB KM","","",1.0,PCS,210000.0,0.00 %,"",0.0,210000.0,210000.0,0.0,"",0.0,0.0,"","","","",0.0,0.0
03/06/2023,Faktur Pembelian,FK 2974,BETA COM,Lunas,"",51216000.0,0.0,17/06/2023,51216000.0,0.0,51216000.0,"","","","","","",CATRIDGE CANON 810 BLACK,"","",96.0,PCS,201000.0,0.00 %,"",0.0,19296000.0,19296000.0,0.0,"",0.0,0.0,"","","","",0.0,0.0
03/06/2023,Faktur Pembelian,FK 2974,BETA COM,Lunas,"",51216000.0,0.0,17/06/2023,51216000.0,0.0,51216000.0,"","","","","","",CATRIDGE CANON 811 COLOUR,"","",96.0,PCS,256000.0,0.00 %,"",0.0,24576000.0,24576000.0,0.0,"",0.0,0.0,"","","","",0.0,0.0
03/06/2023,Faktur Pembelian,FK 2974,BETA COM,Lunas,"",51216000.0,0.0,17/06/2023,51216000.0,0.0,51216000.0,"","","","","","",TINTA CANON ORI 790 BLACK,"","",72.0,PCS,102000.0,0.00 %,"",0.0,7344000.0,7344000.0,0.0,"",0.0,0.0,"","","","",0.0,0.0
03/06/2023,Faktur Pembelian,001507,LILI (PLATINUM),Lunas,"",1040000.0,1040000.0,03/07/2023,1040000.0,0.0,0.0,"","","","","","",BATERAI LAPTOP ACER Z1402,"","",2.0,PCS,270000.0,0.00 %,"",0.0,540000.0,540000.0,0.0,"",0.0,0.0,"","","","",0.0,0.0
03/06/2023,Faktur Pembelian,001507,LILI (PLATINUM),Lunas,"",1040000.0,1040000.0,03/07/2023,1040000.0,0.0,0.0,"","","","","","",BATERAI LAPTOP ASUS A412D,"","",1.0,PCS,500000.0,0.00 %,"",0.0,500000.0,500000.0,0.0,"",0.0,0.0,"","","","",0.0,0.0
03/06/2023,Faktur Pembelian,00640145_036,PRIYO (K GALAXY),Lunas,"",5395000.0,0.0,03/07/2023,5395000.0,0.0,5395000.0,"","","","","","",PSU SIMBADDA 400W BOX,"","",16.0,PCS,217500.0,0.00 %,"",0.0,3480000.0,3480000.0,0.0,"",0.0,0.0,"","","","",0.0,0.0
03/06/2023,Faktur Pembelian,00640145_036,PRIYO (K GALAXY),Lunas,"",5395000.0,0.0,03/07/2023,5395000.0,0.0,5395000.0,"","","","","","",RAM PC KINGSTONE DDR3 8GB,"","",2.0,PCS,120000.0,0.00 %,"",0.0,240000.0,240000.0,0.0,"",0.0,0.0,"","","","",0.0,0.0
03/06/2023,Faktur Pembelian,00640145_036,PRIYO (K GALAXY),Lunas,"",5395000.0,0.0,03/07/2023,5395000.0,0.0,5395000.0,"","","","","","",MB G41 EZPRO,"","",4.0,PCS,347500.0,0.00 %,"",0.0,1390000.0,1390000.0,0.0,"",0.0,0.0,"","","","",0.0,0.0
03/06/2023,Faktur Pembelian,00640145_036,PRIYO (K GALAXY),Lunas,"",5395000.0,0.0,03/07/2023,5395000.0,0.0,5395000.0,"","","","","","",PROC INTEL CORE I3 GEN 2,"","",3.0,PCS,95000.0,0.00 %,"",0.0,285000.0,285000.0,0.0,"",0.0,0.0,"","","","",0.0,0.0
03/06/2023,Faktur Pembelian,JL0000020338,IP COM TOKO,Lunas,"",6600000.0,6600000.0,03/07/2023,6600000.0,0.0,0.0,"","","","","","","CASING HDD 2,5 BIASA","","",200.0,PCS,33000.0,0.00 %,"",0.0,6600000.0,6600000.0,0.0,"",0.0,0.0,"","","","",0.0,0.0
04/06/2023,Faktur Pembelian,14408,YULI (HP CENTRE),Lunas,"",6500000.0,0.0,04/07/2023,6500000.0,0.0,6500000.0,"","","","","","",ACER 5 A514 CI3-1115G4 8gb 512GB SSD MX 350 2GB WIN 11,"","",1.0,UNIT,6500000.0,0.00 %,"",0.0,6500000.0,6500000.0,0.0,"",0.0,0.0,"","","","",0.0,0.0
04/06/2023,Faktur Pembelian,D/23/00553/NTB,PT SAMAMAJU PRIMA NTB,Lunas,"",15118383.6,0.0,04/07/2023,15118383.6,0.0,15118383.6,"","","","",RAHMAT,"",PAPERLINE CF K3 W PRS ( 3 PLY PRS ),"","",20.0,DUS,458028.1,0.00 %,"",0.0,9160562.0,9160562.0,0.0,"",0.0,0.0,"","","","",0.0,0.0
04/06/2023,Faktur Pembelian,D/23/00553/NTB,PT SAMAMAJU PRIMA NTB,Lunas,"",15118383.6,0.0,04/07/2023,15118383.6,0.0,15118383.6,"","","","",RAHMAT,"",KERTAS 2 PLY PRS,"","",20.0,DUS,297891.08,0.00 %,"",0.0,5957821.6,5957821.6,0.0,"",0.0,0.0,"","","","",0.0,0.0
04/06/2023,Faktur Pembelian,D/23/00552/NTB,PT SAMAMAJU PRIMA NTB,Lunas,"",50958295.97,0.0,04/07/2023,50958295.97,0.0,50958295.97,"","","","",RAHMAT,"",SIDU A3 80 GSM,"","",25.0,PCS,98018.6388,0.00 %,"",0.0,2450465.97,2450465.97,0.0,"",0.0,0.0,"","","","",0.0,0.0
04/06/2023,Faktur Pembelian,D/23/00552/NTB,PT SAMAMAJU PRIMA NTB,Lunas,"",50958295.97,0.0,04/07/2023,50958295.97,0.0,50958295.97,"","","","",RAHMAT,"",SIDU F4 70,"","",1000.0,PCS,48507.83,0.00 %,"",0.0,48507830.0,48507830.0,0.0,"",0.0,0.0,"","","","",0.0,0.0
05/06/2023,Faktur Pembelian,14409,ONLINE,Lunas,"",330000.0,0.0,05/07/2023,330000.0,0.0,330000.0,"","","","","","",SENSOR KERTAS CANON G1020 G2020 G3020,"","",3.0,PCS,110000.0,0.00 %,"",0.0,330000.0,330000.0,0.0,"",0.0,0.0,"","","","",0.0,0.0
05/06/2023,Faktur Pembelian,14410,KEVIN TELKOMSEL,Lunas,"",3360000.0,0.0,05/07/2023,3360000.0,0.0,3360000.0,"","","","","","",MODEM ORBIT STAR N2,"","",6.0,UNIT,560000.0,0.00 %,"",0.0,3360000.0,3360000.0,0.0,"",0.0,0.0,"","","","",0.0,0.0
05/06/2023,Faktur Pembelian,14411,ONLINE,Lunas,"",14900000.0,0.0,05/07/2023,14900000.0,0.0,14900000.0,"","","","","","",ASUS BR1100CKA INTEL N4500 4GB 128GB eMMC WIN 11,"","",3.0,UNIT,3400000.0,0.00 %,"",0.0,10200000.0,10200000.0,0.0,"",0.0,0.0,"","","","",0.0,0.0
05/06/2023,Faktur Pembelian,14411,ONLINE,Lunas,"",14900000.0,0.0,05/07/2023,14900000.0,0.0,14900000.0,"","","","","","",ACER A314 35 N5100 8GB SSD 256GB,"","",1.0,UNIT,4700000.0,0.00 %,"",0.0,4700000.0,4700000.0,0.0,"",0.0,0.0,"","","","",0.0,0.0
05/06/2023,Faktur Pembelian,JL.2306.01221,CANDRA (BLESSING),Lunas,"",1545000.0,0.0,19/06/2023,1545000.0,0.0,1545000.0,"","","","",RAHMAT,"","LED MSI PRO MP242C 23,6 FHD 1920 X 1080 75HZ 1MS CURVE","","",1.0,UNIT,1545000.0,0.00 %,"",0.0,1545000.0,1545000.0,0.0,"",0.0,0.0,"","","","",0.0,0.0
05/06/2023,Faktur Pembelian,KARMEN / INV/2023/64601,WULAN (DISCOUNT NOTEBOOK),Lunas,"",1310000.0,1310000.0,05/07/2023,1310000.0,0.0,0.0,"","","JL. SOEKARNO HATTA RT. 012  RW. 004 PANE, RASANAE BARAT","","","",KEYBOARD LAPTOP ASUS X441 (BLACK),"","",5.0,PCS,60000.0,0.00 %,"",0.0,300000.0,300000.0,0.0,"",10000.0,0.0,"","","","",0.0,0.0
05/06/2023,Faktur Pembelian,KARMEN / INV/2023/64601,WULAN (DISCOUNT NOTEBOOK),Lunas,"",1310000.0,1310000.0,05/07/2023,1310000.0,0.0,0.0,"","","JL. SOEKARNO HATTA RT. 012  RW. 004 PANE, RASANAE BARAT","","","",KEYBOARD ACER Z1401,"","",5.0,PCS,70000.0,0.00 %,"",0.0,350000.0,350000.0,0.0,"",10000.0,0.0,"","","","",0.0,0.0
05/06/2023,Faktur Pembelian,KARMEN / INV/2023/64601,WULAN (DISCOUNT NOTEBOOK),Lunas,"",1310000.0,1310000.0,05/07/2023,1310000.0,0.0,0.0,"","","JL. SOEKARNO HATTA RT. 012  RW. 004 PANE, RASANAE BARAT","","","",KEYBOARD ACER D270,"","",10.0,PCS,65000.0,0.00 %,"",0.0,650000.0,650000.0,0.0,"",10000.0,0.0,"","","","",0.0,0.0
05/06/2023,Faktur Pembelian,JL.2306.00876,CANDRA (BLESSING),Lunas,"",2360000.0,0.0,19/06/2023,2360000.0,0.0,2360000.0,"","","","",RAHMAT,"",LED AOC24G2SPE/70 23.8 FHD IPS 165 HZ,"","",1.0,UNIT,2360000.0,0.00 %,"",0.0,2360000.0,2360000.0,0.0,"",0.0,0.0,"","","","",0.0,0.0
05/06/2023,Faktur Pembelian,JL.2306.01119,CANDRA (BLESSING),Lunas,"",114750000.0,0.0,19/06/2023,114750000.0,0.0,114750000.0,"","","","",RAHMAT,"",ACER A314 35 N5100 8GB SSD 256GB,"","",25.0,UNIT,4590000.0,0.00 %,"",0.0,114750000.0,114750000.0,0.0,"",0.0,0.0,"","","","",0.0,0.0
05/06/2023,Faktur Pembelian,JL.2306.01217,CANDRA (BLESSING),Lunas,"",114000001.0,0.0,19/06/2023,114000001.0,0.0,114000001.0,"","","","",RAHMAT,"",ACER A314 35 N5100 8GB SSD 256GB,"","",25.0,UNIT,4560000.04,0.00 %,"",0.0,114000001.0,114000001.0,0.0,"",0.0,0.0,"","","","",0.0,0.0
05/06/2023,Faktur Pembelian,KARMEN / INV/2023/66094,WULAN (DISCOUNT NOTEBOOK),Lunas,"",394999.999998,394999.999998,05/07/2023,394999.999998,0.0,0.0,"","","","","","",KEYBOARD ACER D270,"","",6.0,PCS,65833.333333,0.00 %,"",0.0,394999.999998,394999.999998,0.0,"",0.0,0.0,"","","","",0.0,0.0
05/06/2023,Faktur Pembelian,JL/23/06/00000013,CV. NOAH SEJAHTERA ABADI,Lunas,"",2480000.0,2480000.0,19/06/2023,2480000.0,0.0,0.0,"","","","","","",KEYBOARD USB MTECH STK01,"","",80.0,PCS,31000.0,0.00 %,"",0.0,2480000.0,2480000.0,0.0,"",0.0,0.0,"","","","",0.0,0.0
05/06/2023,Faktur Pembelian,001508,LILI (PLATINUM),Lunas,"",1175000.0,1175000.0,05/07/2023,1175000.0,0.0,0.0,"","","","","","",KEYBOARD LENOVO G40-70,"","",3.0,PCS,85000.0,0.00 %,"",0.0,255000.0,255000.0,0.0,"",0.0,0.0,"","","","",0.0,0.0
05/06/2023,Faktur Pembelian,001508,LILI (PLATINUM),Lunas,"",1175000.0,1175000.0,05/07/2023,1175000.0,0.0,0.0,"","","","","","",BATERAI ACER ES1 432 AS16A8K / AS16A5K,"","",2.0,PCS,310000.0,0.00 %,"",0.0,620000.0,620000.0,0.0,"",0.0,0.0,"","","","",0.0,0.0
05/06/2023,Faktur Pembelian,001508,LILI (PLATINUM),Lunas,"",1175000.0,1175000.0,05/07/2023,1175000.0,0.0,0.0,"","","","","","",BATERAI LENOVO B41 HRS,"","",1.0,PCS,300000.0,0.00 %,"",0.0,300000.0,300000.0,0.0,"",0.0,0.0,"","","","",0.0,0.0
05/06/2023,Faktur Pembelian,JL.2306.01215,CANDRA (BLESSING),Lunas,"",114375000.000011,0.0,19/06/2023,103040540.54055,11334459.459461,114375000.000011,"","","","",CV TIGA NUSA,"",* ACER 3 SLIM A314 35 INTEL N5100 8GB 256GB SSD WIN 11,"","",25.0,UNIT,4121621.621622,0.00 %,11.0,11334459.459460499999886655405405395,103040540.54055,103040540.54055,0.0,"",0.0,0.0,"","","","",0.0,0.0
05/06/2023,Faktur Pembelian,JL.2306.01219,CANDRA (BLESSING),Lunas,"",114375000.0,114375000.0,19/06/2023,114375000.0,0.0,0.0,"","","","",AGUS,"",ACER A314 35 N5100 8GB SSD 256GB,"","",25.0,UNIT,4575000.0,0.00 %,"",0.0,114375000.0,114375000.0,0.0,"",0.0,0.0,"","","","",0.0,0.0
06/06/2023,Faktur Pembelian,14412,FIKTIF BELI,Lunas,"",720000.0,0.0,06/07/2023,720000.0,0.0,720000.0,"","","","","","",KABEL CCTV PERMETER,"","",300.0,METER,2400.0,0.00 %,"",0.0,720000.0,720000.0,0.0,"",0.0,0.0,"","","","",0.0,0.0
06/06/2023,Faktur Pembelian,JL.2306.01548,CANDRA (BLESSING),Lunas,"",15405000.0,0.0,20/06/2023,13878378.378378,1526621.621622,15405000.0,"","","","",CV TIGA NUSA,"",* LENOVO  THINKBOOK 13S G2 ITL-20V900HQID Ci5-1135G7 16GBGB 512GB SSD INTEL IRIS XE GRAPHICS W11,"","",1.0,UNIT,13878378.378378,0.00 %,11.0,1526621.6216215799999847337837837842,13878378.378378,13878378.378378,0.0,"",0.0,0.0,"","","","",0.0,0.0
06/06/2023,Faktur Pembelian,JL.2306.01442,CANDRA (BLESSING),Lunas,"",9225000.0,0.0,20/06/2023,9225000.0,0.0,9225000.0,"","","","",AGUS,"",HDD PC WD PURPLE 1 TB,"","",15.0,PCS,615000.0,0.00 %,"",0.0,9225000.0,9225000.0,0.0,"",0.0,0.0,"","","","",0.0,0.0
06/06/2023,Faktur Pembelian,14413,FIKTIF BELI,Lunas,"",385000.0,0.0,06/07/2023,385000.0,0.0,385000.0,"","","","","","",CATRIDGE CANON 811 COLOUR,"","",1.0,PCS,192500.0,0.00 %,"",0.0,192500.0,192500.0,0.0,"",0.0,0.0,"","","","",0.0,0.0
06/06/2023,Faktur Pembelian,14413,FIKTIF BELI,Lunas,"",385000.0,0.0,06/07/2023,385000.0,0.0,385000.0,"","","","","","",CATRIDGE 810 COPOTAN,"","",1.0,PCS,192500.0,0.00 %,"",0.0,192500.0,192500.0,0.0,"",0.0,0.0,"","","","",0.0,0.0
06/06/2023,Faktur Pembelian,14414,FIKTIF BELI,Lunas,"",150000.0,0.0,06/07/2023,150000.0,0.0,150000.0,"","","","","","",ONGKIR JNE,"","",2.0,JASA,75000.0,0.00 %,"",0.0,150000.0,150000.0,0.0,"",0.0,0.0,"","","","",0.0,0.0
06/06/2023,Faktur Pembelian,14415,FIKTIF BELI,Lunas,"",180000.0,0.0,06/07/2023,180000.0,0.0,180000.0,"","","","","","",TINTA CANON ORI 790 YELLOW,"","",1.0,PCS,90000.0,0.00 %,"",0.0,90000.0,90000.0,0.0,"",0.0,0.0,"","","","",0.0,0.0
06/06/2023,Faktur Pembelian,14415,FIKTIF BELI,Lunas,"",180000.0,0.0,06/07/2023,180000.0,0.0,180000.0,"","","","","","",TINTA CANON ORI 790 CYAN,"","",1.0,PCS,90000.0,0.00 %,"",0.0,90000.0,90000.0,0.0,"",0.0,0.0,"","","","",0.0,0.0
06/06/2023,Faktur Pembelian,2306108,CV. BALI IT SOLUSI (ENY),Lunas,PAKE UANG LINDA LUNAS,17455000.0,0.0,20/06/2023,17455000.0,0.0,17455000.0,"","","","","","",CCTV CAM DAHUA HAC B1A21 IR BULLET (OUTDOOR),"","",30.0,PCS,163000.0,0.00 %,"",0.0,4890000.0,4890000.0,0.0,"",0.0,0.0,"","","","",0.0,0.0
06/06/2023,Faktur Pembelian,2306108,CV. BALI IT SOLUSI (ENY),Lunas,PAKE UANG LINDA LUNAS,17455000.0,0.0,20/06/2023,17455000.0,0.0,17455000.0,"","","","","","",CCTV CAM DAHUA HAC-T1A21 IR BULLET (INDOOR),"","",20.0,PCS,152000.0,0.00 %,"",0.0,3040000.0,3040000.0,0.0,"",0.0,0.0,"","","","",0.0,0.0
06/06/2023,Faktur Pembelian,2306108,CV. BALI IT SOLUSI (ENY),Lunas,PAKE UANG LINDA LUNAS,17455000.0,0.0,20/06/2023,17455000.0,0.0,17455000.0,"","","","","","",CCTV DVR DAHUA 8CH XVR1B08-1 (MH),"","",15.0,UNIT,635000.0,0.00 %,"",0.0,9525000.0,9525000.0,0.0,"",0.0,0.0,"","","","",0.0,0.0
06/06/2023,Faktur Pembelian,PJL-23-06-00097,PT. Surya Makmur Kreasindo (HJ),Lunas,"",12150000.000001,1.0e-06,20/06/2023,10945945.945947,1204054.054054,12150000.0,"",SURABAYA,"","",CV TIGA NUSA,"",* PRINTER EPSON L5290,"","",3.0,UNIT,3648648.648649,0.00 %,11.0,1204054.0540541699999879594594594583,10945945.945947,10945945.945947,0.0,"",0.0,0.0,PT. Surya Makmur Kreasindo,"",081515111951,"",1.0e-06,0.0
06/06/2023,Faktur Pembelian,FK 3004,BETA COM,Lunas,"",18500000.0,0.0,20/06/2023,18500000.0,0.0,18500000.0,"","","","","","",PRINTER CANON G2010,"","",10.0,UNIT,1850000.0,0.00 %,"",0.0,18500000.0,18500000.0,0.0,"",0.0,0.0,"","","","",0.0,0.0
06/06/2023,Faktur Pembelian,PJL-23-06-00089,PT. Surya Makmur Kreasindo (HJ),Lunas,"",8100000.0,0.0,06/07/2023,7297297.297297,802702.702703,8100000.0,"",SURABAYA,"","",CV TIGA NUSA,"",* PRINTER EPSON L1800,"","",1.0,UNIT,7297297.297297,0.00 %,11.0,802702.7027026699999919729729729733,7297297.297297,7297297.297297,0.0,"",0.0,0.0,PT. Surya Makmur Kreasindo,"",081515111951,"",0.0,0.0
07/06/2023,Faktur Pembelian,14416,DANISH COMPUTER,Lunas,"",1260000.0,0.0,07/07/2023,1260000.0,0.0,1260000.0,"","","","","","",CATRIDGE TONER BROTHER L2540 DW,"","",4.0,PCS,315000.0,0.00 %,"",0.0,1260000.0,1260000.0,0.0,"",0.0,0.0,"","","",082232721033,0.0,0.0
07/06/2023,Faktur Pembelian,14417,FIKTIF BELI,Lunas,"",720000.0,0.0,07/07/2023,720000.0,0.0,720000.0,"","","","","","",KABEL CCTV PERMETER,"","",300.0,METER,2400.0,0.00 %,"",0.0,720000.0,720000.0,0.0,"",0.0,0.0,"","","","",0.0,0.0
07/06/2023,Faktur Pembelian,14418,FIKTIF BELI,Lunas,"",780000.00025,0.0,07/07/2023,780000.00025,0.0,780000.00025,"","","","","","",KABEL LAN ZIMM LINK PERMETER,"","",610.0,METER,1278.688525,0.00 %,"",0.0,780000.00025,780000.00025,0.0,"",0.0,0.0,"","","","",0.0,0.0
07/06/2023,Faktur Pembelian,JL.2306.01839,CANDRA (BLESSING),Lunas,"",16990000.0,0.0,21/06/2023,15306306.306306,1683693.693694,16990000.0,"","","","",CV TIGA NUSA,"",* HP ENVY X360 Ci7-1250U 16GB 1TB SSD INTEL IRIS XE DP,"","",1.0,UNIT,15306306.306306,0.00 %,11.0,1683693.6936936599999831630630630634,15306306.306306,15306306.306306,0.0,"",0.0,0.0,"","","","",0.0,0.0
07/06/2023,Faktur Pembelian,JL.2306.01837,CANDRA (BLESSING),Lunas,"",14730000.0,0.0,21/06/2023,14730000.0,0.0,14730000.0,"","","","",AGUS,"",AXIOO MYBOOK 14E INTEL N4000 4GB SSD 256GB #,"","",3.0,UNIT,2580000.0,0.00 %,"",0.0,7740000.0,7740000.0,0.0,"",0.0,0.0,"","","","",0.0,0.0
07/06/2023,Faktur Pembelian,JL.2306.01837,CANDRA (BLESSING),Lunas,"",14730000.0,0.0,21/06/2023,14730000.0,0.0,14730000.0,"","","","",AGUS,"","AXIOO 11G N4000/4GB/256GB SSD/11,6""","","",3.0,UNIT,2330000.0,0.00 %,"",0.0,6990000.0,6990000.0,0.0,"",0.0,0.0,"","","","",0.0,0.0
07/06/2023,Faktur Pembelian,JL.2306.01835,CANDRA (BLESSING),Lunas,"",21450000.0,0.0,21/06/2023,21450000.0,0.0,21450000.0,"","","","",RAHMAT,"",ASUS A416MAO INTEL N4020 4GB 256GB SSD #,"","",5.0,UNIT,4290000.0,0.00 %,"",0.0,21450000.0,21450000.0,0.0,"",0.0,0.0,"","","","",0.0,0.0
07/06/2023,Faktur Pembelian,001510 ,LILI (PLATINUM),Lunas,"",8375000.0,8375000.0,07/07/2023,8375000.0,0.0,0.0,"","","","","","",KONEKTOR DC MALE,"","",300.0,PCS,2000.0,0.00 %,"",0.0,600000.0,600000.0,0.0,"",0.0,0.0,"","","","",0.0,0.0
07/06/2023,Faktur Pembelian,001510 ,LILI (PLATINUM),Lunas,"",8375000.0,8375000.0,07/07/2023,8375000.0,0.0,0.0,"","","","","","",ADAPTOR ACER 12V 2A (1410),"","",15.0,PCS,95000.0,0.00 %,"",0.0,1425000.0,1425000.0,0.0,"",0.0,0.0,"","","","",0.0,0.0
07/06/2023,Faktur Pembelian,001510 ,LILI (PLATINUM),Lunas,"",8375000.0,8375000.0,07/07/2023,8375000.0,0.0,0.0,"","","","","","",ADAPTOR ACER OR 19V 3.42A (KUNING),"","",60.0,PCS,60000.0,0.00 %,"",0.0,3600000.0,3600000.0,0.0,"",0.0,0.0,"","","","",0.0,0.0
07/06/2023,Faktur Pembelian,001510 ,LILI (PLATINUM),Lunas,"",8375000.0,8375000.0,07/07/2023,8375000.0,0.0,0.0,"","","","","","","CASING HDD 2,5 BIASA","","",10.0,PCS,35000.0,0.00 %,"",0.0,350000.0,350000.0,0.0,"",0.0,0.0,"","","","",0.0,0.0
07/06/2023,Faktur Pembelian,001510 ,LILI (PLATINUM),Lunas,"",8375000.0,8375000.0,07/07/2023,8375000.0,0.0,0.0,"","","","","","",ADAPTOR ASUS 19V 2.37A (X441),"","",30.0,PCS,80000.0,0.00 %,"",0.0,2400000.0,2400000.0,0.0,"",0.0,0.0,"","","","",0.0,0.0
07/06/2023,Faktur Pembelian,KARMEN / INV/2023/67900,WULAN (DISCOUNT NOTEBOOK),Lunas,"",305000.0,305000.0,07/07/2023,305000.0,0.0,0.0,"","","","","","",KEYBOARD LAPTOP TOSHIBA L645 DOFF,"","",5.0,PCS,61000.0,0.00 %,"",0.0,305000.0,305000.0,0.0,"",0.0,0.0,"","","","",0.0,0.0
07/06/2023,Faktur Pembelian,JL5523060283,YULI (HP CENTRE),Lunas,"",17000000.0,0.0,07/07/2023,17000000.0,0.0,17000000.0,"","","","",RAHMAT,"",ASUS A416MAO INTEL N4020 4GB 256GB SSD #,"","",4.0,UNIT,4250000.0,0.00 %,"",0.0,17000000.0,17000000.0,0.0,"",0.0,0.0,"","","","",0.0,0.0
07/06/2023,Faktur Pembelian,JL5523060284,YULI (HP CENTRE),Lunas,"",8500000.0,0.0,07/07/2023,8500000.0,0.0,8500000.0,"","","","",RAHMAT,"",ASUS A416MAO INTEL N4020 4GB 256GB SSD #,"","",2.0,UNIT,4250000.0,0.00 %,"",0.0,8500000.0,8500000.0,0.0,"",0.0,0.0,"","","","",0.0,0.0
07/06/2023,Faktur Pembelian,JL5523060249,YULI (HP CENTRE),Lunas,"",17816000.0,0.0,07/07/2023,17816000.0,0.0,17816000.0,"","","","",RAHMAT,"",BLUEPRINT PRINTER LITE DEKSTOP USB - LITE80L,"","",1.0,UNIT,816000.0,0.00 %,"",0.0,816000.0,816000.0,0.0,"",0.0,0.0,"","","","",0.0,0.0
07/06/2023,Faktur Pembelian,JL5523060249,YULI (HP CENTRE),Lunas,"",17816000.0,0.0,07/07/2023,17816000.0,0.0,17816000.0,"","","","",RAHMAT,"",ASUS A416MAO INTEL N4020 4GB 256GB SSD #,"","",4.0,UNIT,4250000.0,0.00 %,"",0.0,17000000.0,17000000.0,0.0,"",0.0,0.0,"","","","",0.0,0.0
07/06/2023,Faktur Pembelian,00640360_036,PRIYO (K GALAXY),Lunas,"",1650000.0,0.0,07/07/2023,1650000.0,0.0,1650000.0,"","","","","","",HDD PC SEAGATE SATA 500 GB PI,"","",20.0,PCS,82500.0,0.00 %,"",0.0,1650000.0,1650000.0,0.0,"",0.0,0.0,"","","","",0.0,0.0
08/06/2023,Faktur Pembelian,14419,DARMA DJ COMP,Lunas,"",22950000.0,0.0,08/07/2023,22950000.0,0.0,22950000.0,"","","","","","",ACER A314 35 N5100 8GB SSD 256GB,"","",5.0,UNIT,4590000.0,0.00 %,"",0.0,22950000.0,22950000.0,0.0,"",0.0,0.0,"","","",087876835295,0.0,0.0
08/06/2023,Faktur Pembelian,14420,ONLINE,Lunas,"",2200000.0,0.0,08/07/2023,2200000.0,0.0,2200000.0,"","","","","","",ISOLUTION X105 (ABSEN SIDIK JARI),"","",2.0,PCS,1100000.0,0.00 %,"",0.0,2200000.0,2200000.0,0.0,"",0.0,0.0,"","","","",0.0,0.0
08/06/2023,Faktur Pembelian,JL.2306.02347,CANDRA (BLESSING),Lunas,"",5365000.0,0.0,22/06/2023,5365000.0,0.0,5365000.0,"","","","",AGUS,"",HDD PC WD PURPLE 2TB,"","",2.0,PCS,810000.0,0.00 %,"",0.0,1620000.0,1620000.0,0.0,"",0.0,0.0,"","","","",0.0,0.0
08/06/2023,Faktur Pembelian,JL.2306.02347,CANDRA (BLESSING),Lunas,"",5365000.0,0.0,22/06/2023,5365000.0,0.0,5365000.0,"","","","",AGUS,"","HDD EXTERNAL 2TB  SEAGATE 2,5""","","",2.0,PCS,1020000.0,0.00 %,"",0.0,2040000.0,2040000.0,0.0,"",0.0,0.0,"","","","",0.0,0.0
08/06/2023,Faktur Pembelian,JL.2306.02347,CANDRA (BLESSING),Lunas,"",5365000.0,0.0,22/06/2023,5365000.0,0.0,5365000.0,"","","","",AGUS,"",SODIMM TEAM ELITE DDR3 4GB LOW VOLT,"","",2.0,PCS,180000.0,0.00 %,"",0.0,360000.0,360000.0,0.0,"",0.0,0.0,"","","","",0.0,0.0
08/06/2023,Faktur Pembelian,JL.2306.02347,CANDRA (BLESSING),Lunas,"",5365000.0,0.0,22/06/2023,5365000.0,0.0,5365000.0,"","","","",AGUS,"",CARD READER 6 SLOT MTECH,"","",5.0,PCS,29000.0,0.00 %,"",0.0,145000.0,145000.0,0.0,"",0.0,0.0,"","","","",0.0,0.0
08/06/2023,Faktur Pembelian,JL.2306.02347,CANDRA (BLESSING),Lunas,"",5365000.0,0.0,22/06/2023,5365000.0,0.0,5365000.0,"","","","",AGUS,"","LED LG 22MP410-B 21,45 FHD #","","",1.0,UNIT,1200000.0,0.00 %,"",0.0,1200000.0,1200000.0,0.0,"",0.0,0.0,"","","","",0.0,0.0
08/06/2023,Faktur Pembelian,JL5523060329,YULI (HP CENTRE),Lunas,"",18382000.0,0.0,08/07/2023,16560360.36036,1821639.63964,18382000.0,"","","","",CV TIGA NUSA,"",* ACER 5 A514 - 55 Ci5 - 1235U 8GB 512GB SSD WIN 11,"","",2.0,UNIT,8280180.18018,0.00 %,11.0,1821639.639639599999981783603603604,16560360.36036,16560360.36036,0.0,"",0.0,0.0,"","","","",0.0,0.0
08/06/2023,Faktur Pembelian,JL5523060301,YULI (HP CENTRE),Lunas,"",29250000.000001,0.0,08/07/2023,26351351.351352,2898648.648649,29250000.000001,"","","","",CV TIGA NUSA,"",* ASUS TUF FX506LH-I565B6T GREY I5 10300H GTX 1650 512GB SSD #,"","",3.0,UNIT,8783783.783784,0.00 %,11.0,2898648.6486487199999710135135135128,26351351.351352,26351351.351352,0.0,"",0.0,0.0,"","","","",0.0,0.0
08/06/2023,Faktur Pembelian,001512,LILI (PLATINUM),Lunas,"",880000.0,880000.0,08/07/2023,880000.0,0.0,0.0,"","","","","","",BATERAI ACER  V5 431 (AL12A32),"","",2.0,PCS,230000.0,0.00 %,"",0.0,460000.0,460000.0,0.0,"",0.0,0.0,"","","","",0.0,0.0
08/06/2023,Faktur Pembelian,001512,LILI (PLATINUM),Lunas,"",880000.0,880000.0,08/07/2023,880000.0,0.0,0.0,"","","","","","",KEYBOARD LAPTOP TOSHIBA L645 DOFF,"","",6.0,PCS,70000.0,0.00 %,"",0.0,420000.0,420000.0,0.0,"",0.0,0.0,"","","","",0.0,0.0
08/06/2023,Faktur Pembelian,pjl-23-06-00155,PT. Surya Makmur Kreasindo (HJ),Lunas,"",46299999.999998,0.0,22/06/2023,41711711.71171,4588288.288288,46299999.999998,"",SURABAYA,"","",CV TIGA NUSA,"",* PRINTER EPSON L1300,"","",1.0,UNIT,5495495.495495,0.00 %,11.0,604504.5045044499999939549549549555,5495495.495495,5495495.495495,0.0,"",0.0,0.0,PT. Surya Makmur Kreasindo,"",081515111951,"",0.0,0.0
08/06/2023,Faktur Pembelian,pjl-23-06-00155,PT. Surya Makmur Kreasindo (HJ),Lunas,"",46299999.999998,0.0,22/06/2023,41711711.71171,4588288.288288,46299999.999998,"",SURABAYA,"","",CV TIGA NUSA,"",* PRINTER EPSON L121,"","",5.0,UNIT,1459459.459459,0.00 %,11.0,802702.7027024499999919729729729755,7297297.297295,7297297.297295,0.0,"",0.0,0.0,PT. Surya Makmur Kreasindo,"",081515111951,"",0.0,0.0
08/06/2023,Faktur Pembelian,pjl-23-06-00155,PT. Surya Makmur Kreasindo (HJ),Lunas,"",46299999.999998,0.0,22/06/2023,41711711.71171,4588288.288288,46299999.999998,"",SURABAYA,"","",CV TIGA NUSA,"",* PRINTER EPSON L3210,"","",15.0,UNIT,1927927.927928,0.00 %,11.0,3181081.081081199999968189189189188,28918918.91892,28918918.91892,0.0,"",0.0,0.0,PT. Surya Makmur Kreasindo,"",081515111951,"",0.0,0.0
09/06/2023,Faktur Pembelian,14422,FIKTIF BELI,Lunas,"",720000.0,0.0,09/07/2023,720000.0,0.0,720000.0,"","","","","","",KABEL CCTV PERMETER,"","",300.0,METER,2400.0,0.00 %,"",0.0,720000.0,720000.0,0.0,"",0.0,0.0,"","","","",0.0,0.0
09/06/2023,Faktur Pembelian,14423,FIKTIF BELI,Lunas,"",120000.0,0.0,09/07/2023,120000.0,0.0,120000.0,"","","","","","",TINTA CANON ORI 790 BLACK NON PACK,"","",1.0,PCS,30000.0,0.00 %,"",0.0,30000.0,30000.0,0.0,"",0.0,0.0,"","","","",0.0,0.0
09/06/2023,Faktur Pembelian,14423,FIKTIF BELI,Lunas,"",120000.0,0.0,09/07/2023,120000.0,0.0,120000.0,"","","","","","",TINTA CANON ORI 790 CYAN NON PACK,"","",1.0,PCS,30000.0,0.00 %,"",0.0,30000.0,30000.0,0.0,"",0.0,0.0,"","","","",0.0,0.0
09/06/2023,Faktur Pembelian,14423,FIKTIF BELI,Lunas,"",120000.0,0.0,09/07/2023,120000.0,0.0,120000.0,"","","","","","",TINTA CANON ORI 790 YELLOW NON PACK,"","",1.0,PCS,30000.0,0.00 %,"",0.0,30000.0,30000.0,0.0,"",0.0,0.0,"","","","",0.0,0.0
09/06/2023,Faktur Pembelian,14423,FIKTIF BELI,Lunas,"",120000.0,0.0,09/07/2023,120000.0,0.0,120000.0,"","","","","","",TINTA CANON ORI 790 MAGENTA NON PACK,"","",1.0,PCS,30000.0,0.00 %,"",0.0,30000.0,30000.0,0.0,"",0.0,0.0,"","","","",0.0,0.0
09/06/2023,Faktur Pembelian,JL.2306.02396,CANDRA (BLESSING),Lunas,"",12775000.0,0.0,23/06/2023,11509009.009009,1265990.990991,12775000.0,"","","","",CV TIGA NUSA,"","* ACER 5 A514 - 54G - 32GJ Ci3-1115G4 8GB 512GB SSD MX 350 2GB WIN 11 14""","","",1.0,UNIT,5923423.423423,0.00 %,11.0,651576.5765765299999934842342342347,5923423.423423,5923423.423423,0.0,"",0.0,0.0,"","","","",0.0,0.0
09/06/2023,Faktur Pembelian,JL.2306.02396,CANDRA (BLESSING),Lunas,"",12775000.0,0.0,23/06/2023,11509009.009009,1265990.990991,12775000.0,"","","","",CV TIGA NUSA,"",* ACER 3 A314 36M Ci3-N305 / 8GB / 512GB SSD WIN 11,"","",1.0,UNIT,5585585.585586,0.00 %,11.0,614414.4144144599999938558558558554,5585585.585586,5585585.585586,0.0,"",0.0,0.0,"","","","",0.0,0.0
09/06/2023,Faktur Pembelian,14424,FIKTIF BELI,Lunas,"",225000.0,0.0,09/07/2023,225000.0,0.0,225000.0,"","","","","","",BATERAI 1220,"","",15.0,PCS,15000.0,0.00 %,"",0.0,225000.0,225000.0,0.0,"",0.0,0.0,"","","","",0.0,0.0
09/06/2023,Faktur Pembelian,2302866,WAHANA,Lunas,"",1240000.0,0.0,09/07/2023,1240000.0,0.0,1240000.0,"","","","","","",CCTV DVR DAHUA 8CH XVR1B08-1 (MH),"","",2.0,UNIT,620000.0,0.00 %,"",0.0,1240000.0,1240000.0,0.0,"",0.0,0.0,"","","","",0.0,0.0
09/06/2023,Faktur Pembelian,2302864,WAHANA,Lunas,"",16910000.0,0.0,09/07/2023,16910000.0,0.0,16910000.0,"","","","","","",CCTV CAM DAHUA HAC B1A21 IR BULLET (OUTDOOR),"","",30.0,PCS,163000.0,0.00 %,"",0.0,4890000.0,4890000.0,0.0,"",0.0,0.0,"","","","",0.0,0.0
09/06/2023,Faktur Pembelian,2302864,WAHANA,Lunas,"",16910000.0,0.0,09/07/2023,16910000.0,0.0,16910000.0,"","","","","","",CCTV CAM DAHUA HAC-T1A21 IR BULLET (INDOOR),"","",20.0,PCS,152000.0,0.00 %,"",0.0,3040000.0,3040000.0,0.0,"",0.0,0.0,"","","","",0.0,0.0
09/06/2023,Faktur Pembelian,2302864,WAHANA,Lunas,"",16910000.0,0.0,09/07/2023,16910000.0,0.0,16910000.0,"","","","","","",CCTV DVR DAHUA 8CH XVR1B08-1 (MH),"","",13.0,UNIT,620000.0,0.00 %,"",0.0,8060000.0,8060000.0,0.0,"",0.0,0.0,"","","","",0.0,0.0
09/06/2023,Faktur Pembelian,2302864,WAHANA,Lunas,"",16910000.0,0.0,09/07/2023,16910000.0,0.0,16910000.0,"","","","","","",CCTV DVR DAHUA DH-XVR1B04-I 4CH,"","",2.0,UNIT,460000.0,0.00 %,"",0.0,920000.0,920000.0,0.0,"",0.0,0.0,"","","","",0.0,0.0
09/06/2023,Faktur Pembelian,001515,LILI (PLATINUM),Lunas,"",1140000.0,1140000.0,09/07/2023,1140000.0,0.0,0.0,"","","","","","","LCD LAPTOP 11,6 30 PIN (KK)","","",3.0,PCS,380000.0,0.00 %,"",0.0,1140000.0,1140000.0,0.0,"",0.0,0.0,"","","","",0.0,0.0
09/06/2023,Faktur Pembelian,14458,ANDRIANY MUSTIKA SARI (cencen),Lunas,"",18812500.0,1987500.0,09/07/2023,18812500.0,0.0,16825000.0,"","","","","","",PLASTIK LAMINATING SAKURAI,"","",100.0,PACK,92500.0,0.00 %,"",0.0,9250000.0,9250000.0,0.0,"",0.0,0.0,"","","","",0.0,0.0
09/06/2023,Faktur Pembelian,14458,ANDRIANY MUSTIKA SARI (cencen),Lunas,"",18812500.0,1987500.0,09/07/2023,18812500.0,0.0,16825000.0,"","","","","","",MAP KERTAS KUNING,"","",100.0,PACK,21250.0,0.00 %,"",0.0,2125000.0,2125000.0,0.0,"",0.0,0.0,"","","","",0.0,0.0
09/06/2023,Faktur Pembelian,14458,ANDRIANY MUSTIKA SARI (cencen),Lunas,"",18812500.0,1987500.0,09/07/2023,18812500.0,0.0,16825000.0,"","","","","","",MAP KERTAS MERAH,"","",100.0,PACK,21250.0,0.00 %,"",0.0,2125000.0,2125000.0,0.0,"",0.0,0.0,"","","","",0.0,0.0
09/06/2023,Faktur Pembelian,14458,ANDRIANY MUSTIKA SARI (cencen),Lunas,"",18812500.0,1987500.0,09/07/2023,18812500.0,0.0,16825000.0,"","","","","","",MAP KERTAS BIRU,"","",250.0,PACK,21250.0,0.00 %,"",0.0,5312500.0,5312500.0,0.0,"",0.0,0.0,"","","","",0.0,0.0
10/06/2023,Faktur Pembelian,14426,IQ TRONIK,Lunas,"",10400000.0,0.0,10/07/2023,10400000.0,0.0,10400000.0,"","","","","","",KERTAS FOTO SPECTRA GLOSSY 260,"","",100.0,PCS,52000.0,0.00 %,"",0.0,5200000.0,5200000.0,0.0,"",0.0,0.0,"","","","",0.0,0.0
10/06/2023,Faktur Pembelian,14426,IQ TRONIK,Lunas,"",10400000.0,0.0,10/07/2023,10400000.0,0.0,10400000.0,"","","","","","",KERTAS FOTO SPECTRA SILKY 260,"","",100.0,PCS,52000.0,0.00 %,"",0.0,5200000.0,5200000.0,0.0,"",0.0,0.0,"","","","",0.0,0.0
10/06/2023,Faktur Pembelian,14427,HOUSE OF FRAME SURABAYA,Lunas,"",4460000.000016,4460000.000016,10/07/2023,4460000.000016,0.0,0.0,"","","","","","",BINGKAI FOTO 20X30 (10R JUMBO),"","",264.0,PCS,16893.939394,0.00 %,"",0.0,4460000.000016,4460000.000016,0.0,"",0.0,0.0,"","","","",0.0,0.0
10/06/2023,Faktur Pembelian,KARMEN / INV/2023/69786,WULAN (DISCOUNT NOTEBOOK),Lunas,"",330000.0,330000.0,10/07/2023,330000.0,0.0,0.0,"","","JL. SOEKARNO HATTA RT. 012  RW. 004 PANE, RASANAE BARAT","","","",KEYBOARD ACER V5 123 / 725,"","",5.0,PCS,66000.0,0.00 %,"",0.0,330000.0,330000.0,0.0,"",0.0,0.0,"","","","",0.0,0.0
10/06/2023,Faktur Pembelian,062023135166,AGUS (DORAN),Lunas,"",14000000.0,14000000.0,10/07/2023,14000000.0,0.0,0.0,"",SURABAYA,"","","","",SSD SANDISK PLUS 240GB,"","",50.0,PCS,280000.0,0.00 %,"",0.0,14000000.0,14000000.0,0.0,"",0.0,0.0,"","","","",0.0,0.0
10/06/2023,Faktur Pembelian,JL0000020528,IP COM TOKO,Lunas,"",5795000.0,5795000.0,10/07/2023,5795000.0,0.0,0.0,"","","","","","",KABEL POWER CPU HOWELL / HYDRA / DATAFAST,"","",100.0,PCS,13000.0,0.00 %,"",0.0,1288879.8,1300000.0,50000.0,"",0.0,0.0,"","","","",0.0,0.86
10/06/2023,Faktur Pembelian,JL0000020528,IP COM TOKO,Lunas,"",5795000.0,5795000.0,10/07/2023,5795000.0,0.0,0.0,"","","","","","",KABEL POWER LAPTOP HOWELL / HYDRA / DATAFAST,"","",100.0,PCS,13000.0,0.00 %,"",0.0,1288879.8,1300000.0,50000.0,"",0.0,0.0,"","","","",0.0,0.86
10/06/2023,Faktur Pembelian,JL0000020528,IP COM TOKO,Lunas,"",5795000.0,5795000.0,10/07/2023,5795000.0,0.0,0.0,"","","","","","",FD JOINT / INDILINX 8GB,"","",40.0,PCS,28000.0,0.00 %,"",0.0,1110419.52,1120000.0,50000.0,"",0.0,0.0,"","","","",0.0,0.86
10/06/2023,Faktur Pembelian,JL0000020528,IP COM TOKO,Lunas,"",5795000.0,5795000.0,10/07/2023,5795000.0,0.0,0.0,"","","","","","",SPEAKER BT E2202 KY,"","",5.0,UNIT,280000.0,0.00 %,"",0.0,1388024.4,1400000.0,50000.0,"",0.0,0.0,"","","","",0.0,0.86
10/06/2023,Faktur Pembelian,JL0000020528,IP COM TOKO,Lunas,"",5795000.0,5795000.0,10/07/2023,5795000.0,0.0,0.0,"","","","","","",SPEAKER BT E1304 2.1,"","",5.0,UNIT,145000.0,0.00 %,"",0.0,718798.35,725000.0,50000.0,"",0.0,0.0,"","","","",0.0,0.86
11/06/2023,Faktur Pembelian,14428,ONLINE,Lunas,"",800000.0,0.0,11/07/2023,800000.0,0.0,800000.0,"","","","","","",DRUM KIT BROTHER L2540 DW,"","",4.0,UNIT,200000.0,0.00 %,"",0.0,800000.0,800000.0,0.0,"",0.0,0.0,"","","","",0.0,0.0
12/06/2023,Faktur Pembelian,PJL-23-06-00244,PT. Surya Makmur Kreasindo (HJ),Lunas,"",12700000.0,0.0,26/06/2023,11441441.441441,1258558.558559,12700000.0,"",SURABAYA,"","",CV TIGA NUSA,"",* PRINTER EPSON L15150 A3 Wi-Fi (PSC ),"","",1.0,UNIT,11441441.441441,0.00 %,11.0,1258558.5585585099999874144144144149,11441441.441441,11441441.441441,0.0,"",0.0,0.0,PT. Surya Makmur Kreasindo,"",081515111951,"",0.0,0.0
12/06/2023,Faktur Pembelian,ACJ01/01/FP/2306/AB00005,PT. ANGKASA CERAH JAYA,Lunas,"",32750000.000001,0.0,26/06/2023,29504504.504505,3245495.495496,32750000.000001,"",SURABAYA,"","",CV TIGA NUSA,"","* ACER 5 A514 - 54G - 32GJ Ci3-1115G4 8GB 512GB SSD MX 350 2GB WIN 11 14""","","",5.0,UNIT,5900900.900901,0.00 %,11.0,3245495.4954955499999675450450450445,29504504.504505,29504504.504505,0.0,"",0.0,0.0,PT. ANGKASA CERAH JAYA,"",0815 5395 1313,"",0.0,0.0
12/06/2023,Faktur Pembelian,JL.2306.03415,CANDRA (BLESSING),Lunas,"",7620000.0,0.0,26/06/2023,7620000.0,0.0,7620000.0,"","","","",AGUS,"",PRINTER EPSON L1210 ECOTANK (Print Only),"","",4.0,UNIT,1905000.0,0.00 %,"",0.0,7620000.0,7620000.0,0.0,"",0.0,0.0,"","","","",0.0,0.0
12/06/2023,Faktur Pembelian,JL.2306.03484,CANDRA (BLESSING),Lunas,"",23390000.0,0.0,26/06/2023,21072072.072072,2317927.927928,23390000.0,"","","","",CV TIGA NUSA,"",* HP 14S I3-1115G4 4GB 512GB SSD WIN 11 NW,"","",2.0,UNIT,5265765.765766,0.00 %,11.0,1158468.4684685199999884153153153148,10531531.531532,10531531.531532,0.0,"",0.0,0.0,"","","","",0.0,0.0
12/06/2023,Faktur Pembelian,JL.2306.03484,CANDRA (BLESSING),Lunas,"",23390000.0,0.0,26/06/2023,21072072.072072,2317927.927928,23390000.0,"","","","",CV TIGA NUSA,"",* ASUS A1400EA FHD I3-1115G4 4GB 256GB SSD WIN 11 #,"","",2.0,UNIT,5270270.27027,0.00 %,11.0,1159459.459459399999988405405405406,10540540.54054,10540540.54054,0.0,"",0.0,0.0,"","","","",0.0,0.0
12/06/2023,Faktur Pembelian,14430,TATIK (LEGENDA),Lunas,"",1290000.0,0.0,12/07/2023,1290000.0,0.0,1290000.0,"","","","","","",TINTA EPSON 005 BLACK,"","",10.0,PCS,129000.0,0.00 %,"",0.0,1290000.0,1290000.0,0.0,"",0.0,0.0,"","","","",0.0,0.0
12/06/2023,Faktur Pembelian,2306216,CV. BALI IT SOLUSI (ENY),Lunas,"",12944999.999999,12944999.999999,26/06/2023,11662162.162161,1282837.837838,0.0,"","","","",CV TIGA NUSA,"",* HP 14S INTEL N4500 4GB 256GB SSD WIN 11,"","",3.0,UNIT,3887387.387387,0.00 %,11.0,1282837.8378377099999871716216216229,11662162.162161,11662162.162161,0.0,"",0.0,0.0,"","","","",0.0,0.0
12/06/2023,Faktur Pembelian,JL.2306.03329,CANDRA (BLESSING),Lunas,"",24800000.000002,0.0,26/06/2023,22342342.342344,2457657.657658,24800000.000002,"","","","",CV TIGA NUSA,"",* ACER 3 A314 36M Ci3-N305 / 8GB / 512GB SSD WIN 11,"","",4.0,UNIT,5585585.585586,0.00 %,11.0,2457657.6576578399999754234234234216,22342342.342344,22342342.342344,0.0,"",0.0,0.0,"","","","",0.0,0.0
12/06/2023,Faktur Pembelian,KARMEN / INV/2023/70758,WULAN (DISCOUNT NOTEBOOK),Lunas,"",305000.0,305000.0,12/07/2023,305000.0,0.0,0.0,"","","","","","",KEYBOARD ACER 722,"","",4.0,PCS,76250.0,0.00 %,"",0.0,305000.0,305000.0,0.0,"",0.0,0.0,"","","","",0.0,0.0
12/06/2023,Faktur Pembelian,FK 3113,BETA COM,Lunas,"",3530000.0,0.0,26/06/2023,3530000.0,0.0,3530000.0,"","","","","","",CATRDIGE CANON CA91 / BH7 (G2010),"","",10.0,PCS,353000.0,0.00 %,"",0.0,3530000.0,3530000.0,0.0,"",0.0,0.0,"","","","",0.0,0.0
12/06/2023,Faktur Pembelian,FK 3109,BETA COM,Lunas,"",9888000.0,0.0,26/06/2023,9888000.0,0.0,9888000.0,"","","","","","",TINTA CANON ORI 790 BLACK,"","",24.0,PCS,102000.0,0.00 %,"",0.0,2448000.0,2448000.0,0.0,"",0.0,0.0,"","","","",0.0,0.0
12/06/2023,Faktur Pembelian,FK 3109,BETA COM,Lunas,"",9888000.0,0.0,26/06/2023,9888000.0,0.0,9888000.0,"","","","","","",TINTA CANON ORI 790 MAGENTA,"","",40.0,PCS,93000.0,0.00 %,"",0.0,3720000.0,3720000.0,0.0,"",0.0,0.0,"","","","",0.0,0.0
12/06/2023,Faktur Pembelian,FK 3109,BETA COM,Lunas,"",9888000.0,0.0,26/06/2023,9888000.0,0.0,9888000.0,"","","","","","",TINTA CANON ORI 790 CYAN,"","",40.0,PCS,93000.0,0.00 %,"",0.0,3720000.0,3720000.0,0.0,"",0.0,0.0,"","","","",0.0,0.0
12/06/2023,Faktur Pembelian,JL5523060457,YULI (HP CENTRE),Lunas,"",3050000.0,3050000.0,12/07/2023,3050000.0,0.0,0.0,"","","","",RAHMAT,"",BLUEPRINT TRANSPARANT FILM STIKER WATER RESISTANT A4,"","",100.0,PCS,30500.0,0.00 %,"",0.0,3050000.0,3050000.0,0.0,"",0.0,0.0,"","","","",0.0,0.0
13/06/2023,Faktur Pembelian,14431,EKO HASAN,Lunas,"",298000.000005,5.0e-06,13/07/2023,298000.000005,0.0,298000.0,"","","","","","",KABEL FLEXY HEAD EPSON ( KECIL ),"","",15.0,PCS,19866.666667,0.00 %,"",0.0,298000.000005,298000.000005,0.0,"",0.0,0.0,"","","","",5.0e-06,0.0
13/06/2023,Faktur Pembelian,14432,FIKTIF BELI,Lunas,"",110000.0,0.0,13/07/2023,110000.0,0.0,110000.0,"","","","","","",BATERAI CAMERA CANON LP E10,"","",1.0,PCS,110000.0,0.00 %,"",0.0,110000.0,110000.0,0.0,"",0.0,0.0,"","","","",0.0,0.0
13/06/2023,Faktur Pembelian,JL.2306.03746,CANDRA (BLESSING),Lunas,"",6400000.0,0.0,27/06/2023,6400000.0,0.0,6400000.0,"","","","",RAHMAT,"",KABEL LAN BELDEN USA CAT 5,"","",4.0,DUS,1600000.0,0.00 %,"",0.0,6400000.0,6400000.0,0.0,"",0.0,0.0,"","","","",0.0,0.0
13/06/2023,Faktur Pembelian,14433,TK WIJAYA,Lunas,LEGALA ,3500000.0,0.0,13/07/2023,3500000.0,0.0,3500000.0,"","","","","","",KERTAS ART PAPER 150 GSM F4,"","",50.0,PCS,36500.0,0.00 %,"",0.0,1825000.0,1825000.0,0.0,"",0.0,0.0,"","","","",0.0,0.0
13/06/2023,Faktur Pembelian,14433,TK WIJAYA,Lunas,LEGALA ,3500000.0,0.0,13/07/2023,3500000.0,0.0,3500000.0,"","","","","","",KERTAS ART PAPER A4 150 GRAM,"","",50.0,PCS,33500.0,0.00 %,"",0.0,1675000.0,1675000.0,0.0,"",0.0,0.0,"","","","",0.0,0.0
13/06/2023,Faktur Pembelian,14434,FIKTIF BELI,Lunas,"",63839.36,0.0,13/07/2023,63839.36,0.0,63839.36,"","","","","","",SIDU F4 WARNA BIRU,"","",1.0,PCS,63839.36,0.00 %,"",0.0,63839.36,63839.36,0.0,"",0.0,0.0,"","","","",0.0,0.0
13/06/2023,Faktur Pembelian,PJL-23-06-00355,PT. Surya Makmur Kreasindo (HJ),Lunas,"",16199999.999995,16199999.999995,27/06/2023,14594594.59459,1605405.405405,0.0,"",SURABAYA,"","",CV TIGA NUSA,"",* PRINTER EPSON L121,"","",10.0,UNIT,1459459.459459,0.00 %,11.0,1605405.405404899999983945945945951,14594594.59459,14594594.59459,0.0,"",0.0,0.0,PT. Surya Makmur Kreasindo,"",081515111951,"",0.0,0.0
13/06/2023,Faktur Pembelian,001517,LILI (PLATINUM),Lunas,"",830000.0,830000.0,13/07/2023,830000.0,0.0,0.0,"","","","","","",KEYBOARD LAPTOP TOSHIBA L645 DOFF,"","",2.0,PCS,70000.0,0.00 %,"",0.0,140000.0,140000.0,0.0,"",0.0,0.0,"","","","",0.0,0.0
13/06/2023,Faktur Pembelian,001517,LILI (PLATINUM),Lunas,"",830000.0,830000.0,13/07/2023,830000.0,0.0,0.0,"","","","","","",keyboard acer es1 132 tombol on off,"","",6.0,PCS,90000.0,0.00 %,"",0.0,540000.0,540000.0,0.0,"",0.0,0.0,"","","","",0.0,0.0
13/06/2023,Faktur Pembelian,001517,LILI (PLATINUM),Lunas,"",830000.0,830000.0,13/07/2023,830000.0,0.0,0.0,"","","","","","",KEYBOARD ACER ES1 432,"","",2.0,PCS,75000.0,0.00 %,"",0.0,150000.0,150000.0,0.0,"",0.0,0.0,"","","","",0.0,0.0
13/06/2023,Faktur Pembelian,001519,LILI (PLATINUM),Lunas,"",2420000.0,2420000.0,13/07/2023,2420000.0,0.0,0.0,"","","","","","",LCD LAPTOP 14 TIPIS 30 PIN,"","",2.0,PCS,510000.0,0.00 %,"",0.0,1020000.0,1020000.0,0.0,"",0.0,0.0,"","","","",0.0,0.0
13/06/2023,Faktur Pembelian,001519,LILI (PLATINUM),Lunas,"",2420000.0,2420000.0,13/07/2023,2420000.0,0.0,0.0,"","","","","","","LCD 15,6 SMALL FRAME 144HZ","","",1.0,PCS,1400000.0,0.00 %,"",0.0,1400000.0,1400000.0,0.0,"",0.0,0.0,"","","","",0.0,0.0
13/06/2023,Faktur Pembelian,PJL-23-06-00289,PT. Surya Makmur Kreasindo (HJ),Lunas,"",16199999.999995,0.0,27/06/2023,14594594.59459,1605405.405405,16199999.999995,"",SURABAYA,"","",CV TIGA NUSA,"",* PRINTER EPSON L121,"","",10.0,UNIT,1459459.459459,0.00 %,11.0,1605405.405404899999983945945945951,14594594.59459,14594594.59459,0.0,"",0.0,0.0,PT. Surya Makmur Kreasindo,"",081515111951,"",0.0,0.0
14/06/2023,Faktur Pembelian,JL.2306.03936,CANDRA (BLESSING),Lunas,"",28999000.0,0.0,28/06/2023,28999000.0,0.0,28999000.0,"","","","",AGUS,"",ASUS M415DAO-FHD RYZEN 3 3250U 8GB 256GB SSD #,"","",2.0,UNIT,5445000.0,0.00 %,"",0.0,10890000.0,10890000.0,0.0,"",0.0,0.0,"","","","",0.0,0.0
14/06/2023,Faktur Pembelian,JL.2306.03936,CANDRA (BLESSING),Lunas,"",28999000.0,0.0,28/06/2023,28999000.0,0.0,28999000.0,"","","","",AGUS,"","LED LG 24MP60G - B 24 FHD IPS (1920 x 1080) 75Hz,5ms #","","",1.0,UNIT,1565000.0,0.00 %,"",0.0,1565000.0,1565000.0,0.0,"",0.0,0.0,"","","","",0.0,0.0
14/06/2023,Faktur Pembelian,JL.2306.03936,CANDRA (BLESSING),Lunas,"",28999000.0,0.0,28/06/2023,28999000.0,0.0,28999000.0,"","","","",AGUS,"",ASUS A1400EA - VIPS551 I5-1135G7 8GB 512GB SSD WIN11,"","",1.0,UNIT,8650000.0,0.00 %,"",0.0,8650000.0,8650000.0,0.0,"",0.0,0.0,"","","","",0.0,0.0
14/06/2023,Faktur Pembelian,JL.2306.03936,CANDRA (BLESSING),Lunas,"",28999000.0,0.0,28/06/2023,28999000.0,0.0,28999000.0,"","","","",AGUS,"",ASUS M1403QA-VIPS AMD Ryzen 5 5600H 8GB 512GB SSD W11 Home + OHS 2021 #,"","",1.0,UNIT,7894000.0,0.00 %,"",0.0,7894000.0,7894000.0,0.0,"",0.0,0.0,"","","","",0.0,0.0
14/06/2023,Faktur Pembelian,JL.2306.04148,CANDRA (BLESSING),Lunas,"",20010000.0,0.0,28/06/2023,20010000.0,0.0,20010000.0,"","","","",AGUS,"",AIO ACER C22 1700 Ci5 - 1235U 8GB 512GB SSD INTEL IRIS XE W11,"","",2.0,UNIT,10005000.0,0.00 %,"",0.0,20010000.0,20010000.0,0.0,"",0.0,0.0,"","","","",0.0,0.0
14/06/2023,Faktur Pembelian,JL.2306.04350,CANDRA (BLESSING),Lunas,"",21675000.0,21675000.0,28/06/2023,21675000.0,0.0,0.0,"","","","",RAHMAT,"",LENOVO IDEAPAD 1 14IGL7 N4020 8GB SSD 256GB #,"","",5.0,UNIT,4335000.0,0.00 %,"",0.0,21675000.0,21675000.0,0.0,"",0.0,0.0,"","","","",0.0,0.0
14/06/2023,Faktur Pembelian,jl.2306.04357,CANDRA (BLESSING),Lunas,konsi ,17339999.999998,0.0,28/06/2023,15621621.62162,1718378.378378,17339999.999998,"","","","",CV TIGA NUSA,"",* LENOVO IDEAPAD 1 14IGL7 INTEL N4020 8GB 256GB SSD WIN 11 KS,"","",4.0,UNIT,3905405.405405,0.00 %,11.0,1718378.378378199999982816216216218,15621621.62162,15621621.62162,0.0,"",0.0,0.0,"","","","",0.0,0.0
14/06/2023,Faktur Pembelian,JL / 23 / 06 / 00000177,CV. NOAH SEJAHTERA ABADI,Lunas,"",7500000.0,7500000.0,28/06/2023,7500000.0,0.0,0.0,"","","","","","","LED MONITOR PIXEL 19""","","",10.0,UNIT,750000.0,0.00 %,"",0.0,7500000.0,7500000.0,0.0,"",0.0,0.0,"","","","",0.0,0.0
15/06/2023,Faktur Pembelian,14438,DARMA DJ COMP,Lunas,"",14000000.0,0.0,15/07/2023,14000000.0,0.0,14000000.0,"","","","","","",ASUS BR1100CKA INTEL N4500 4GB 128GB eMMC WIN 11,"","",4.0,UNIT,3500000.0,0.00 %,"",0.0,14000000.0,14000000.0,0.0,"",0.0,0.0,"","","",087876835295,0.0,0.0
15/06/2023,Faktur Pembelian,JL.2306.04470,CANDRA (BLESSING),Lunas,"",10325000.0,0.0,29/06/2023,10325000.0,0.0,10325000.0,"","","","",AGUS,"",TPLINK ROUTER TL WR840N,"","",15.0,PCS,150000.0,0.00 %,"",0.0,2250000.0,2250000.0,0.0,"",0.0,0.0,"","","","",0.0,0.0
15/06/2023,Faktur Pembelian,JL.2306.04470,CANDRA (BLESSING),Lunas,"",10325000.0,0.0,29/06/2023,10325000.0,0.0,10325000.0,"","","","",AGUS,"","PRINTER EPSON L3250 WIFI (PRINT, SCAN, COPY)","","",1.0,UNIT,2830000.0,0.00 %,"",0.0,2830000.0,2830000.0,0.0,"",0.0,0.0,"","","","",0.0,0.0
15/06/2023,Faktur Pembelian,JL.2306.04470,CANDRA (BLESSING),Lunas,"",10325000.0,0.0,29/06/2023,10325000.0,0.0,10325000.0,"","","","",AGUS,"",CASING PC COOLER PLATINUM LM3000W ARGB,"","",1.0,UNIT,450000.0,0.00 %,"",0.0,450000.0,450000.0,0.0,"",0.0,0.0,"","","","",0.0,0.0
15/06/2023,Faktur Pembelian,JL.2306.04470,CANDRA (BLESSING),Lunas,"",10325000.0,0.0,29/06/2023,10325000.0,0.0,10325000.0,"","","","",AGUS,"",SSD LEXAR 512GB NM620 M.2 2280 NVME PCIE GEN 3X4,"","",1.0,PCS,500000.0,0.00 %,"",0.0,500000.0,500000.0,0.0,"",0.0,0.0,"","","","",0.0,0.0
15/06/2023,Faktur Pembelian,JL.2306.04470,CANDRA (BLESSING),Lunas,"",10325000.0,0.0,29/06/2023,10325000.0,0.0,10325000.0,"","","","",AGUS,"",RAM PC CORSAIR DDR4 PC1X16GB VENGEANCE RGB RS NW,"","",1.0,PCS,785000.0,0.00 %,"",0.0,785000.0,785000.0,0.0,"",0.0,0.0,"","","","",0.0,0.0
15/06/2023,Faktur Pembelian,JL.2306.04470,CANDRA (BLESSING),Lunas,"",10325000.0,0.0,29/06/2023,10325000.0,0.0,10325000.0,"","","","",AGUS,"",PROC RYZEN 5 5600G,"","",1.0,PCS,2040000.0,0.00 %,"",0.0,2040000.0,2040000.0,0.0,"",0.0,0.0,"","","","",0.0,0.0
15/06/2023,Faktur Pembelian,JL.2306.04470,CANDRA (BLESSING),Lunas,"",10325000.0,0.0,29/06/2023,10325000.0,0.0,10325000.0,"","","","",AGUS,"",MB MSI B450 GAMING PLUS MAX,"","",1.0,PCS,1470000.0,0.00 %,"",0.0,1470000.0,1470000.0,0.0,"",0.0,0.0,"","","","",0.0,0.0
15/06/2023,Faktur Pembelian,JL.2306.04696,CANDRA (BLESSING),Lunas,"",680000.0,0.0,29/06/2023,680000.0,0.0,680000.0,"","","","",AGUS,"",PSU AEROCOOL LUX RGB MODULAR 650W #,"","",1.0,PCS,680000.0,0.00 %,"",0.0,680000.0,680000.0,0.0,"",0.0,0.0,"","","","",0.0,0.0
15/06/2023,Faktur Pembelian,JL.2306.04715,CANDRA (BLESSING),Lunas,"",9950000.0,9950000.0,29/06/2023,9950000.0,0.0,0.0,"","","","",RAHMAT,"",AIO ASUS V222GAK INTEL J4025 4GB 256GB SSD #,"","",2.0,UNIT,4975000.0,0.00 %,"",0.0,9950000.0,9950000.0,0.0,"",0.0,0.0,"","","","",0.0,0.0
15/06/2023,Faktur Pembelian,14439,PERDANA SURABAYA,Lunas,"",6050000.0,0.0,15/07/2023,6050000.0,0.0,6050000.0,"","","","","","",TV SAMSUNG 55AU7000,"","",1.0,UNIT,6050000.0,0.00 %,"",0.0,6050000.0,6050000.0,0.0,"",0.0,0.0,"","","","",0.0,0.0
15/06/2023,Faktur Pembelian,00641044_036,PRIYO (K GALAXY),Lunas,"",43300000.0,43300000.0,15/07/2023,43300000.0,0.0,0.0,"","","","","","",PRINTER EPSON L3210,"","",20.0,UNIT,2165000.0,0.00 %,"",0.0,43300000.0,43300000.0,0.0,"",0.0,0.0,"","","","",0.0,0.0
15/06/2023,Faktur Pembelian,14441,FIKTIF BELI,Lunas,"",27000000.0,0.0,15/07/2023,27000000.0,0.0,27000000.0,"","","","","","",JASA PASANG CCTV LUAR KOTA,"","",100.0,JASA,150000.0,0.00 %,"",0.0,15000000.0,15000000.0,0.0,"",0.0,0.0,"","","","",0.0,0.0
15/06/2023,Faktur Pembelian,14441,FIKTIF BELI,Lunas,"",27000000.0,0.0,15/07/2023,27000000.0,0.0,27000000.0,"","","","","","",JASA PASANG CCTV DALAM KOTA,"","",100.0,JASA,120000.0,0.00 %,"",0.0,12000000.0,12000000.0,0.0,"",0.0,0.0,"","","","",0.0,0.0
15/06/2023,Faktur Pembelian,14442,FIKTIF BELI,Lunas,"",300000.0,0.0,15/07/2023,300000.0,0.0,300000.0,"","","","","","",BATERAI LAPTOP TOSHIBA PA 5185 U,"","",1.0,PCS,300000.0,0.00 %,"",0.0,300000.0,300000.0,0.0,"",0.0,0.0,"","","","",0.0,0.0
15/06/2023,Faktur Pembelian,14443,FIKTIF BELI,Lunas,"",105000.0,0.0,15/07/2023,105000.0,0.0,105000.0,"","","","","","",CHARGER CANON LC E10,"","",1.0,PCS,105000.0,0.00 %,"",0.0,105000.0,105000.0,0.0,"",0.0,0.0,"","","","",0.0,0.0
15/06/2023,Faktur Pembelian,14444,FIKTIF BELI,Lunas,"",10000.0,0.0,15/07/2023,10000.0,0.0,10000.0,"","","","","","",CONVERTER USB TO PS 2,"","",1.0,PCS,10000.0,0.00 %,"",0.0,10000.0,10000.0,0.0,"",0.0,0.0,"","","","",0.0,0.0
15/06/2023,Faktur Pembelian,14445,FIKTIF BELI,Lunas,"",245000.0,0.0,15/07/2023,245000.0,0.0,245000.0,"","","","","","",DVD-R GT PRO,"","",100.0,PCS,2450.0,0.00 %,"",0.0,245000.0,245000.0,0.0,"",0.0,0.0,"","","","",0.0,0.0
15/06/2023,Faktur Pembelian,14446,FIKTIF BELI,Lunas,"",51000.0,0.0,15/07/2023,51000.0,0.0,51000.0,"","","","","","",FD FORCE CZ71 16GB SANDISK (METAL),"","",1.0,PCS,51000.0,0.00 %,"",0.0,51000.0,51000.0,0.0,"",0.0,0.0,"","","","",0.0,0.0
15/06/2023,Faktur Pembelian,14447,FIKTIF BELI,Lunas,"",86000.0,0.0,15/07/2023,86000.0,0.0,86000.0,"","","","","","",HUB USB RBT 4 PORT,"","",2.0,PCS,43000.0,0.00 %,"",0.0,86000.0,86000.0,0.0,"",0.0,0.0,"","","","",0.0,0.0
15/06/2023,Faktur Pembelian,14448,FIKTIF BELI,Lunas,"",13000.0,0.0,15/07/2023,13000.0,0.0,13000.0,"","","","","","",KABEL POWER PRINTER,"","",2.0,PCS,6500.0,0.00 %,"",0.0,13000.0,13000.0,0.0,"",0.0,0.0,"","","","",0.0,0.0
15/06/2023,Faktur Pembelian,14449,FIKTIF BELI,Lunas,"",67000.0,0.0,15/07/2023,67000.0,0.0,67000.0,"","","","","","",KEYBOARD VOTRE,"","",2.0,PCS,33500.0,0.00 %,"",0.0,67000.0,67000.0,0.0,"",0.0,0.0,"","","","",0.0,0.0
15/06/2023,Faktur Pembelian,14450,FIKTIF BELI,Lunas,"",1260000.0,0.0,15/07/2023,1260000.0,0.0,1260000.0,"","","","","","",PSU CPU MAGIX,"","",10.0,UNIT,126000.0,0.00 %,"",0.0,1260000.0,1260000.0,0.0,"",0.0,0.0,"","","","",0.0,0.0
15/06/2023,Faktur Pembelian,14451,FIKTIF BELI,Lunas,"",9000.0,0.0,15/07/2023,9000.0,0.0,9000.0,"","","","","","",STEKER LISTRIK BULAT,"","",1.0,PCS,9000.0,0.00 %,"",0.0,9000.0,9000.0,0.0,"",0.0,0.0,"","","","",0.0,0.0
15/06/2023,Faktur Pembelian,001520,LILI (PLATINUM),Lunas,"",5340000.0,5340000.0,15/07/2023,5340000.0,0.0,0.0,"","","","","","","LCD LAPTOP 11,6 30 PIN (AB)","","",6.0,PCS,420000.0,0.00 %,"",0.0,2520000.0,2520000.0,0.0,"",0.0,0.0,"","","","",0.0,0.0
15/06/2023,Faktur Pembelian,001520,LILI (PLATINUM),Lunas,"",5340000.0,5340000.0,15/07/2023,5340000.0,0.0,0.0,"","","","","","",LCD LAPTOP 14 30 PIN SMALL FRAME NO BR,"","",6.0,PCS,470000.0,0.00 %,"",0.0,2820000.0,2820000.0,0.0,"",0.0,0.0,"","","","",0.0,0.0
15/06/2023,Faktur Pembelian,JL5523060651,YULI (HP CENTRE),Lunas,"",2448000.0,2448000.0,15/07/2023,2448000.0,0.0,0.0,"","","","",RAHMAT,"",BLUEPRINT PRINTER LITE DEKSTOP USB - LITE80L,"","",3.0,UNIT,816000.0,0.00 %,"",0.0,2448000.0,2448000.0,0.0,"",0.0,0.0,"","","","",0.0,0.0
15/06/2023,Faktur Pembelian,00640997_036,PRIYO (K GALAXY),Lunas,"",2190000.0,2190000.0,15/07/2023,2190000.0,0.0,0.0,"","","","","","",SPEAKER ADVANCE K1506,"","",2.0,UNIT,1095000.0,0.00 %,"",0.0,2190000.0,2190000.0,0.0,"",0.0,0.0,"","","","",0.0,0.0
16/06/2023,Faktur Pembelian,14452,FIKTIF BELI,Lunas,"",104000.0,0.0,16/07/2023,104000.0,0.0,104000.0,"","","","","","",RJ45 COMMSCOPE,"","",50.0,BIJI,2080.0,0.00 %,"",0.0,104000.0,104000.0,0.0,"",0.0,0.0,"","","","",0.0,0.0
16/06/2023,Faktur Pembelian,JL.2306.04988,CANDRA (BLESSING),Lunas,"",1220000.0,0.0,30/06/2023,1220000.0,0.0,1220000.0,"","","","",AGUS,"","HDD NOTEBOOK 2,5 WD SATA 1TB","","",2.0,PCS,610000.0,0.00 %,"",0.0,1220000.0,1220000.0,0.0,"",0.0,0.0,"","","","",0.0,0.0
16/06/2023,Faktur Pembelian,14453,TATIK (LEGENDA),Lunas,"",43000000.0,0.0,16/07/2023,43000000.0,0.0,43000000.0,"","","","","","",PRINTER EPSON L3210,"","",20.0,UNIT,2150000.0,0.00 %,"",0.0,43000000.0,43000000.0,0.0,"",0.0,0.0,"","","","",0.0,0.0
16/06/2023,Faktur Pembelian,JL.2306.04983,CANDRA (BLESSING),Lunas,"",42449999.999996,0.0,30/06/2023,38243243.24324,4206756.756756,42449999.999996,"","","","",CV TIGA NUSA,"","* ASUS A416MAO INTEL N4020 4GB 256GB SSD 14""","","",10.0,UNIT,3824324.324324,0.00 %,11.0,4206756.756756399999957932432432436,38243243.24324,38243243.24324,0.0,"",0.0,0.0,"","","","",0.0,0.0
16/06/2023,Faktur Pembelian,14454,RIO MATRIX TOKO,Lunas,"",100000.0,0.0,16/07/2023,100000.0,0.0,100000.0,"","","","","","",KEYBOARD LAPTOP ASUS X200 BLACK,"","",1.0,PCS,100000.0,0.00 %,"",0.0,100000.0,100000.0,0.0,"",0.0,0.0,"","","","",0.0,0.0
16/06/2023,Faktur Pembelian,14455,FIKTIF BELI,Lunas,"",120000.0,0.0,16/07/2023,120000.0,0.0,120000.0,"","","","","","",TINTA CANON ORI 790 BLACK NON PACK,"","",1.0,PCS,30000.0,0.00 %,"",0.0,30000.0,30000.0,0.0,"",0.0,0.0,"","","","",0.0,0.0
16/06/2023,Faktur Pembelian,14455,FIKTIF BELI,Lunas,"",120000.0,0.0,16/07/2023,120000.0,0.0,120000.0,"","","","","","",TINTA CANON ORI 790 CYAN NON PACK,"","",1.0,PCS,30000.0,0.00 %,"",0.0,30000.0,30000.0,0.0,"",0.0,0.0,"","","","",0.0,0.0
16/06/2023,Faktur Pembelian,14455,FIKTIF BELI,Lunas,"",120000.0,0.0,16/07/2023,120000.0,0.0,120000.0,"","","","","","",TINTA CANON ORI 790 YELLOW NON PACK,"","",1.0,PCS,30000.0,0.00 %,"",0.0,30000.0,30000.0,0.0,"",0.0,0.0,"","","","",0.0,0.0
16/06/2023,Faktur Pembelian,14455,FIKTIF BELI,Lunas,"",120000.0,0.0,16/07/2023,120000.0,0.0,120000.0,"","","","","","",TINTA CANON ORI 790 MAGENTA NON PACK,"","",1.0,PCS,30000.0,0.00 %,"",0.0,30000.0,30000.0,0.0,"",0.0,0.0,"","","","",0.0,0.0
16/06/2023,Faktur Pembelian,14456,IQ TRONIK,Lunas,"",10500000.0,0.0,16/07/2023,10500000.0,0.0,10500000.0,"","","","","","",KERTAS FOTO SPECTRA GLOSSY 260,"","",160.0,PCS,52500.0,0.00 %,"",0.0,8400000.0,8400000.0,0.0,"",0.0,0.0,"","","","",0.0,0.0
16/06/2023,Faktur Pembelian,14456,IQ TRONIK,Lunas,"",10500000.0,0.0,16/07/2023,10500000.0,0.0,10500000.0,"","","","","","",KERTAS FOTO SPECTRA SILKY 260,"","",40.0,PCS,52500.0,0.00 %,"",0.0,2100000.0,2100000.0,0.0,"",0.0,0.0,"","","","",0.0,0.0
16/06/2023,Faktur Pembelian,KARMEN / INV / 2023/73510,WULAN (DISCOUNT NOTEBOOK),Lunas,"",394999.999998,394999.999998,16/07/2023,394999.999998,0.0,0.0,"","","","","","",KEYBOARD LAPTOP ASUS X200 BLACK,"","",6.0,PCS,65833.333333,0.00 %,"",0.0,394999.999998,394999.999998,0.0,"",0.0,0.0,"","","","",0.0,0.0
16/06/2023,Faktur Pembelian,001522,LILI (PLATINUM),Lunas,"",5125000.0,5125000.0,16/07/2023,5125000.0,0.0,0.0,"","","","","","",KEYBOARD MINI BANDA / MURAGO,"","",60.0,PCS,40000.0,0.00 %,"",0.0,2400000.0,2400000.0,0.0,"",0.0,0.0,"","","","",0.0,0.0
16/06/2023,Faktur Pembelian,001522,LILI (PLATINUM),Lunas,"",5125000.0,5125000.0,16/07/2023,5125000.0,0.0,0.0,"","","","","","",KABEL POWER PRINTER HYDRA / SANURPRO,"","",20.0,PCS,14000.0,0.00 %,"",0.0,280000.0,280000.0,0.0,"",0.0,0.0,"","","","",0.0,0.0
16/06/2023,Faktur Pembelian,001522,LILI (PLATINUM),Lunas,"",5125000.0,5125000.0,16/07/2023,5125000.0,0.0,0.0,"","","","","","",KABEL POWER PRINTER HYDRA / SANURPRO,"","",30.0,PCS,11500.0,0.00 %,"",0.0,345000.0,345000.0,0.0,"",0.0,0.0,"","","","",0.0,0.0
16/06/2023,Faktur Pembelian,001522,LILI (PLATINUM),Lunas,"",5125000.0,5125000.0,16/07/2023,5125000.0,0.0,0.0,"","","","","","",CONNECTOR RJ45 BIASA,"","",20.0,PACK,21000.0,0.00 %,"",0.0,420000.0,420000.0,0.0,"",0.0,0.0,"","","","",0.0,0.0
16/06/2023,Faktur Pembelian,001522,LILI (PLATINUM),Lunas,"",5125000.0,5125000.0,16/07/2023,5125000.0,0.0,0.0,"","","","","","",BATERAI ACER ES1 432 AS16A8K / AS16A5K,"","",1.0,PCS,330000.0,0.00 %,"",0.0,330000.0,330000.0,0.0,"",0.0,0.0,"","","","",0.0,0.0
16/06/2023,Faktur Pembelian,001522,LILI (PLATINUM),Lunas,"",5125000.0,5125000.0,16/07/2023,5125000.0,0.0,0.0,"","","","","","",BATERAI TOSHIBA PA5024U (C800),"","",1.0,PCS,230000.0,0.00 %,"",0.0,230000.0,230000.0,0.0,"",0.0,0.0,"","","","",0.0,0.0
16/06/2023,Faktur Pembelian,001522,LILI (PLATINUM),Lunas,"",5125000.0,5125000.0,16/07/2023,5125000.0,0.0,0.0,"","","","","","",HDMI SPLITER 4 PORT GAINTECH / SANURPRO,"","",2.0,PCS,255000.0,0.00 %,"",0.0,510000.0,510000.0,0.0,"",0.0,0.0,"","","","",0.0,0.0
16/06/2023,Faktur Pembelian,001522,LILI (PLATINUM),Lunas,"",5125000.0,5125000.0,16/07/2023,5125000.0,0.0,0.0,"","","","","","",BATERAI LAPTOP TOSHIBA PA 5185 U,"","",1.0,PCS,250000.0,0.00 %,"",0.0,250000.0,250000.0,0.0,"",0.0,0.0,"","","","",0.0,0.0
16/06/2023,Faktur Pembelian,001522,LILI (PLATINUM),Lunas,"",5125000.0,5125000.0,16/07/2023,5125000.0,0.0,0.0,"","","","","","",BATERAI LAPTOP ASUS A407,"","",1.0,PCS,360000.0,0.00 %,"",0.0,360000.0,360000.0,0.0,"",0.0,0.0,"","","","",0.0,0.0
16/06/2023,Faktur Pembelian,00641126_036,PRIYO (K GALAXY),Lunas,"",4225000.0,4225000.0,16/07/2023,4225000.0,0.0,0.0,"","","","","","",MB GIGABYTE GA H81M DS2,"","",3.0,PCS,945000.0,0.00 %,"",0.0,2835000.0,2835000.0,0.0,"",0.0,0.0,"","","","",0.0,0.0
16/06/2023,Faktur Pembelian,00641126_036,PRIYO (K GALAXY),Lunas,"",4225000.0,4225000.0,16/07/2023,4225000.0,0.0,0.0,"","","","","","",MB G41 EZPRO,"","",4.0,PCS,347500.0,0.00 %,"",0.0,1390000.0,1390000.0,0.0,"",0.0,0.0,"","","","",0.0,0.0
16/06/2023,Faktur Pembelian,00621385_044,PRIYO (K GALAXY),Lunas,"",5362500.0,5362500.0,16/07/2023,5362500.0,0.0,0.0,"","","","","","","TRIPOT LAYAR PROJECTOR 70"" 172cm x 172cm SCREEN PROJECTOR","","",15.0,PCS,357500.0,0.00 %,"",0.0,5362500.0,5362500.0,0.0,"",0.0,0.0,"","","","",0.0,0.0
16/06/2023,Faktur Pembelian,JL8823060024,YULI (HP CENTRE),Lunas,"",10500000.0,10500000.0,16/07/2023,10500000.0,0.0,0.0,"","","","","","",BLUEPRINT CANON YELLOW (100ML),"","",100.0,PCS,35000.0,0.00 %,"",0.0,3500000.0,3500000.0,0.0,"",0.0,0.0,"","","","",0.0,0.0
16/06/2023,Faktur Pembelian,JL8823060024,YULI (HP CENTRE),Lunas,"",10500000.0,10500000.0,16/07/2023,10500000.0,0.0,0.0,"","","","","","",BLUEPRINT CANON CYAN (100ML),"","",100.0,PCS,35000.0,0.00 %,"",0.0,3500000.0,3500000.0,0.0,"",0.0,0.0,"","","","",0.0,0.0
16/06/2023,Faktur Pembelian,JL8823060024,YULI (HP CENTRE),Lunas,"",10500000.0,10500000.0,16/07/2023,10500000.0,0.0,0.0,"","","","","","",BLUEPRINT CANON MAGENTA (100ML),"","",100.0,PCS,35000.0,0.00 %,"",0.0,3500000.0,3500000.0,0.0,"",0.0,0.0,"","","","",0.0,0.0
17/06/2023,Faktur Pembelian,PJL-23-06-00380,PT. Surya Makmur Kreasindo (HJ),Lunas,"",29969999.999992,29969999.999992,01/07/2023,26999999.999993,2969999.999999,0.0,"",SURABAYA,"","",CV TIGA NUSA,"",* PRINTER EPSON L121,"","",16.0,UNIT,1459459.459459,0.00 %,11.0,2568648.6486478399999743135135135216,23351351.351344,23351351.351344,0.0,"",0.0,0.0,PT. Surya Makmur Kreasindo,"",081515111951,"",0.0,0.0
17/06/2023,Faktur Pembelian,PJL-23-06-00380,PT. Surya Makmur Kreasindo (HJ),Lunas,"",29969999.999992,29969999.999992,01/07/2023,26999999.999993,2969999.999999,0.0,"",SURABAYA,"","",CV TIGA NUSA,"",* PRINTER EPSON L5290,"","",1.0,UNIT,3648648.648649,0.00 %,11.0,401351.3513513899999959864864864861,3648648.648649,3648648.648649,0.0,"",0.0,0.0,PT. Surya Makmur Kreasindo,"",081515111951,"",0.0,0.0
17/06/2023,Faktur Pembelian,14459,KO ROBBY,Lunas,"",670006.999984,0.0,17/07/2023,670006.999984,0.0,670006.999984,"","","","","","",BATERAI PANASONIC / ENR POWER/ ABC  ALKALINE AA,"","",72.0,PCS,6000.097222,0.00 %,"",0.0,432006.999984,432006.999984,0.0,"",0.0,0.0,"","","","",0.0,0.0
17/06/2023,Faktur Pembelian,14459,KO ROBBY,Lunas,"",670006.999984,0.0,17/07/2023,670006.999984,0.0,670006.999984,"","","","","","",BATERAI PANASONIC PRIMA / EVR MERAH AAA,"","",100.0,PCS,2380.0,0.00 %,"",0.0,238000.0,238000.0,0.0,"",0.0,0.0,"","","","",0.0,0.0
17/06/2023,Faktur Pembelian,JL.2306.05311,CANDRA (BLESSING),Lunas,"",51380000.0,51380000.0,01/07/2023,46288288.288288,5091711.711712,0.0,"","","","",CV TIGA NUSA,"","* ACER 5 A514 - 54G - 32GJ Ci3-1115G4 8GB 512GB SSD MX 350 2GB WIN 11 14""","","",4.0,UNIT,5896396.396396,0.00 %,11.0,2594414.4144142399999740558558558576,23585585.585584,23585585.585584,0.0,"",0.0,0.0,"","","","",0.0,0.0
17/06/2023,Faktur Pembelian,JL.2306.05311,CANDRA (BLESSING),Lunas,"",51380000.0,51380000.0,01/07/2023,46288288.288288,5091711.711712,0.0,"","","","",CV TIGA NUSA,"",* ACER 3 A314 36M Ci3-N305 / 8GB / 512GB SSD WIN 11,"","",4.0,UNIT,5675675.675676,0.00 %,11.0,2497297.2972974399999750270270270256,22702702.702704,22702702.702704,0.0,"",0.0,0.0,"","","","",0.0,0.0
17/06/2023,Faktur Pembelian,14460,FIKTIF BELI,Lunas,"",450000.0,0.0,17/07/2023,450000.0,0.0,450000.0,"","","","","","",FAN PROC EYOTA,"","",10.0,PCS,45000.0,0.00 %,"",0.0,450000.0,450000.0,0.0,"",0.0,0.0,"","","","",0.0,0.0
17/06/2023,Faktur Pembelian,JL.2306.05393,CANDRA (BLESSING),Lunas,"",5500000.0,5500000.0,01/07/2023,5500000.0,0.0,0.0,"","","","",AGUS,"",PROJECTOR EPSON EB X500 + TAS,"","",1.0,UNIT,5500000.0,0.00 %,"",0.0,5500000.0,5500000.0,0.0,"",0.0,0.0,"","","","",0.0,0.0
17/06/2023,Faktur Pembelian,JL.2306.05391,CANDRA (BLESSING),Lunas,"",5840000.0,5840000.0,01/07/2023,5840000.0,0.0,0.0,"","","","",RAHMAT,"",BROTHER DCP L2540 DW,"","",2.0,PCS,2920000.0,0.00 %,"",0.0,5840000.0,5840000.0,0.0,"",0.0,0.0,"","","","",0.0,0.0
17/06/2023,Faktur Pembelian,JL.2306.05385,CANDRA (BLESSING),Lunas,"",9430000.0,9430000.0,01/07/2023,9430000.0,0.0,0.0,"","","","",AGUS,"",PROJECTOR ACER BS 020P DLP 4000 LUMENS + TAS,"","",2.0,PCS,4715000.0,0.00 %,"",0.0,9430000.0,9430000.0,0.0,"",0.0,0.0,"","","","",0.0,0.0
17/06/2023,Faktur Pembelian,JL.2306.05328,CANDRA (BLESSING),Lunas,"",4503000.0,4503000.0,01/07/2023,4503000.0,0.0,0.0,"","","","",AGUS,"",PSU AEROCOOL LUX 550W BRONZE (dus putih),"","",2.0,PCS,505000.0,0.00 %,"",0.0,1010000.0,1010000.0,0.0,"",0.0,0.0,"","","","",0.0,0.0
17/06/2023,Faktur Pembelian,JL.2306.05328,CANDRA (BLESSING),Lunas,"",4503000.0,4503000.0,01/07/2023,4503000.0,0.0,0.0,"","","","",AGUS,"",CASING INFINITY FLASH V2 BLACK,"","",1.0,PCS,395000.0,0.00 %,"",0.0,395000.0,395000.0,0.0,"",0.0,0.0,"","","","",0.0,0.0
17/06/2023,Faktur Pembelian,JL.2306.05328,CANDRA (BLESSING),Lunas,"",4503000.0,4503000.0,01/07/2023,4503000.0,0.0,0.0,"","","","",AGUS,"",PSU AEROCOOL LUX RGB MODULAR 650W #,"","",1.0,PCS,680000.0,0.00 %,"",0.0,680000.0,680000.0,0.0,"",0.0,0.0,"","","","",0.0,0.0
17/06/2023,Faktur Pembelian,JL.2306.05328,CANDRA (BLESSING),Lunas,"",4503000.0,4503000.0,01/07/2023,4503000.0,0.0,0.0,"","","","",AGUS,"",PSU SIMBADDA 480W BOX,"","",6.0,UNIT,368000.0,0.00 %,"",0.0,2208000.0,2208000.0,0.0,"",0.0,0.0,"","","","",0.0,0.0
17/06/2023,Faktur Pembelian,JL.2306.05328,CANDRA (BLESSING),Lunas,"",4503000.0,4503000.0,01/07/2023,4503000.0,0.0,0.0,"","","","",AGUS,"",FAN CASING PC RGB COOLER FX-120-3 120MM 3 PIN FIXED COLOR,"","",6.0,PCS,35000.0,0.00 %,"",0.0,210000.0,210000.0,0.0,"",0.0,0.0,"","","","",0.0,0.0
17/06/2023,Faktur Pembelian,14461,GUDANG AKSESORIES SURABAYA (KURNIAWAN),Lunas,"",8583000.0,8583000.0,16/08/2023,8583000.0,0.0,0.0,"","","","","","",ADAPTOR TOSHIBA (ORI),"","",50.0,PCS,57500.0,0.00 %,"",0.0,2875000.0,2875000.0,0.0,"",0.0,0.0,"","","","",0.0,0.0
17/06/2023,Faktur Pembelian,14461,GUDANG AKSESORIES SURABAYA (KURNIAWAN),Lunas,"",8583000.0,8583000.0,16/08/2023,8583000.0,0.0,0.0,"","","","","","",HUB USB 3.0 4 PORT,"","",8.0,PCS,38500.0,0.00 %,"",0.0,308000.0,308000.0,0.0,"",0.0,0.0,"","","","",0.0,0.0
17/06/2023,Faktur Pembelian,14461,GUDANG AKSESORIES SURABAYA (KURNIAWAN),Lunas,"",8583000.0,8583000.0,16/08/2023,8583000.0,0.0,0.0,"","","","","","",LASER POINTER PRESENTER PP 1000,"","",50.0,PCS,56500.0,0.00 %,"",0.0,2825000.0,2825000.0,0.0,"",0.0,0.0,"","","","",0.0,0.0
17/06/2023,Faktur Pembelian,14461,GUDANG AKSESORIES SURABAYA (KURNIAWAN),Lunas,"",8583000.0,8583000.0,16/08/2023,8583000.0,0.0,0.0,"","","","","","","ADAPTOR ACER 19V 2.37A 5,5*1,7 LG","","",25.0,PCS,103000.0,0.00 %,"",0.0,2575000.0,2575000.0,0.0,"",0.0,0.0,"","","","",0.0,0.0
17/06/2023,Faktur Pembelian,001525,LILI (PLATINUM),Lunas,"",1050000.0,1050000.0,17/07/2023,1050000.0,0.0,0.0,"","","","","","",KEYBOARD ACER A314-22 RYZEN,"","",10.0,PCS,105000.0,0.00 %,"",0.0,1050000.0,1050000.0,0.0,"",0.0,0.0,"","","","",0.0,0.0
17/06/2023,Faktur Pembelian,001526,LILI (PLATINUM),Lunas,"",2090000.0,2090000.0,17/07/2023,2090000.0,0.0,0.0,"","","","","","",BATERAI ACER 4741 OR,"","",1.0,PCS,230000.0,0.00 %,"",0.0,230000.0,230000.0,0.0,"",0.0,0.0,"","","","",0.0,0.0
17/06/2023,Faktur Pembelian,001526,LILI (PLATINUM),Lunas,"",2090000.0,2090000.0,17/07/2023,2090000.0,0.0,0.0,"","","","","","",BATERAI ACER ES1 432 AS16A8K / AS16A5K,"","",4.0,PCS,305000.0,0.00 %,"",0.0,1220000.0,1220000.0,0.0,"",0.0,0.0,"","","","",0.0,0.0
17/06/2023,Faktur Pembelian,001526,LILI (PLATINUM),Lunas,"",2090000.0,2090000.0,17/07/2023,2090000.0,0.0,0.0,"","","","","","",BATERAI ACER AL12B32 SLIM,"","",2.0,PCS,320000.0,0.00 %,"",0.0,640000.0,640000.0,0.0,"",0.0,0.0,"","","","",0.0,0.0
19/06/2023,Faktur Pembelian,JL202300002758,EDISON ATK,Lunas,"",4600000.0,4320000.0,18/08/2023,4600000.0,0.0,280000.0,"","","","","","",AMPLOP PANJANG POLOS MAMBO,"","",400.0,PCS,11500.0,0.00 %,"",0.0,4600000.0,4600000.0,0.0,"",0.0,0.0,"","","","",0.0,0.0
19/06/2023,Faktur Pembelian,14463,KEVIN TELKOMSEL,Lunas,"",3360000.0,0.0,19/07/2023,3360000.0,0.0,3360000.0,"","","","","","",MODEM ORBIT STAR N2,"","",6.0,UNIT,560000.0,0.00 %,"",0.0,3360000.0,3360000.0,0.0,"",0.0,0.0,"","","","",0.0,0.0
19/06/2023,Faktur Pembelian,14464,Karina Plustek,Lunas,SUDAH MASUK,3861000.0,0.0,19/07/2023,3478378.378378,382621.621622,3861000.0,"","","","",CV TIGA NUSA,"",* SCANNER PLUSTEK SMART OFFICE PS 283,"","",1.0,UNIT,3478378.378378,0.00 %,11.0,382621.6216215799999961737837837842,3478378.378378,3478378.378378,0.0,"",0.0,0.0,"","","",081703079329,0.0,0.0
19/06/2023,Faktur Pembelian,14465,IQ TRONIK,Lunas,"",10400000.0,0.0,19/07/2023,10400000.0,0.0,10400000.0,"","","","","","",KERTAS FOTO SPECTRA GLOSSY 260,"","",100.0,PCS,52000.0,0.00 %,"",0.0,5200000.0,5200000.0,0.0,"",0.0,0.0,"","","","",0.0,0.0
19/06/2023,Faktur Pembelian,14465,IQ TRONIK,Lunas,"",10400000.0,0.0,19/07/2023,10400000.0,0.0,10400000.0,"","","","","","",KERTAS FOTO SPECTRA SILKY 260,"","",100.0,PCS,52000.0,0.00 %,"",0.0,5200000.0,5200000.0,0.0,"",0.0,0.0,"","","","",0.0,0.0
19/06/2023,Faktur Pembelian,JL0000020346,IP COM TOKO,Lunas,"",3045000.0,3045000.0,19/07/2023,3045000.0,0.0,0.0,"","","","","","",KABEL HDMI 5 METER 4K,"","",15.0,PCS,43000.0,0.00 %,"",0.0,645000.0,645000.0,0.0,"",0.0,0.0,"","","","",0.0,0.0
19/06/2023,Faktur Pembelian,JL0000020346,IP COM TOKO,Lunas,"",3045000.0,3045000.0,19/07/2023,3045000.0,0.0,0.0,"","","","","","",KABEL HDMI 15 METER 4K,"","",15.0,PCS,128000.0,0.00 %,"",0.0,1920000.0,1920000.0,0.0,"",0.0,0.0,"","","","",0.0,0.0
19/06/2023,Faktur Pembelian,JL0000020346,IP COM TOKO,Lunas,"",3045000.0,3045000.0,19/07/2023,3045000.0,0.0,0.0,"","","","","","",KABEL HDMI 3 METER 4K,"","",15.0,PCS,32000.0,0.00 %,"",0.0,480000.0,480000.0,0.0,"",0.0,0.0,"","","","",0.0,0.0
19/06/2023,Faktur Pembelian,14466,WULAN (DISCOUNT NOTEBOOK),Lunas,"",405000.0,405000.0,19/07/2023,405000.0,0.0,0.0,"","","JL. SOEKARNO HATTA RT. 012  RW. 004 PANE, RASANAE BARAT","","","",KEYBOARD LAPTOP ASUS X441 (BLACK),"","",3.0,PCS,60000.0,0.00 %,"",0.0,180000.0,180000.0,0.0,"",5000.0,0.0,"","","","",0.0,0.0
19/06/2023,Faktur Pembelian,14466,WULAN (DISCOUNT NOTEBOOK),Lunas,"",405000.0,405000.0,19/07/2023,405000.0,0.0,0.0,"","","JL. SOEKARNO HATTA RT. 012  RW. 004 PANE, RASANAE BARAT","","","",BATERAI LAPTOP HP CQ 42,"","",1.0,PCS,220000.0,0.00 %,"",0.0,220000.0,220000.0,0.0,"",5000.0,0.0,"","","","",0.0,0.0
19/06/2023,Faktur Pembelian,14467,FIKTIF BELI,Lunas,"",120000.0,0.0,19/07/2023,120000.0,0.0,120000.0,"","","","","","",TINTA CANON ORI 790 BLACK NON PACK,"","",1.0,PCS,30000.0,0.00 %,"",0.0,30000.0,30000.0,0.0,"",0.0,0.0,"","","","",0.0,0.0
19/06/2023,Faktur Pembelian,14467,FIKTIF BELI,Lunas,"",120000.0,0.0,19/07/2023,120000.0,0.0,120000.0,"","","","","","",TINTA CANON ORI 790 CYAN NON PACK,"","",1.0,PCS,30000.0,0.00 %,"",0.0,30000.0,30000.0,0.0,"",0.0,0.0,"","","","",0.0,0.0
19/06/2023,Faktur Pembelian,14467,FIKTIF BELI,Lunas,"",120000.0,0.0,19/07/2023,120000.0,0.0,120000.0,"","","","","","",TINTA CANON ORI 790 YELLOW NON PACK,"","",1.0,PCS,30000.0,0.00 %,"",0.0,30000.0,30000.0,0.0,"",0.0,0.0,"","","","",0.0,0.0
19/06/2023,Faktur Pembelian,14467,FIKTIF BELI,Lunas,"",120000.0,0.0,19/07/2023,120000.0,0.0,120000.0,"","","","","","",TINTA CANON ORI 790 MAGENTA NON PACK,"","",1.0,PCS,30000.0,0.00 %,"",0.0,30000.0,30000.0,0.0,"",0.0,0.0,"","","","",0.0,0.0
19/06/2023,Faktur Pembelian,JL.2306.05505,CANDRA (BLESSING),Lunas,"",120060000.0,120060000.0,03/07/2023,120060000.0,0.0,0.0,"","","","",ARIES,"",AIO ACER C22 1700 Ci5 - 1235U 8GB 512GB SSD INTEL IRIS XE W11,"","",12.0,UNIT,10005000.0,0.00 %,"",0.0,120060000.0,120060000.0,0.0,"",0.0,0.0,"","","","",0.0,0.0
19/06/2023,Faktur Pembelian,JL.2306.06770,CANDRA (BLESSING),Lunas,"",10980000.0,10980000.0,03/07/2023,10980000.0,0.0,0.0,"","","","",AGUS,"",ASUS A416J I3 1005G1 8GB SSD 256GB WIN 11,"","",2.0,UNIT,5490000.0,0.00 %,"",0.0,10980000.0,10980000.0,0.0,"",0.0,0.0,"","","","",0.0,0.0
19/06/2023,Faktur Pembelian,JL.2306.05601,CANDRA (BLESSING),Lunas,"",13435000.0,13435000.0,03/07/2023,12103603.603604,1331396.396396,0.0,"","","","",CV TIGA NUSA,"",* ACER 5 SPIN 14 A5SP14 - 51MTN Ci7 1355U 16GB 512GB SSD INTEL IRIS XE WIN 11,"","",1.0,UNIT,12103603.603604,0.00 %,11.0,1331396.3963964399999866860360360356,12103603.603604,12103603.603604,0.0,"",0.0,0.0,"","","","",0.0,0.0
20/06/2023,Faktur Pembelian,14468,FIKTIF BELI,Lunas,"",684999.9999,0.0,20/07/2023,684999.9999,0.0,684999.9999,"","","","","","",KABEL CCTV PERMETER,"","",300.0,METER,2283.333333,0.00 %,"",0.0,684999.9999,684999.9999,0.0,"",0.0,0.0,"","","","",0.0,0.0
20/06/2023,Faktur Pembelian,14469,UCUP,Lunas,KURANG 2,4350000.0,0.0,20/07/2023,4350000.0,0.0,4350000.0,"","","","","","",MESIN LAMINATING A3 330 BRIGHT OFFICE,"","",6.0,UNIT,725000.0,0.00 %,"",0.0,4350000.0,4350000.0,0.0,"",0.0,0.0,"","","","",0.0,0.0
20/06/2023,Faktur Pembelian,JL.2306.05860,CANDRA (BLESSING),Lunas,"",3035000.0,3035000.0,04/07/2023,3035000.0,0.0,0.0,"","","","",ARIES,"",PRINTER EPSON LX 310,"","",1.0,PCS,3035000.0,0.00 %,"",0.0,3035000.0,3035000.0,0.0,"",0.0,0.0,"","","","",0.0,0.0
20/06/2023,Faktur Pembelian,JL.2306.06071,CANDRA (BLESSING),Lunas,"",3075000.0,3075000.0,04/07/2023,3075000.0,0.0,0.0,"","","","",AGUS,"","MONITOR LED 19,5 ACER V206HQL","","",3.0,UNIT,1025000.0,0.00 %,"",0.0,3075000.0,3075000.0,0.0,"",0.0,0.0,"","","","",0.0,0.0
20/06/2023,Faktur Pembelian,14470,ONLINE,Lunas,"",1375000.0,0.0,20/07/2023,1375000.0,0.0,1375000.0,"","","","","","",POMPA PURGE EPSON L3110 L3210 L3250,"","",5.0,PCS,195000.0,0.00 %,"",0.0,975000.0,975000.0,0.0,"",0.0,0.0,"","","","",0.0,0.0
20/06/2023,Faktur Pembelian,14470,ONLINE,Lunas,"",1375000.0,0.0,20/07/2023,1375000.0,0.0,1375000.0,"","","","","","",POMPA PRINTER EPSON L4150,"","",1.0,PCS,400000.0,0.00 %,"",0.0,400000.0,400000.0,0.0,"",0.0,0.0,"","","","",0.0,0.0
20/06/2023,Faktur Pembelian,00641316_036,PRIYO (K GALAXY),Lunas,"",850000.0,850000.0,20/07/2023,850000.0,0.0,0.0,"","","","","","",HDD PC SEAGATE SATA 500 GB PI,"","",10.0,PCS,85000.0,0.00 %,"",0.0,850000.0,850000.0,0.0,"",0.0,0.0,"","","","",0.0,0.0
21/06/2023,Faktur Pembelian,14471,ONLINE,Lunas,"",650000.0,0.0,21/07/2023,650000.0,0.0,650000.0,"","","","","","",KABEL POWER ORBIT KE USB,"","",26.0,PCS,25000.0,0.00 %,"",0.0,650000.0,650000.0,0.0,"",0.0,0.0,"","","","",0.0,0.0
21/06/2023,Faktur Pembelian,14472,ONLINE,Lunas,"",1300000.0,0.0,21/07/2023,1300000.0,0.0,1300000.0,"","","","","","",CATRIDGE COMPUPRINT PRK6240,"","",10.0,PCS,130000.0,0.00 %,"",0.0,1300000.0,1300000.0,0.0,"",0.0,0.0,"","","","",0.0,0.0
21/06/2023,Faktur Pembelian,JL.2306.06404,CANDRA (BLESSING),Lunas,"",34705000.0,34705000.0,05/07/2023,34705000.0,0.0,0.0,"","","","",RAHMAT,"",ACER 5 A514 CI3-1115G4 8gb 512GB SSD MX 350 2GB WIN 11,"","",1.0,UNIT,6425000.0,0.00 %,"",0.0,6425000.0,6425000.0,0.0,"",0.0,0.0,"","","","",0.0,0.0
21/06/2023,Faktur Pembelian,JL.2306.06404,CANDRA (BLESSING),Lunas,"",34705000.0,34705000.0,05/07/2023,34705000.0,0.0,0.0,"","","","",RAHMAT,"",ASUS A416J I3 1005G1 8GB SSD 256GB WIN 11,"","",2.0,UNIT,5490000.0,0.00 %,"",0.0,10980000.0,10980000.0,0.0,"",0.0,0.0,"","","","",0.0,0.0
21/06/2023,Faktur Pembelian,JL.2306.06404,CANDRA (BLESSING),Lunas,"",34705000.0,34705000.0,05/07/2023,34705000.0,0.0,0.0,"","","","",RAHMAT,"",ASUS A1400EA - VIPS551 I5-1135G7 8GB 512GB SSD WIN11,"","",2.0,UNIT,8650000.0,0.00 %,"",0.0,17300000.0,17300000.0,0.0,"",0.0,0.0,"","","","",0.0,0.0
21/06/2023,Faktur Pembelian,JL.2306.06472,CANDRA (BLESSING),Lunas,"",6990000.0,6990000.0,05/07/2023,6990000.0,0.0,0.0,"","","","",RAHMAT,"","AXIOO 11G N4000/4GB/256GB SSD/11,6""","","",3.0,UNIT,2330000.0,0.00 %,"",0.0,6990000.0,6990000.0,0.0,"",0.0,0.0,"","","","",0.0,0.0
21/06/2023,Faktur Pembelian,JL.2306.06436,CANDRA (BLESSING),Lunas,"",15565000.0,15565000.0,05/07/2023,15565000.0,0.0,0.0,"","","","",AGUS,"",LED SAMSUNG LS22A336NHEXXD 22FHD VGA+HDMI,"","",1.0,UNIT,1240000.0,0.00 %,"",0.0,1240000.0,1240000.0,0.0,"",0.0,0.0,"","","","",0.0,0.0
21/06/2023,Faktur Pembelian,JL.2306.06436,CANDRA (BLESSING),Lunas,"",15565000.0,15565000.0,05/07/2023,15565000.0,0.0,0.0,"","","","",AGUS,"",ACER 3 A314 36M Ci3-N305 8GB 512GB SSD WIN 11,"","",1.0,UNIT,6300000.0,0.00 %,"",0.0,6300000.0,6300000.0,0.0,"",0.0,0.0,"","","","",0.0,0.0
21/06/2023,Faktur Pembelian,JL.2306.06436,CANDRA (BLESSING),Lunas,"",15565000.0,15565000.0,05/07/2023,15565000.0,0.0,0.0,"","","","",AGUS,"","LED LG 22MP410-B 21,45 FHD #","","",1.0,UNIT,1200000.0,0.00 %,"",0.0,1200000.0,1200000.0,0.0,"",0.0,0.0,"","","","",0.0,0.0
21/06/2023,Faktur Pembelian,JL.2306.06436,CANDRA (BLESSING),Lunas,"",15565000.0,15565000.0,05/07/2023,15565000.0,0.0,0.0,"","","","",AGUS,"",PROC INTEL i5-12600 ALDER LAKE,"","",1.0,PCS,4020000.0,0.00 %,"",0.0,4020000.0,4020000.0,0.0,"",0.0,0.0,"","","","",0.0,0.0
21/06/2023,Faktur Pembelian,JL.2306.06436,CANDRA (BLESSING),Lunas,"",15565000.0,15565000.0,05/07/2023,15565000.0,0.0,0.0,"","","","",AGUS,"",MB MSI INTEL H610M DDR4,"","",1.0,PCS,1235000.0,0.00 %,"",0.0,1235000.0,1235000.0,0.0,"",0.0,0.0,"","","","",0.0,0.0
21/06/2023,Faktur Pembelian,JL.2306.06436,CANDRA (BLESSING),Lunas,"",15565000.0,15565000.0,05/07/2023,15565000.0,0.0,0.0,"","","","",AGUS,"",RAM CORSAIR DDR4 PC2X16GB VENGEANCE LPX,"","",1.0,PCS,1160000.0,0.00 %,"",0.0,1160000.0,1160000.0,0.0,"",0.0,0.0,"","","","",0.0,0.0
21/06/2023,Faktur Pembelian,JL.2306.06436,CANDRA (BLESSING),Lunas,"",15565000.0,15565000.0,05/07/2023,15565000.0,0.0,0.0,"","","","",AGUS,"",CASING PC COOLER PLATINUM MM200W MESH WHITE,"","",1.0,PCS,410000.0,0.00 %,"",0.0,410000.0,410000.0,0.0,"",0.0,0.0,"","","","",0.0,0.0
21/06/2023,Faktur Pembelian,KARMEN / INV/2023/75974,WULAN (DISCOUNT NOTEBOOK),Lunas,"",700000.0,700000.0,21/07/2023,700000.0,0.0,0.0,"","","","","","",BATERAI ASUS X200CA,"","",1.0,PCS,200000.0,0.00 %,"",0.0,200000.0,200000.0,0.0,"",0.0,0.0,"","","","",0.0,0.0
21/06/2023,Faktur Pembelian,KARMEN / INV/2023/75974,WULAN (DISCOUNT NOTEBOOK),Lunas,"",700000.0,700000.0,21/07/2023,700000.0,0.0,0.0,"","","","","","",KEYBOARD LAPTOP LENOVO 320 / 330,"","",1.0,PCS,65000.0,0.00 %,"",0.0,65000.0,65000.0,0.0,"",0.0,0.0,"","","","",0.0,0.0
21/06/2023,Faktur Pembelian,KARMEN / INV/2023/75974,WULAN (DISCOUNT NOTEBOOK),Lunas,"",700000.0,700000.0,21/07/2023,700000.0,0.0,0.0,"","","","","","",KEYBOARD LAPTOP TOSHIBA NB10,"","",1.0,PCS,435000.0,0.00 %,"",0.0,435000.0,435000.0,0.0,"",0.0,0.0,"","","","",0.0,0.0
21/06/2023,Faktur Pembelian,062023160582,AGUS (DORAN),Lunas,"",45000000.0,45000000.0,21/07/2023,45000000.0,0.0,0.0,"",SURABAYA,"","","","",TINTA EPSON 003 BLACK,"","",120.0,PCS,75000.0,0.00 %,"",0.0,9000000.0,9000000.0,0.0,"",0.0,0.0,"","","","",0.0,0.0
21/06/2023,Faktur Pembelian,062023160582,AGUS (DORAN),Lunas,"",45000000.0,45000000.0,21/07/2023,45000000.0,0.0,0.0,"",SURABAYA,"","","","",TINTA EPSON 003 MAGENTA,"","",60.0,PCS,75000.0,0.00 %,"",0.0,4500000.0,4500000.0,0.0,"",0.0,0.0,"","","","",0.0,0.0
21/06/2023,Faktur Pembelian,062023160582,AGUS (DORAN),Lunas,"",45000000.0,45000000.0,21/07/2023,45000000.0,0.0,0.0,"",SURABAYA,"","","","",TINTA EPSON 003 CYAN,"","",60.0,PCS,75000.0,0.00 %,"",0.0,4500000.0,4500000.0,0.0,"",0.0,0.0,"","","","",0.0,0.0
21/06/2023,Faktur Pembelian,062023160582,AGUS (DORAN),Lunas,"",45000000.0,45000000.0,21/07/2023,45000000.0,0.0,0.0,"",SURABAYA,"","","","",TINTA EPSON 003 YELLOW,"","",60.0,PCS,75000.0,0.00 %,"",0.0,4500000.0,4500000.0,0.0,"",0.0,0.0,"","","","",0.0,0.0
21/06/2023,Faktur Pembelian,062023160582,AGUS (DORAN),Lunas,"",45000000.0,45000000.0,21/07/2023,45000000.0,0.0,0.0,"",SURABAYA,"","","","",TINTA EPSON 664 MAGENTA,"","",60.0,PCS,75000.0,0.00 %,"",0.0,4500000.0,4500000.0,0.0,"",0.0,0.0,"","","","",0.0,0.0
21/06/2023,Faktur Pembelian,062023160582,AGUS (DORAN),Lunas,"",45000000.0,45000000.0,21/07/2023,45000000.0,0.0,0.0,"",SURABAYA,"","","","",TINTA EPSON 664 CYAN,"","",60.0,PCS,75000.0,0.00 %,"",0.0,4500000.0,4500000.0,0.0,"",0.0,0.0,"","","","",0.0,0.0
21/06/2023,Faktur Pembelian,062023160582,AGUS (DORAN),Lunas,"",45000000.0,45000000.0,21/07/2023,45000000.0,0.0,0.0,"",SURABAYA,"","","","",TINTA EPSON 664 YELLOW,"","",60.0,PCS,75000.0,0.00 %,"",0.0,4500000.0,4500000.0,0.0,"",0.0,0.0,"","","","",0.0,0.0
21/06/2023,Faktur Pembelian,062023160582,AGUS (DORAN),Lunas,"",45000000.0,45000000.0,21/07/2023,45000000.0,0.0,0.0,"",SURABAYA,"","","","",TINTA EPSON 664 BLACK,"","",120.0,PCS,75000.0,0.00 %,"",0.0,9000000.0,9000000.0,0.0,"",0.0,0.0,"","","","",0.0,0.0
21/06/2023,Faktur Pembelian,2306076,ANDY (JMK),Lunas,"",11700000.0,11700000.0,21/07/2023,11700000.0,0.0,0.0,"","","","","","",KABEL LAN ZIMM LINK,"","",30.0,DUS,390000.0,0.00 %,"",0.0,11700000.0,11700000.0,0.0,"",0.0,0.0,"","","","",0.0,0.0
22/06/2023,Faktur Pembelian,14473,CANON BALI,Lunas,"",5044850.0,0.0,22/07/2023,5044850.0,0.0,5044850.0,"","","","","","",CATRDIGE CANON CA91 / BH7 (G2010),"","",5.0,PCS,340480.0,0.00 %,"",0.0,1700697.6,1702400.0,5050.0,"",0.0,0.0,"","","","",0.0,0.1
22/06/2023,Faktur Pembelian,14473,CANON BALI,Lunas,"",5044850.0,0.0,22/07/2023,5044850.0,0.0,5044850.0,"","","","","","",CATRIDGE CANON CA92 / CH7 (G2010),"","",3.0,PCS,397500.0,0.00 %,"",0.0,1191307.5,1192500.0,5050.0,"",0.0,0.0,"","","","",0.0,0.1
22/06/2023,Faktur Pembelian,14473,CANON BALI,Lunas,"",5044850.0,0.0,22/07/2023,5044850.0,0.0,5044850.0,"","","","","","",SENSOR KERTAS CANON G1020 G2020 G3020,"","",5.0,PCS,45000.0,0.00 %,"",0.0,224775.0,225000.0,5050.0,"",0.0,0.0,"","","","",0.0,0.1
22/06/2023,Faktur Pembelian,14473,CANON BALI,Lunas,"",5044850.0,0.0,22/07/2023,5044850.0,0.0,5044850.0,"","","","","","",KABEL SENSOR G SERIES,"","",10.0,PCS,40000.0,0.00 %,"",0.0,399600.0,400000.0,5050.0,"",0.0,0.0,"","","","",0.0,0.1
22/06/2023,Faktur Pembelian,14473,CANON BALI,Lunas,"",5044850.0,0.0,22/07/2023,5044850.0,0.0,5044850.0,"","","","","","",* PSU PRINTER G1020 / G2020,"","",2.0,PCS,320000.0,0.00 %,"",0.0,639360.0,640000.0,5050.0,"",0.0,0.0,"","","","",0.0,0.1
22/06/2023,Faktur Pembelian,14473,CANON BALI,Lunas,"",5044850.0,0.0,22/07/2023,5044850.0,0.0,5044850.0,"","","","","","",AUTO SHEET FEEDER G2020 / G1020 (MEKANIK ROL),"","",1.0,PCS,580000.0,0.00 %,"",0.0,579420.0,580000.0,5050.0,"",0.0,0.0,"","","","",0.0,0.1
22/06/2023,Faktur Pembelian,14473,CANON BALI,Lunas,"",5044850.0,0.0,22/07/2023,5044850.0,0.0,5044850.0,"","","","","","",MB PRINTER G1010,"","",1.0,PCS,310000.0,0.00 %,"",0.0,309690.0,310000.0,5050.0,"",0.0,0.0,"","","","",0.0,0.1
22/06/2023,Faktur Pembelian,JL.2306.06722,CANDRA (BLESSING),Lunas,"",11420000.0,11420000.0,06/07/2023,11420000.0,0.0,0.0,"","","","",RAHMAT,"",HP PAVILION 14-DV2002TX-68J10PA CI5-1235U 16GB 512GB SSD MX550 2GB WIN 11,"","",1.0,UNIT,11420000.0,0.00 %,"",0.0,11420000.0,11420000.0,0.0,"",0.0,0.0,"","","","",0.0,0.0
22/06/2023,Faktur Pembelian,14474,AGUS (DORAN),Lunas,"",10431500.0,10431500.0,22/07/2023,10431500.0,0.0,0.0,"",SURABAYA,"","","","",TPLINK ROUTER TL WR840N,"","",20.0,PCS,148500.0,0.00 %,"",0.0,2970000.0,2970000.0,0.0,"",0.0,0.0,"","","","",0.0,0.0
22/06/2023,Faktur Pembelian,14474,AGUS (DORAN),Lunas,"",10431500.0,10431500.0,22/07/2023,10431500.0,0.0,0.0,"",SURABAYA,"","","","",TPLINK SWITCH 8 PORT LS1008 (HUB LAN 8 PORT K),"","",25.0,PCS,93500.0,0.00 %,"",0.0,2337500.0,2337500.0,0.0,"",0.0,0.0,"","","","",0.0,0.0
22/06/2023,Faktur Pembelian,14474,AGUS (DORAN),Lunas,"",10431500.0,10431500.0,22/07/2023,10431500.0,0.0,0.0,"",SURABAYA,"","","","",CAM CCTV EZVIZ C6N #,"","",6.0,UNIT,330000.0,0.00 %,"",0.0,1980000.0,1980000.0,0.0,"",0.0,0.0,"","","","",0.0,0.0
22/06/2023,Faktur Pembelian,14474,AGUS (DORAN),Lunas,"",10431500.0,10431500.0,22/07/2023,10431500.0,0.0,0.0,"",SURABAYA,"","","","",TPLINK SWITCH 5 PORT LS1005 ( HUB LAN 5 PORT K ),"","",24.0,UNIT,73500.0,0.00 %,"",0.0,1764000.0,1764000.0,0.0,"",0.0,0.0,"","","","",0.0,0.0
22/06/2023,Faktur Pembelian,14474,AGUS (DORAN),Lunas,"",10431500.0,10431500.0,22/07/2023,10431500.0,0.0,0.0,"",SURABAYA,"","","","",CAM CCTV EZVIZ OUTDOOR H8C #,"","",2.0,UNIT,690000.0,0.00 %,"",0.0,1380000.0,1380000.0,0.0,"",0.0,0.0,"","","","",0.0,0.0
22/06/2023,Faktur Pembelian,JL.2306.06893,CANDRA (BLESSING),Lunas,"",2980000.0,2980000.0,06/07/2023,2980000.0,0.0,0.0,"","","","",RAHMAT,"",KABEL CCTV SPECTRA OPTIMUS RG 6 POWER,"","",4.0,DUS,745000.0,0.00 %,"",0.0,2980000.0,2980000.0,0.0,"",0.0,0.0,"","","","",0.0,0.0
22/06/2023,Faktur Pembelian,JL.2306.06672,CANDRA (BLESSING),Lunas,"",2050000.0,2050000.0,06/07/2023,2050000.0,0.0,0.0,"","","","",AGUS,"",HDD PC WD PURPLE 2TB,"","",1.0,PCS,810000.0,0.00 %,"",0.0,810000.0,810000.0,0.0,"",0.0,0.0,"","","","",0.0,0.0
22/06/2023,Faktur Pembelian,JL.2306.06672,CANDRA (BLESSING),Lunas,"",2050000.0,2050000.0,06/07/2023,2050000.0,0.0,0.0,"","","","",AGUS,"",LED SAMSUNG LS22A336NHEXXD 22FHD VGA+HDMI,"","",1.0,UNIT,1240000.0,0.00 %,"",0.0,1240000.0,1240000.0,0.0,"",0.0,0.0,"","","","",0.0,0.0
22/06/2023,Faktur Pembelian,JL.2306.06683,CANDRA (BLESSING),Lunas,"",16294999.999999,16294999.999999,06/07/2023,14680180.180179,1614819.81982,0.0,"","","","",CV TIGA NUSA,"",* ASUS A1400EA FHD I3-1115G4 4GB 256GB SSD WIN 11 #,"","",2.0,UNIT,4887387.387387,0.00 %,11.0,1075225.2252251399999892477477477486,9774774.774774,9774774.774774,0.0,"",0.0,0.0,"","","","",0.0,0.0
22/06/2023,Faktur Pembelian,JL.2306.06683,CANDRA (BLESSING),Lunas,"",16294999.999999,16294999.999999,06/07/2023,14680180.180179,1614819.81982,0.0,"","","","",CV TIGA NUSA,"",* ASUS M415DA AMD RYZEN 3 3250U 8GB 256GB SSD WIN 11,"","",1.0,UNIT,4905405.405405,0.00 %,11.0,539594.5945945499999946040540540545,4905405.405405,4905405.405405,0.0,"",0.0,0.0,"","","","",0.0,0.0
22/06/2023,Faktur Pembelian,JL5523060916,YULI (HP CENTRE),Lunas,"",2632000.0,2632000.0,22/07/2023,2632000.0,0.0,0.0,"","","","",RAHMAT,"",BLUEPRINT PRINTER ECO BP-ECO58 (BATERAI),"","",8.0,UNIT,329000.0,0.00 %,"",0.0,2632000.0,2632000.0,0.0,"",0.0,0.0,"","","","",0.0,0.0
22/06/2023,Faktur Pembelian,JL5523060917,YULI (HP CENTRE),Lunas,"",658000.0,658000.0,22/07/2023,658000.0,0.0,0.0,"","","","",RAHMAT,"",BLUEPRINT PRINTER ECO BP-ECO58 (BATERAI),"","",2.0,UNIT,329000.0,0.00 %,"",0.0,658000.0,658000.0,0.0,"",0.0,0.0,"","","","",0.0,0.0
22/06/2023,Faktur Pembelian,14522,PT. INDO WARNA MULIA ( ALFA INK ),Lunas,"",20800000.0,0.0,21/08/2023,20800000.0,0.0,20800000.0,"","","","","","",ALFA INK CANON BLACK 100CC,"","",200.0,PCS,26000.0,0.00 %,"",0.0,5200000.0,5200000.0,0.0,"",0.0,0.0,"","","","",0.0,0.0
22/06/2023,Faktur Pembelian,14522,PT. INDO WARNA MULIA ( ALFA INK ),Lunas,"",20800000.0,0.0,21/08/2023,20800000.0,0.0,20800000.0,"","","","","","",ALFA INK CANON CYAN 100CC,"","",300.0,PCS,26000.0,0.00 %,"",0.0,7800000.0,7800000.0,0.0,"",0.0,0.0,"","","","",0.0,0.0
22/06/2023,Faktur Pembelian,14522,PT. INDO WARNA MULIA ( ALFA INK ),Lunas,"",20800000.0,0.0,21/08/2023,20800000.0,0.0,20800000.0,"","","","","","",ALFA INK CANON MAGENTA 100CC,"","",200.0,PCS,26000.0,0.00 %,"",0.0,5200000.0,5200000.0,0.0,"",0.0,0.0,"","","","",0.0,0.0
22/06/2023,Faktur Pembelian,14522,PT. INDO WARNA MULIA ( ALFA INK ),Lunas,"",20800000.0,0.0,21/08/2023,20800000.0,0.0,20800000.0,"","","","","","",ALFA INK CANON YELLOW 100CC,"","",100.0,PCS,26000.0,0.00 %,"",0.0,2600000.0,2600000.0,0.0,"",0.0,0.0,"","","","",0.0,0.0
22/06/2023,Faktur Pembelian,FK 3247,BETA COM,Lunas,"",20925000.0,20925000.0,06/07/2023,20925000.0,0.0,0.0,"","","","","","",PRINTER CANON G1020,"","",15.0,UNIT,1395000.0,0.00 %,"",0.0,20925000.0,20925000.0,0.0,"",0.0,0.0,"","","","",0.0,0.0
23/06/2023,Faktur Pembelian,14475,FIKTIF BELI,Lunas,"",301000.0,0.0,23/07/2023,301000.0,0.0,301000.0,"","","","","","",PSU SIMBADDA 450W BOX,"","",1.0,PCS,301000.0,0.00 %,"",0.0,301000.0,301000.0,0.0,"",0.0,0.0,"","","","",0.0,0.0
23/06/2023,Faktur Pembelian,JL.2306.07000,CANDRA (BLESSING),Lunas,"",6990000.0,6990000.0,07/07/2023,6990000.0,0.0,0.0,"","","","",AGUS,"",ASUS M415DAO-FHD RYZEN 3 3250U 8GB 256GB SSD #,"","",1.0,UNIT,5445000.0,0.00 %,"",0.0,5445000.0,5445000.0,0.0,"",0.0,0.0,"","","","",0.0,0.0
23/06/2023,Faktur Pembelian,JL.2306.07000,CANDRA (BLESSING),Lunas,"",6990000.0,6990000.0,07/07/2023,6990000.0,0.0,0.0,"","","","",AGUS,"","LED LG 24MP60G - B 24 FHD IPS (1920 x 1080) 75Hz,5ms #","","",1.0,UNIT,1545000.0,0.00 %,"",0.0,1545000.0,1545000.0,0.0,"",0.0,0.0,"","","","",0.0,0.0
23/06/2023,Faktur Pembelian,JL.2306.07101,CANDRA (BLESSING),Lunas,"",4110000.0,4110000.0,07/07/2023,4110000.0,0.0,0.0,"","","","",RAHMAT,"",HDD EXTERNAL SEAGATE EXPANSION 1TB #,"","",5.0,PCS,690000.0,0.00 %,"",0.0,3450000.0,3450000.0,0.0,"",0.0,0.0,"","","","",0.0,0.0
23/06/2023,Faktur Pembelian,JL.2306.07101,CANDRA (BLESSING),Lunas,"",4110000.0,4110000.0,07/07/2023,4110000.0,0.0,0.0,"","","","",RAHMAT,"",RAM PC TEAM ELITE PLUS DDR4 16GB PC 3200 PENDINGIN,"","",1.0,UNIT,660000.0,0.00 %,"",0.0,660000.0,660000.0,0.0,"",0.0,0.0,"","","","",0.0,0.0
23/06/2023,Faktur Pembelian,JL.2306.07172,CANDRA (BLESSING),Lunas,"",6375000.0,6375000.0,07/07/2023,6375000.0,0.0,0.0,"","","","",AGUS,"",ASUS A1400EA I3-1115G4 8GB 512GB SSD WIN 11,"","",1.0,UNIT,6375000.0,0.00 %,"",0.0,6375000.0,6375000.0,0.0,"",0.0,0.0,"","","","",0.0,0.0
23/06/2023,Faktur Pembelian,KARMEN / INV/2-23/77236,WULAN (DISCOUNT NOTEBOOK),Lunas,"",710000.0,710000.0,23/07/2023,710000.0,0.0,0.0,"","","","","","",BATERAI LAPTOP ACER D260 AL10B31,"","",2.0,PCS,355000.0,0.00 %,"",0.0,710000.0,710000.0,0.0,"",0.0,0.0,"","","","",0.0,0.0
23/06/2023,Faktur Pembelian,KARMEN / INV/2023/77445,WULAN (DISCOUNT NOTEBOOK),Lunas,"",350000.0,350000.0,23/07/2023,350000.0,0.0,0.0,"","","","","","",BATERAI ACER E5 471 (AL14A32),"","",2.0,PCS,175000.0,0.00 %,"",0.0,350000.0,350000.0,0.0,"",0.0,0.0,"","","","",0.0,0.0
23/06/2023,Faktur Pembelian,KARMEN / INV/2023/77478,WULAN (DISCOUNT NOTEBOOK),Lunas,"",500000.0,500000.0,23/07/2023,500000.0,0.0,0.0,"","","","","","",BATERAI LAPTOP ACER Z1402,"","",2.0,PCS,250000.0,0.00 %,"",0.0,500000.0,500000.0,0.0,"",0.0,0.0,"","","","",0.0,0.0
23/06/2023,Faktur Pembelian,00641602_036,PRIYO (K GALAXY),Lunas,"",1550000.0,1550000.0,23/07/2023,1550000.0,0.0,0.0,"","","","","","",HDD PC SEAGATE SATA 500 GB PI,"","",20.0,PCS,77500.0,0.00 %,"",0.0,1550000.0,1550000.0,0.0,"",0.0,0.0,"","","","",0.0,0.0
23/06/2023,Faktur Pembelian,001533,LILI (PLATINUM),Lunas,"",9199500.0,9199500.0,23/07/2023,9199500.0,0.0,0.0,"","","","","","",KEYBOARD LAPTOP ASUS X441 (BLACK),"","",3.0,PCS,62500.0,0.00 %,"",0.0,187500.0,187500.0,0.0,"",0.0,0.0,"","","","",0.0,0.0
23/06/2023,Faktur Pembelian,001533,LILI (PLATINUM),Lunas,"",9199500.0,9199500.0,23/07/2023,9199500.0,0.0,0.0,"","","","","","",MOUSE BRANDED,"","",60.0,PCS,19000.0,0.00 %,"",0.0,1140000.0,1140000.0,0.0,"",0.0,0.0,"","","","",0.0,0.0
23/06/2023,Faktur Pembelian,001533,LILI (PLATINUM),Lunas,"",9199500.0,9199500.0,23/07/2023,9199500.0,0.0,0.0,"","","","","","",ADAPTOR HP BIRU 19.5V 3.33A,"","",10.0,PCS,75000.0,0.00 %,"",0.0,750000.0,750000.0,0.0,"",0.0,0.0,"","","","",0.0,0.0
23/06/2023,Faktur Pembelian,001533,LILI (PLATINUM),Lunas,"",9199500.0,9199500.0,23/07/2023,9199500.0,0.0,0.0,"","","","","","",FAN PROCESSOR  CPU INTEL,"","",30.0,PCS,31000.0,0.00 %,"",0.0,930000.0,930000.0,0.0,"",0.0,0.0,"","","","",0.0,0.0
23/06/2023,Faktur Pembelian,001533,LILI (PLATINUM),Lunas,"",9199500.0,9199500.0,23/07/2023,9199500.0,0.0,0.0,"","","","","","",ADAPTOR MONITOR LG,"","",5.0,PCS,100000.0,0.00 %,"",0.0,500000.0,500000.0,0.0,"",0.0,0.0,"","","","",0.0,0.0
23/06/2023,Faktur Pembelian,001533,LILI (PLATINUM),Lunas,"",9199500.0,9199500.0,23/07/2023,9199500.0,0.0,0.0,"","","","","","",LAN TESTER,"","",39.0,PCS,33000.0,0.00 %,"",0.0,1287000.0,1287000.0,0.0,"",0.0,0.0,"","","","",0.0,0.0
23/06/2023,Faktur Pembelian,001533,LILI (PLATINUM),Lunas,"",9199500.0,9199500.0,23/07/2023,9199500.0,0.0,0.0,"","","","","","",KEYBOARD FLEXIBLE (KARET),"","",30.0,PCS,50000.0,0.00 %,"",0.0,1500000.0,1500000.0,0.0,"",0.0,0.0,"","","","",0.0,0.0
23/06/2023,Faktur Pembelian,001533,LILI (PLATINUM),Lunas,"",9199500.0,9199500.0,23/07/2023,9199500.0,0.0,0.0,"","","","","","",KEYBOARD LAPTOP ASUS X200 BLACK,"","",2.0,PCS,80000.0,0.00 %,"",0.0,160000.0,160000.0,0.0,"",0.0,0.0,"","","","",0.0,0.0
23/06/2023,Faktur Pembelian,001533,LILI (PLATINUM),Lunas,"",9199500.0,9199500.0,23/07/2023,9199500.0,0.0,0.0,"","","","","","",ADAPTOR ASUS 3.42A (A407),"","",21.0,PCS,85000.0,0.00 %,"",0.0,1785000.0,1785000.0,0.0,"",0.0,0.0,"","","","",0.0,0.0
23/06/2023,Faktur Pembelian,001533,LILI (PLATINUM),Lunas,"",9199500.0,9199500.0,23/07/2023,9199500.0,0.0,0.0,"","","","","","",KEYBOARD ACER E5 473 ON OFF / E5 475 / ES1 432,"","",3.0,PCS,80000.0,0.00 %,"",0.0,240000.0,240000.0,0.0,"",0.0,0.0,"","","","",0.0,0.0
23/06/2023,Faktur Pembelian,001533,LILI (PLATINUM),Lunas,"",9199500.0,9199500.0,23/07/2023,9199500.0,0.0,0.0,"","","","","","",KEYBOARD ASUS A442 (POWER BUTTON),"","",1.0,PCS,100000.0,0.00 %,"",0.0,100000.0,100000.0,0.0,"",0.0,0.0,"","","","",0.0,0.0
23/06/2023,Faktur Pembelian,001533,LILI (PLATINUM),Lunas,"",9199500.0,9199500.0,23/07/2023,9199500.0,0.0,0.0,"","","","","","",BATERAI ACER E5 471 (AL14A32),"","",2.0,PCS,310000.0,0.00 %,"",0.0,620000.0,620000.0,0.0,"",0.0,0.0,"","","","",0.0,0.0
24/06/2023,Faktur Pembelian,14476,TATIK (LEGENDA),Lunas,"",6112000.0,0.0,24/07/2023,6112000.0,0.0,6112000.0,"","","","","","",TINTA EPSON 664 BLACK,"","",60.0,PCS,75000.0,0.00 %,"",0.0,4500000.0,4500000.0,0.0,"",0.0,0.0,"","","","",0.0,0.0
24/06/2023,Faktur Pembelian,14476,TATIK (LEGENDA),Lunas,"",6112000.0,0.0,24/07/2023,6112000.0,0.0,6112000.0,"","","","","","",TINTA EPSON 008 BLACK,"","",2.0,PCS,236000.0,0.00 %,"",0.0,472000.0,472000.0,0.0,"",0.0,0.0,"","","","",0.0,0.0
24/06/2023,Faktur Pembelian,14476,TATIK (LEGENDA),Lunas,"",6112000.0,0.0,24/07/2023,6112000.0,0.0,6112000.0,"","","","","","",TINTA EPSON 008 MAGENTA,"","",2.0,PCS,190000.0,0.00 %,"",0.0,380000.0,380000.0,0.0,"",0.0,0.0,"","","","",0.0,0.0
24/06/2023,Faktur Pembelian,14476,TATIK (LEGENDA),Lunas,"",6112000.0,0.0,24/07/2023,6112000.0,0.0,6112000.0,"","","","","","",TINTA EPSON 008 YELLOW,"","",2.0,PCS,190000.0,0.00 %,"",0.0,380000.0,380000.0,0.0,"",0.0,0.0,"","","","",0.0,0.0
24/06/2023,Faktur Pembelian,14476,TATIK (LEGENDA),Lunas,"",6112000.0,0.0,24/07/2023,6112000.0,0.0,6112000.0,"","","","","","",TINTA EPSON 008 CYAN,"","",2.0,PCS,190000.0,0.00 %,"",0.0,380000.0,380000.0,0.0,"",0.0,0.0,"","","","",0.0,0.0
24/06/2023,Faktur Pembelian,JL.2306.07319,CANDRA (BLESSING),Lunas,"",21674999.999998,21674999.999998,08/07/2023,19527027.027025,2147972.972973,0.0,"","","","",CV TIGA NUSA,"",* LENOVO IDEAPAD 1 14IGL7 INTEL N4020 8GB 256GB SSD WIN 11 KS,"","",5.0,UNIT,3905405.405405,0.00 %,11.0,2147972.9729727499999785202702702725,19527027.027025,19527027.027025,0.0,"",0.0,0.0,"","","","",0.0,0.0
24/06/2023,Faktur Pembelian,JL.2306.07369,CANDRA (BLESSING),Lunas,"",7620000.0,7620000.0,08/07/2023,7620000.0,0.0,0.0,"","","","",AGUS,"",PRINTER EPSON L1210 ECOTANK (Print Only),"","",4.0,UNIT,1905000.0,0.00 %,"",0.0,7620000.0,7620000.0,0.0,"",0.0,0.0,"","","","",0.0,0.0
24/06/2023,Faktur Pembelian,001535,LILI (PLATINUM),Lunas,"",5850000.0,5850000.0,24/07/2023,5850000.0,0.0,0.0,"","","","","","",MOUSE VOTRE / SANURPRO,"","",600.0,PCS,9750.0,0.00 %,"",0.0,5850000.0,5850000.0,0.0,"",0.0,0.0,"","","","",0.0,0.0
24/06/2023,Faktur Pembelian,2306093,ANDY (JMK),Lunas,"",2200000.0,2200000.0,24/07/2023,2200000.0,0.0,0.0,"","","","","","",MOUSE BRANDED,"","",110.0,PCS,20000.0,0.00 %,"",0.0,2200000.0,2200000.0,0.0,"",0.0,0.0,"","","","",0.0,0.0
26/06/2023,Faktur Pembelian,14477,PIGURA KITA ( AMIN ),Lunas,"",2527000.00005,2527000.00005,26/07/2023,2527000.00005,0.0,0.0,"","","","","","",BINGKAI FOTO 20X30 (10R JUMBO),"","",150.0,PCS,16846.666667,0.00 %,"",0.0,2527000.00005,2527000.00005,0.0,"",0.0,0.0,"","","","",0.0,0.0
26/06/2023,Faktur Pembelian,JL.2306.08088,CANDRA (BLESSING),Lunas,"",28305000.0,22771875.0,10/07/2023,28305000.0,0.0,5533125.0,"","","","",ARIES,"","AIO HP 200 PRO G4 CI3 10110U 4GB 1TB 21,5 INCS","","",1.0,UNIT,6345000.0,0.00 %,"",0.0,6345000.0,6345000.0,0.0,"",0.0,0.0,"","","","",0.0,0.0
26/06/2023,Faktur Pembelian,JL.2306.08088,CANDRA (BLESSING),Lunas,"",28305000.0,22771875.0,10/07/2023,28305000.0,0.0,5533125.0,"","","","",ARIES,"",ASUS A416J I3 1005G1 8GB SSD 256GB WIN 11,"","",4.0,UNIT,5490000.0,0.00 %,"",0.0,21960000.0,21960000.0,0.0,"",0.0,0.0,"","","","",0.0,0.0
26/06/2023,Faktur Pembelian,JL.2306.07769,CANDRA (BLESSING),Lunas,"",4155000.0,4155000.0,10/07/2023,4155000.0,0.0,0.0,"","","","",AGUS,"",HDD PC WD PURPLE 2TB,"","",1.0,PCS,810000.0,0.00 %,"",0.0,810000.0,810000.0,0.0,"",0.0,0.0,"","","","",0.0,0.0
26/06/2023,Faktur Pembelian,JL.2306.07769,CANDRA (BLESSING),Lunas,"",4155000.0,4155000.0,10/07/2023,4155000.0,0.0,0.0,"","","","",AGUS,"",HDD PC SEAGATE 2TB SKYHAWK #,"","",1.0,PCS,855000.0,0.00 %,"",0.0,855000.0,855000.0,0.0,"",0.0,0.0,"","","","",0.0,0.0
26/06/2023,Faktur Pembelian,JL.2306.07769,CANDRA (BLESSING),Lunas,"",4155000.0,4155000.0,10/07/2023,4155000.0,0.0,0.0,"","","","",AGUS,"",LED SAMSUNG LS22A336NHEXXD 22FHD VGA+HDMI,"","",2.0,UNIT,1245000.0,0.00 %,"",0.0,2490000.0,2490000.0,0.0,"",0.0,0.0,"","","","",0.0,0.0
26/06/2023,Faktur Pembelian,JL.2306.07726,CANDRA (BLESSING),Lunas,"",3085000.0,3085000.0,10/07/2023,3085000.0,0.0,0.0,"","","","",AGUS,"",PRINTER EPSON LQ 310 dot matrix,"","",1.0,UNIT,3085000.0,0.00 %,"",0.0,3085000.0,3085000.0,0.0,"",0.0,0.0,"","","","",0.0,0.0
26/06/2023,Faktur Pembelian,JL.2306.07544,CANDRA (BLESSING),Lunas,"",12989000.0,12989000.0,10/07/2023,12989000.0,0.0,0.0,"","","","",AGUS,"",ASUS M1403QA-VIPS AMD Ryzen 5 5600H 8GB 512GB SSD W11 Home + OHS 2021 #,"","",1.0,UNIT,7894000.0,0.00 %,"",0.0,7894000.0,7894000.0,0.0,"",0.0,0.0,"","","","",0.0,0.0
26/06/2023,Faktur Pembelian,JL.2306.07544,CANDRA (BLESSING),Lunas,"",12989000.0,12989000.0,10/07/2023,12989000.0,0.0,0.0,"","","","",AGUS,"","LED SAMSUNG LS27A800UJEXXD 27 UHD IPS (3,840 X 2,160) 60HZ 5MS","","",1.0,UNIT,5095000.0,0.00 %,"",0.0,5095000.0,5095000.0,0.0,"",0.0,0.0,"","","","",0.0,0.0
26/06/2023,Faktur Pembelian,2303107,WAHANA,Lunas,"",12640000.0,12640000.0,26/07/2023,12640000.0,0.0,0.0,"","","","","","",CCTV DVR HIK 16CH DS 7216HGHI K1,"","",1.0,PCS,1385000.0,0.00 %,"",0.0,1385000.0,1385000.0,0.0,"",0.0,0.0,"","","","",0.0,0.0
26/06/2023,Faktur Pembelian,2303107,WAHANA,Lunas,"",12640000.0,12640000.0,26/07/2023,12640000.0,0.0,0.0,"","","","","","",CCTV DVR DAHUA XVR1B16H 16CH,"","",2.0,PCS,1225000.0,0.00 %,"",0.0,2450000.0,2450000.0,0.0,"",0.0,0.0,"","","","",0.0,0.0
26/06/2023,Faktur Pembelian,2303107,WAHANA,Lunas,"",12640000.0,12640000.0,26/07/2023,12640000.0,0.0,0.0,"","","","","","",CCTV CAM DAHUA HAC-T1A21 IR BULLET (INDOOR),"","",15.0,PCS,155000.0,0.00 %,"",0.0,2325000.0,2325000.0,0.0,"",0.0,0.0,"","","","",0.0,0.0
26/06/2023,Faktur Pembelian,2303107,WAHANA,Lunas,"",12640000.0,12640000.0,26/07/2023,12640000.0,0.0,0.0,"","","","","","",CCTV DVR DAHUA DH-XVR1B04-I 4CH,"","",9.0,UNIT,460000.0,0.00 %,"",0.0,4140000.0,4140000.0,0.0,"",0.0,0.0,"","","","",0.0,0.0
26/06/2023,Faktur Pembelian,2303107,WAHANA,Lunas,"",12640000.0,12640000.0,26/07/2023,12640000.0,0.0,0.0,"","","","","","",CAMERA CCTV HIK DS-2CE160T 2MP OUTDOOR,"","",6.0,PCS,265000.0,0.00 %,"",0.0,1590000.0,1590000.0,0.0,"",0.0,0.0,"","","","",0.0,0.0
26/06/2023,Faktur Pembelian,2303107,WAHANA,Lunas,"",12640000.0,12640000.0,26/07/2023,12640000.0,0.0,0.0,"","","","","","",CAMERA CCTV HIK DS-2CE76D0T INDOOR,"","",3.0,PCS,250000.0,0.00 %,"",0.0,750000.0,750000.0,0.0,"",0.0,0.0,"","","","",0.0,0.0
26/06/2023,Faktur Pembelian,JL.2306.07902,CANDRA (BLESSING),Lunas,"",2440000.0,2440000.0,10/07/2023,2440000.0,0.0,0.0,"","","","",AGUS,"",LED SAMSUNG LS22A336NHEXXD 22FHD VGA+HDMI,"","",1.0,UNIT,1240000.0,0.00 %,"",0.0,1240000.0,1240000.0,0.0,"",0.0,0.0,"","","","",0.0,0.0
26/06/2023,Faktur Pembelian,JL.2306.07902,CANDRA (BLESSING),Lunas,"",2440000.0,2440000.0,10/07/2023,2440000.0,0.0,0.0,"","","","",AGUS,"","LED LG 22MP410-B 21,45 FHD #","","",1.0,UNIT,1200000.0,0.00 %,"",0.0,1200000.0,1200000.0,0.0,"",0.0,0.0,"","","","",0.0,0.0
26/06/2023,Faktur Pembelian,001534,LILI (PLATINUM),Lunas,"",525000.0,525000.0,26/07/2023,525000.0,0.0,0.0,"","","","","","",BATERAI ACER AP18B18J (A314-33),"","",1.0,PCS,525000.0,0.00 %,"",0.0,525000.0,525000.0,0.0,"",0.0,0.0,"","","","",0.0,0.0
26/06/2023,Faktur Pembelian,JL5523061010,YULI (HP CENTRE),Lunas,"",1316000.0,1316000.0,26/07/2023,1316000.0,0.0,0.0,"","","","",RAHMAT,"",BLUEPRINT PRINTER ECO BP-ECO58 (BATERAI),"","",4.0,UNIT,329000.0,0.00 %,"",0.0,1316000.0,1316000.0,0.0,"",0.0,0.0,"","","","",0.0,0.0
26/06/2023,Faktur Pembelian,JL / 23 / 06 / 00000296,CV. NOAH SEJAHTERA ABADI,Lunas,"",4560000.0,4560000.0,10/07/2023,4560000.0,0.0,0.0,"","","","","","",MB POWER MAX H61,"","",2.0,PCS,375000.0,0.00 %,"",0.0,750000.0,750000.0,0.0,"",0.0,0.0,"","","","",0.0,0.0
26/06/2023,Faktur Pembelian,JL / 23 / 06 / 00000296,CV. NOAH SEJAHTERA ABADI,Lunas,"",4560000.0,4560000.0,10/07/2023,4560000.0,0.0,0.0,"","","","","","",MB POWER MAX G41,"","",4.0,PCS,365000.0,0.00 %,"",0.0,1460000.0,1460000.0,0.0,"",0.0,0.0,"","","","",0.0,0.0
26/06/2023,Faktur Pembelian,JL / 23 / 06 / 00000296,CV. NOAH SEJAHTERA ABADI,Lunas,"",4560000.0,4560000.0,10/07/2023,4560000.0,0.0,0.0,"","","","","","",SSD SATA OSCOO 256GB,"","",10.0,PCS,235000.0,0.00 %,"",0.0,2350000.0,2350000.0,0.0,"",0.0,0.0,"","","","",0.0,0.0
26/06/2023,Faktur Pembelian,FK 3295,BETA COM,Lunas,"",28000000.0,28000000.0,10/07/2023,28000000.0,0.0,0.0,"","","","","","",PRINTER CANON G1010,"","",10.0,UNIT,1405000.0,0.00 %,"",0.0,14050000.0,14050000.0,0.0,"",0.0,0.0,"","","","",0.0,0.0
26/06/2023,Faktur Pembelian,FK 3295,BETA COM,Lunas,"",28000000.0,28000000.0,10/07/2023,28000000.0,0.0,0.0,"","","","","","",PRINTER CANON G1020,"","",10.0,UNIT,1395000.0,0.00 %,"",0.0,13950000.0,13950000.0,0.0,"",0.0,0.0,"","","","",0.0,0.0
26/06/2023,Faktur Pembelian,FK 3293,BETA COM,Lunas,"",6910000.0,6910000.0,10/07/2023,6910000.0,0.0,0.0,"","","","","","",PRINTER CANON IX 6770,"","",2.0,UNIT,3455000.0,0.00 %,"",0.0,6910000.0,6910000.0,0.0,"",0.0,0.0,"","","","",0.0,0.0
26/06/2023,Faktur Pembelian,00641771_036,PRIYO (K GALAXY),Lunas,"",43200000.0,43200000.0,26/07/2023,43200000.0,0.0,0.0,"","","","","","",PRINTER EPSON L3210,"","",20.0,UNIT,2160000.0,0.00 %,"",0.0,43200000.0,43200000.0,0.0,"",0.0,0.0,"","","","",0.0,0.0
26/06/2023,Faktur Pembelian,2306102,ANDY (JMK),Lunas,"",16240000.0,16240000.0,26/07/2023,16240000.0,0.0,0.0,"","","","","","",KABEL LAN ZIMM LINK,"","",20.0,DUS,400000.0,0.00 %,"",0.0,8000000.0,8000000.0,0.0,"",0.0,0.0,"","","","",0.0,0.0
26/06/2023,Faktur Pembelian,2306102,ANDY (JMK),Lunas,"",16240000.0,16240000.0,26/07/2023,16240000.0,0.0,0.0,"","","","","","",KABEL LAN ZIMM LINK FTP ( SEMI OUTDOOR ),"","",16.0,DUS,515000.0,0.00 %,"",0.0,8240000.0,8240000.0,0.0,"",0.0,0.0,"","","","",0.0,0.0
26/06/2023,Faktur Pembelian,JL5523061123,YULI (HP CENTRE),Lunas,"",5660000.0,5660000.0,26/07/2023,5660000.0,0.0,0.0,"","","","",RAHMAT,"",BLUEPRINT PRINTER LITE TMU58D BLUETOOTH,"","",5.0,UNIT,316000.0,0.00 %,"",0.0,1580000.0,1580000.0,0.0,"",0.0,0.0,"","","","",0.0,0.0
26/06/2023,Faktur Pembelian,JL5523061123,YULI (HP CENTRE),Lunas,"",5660000.0,5660000.0,26/07/2023,5660000.0,0.0,0.0,"","","","",RAHMAT,"",BLUEPRINT PRINTER LITE DEKSTOP USB - LITE80L,"","",5.0,UNIT,816000.0,0.00 %,"",0.0,4080000.0,4080000.0,0.0,"",0.0,0.0,"","","","",0.0,0.0
27/06/2023,Faktur Pembelian,JL.2306.08081,CANDRA (BLESSING),Lunas,"",4730000.0,4730000.0,11/07/2023,4730000.0,0.0,0.0,"","","","",AGUS,"","HDD EXTERNAL 2TB  SEAGATE 2,5""","","",1.0,PCS,1020000.0,0.00 %,"",0.0,1020000.0,1020000.0,0.0,"",0.0,0.0,"","","","",0.0,0.0
27/06/2023,Faktur Pembelian,JL.2306.08081,CANDRA (BLESSING),Lunas,"",4730000.0,4730000.0,11/07/2023,4730000.0,0.0,0.0,"","","","",AGUS,"",SSD LEXAR 256GB NM620 M.2 2280 NVME PCI GEN3X4,"","",5.0,PCS,298000.0,0.00 %,"",0.0,1490000.0,1490000.0,0.0,"",0.0,0.0,"","","","",0.0,0.0
27/06/2023,Faktur Pembelian,JL.2306.08081,CANDRA (BLESSING),Lunas,"",4730000.0,4730000.0,11/07/2023,4730000.0,0.0,0.0,"","","","",AGUS,"",SSD COLORFUL 480GB M.2 2280 KODE CN500,"","",4.0,PCS,500000.0,0.00 %,"",0.0,2000000.0,2000000.0,0.0,"",0.0,0.0,"","","","",0.0,0.0
27/06/2023,Faktur Pembelian,JL.2306.08081,CANDRA (BLESSING),Lunas,"",4730000.0,4730000.0,11/07/2023,4730000.0,0.0,0.0,"","","","",AGUS,"",SSD APACER 240GB M.2 AST280,"","",1.0,PCS,220000.0,0.00 %,"",0.0,220000.0,220000.0,0.0,"",0.0,0.0,"","","","",0.0,0.0
27/06/2023,Faktur Pembelian,JL.2306.08119,CANDRA (BLESSING),Lunas,"",19840000.0,19840000.0,11/07/2023,19840000.0,0.0,0.0,"","","","",RAHMAT,"",AIO ASUS V222GAK INTEL J4025 4GB 256GB SSD #,"","",4.0,UNIT,4960000.0,0.00 %,"",0.0,19840000.0,19840000.0,0.0,"",0.0,0.0,"","","","",0.0,0.0
27/06/2023,Faktur Pembelian,00641803_036,PRIYO (K GALAXY),Lunas,"",510000.0,510000.0,27/07/2023,510000.0,0.0,0.0,"","","","","","",HDD PC SEAGATE SATA 500 GB PI,"","",6.0,PCS,85000.0,0.00 %,"",0.0,510000.0,510000.0,0.0,"",0.0,0.0,"","","","",0.0,0.0
27/06/2023,Faktur Pembelian,PJL-23-06-00578,PT. Surya Makmur Kreasindo (HJ),Lunas,"",13300000.0,13300000.0,11/07/2023,11981981.981982,1318018.018018,0.0,"",SURABAYA,"","",CV TIGA NUSA,"",* PROJECTOR EPSON EB E500 XVGAVGA HDMI,"","",1.0,UNIT,4639639.63964,0.00 %,11.0,510360.360360399999994896396396396,4639639.63964,4639639.63964,0.0,"",0.0,0.0,PT. Surya Makmur Kreasindo,"",081515111951,"",0.0,0.0
27/06/2023,Faktur Pembelian,PJL-23-06-00578,PT. Surya Makmur Kreasindo (HJ),Lunas,"",13300000.0,13300000.0,11/07/2023,11981981.981982,1318018.018018,0.0,"",SURABAYA,"","",CV TIGA NUSA,"",* PROJECTOR EPSON EB W51,"","",1.0,UNIT,7342342.342342,0.00 %,11.0,807657.6576576199999919234234234238,7342342.342342,7342342.342342,0.0,"",0.0,0.0,PT. Surya Makmur Kreasindo,"",081515111951,"",0.0,0.0
28/06/2023,Faktur Pembelian,14480,FIKTIF BELI,Lunas,"",1599999.999895,0.0,28/07/2023,1599999.999895,0.0,1599999.999895,"","","","","","",KABEL LAN BELDEN / COMSCAPE CAT 5 PERMETER,"","",305.0,METER,5245.901639,0.00 %,"",0.0,1599999.999895,1599999.999895,0.0,"",0.0,0.0,"","","","",0.0,0.0
28/06/2023,Faktur Pembelian,JL.2306.08463,CANDRA (BLESSING),Lunas,"",19045000.0,19045000.0,12/07/2023,19045000.0,0.0,0.0,"","","","",RAHMAT,"",ASUS A1400EA FHD I3 - 1115G4 4GB 256GB SSD WIN 11,"","",2.0,UNIT,5425000.0,0.00 %,"",0.0,10850000.0,10850000.0,0.0,"",0.0,0.0,"","","","",0.0,0.0
28/06/2023,Faktur Pembelian,JL.2306.08463,CANDRA (BLESSING),Lunas,"",19045000.0,19045000.0,12/07/2023,19045000.0,0.0,0.0,"","","","",RAHMAT,"",LED SAMSUNG LC24F390FHEXXD 24 CURVE,"","",2.0,UNIT,1450000.0,0.00 %,"",0.0,2900000.0,2900000.0,0.0,"",0.0,0.0,"","","","",0.0,0.0
28/06/2023,Faktur Pembelian,JL.2306.08463,CANDRA (BLESSING),Lunas,"",19045000.0,19045000.0,12/07/2023,19045000.0,0.0,0.0,"","","","",RAHMAT,"",HP 240 G8 I3-1115G4 4GB 256GB SSD WIN 11,"","",1.0,UNIT,5295000.0,0.00 %,"",0.0,5295000.0,5295000.0,0.0,"",0.0,0.0,"","","","",0.0,0.0
28/06/2023,Faktur Pembelian,JL.2306.08717,CANDRA (BLESSING),Lunas,"",9535000.0,9535000.0,12/07/2023,9535000.0,0.0,0.0,"","","","",RAHMAT,"",AIO LENOVO IDEACENTRE 3 CI5 - 12450H 8GB 512GB SSD INTEL IRIS XE,"","",1.0,UNIT,9535000.0,0.00 %,"",0.0,9535000.0,9535000.0,0.0,"",0.0,0.0,"","","","",0.0,0.0
28/06/2023,Faktur Pembelian,14481,FIKTIF BELI,Lunas,"",300000.0,0.0,28/07/2023,300000.0,0.0,300000.0,"","","","","","",OJEK,"","",2.0,JASA,150000.0,0.00 %,"",0.0,300000.0,300000.0,0.0,"",0.0,0.0,"","","","",0.0,0.0
28/06/2023,Faktur Pembelian,14482,KO ROBBY,Lunas,"",177595.56,0.0,28/07/2023,177595.56,0.0,177595.56,"","","","","","",BATERAI A 23,"","",12.0,PCS,14799.63,0.00 %,"",0.0,177595.56,177595.56,0.0,"",0.0,0.0,"","","","",0.0,0.0
28/06/2023,Faktur Pembelian,J/00005335,CV SAHABAT KITA (EPRINT),Lunas,"",33950000.0,33950000.0,28/07/2023,33950000.0,0.0,0.0,"","","","","","",EPRINT CANON 200ML BLACK,"","",400.0,PCS,48500.0,0.00 %,"",0.0,19400000.0,19400000.0,0.0,"",0.0,0.0,"","","","",0.0,0.0
28/06/2023,Faktur Pembelian,J/00005335,CV SAHABAT KITA (EPRINT),Lunas,"",33950000.0,33950000.0,28/07/2023,33950000.0,0.0,0.0,"","","","","","",EPRINT CANON 200ML CYAN,"","",100.0,PCS,48500.0,0.00 %,"",0.0,4850000.0,4850000.0,0.0,"",0.0,0.0,"","","","",0.0,0.0
28/06/2023,Faktur Pembelian,J/00005335,CV SAHABAT KITA (EPRINT),Lunas,"",33950000.0,33950000.0,28/07/2023,33950000.0,0.0,0.0,"","","","","","",EPRINT CANON 200ML MAGENTA,"","",100.0,PCS,48500.0,0.00 %,"",0.0,4850000.0,4850000.0,0.0,"",0.0,0.0,"","","","",0.0,0.0
28/06/2023,Faktur Pembelian,J/00005335,CV SAHABAT KITA (EPRINT),Lunas,"",33950000.0,33950000.0,28/07/2023,33950000.0,0.0,0.0,"","","","","","",EPRINT CANON 200ML YELLOW,"","",100.0,PCS,48500.0,0.00 %,"",0.0,4850000.0,4850000.0,0.0,"",0.0,0.0,"","","","",0.0,0.0
28/06/2023,Faktur Pembelian,FK 3323,BETA COM,Lunas,"",36485000.0,36485000.0,12/07/2023,36485000.0,0.0,0.0,"","","","","","",HEAD PRINTER CANON IX 6770,"","",2.0,PCS,1000000.0,0.00 %,"",0.0,2000000.0,2000000.0,0.0,"",0.0,0.0,"","","","",0.0,0.0
28/06/2023,Faktur Pembelian,FK 3323,BETA COM,Lunas,"",36485000.0,36485000.0,12/07/2023,36485000.0,0.0,0.0,"","","","","","",PRINTER CANON IX 6770,"","",1.0,UNIT,3455000.0,0.00 %,"",0.0,3455000.0,3455000.0,0.0,"",0.0,0.0,"","","","",0.0,0.0
28/06/2023,Faktur Pembelian,FK 3323,BETA COM,Lunas,"",36485000.0,36485000.0,12/07/2023,36485000.0,0.0,0.0,"","","","","","",CATRDIGE CANON CA91 / BH7 (G2010),"","",10.0,PCS,352000.0,0.00 %,"",0.0,3520000.0,3520000.0,0.0,"",0.0,0.0,"","","","",0.0,0.0
28/06/2023,Faktur Pembelian,FK 3323,BETA COM,Lunas,"",36485000.0,36485000.0,12/07/2023,36485000.0,0.0,0.0,"","","","","","",CATRIDGE CANON CA92 / CH7 (G2010),"","",5.0,PCS,400000.0,0.00 %,"",0.0,2000000.0,2000000.0,0.0,"",0.0,0.0,"","","","",0.0,0.0
28/06/2023,Faktur Pembelian,FK 3323,BETA COM,Lunas,"",36485000.0,36485000.0,12/07/2023,36485000.0,0.0,0.0,"","","","","","",PRINTER CANON G3010 WIFI PSC,"","",3.0,UNIT,2335000.0,0.00 %,"",0.0,7005000.0,7005000.0,0.0,"",0.0,0.0,"","","","",0.0,0.0
28/06/2023,Faktur Pembelian,FK 3323,BETA COM,Lunas,"",36485000.0,36485000.0,12/07/2023,36485000.0,0.0,0.0,"","","","","","",PRINTER CANON G2020 PSC,"","",5.0,UNIT,1890000.0,0.00 %,"",0.0,9450000.0,9450000.0,0.0,"",0.0,0.0,"","","","",0.0,0.0
28/06/2023,Faktur Pembelian,FK 3323,BETA COM,Lunas,"",36485000.0,36485000.0,12/07/2023,36485000.0,0.0,0.0,"","","","","","",PRINTER CANON G1020,"","",5.0,UNIT,1395000.0,0.00 %,"",0.0,6975000.0,6975000.0,0.0,"",0.0,0.0,"","","","",0.0,0.0
28/06/2023,Faktur Pembelian,FK 3323,BETA COM,Lunas,"",36485000.0,36485000.0,12/07/2023,36485000.0,0.0,0.0,"","","","","","","MAINTENANCE BOX G SERIES G1020, G2020 ( MCG02 )","","",20.0,PCS,104000.0,0.00 %,"",0.0,2080000.0,2080000.0,0.0,"",0.0,0.0,"","","","",0.0,0.0
30/06/2023,Faktur Pembelian,14483,DARMA DJ COMP,Lunas,"",29800000.0,0.0,30/07/2023,29800000.0,0.0,29800000.0,"","","","","","","ACER 3 SLIM A314 - 35 INTEL N6000 4GB 256GB SSD 14""","","",4.0,UNIT,4900000.0,0.00 %,"",0.0,19600000.0,19600000.0,0.0,"",0.0,0.0,"","","",087876835295,0.0,0.0
30/06/2023,Faktur Pembelian,14483,DARMA DJ COMP,Lunas,"",29800000.0,0.0,30/07/2023,29800000.0,0.0,29800000.0,"","","","","","",ASUS BR1100CKA INTEL N4500 4GB 128GB eMMC WIN 11,"","",3.0,UNIT,3400000.0,0.00 %,"",0.0,10200000.0,10200000.0,0.0,"",0.0,0.0,"","","",087876835295,0.0,0.0
30/06/2023,Faktur Pembelian,14484,ONLINE,Lunas,"",1025000.0,0.0,30/07/2023,1025000.0,0.0,1025000.0,"","","","","","",MESIN HITUNG UANG KONZURE MC-101,"","",1.0,PCS,1025000.0,0.00 %,"",0.0,1025000.0,1025000.0,0.0,"",0.0,0.0,"","","","",0.0,0.0
30/06/2023,Faktur Pembelian,14485,FIKTIF BELI,Lunas,"",60000.0,0.0,30/07/2023,60000.0,0.0,60000.0,"","","","","","",TINTA CANON ORI 790 BLACK NON PACK,"","",1.0,PCS,60000.0,0.00 %,"",0.0,60000.0,60000.0,0.0,"",0.0,0.0,"","","","",0.0,0.0
30/06/2023,Faktur Pembelian,14485,FIKTIF BELI,Lunas,"",60000.0,0.0,30/07/2023,60000.0,0.0,60000.0,"","","","","","",TINTA CANON ORI 790 CYAN NON PACK,"","",1.0,PCS,0.0,0.00 %,"",0.0,0.0,0.0,0.0,"",0.0,0.0,"","","","",0.0,0.0
30/06/2023,Faktur Pembelian,14485,FIKTIF BELI,Lunas,"",60000.0,0.0,30/07/2023,60000.0,0.0,60000.0,"","","","","","",TINTA CANON ORI 790 YELLOW NON PACK,"","",1.0,PCS,0.0,0.00 %,"",0.0,0.0,0.0,0.0,"",0.0,0.0,"","","","",0.0,0.0
30/06/2023,Faktur Pembelian,14485,FIKTIF BELI,Lunas,"",60000.0,0.0,30/07/2023,60000.0,0.0,60000.0,"","","","","","",TINTA CANON ORI 790 MAGENTA NON PACK,"","",1.0,PCS,0.0,0.00 %,"",0.0,0.0,0.0,0.0,"",0.0,0.0,"","","","",0.0,0.0
30/06/2023,Faktur Pembelian,14486,FIKTIF BELI,Lunas,"",4700000.0,0.0,30/07/2023,4700000.0,0.0,4700000.0,"","","","","","","PLASTIK OPP 10,5 X 24","","",1000.0,PCS,4700.0,0.00 %,"",0.0,4700000.0,4700000.0,0.0,"",0.0,0.0,"","","","",0.0,0.0
30/06/2023,Faktur Pembelian,14487,ONLINE,Lunas,"",2677000.0,0.0,30/07/2023,2677000.0,0.0,2677000.0,"","","","","","",BATERAI AA ENELOOP PRO,"","",28.0,PCS,67750.0,0.00 %,"",0.0,1897000.0,1897000.0,0.0,"",0.0,0.0,"","","","",0.0,0.0
30/06/2023,Faktur Pembelian,14487,ONLINE,Lunas,"",2677000.0,0.0,30/07/2023,2677000.0,0.0,2677000.0,"","","","","","",UGREEN LASER POINTER,"","",6.0,PCS,130000.0,0.00 %,"",0.0,780000.0,780000.0,0.0,"",0.0,0.0,"","","","",0.0,0.0
30/06/2023,Faktur Pembelian,14488,LEGALA,Lunas,"",4525000.0,0.0,30/07/2023,4525000.0,0.0,4525000.0,"","","JL. SOEKARNO HATTA RT. 012  RW. 004 PANE, RASANAE BARAT","","","",TINTA ART PAPER KOREA BLACK,"","",10.0,PCS,100000.0,0.00 %,"",0.0,1000000.0,1000000.0,0.0,"",25000.0,0.0,"","","","",0.0,0.0
30/06/2023,Faktur Pembelian,14488,LEGALA,Lunas,"",4525000.0,0.0,30/07/2023,4525000.0,0.0,4525000.0,"","","JL. SOEKARNO HATTA RT. 012  RW. 004 PANE, RASANAE BARAT","","","",TINTA ART PAPER KOREA CYAN,"","",5.0,PCS,100000.0,0.00 %,"",0.0,500000.0,500000.0,0.0,"",25000.0,0.0,"","","","",0.0,0.0
30/06/2023,Faktur Pembelian,14488,LEGALA,Lunas,"",4525000.0,0.0,30/07/2023,4525000.0,0.0,4525000.0,"","","JL. SOEKARNO HATTA RT. 012  RW. 004 PANE, RASANAE BARAT","","","",TINTA ART PAPER KOREA MAGENTA,"","",10.0,PCS,100000.0,0.00 %,"",0.0,1000000.0,1000000.0,0.0,"",25000.0,0.0,"","","","",0.0,0.0
30/06/2023,Faktur Pembelian,14488,LEGALA,Lunas,"",4525000.0,0.0,30/07/2023,4525000.0,0.0,4525000.0,"","","JL. SOEKARNO HATTA RT. 012  RW. 004 PANE, RASANAE BARAT","","","",TINTA ART PAPER KOREA YELLOW,"","",10.0,PCS,100000.0,0.00 %,"",0.0,1000000.0,1000000.0,0.0,"",25000.0,0.0,"","","","",0.0,0.0
30/06/2023,Faktur Pembelian,14488,LEGALA,Lunas,"",4525000.0,0.0,30/07/2023,4525000.0,0.0,4525000.0,"","","JL. SOEKARNO HATTA RT. 012  RW. 004 PANE, RASANAE BARAT","","","",TINTA ART PAPER KOREA LIGHT MAGENTA,"","",5.0,PCS,100000.0,0.00 %,"",0.0,500000.0,500000.0,0.0,"",25000.0,0.0,"","","","",0.0,0.0
30/06/2023,Faktur Pembelian,14488,LEGALA,Lunas,"",4525000.0,0.0,30/07/2023,4525000.0,0.0,4525000.0,"","","JL. SOEKARNO HATTA RT. 012  RW. 004 PANE, RASANAE BARAT","","","",TINTA ART PAPER KOREA LIGHT CYAN,"","",5.0,PCS,100000.0,0.00 %,"",0.0,500000.0,500000.0,0.0,"",25000.0,0.0,"","","","",0.0,0.0
30/06/2023,Faktur Pembelian,JL.2306.09047,CANDRA (BLESSING),Lunas,"",15788000.000001,15788000.000001,14/07/2023,14223423.423424,1564576.576577,0.0,"","","","",CV TIGA NUSA,"",* ASUS M1403QA AMD RYZEN 5 5600H 8GB 512GB SSD WIN 11 #,"","",2.0,UNIT,7111711.711712,0.00 %,11.0,1564576.5765766399999843542342342336,14223423.423424,14223423.423424,0.0,"",0.0,0.0,"","","","",0.0,0.0
30/06/2023,Faktur Pembelian,JL.2306.09164,CANDRA (BLESSING),Lunas,"",99000.0,99000.0,14/07/2023,99000.0,0.0,0.0,"","","","",AGUS,"",CONVERTER DISPLAY PORT TO VGA,"","",3.0,PCS,33000.0,0.00 %,"",0.0,99000.0,99000.0,0.0,"",0.0,0.0,"","","","",0.0,0.0
30/06/2023,Faktur Pembelian,JL.2306.09168,CANDRA (BLESSING),Lunas,"",410000.0,410000.0,14/07/2023,410000.0,0.0,0.0,"","","","",AGUS,"",CASING INFINITY NEBULA V.4,"","",1.0,UNIT,410000.0,0.00 %,"",0.0,410000.0,410000.0,0.0,"",0.0,0.0,"","","","",0.0,0.0
30/06/2023,Faktur Pembelian,14489,FIKTIF BELI,Lunas,"",1262500.0,0.0,30/07/2023,1262500.0,0.0,1262500.0,"","","","","","",CASING AVARIS LP SERIES,"","",5.0,PCS,252500.0,0.00 %,"",0.0,1262500.0,1262500.0,0.0,"",0.0,0.0,"","","","",0.0,0.0
30/06/2023,Faktur Pembelian,JL.2306.09173,CANDRA (BLESSING),Lunas,"",1550000.0,1550000.0,14/07/2023,1550000.0,0.0,0.0,"","","","",AGUS,"","LED SAMSUNG 24"" LS24R350FZEXXD FHD 75HZ #","","",1.0,UNIT,1550000.0,0.00 %,"",0.0,1550000.0,1550000.0,0.0,"",0.0,0.0,"","","","",0.0,0.0
30/06/2023,Faktur Pembelian,JL5523061148,YULI (HP CENTRE),Lunas,"",1896000.0,1896000.0,30/07/2023,1896000.0,0.0,0.0,"","","","",RAHMAT,"",BLUEPRINT PRINTER LITE TMU58D BLUETOOTH,"","",6.0,UNIT,316000.0,0.00 %,"",0.0,1896000.0,1896000.0,0.0,"",0.0,0.0,"","","","",0.0,0.0
30/06/2023,Faktur Pembelian,001536,LILI (PLATINUM),Lunas,"",6710000.0,6710000.0,30/07/2023,6710000.0,0.0,0.0,"","","","","","",MOUSE BRANDED,"","",100.0,PCS,19000.0,0.00 %,"",0.0,1900000.0,1900000.0,0.0,"",0.0,0.0,"","","","",0.0,0.0
30/06/2023,Faktur Pembelian,001536,LILI (PLATINUM),Lunas,"",6710000.0,6710000.0,30/07/2023,6710000.0,0.0,0.0,"","","","","","",MOUSE BRANDED,"","",100.0,PCS,22000.0,0.00 %,"",0.0,2200000.0,2200000.0,0.0,"",0.0,0.0,"","","","",0.0,0.0
30/06/2023,Faktur Pembelian,001536,LILI (PLATINUM),Lunas,"",6710000.0,6710000.0,30/07/2023,6710000.0,0.0,0.0,"","","","","","",WEBCAM HD 1080P #,"","",30.0,PCS,87000.0,0.00 %,"",0.0,2610000.0,2610000.0,0.0,"",0.0,0.0,"","","","",0.0,0.0
30/06/2023,Faktur Pembelian,FK 3325,BETA COM,Lunas,"",38592000.0,38592000.0,14/07/2023,38592000.0,0.0,0.0,"","","","","","",CATRIDGE CANON 810 BLACK,"","",192.0,PCS,201000.0,0.00 %,"",0.0,38592000.0,38592000.0,0.0,"",0.0,0.0,"","","","",0.0,0.0
30/06/2023,Faktur Pembelian,PJL-23-06-00608,PT. Surya Makmur Kreasindo (HJ),Lunas,"",8100000.000001,8100000.000001,14/07/2023,7297297.297298,802702.702703,0.0,"",SURABAYA,"","",CV TIGA NUSA,"",* PRINTER EPSON L5290,"","",2.0,UNIT,3648648.648649,0.00 %,11.0,802702.7027027799999919729729729722,7297297.297298,7297297.297298,0.0,"",0.0,0.0,PT. Surya Makmur Kreasindo,"",081515111951,"",0.0,0.0
