Gudang,Kode Produk,Nama Produk,Qty,Min. Qty,Satuan Produk,Harga Rata-rata,Nilai Persediaan
Unassigned,,*  BLUEPRINT PRINTER THERMAL BP - LITE 58X,0,1,PCS,232432.432432,0
Unassigned,,*  BLUEPRINT SCANNER BARCODE OMNI 2D,0,1,PCS,573873.873874,0
Unassigned,,"* ACER 3 A314 - 35 N5100 4GB 256GB SSD 14""",0,15,UNIT,4011326.78841,0
Unassigned,,* ACER 3 A314 22 AMD 3020E 4GB 256GB SSD,0,15,UNIT,3547991.823848,0
Unassigned,,* ACER 3 A314 22 AMD ATHLON SILVER 3050U 4GB SSD 256GB WIN 11,0,1,UNIT,3761261.261261,0
Unassigned,,* ACER 3 A314 23M RYZEN 5 7520U 8GB 512GB SSD WIN 11 PURE SILVER,0,1,UNIT,5932432.432432,0
Unassigned,,"* ACER 3 A314-22-R2C4 AMD RYZEN TM 3 3250U 4GB SSD 256GB 14""",0,1,UNIT,4819350.600601,0
Unassigned,,"* ACER 3 SLIM A314 35 INTEL N6000 4GB 256GB SSD 14 "" (KS)",0,1,UNIT,3918918.918919,0
Unassigned,,* ACER 5 A514 - 54 - 3427-Ci3-1115G4 4GB 512GB SSD WIN 10,0,1,UNIT,6875757.575758,0
Unassigned,,"* ACER 5 A514 - 54G - 32GJ Ci3-1115G4 8GB 512GB SSD MX 350 2GB WIN 11 14""",0,1,UNIT,5747604.587445,0
Unassigned,,* ACER 5 A514 - 55 Ci5 - 1235U 8GB 512GB SSD WIN 11,0,1,UNIT,8280180.18018,0
Unassigned,,* ACER 5 A514 I7-1255U 8GB 512GB SSD WIN11,0,1,UNIT,10639639.63964,0
Unassigned,,* ACER 5 A514-54 Ci5-1135G7 8GB 512GB SSD VGA IRIS XE,0,1,UNIT,8752252.252252,0
Unassigned,,* ACER 5 A514-54G-78MW Ci7-1165G7 8GB 512GB SSD VGA,0,1,UNIT,11248863.636364,0
Unassigned,,* ACER 5 SLIM A514 -54 CI3-1115G4 4GB 512GB SSD W11,0,1,UNIT,5591591.591592,0
Unassigned,,"* ACER 5 SLIM A514 54  I3-1115G4 4GB 256 SSD 14""",0,1,UNIT,5315315.315315,0
Unassigned,,* ACER 5 SPIN 14 A5SP14 - 51MTN Ci7 1355U 16GB 512GB SSD INTEL IRIS XE WIN 11,0,1,UNIT,12045045.045045,0
Unassigned,,* ACER A514 56P I5-1335U 8GB SSD 512GB WIN 11 #,0,1,UNIT,7725225.225225,0
Unassigned,,* ACER AL14-31P INTEL N100 8GB 512GB WIN 11 #,0,40,UNIT,4278032.186931,0
Unassigned,,* ACER ASPIRE 14 A14 51M CORE 7 150U 16GB 512GB SSD WIN 11 #,0,1,UNIT,10896396.396396,0
Unassigned,,"* ACER ASPIRE 14"" A14-51M CORE 5 120U 16GB 512GB SSD WIN 11",0,1,UNIT,8594594.594595,0
Unassigned,,"* ACER ASPIRE 14"" AI A14-51GM Ci5 13420H 8GB 512GB SSD RTX 2050 4GB WIN 11 #",0,1,UNIT,8630630.630631,0
Unassigned,,* ACER ASPIRE 3 SPIN 14A3SP14-31PT Ci3-N305 8GB 512GB SSD WIN 11 TOUCH EK,0,1,UNIT,7103603.603604,0
Unassigned,,"* ACER ASPIRE 5 A514-53-36N5 BLACK i3 1005G1 WIN10 (14""FHD/UMA/512GB SSD/4GB)",0,1,UNIT,5900000,0
Unassigned,,"* ACER ASPIRE 5 A514-53-36N5 SILVER i3 1005G1 WIN10 (14"" FHD/UMA/512GB SSD/4GB)",0,1,UNIT,5900000,0
Unassigned,,"* ACER ASPIRE 7 PRO A715 i5-12450H 8GB 512GB SSD WIN 11 15,6"" RTX 3050 6GB",0,1,UNIT,8909909.90991,0
Unassigned,,* ACER ASPIRE 7 PRO A715-59G INTEL CORE i5 - 12450H 16GB DDR4 512GB SSD RTX 3050 6GB WIN 11,0,1,UNIT,9090090.09009,0
Unassigned,,* ACER ASPIRE GO 14 AG14-72P INTEL CORE 5 120U 8GB DDR4 512GB SSD WIN 11,0,1,UNIT,7915915.915916,0
Unassigned,,* ACER ASPIRE LITE 14 AL14 i3 N355 8GB 256GB SSD WIN 11,8,1,UNIT,4742213.642214,37937709.137712
Unassigned,,* ACER ASPIRE LITE AL1 14 Ci3 1215 8GB 512GB WIN 11 RS,1,0,PCS,5286286.286286,5286286.286286
Unassigned,,* ACER ASPIRE LITE AL14 51M Ci5 1235U 8GB 512GB SSD WIN 11 #,0,1,UNIT,7319819.81982,0
Unassigned,,* ACER ASPIRE LITE AL14 52M Ci5 1334U 16GB 512GB SSD WIN 11,0,0,UNIT,7286036.036036,0
Unassigned,,* ACER ASPIRE LITE AL14 52M Ci5 1334U 8GB 512GB SSD WIN 11 #,0,1,UNIT,7450450.45045,0
Unassigned,,* ACER ASPIRE LITE AL14 N150 8GB 256GB SSD WIN 11 #,11,1,UNIT,4311747.131449,47429218.445939
Unassigned,,* ACER ASPIRE LITE AL14 N150 8GB 512GB SSD WIN 11,9,1,UNIT,4525064.429371,40725579.864339
Unassigned,,* ACER ASPIRE LITE AL14 N4500 8GB 512GB SSD WIN 11,6,1,UNIT,5675675.675676,34054054.054056
Unassigned,,* ACER ASPIRE LITE AL14-31P INTEL CEL N100 8GB 256GB SSD WIN 11 #,0,1,UNIT,4057057.057057,0
Unassigned,,* ACER ASPIRE LITE AL14-32P-3S16 INTEL CORE 3 N355 16GB DDR5 512GB SSD WIN 11,0,1,UNIT,5966216.216216,0
Unassigned,,"* ACER ASPIRELITE AL14 - 32 Ci3 N355 8GB 512GB SSD 14"" WIN 11",5,1,UNIT,5215524.735261,26077623.676305
Unassigned,,* ACER EXTENSA 15 EX215-31  INTEL N4020 4GB SSD 256GB,0,1,UNIT,4477272.727273,0
Unassigned,,* ACER GO ASPIRE 14 AG14-31P-34GM Ci3-N305 8GB 512GB SSD WIN 11 #,0,1,UNIT,5157657.657658,0
Unassigned,,"* ACER LITE AL14 51M 14"" Ci3 1215U 16GB 256GB SSD WIN 11",0,1,UNIT,5576576.576577,0
Unassigned,,"* ACER LITE AL14 51M 14"" Ci3 1215U 8GB 256GB SSD WIN 11 #",0,1,UNIT,5193693.693694,0
Unassigned,,* ACER LITE AL14-51M i5-1235U 16GB 512GB SSD WIN 11 SILVER #,0,1,UNIT,8600000,0
Unassigned,,* ACER MATE 14 AM1 INTEL CORE i5 - 1235U 16GB DDR4 512GB SSD WIN 11 + OHS,0,1,UNIT,6936936.936937,0
Unassigned,,* ACER NITRO 5 AN515-57-52BQ CI5-11400H 8GB 512GB SSD RTX 3050 4GB W11 NW,0,1,UNIT,12087387.387387,0
Unassigned,,* ACER NITRO V15 ANV15 - 51 Ci7-13620H 2X8GB DDR5  512SSD RTX 2050 4GB GDDR6 WIN 11 #,0,1,UNIT,12117117.117117,0
Unassigned,,* ACER NITRO V15 ANV15 51 542G Ci5 - 13420H 8GB 512GB SSD RTX 2050 4GB WIN 11,0,1,UNIT,9270270.27027,0
Unassigned,,* ACER PREDATOR NITRO 5 AN515 - 58 Ci5-12500H 8 512 SSD RTX 3050 WIN 11 #,0,1,UNIT,10585585.585586,0
Unassigned,,* ACER SPIN 3 i3 - N305 8GB SSD 512GB WIN 11 #,0,1,UNIT,7364873.873874,0
Unassigned,,* ACER SWIFT 14 SF14-71T Ci7-13700H 16GB 1TB SSD IRIS XE GRAPHICHS 96 EU WIN 11 #,0,1,UNIT,15126126.126126,0
Unassigned,,* ACER SWIFT GO OLED 14 SFG14 CORE ULTRA 7 155H 16GB 512GB SSD WIN 11 #,0,1,UNIT,13279279.279279,0
Unassigned,,* ACER SWIFT X SFX14 72G CORE ULTRA 7 155H 32GB 1TB SSD RTX 4050 6GB WIN 11 *,0,1,UNIT,21617117.117117,0
Unassigned,,"* ACER TRAVEL MATE TMP214-52 CI3-10110 4GB 512GB SSD 14""",0,1,UNIT,5354327.541827,0
Unassigned,,* ACER TRAVELMATE P214 CORE I7 1335U 8GB 512GB SSD WIN 11 VGA 4GB WIN 11,0,1,UNIT,14562162.162162,0
Unassigned,,"* ACER VERO AV15-51-547X CI5 1155G7 8GB SSD 512GB VGA IRIS XE 15,6""",0,1,UNIT,9576576.576577,0
Unassigned,,* ADAPTOR ACER 12V 2A (1410),9,1,PCS,67567.567568,608108.1081119999
Unassigned,,* ADAPTOR ACER 19V 2.1A (TO),10,1,PCS,58558.558559,585585.58559
Unassigned,,* ADAPTOR ACER 19V 3.0*1.1 SWIFT,10,1,PCS,67567.567568,675675.67568
Unassigned,,* ADAPTOR ACER OR 19V 3.42A (KUNING),12,1,PCS,67567.567568,810810.810816
Unassigned,,* ADAPTOR ASUS 1.75A (USB),5,1,PCS,72072.072072,360360.36036
Unassigned,,* ADAPTOR ASUS 19V 3.42A (KT),15,1,PCS,67567.567568,1013513.51352
Unassigned,,"* ADAPTOR ASUS 19V 3.42A CL VIVO 4,5 X 3.0",11,1,PCS,67567.567568,743243.243248
Unassigned,,* ADAPTOR ASUS 3.42A (A407),15,1,PCS,67567.567568,1013513.51352
Unassigned,,* ADAPTOR AXIOO HYPE 1 12V 2A,2,1,PCS,67567.567568,135135.135136
Unassigned,,* ADAPTOR AXIOO HYPE 10,0,1,PCS,67567.567568,0
Unassigned,,* ADAPTOR HP 19V 3.5A (BUNDAR JARUM),10,1,PCS,61261.261261,612612.61261
Unassigned,,* ADAPTOR HP BIRU 19.5V 3.33A,12,1,PCS,52252.252252,627027.027024
Unassigned,,* ADAPTOR LENOVO 20V 3.25A (S),14,1,PCS,67567.567568,945945.945952
Unassigned,,* ADAPTOR LENOVO TYPE C 20V 3.25A,5,1,PCS,90090.09009,450450.45045
Unassigned,,* ADAPTOR ORI ACER 20 V 3.25 USB TYPE C,1,1,PCS,109309.309309,109309.309309
Unassigned,,* ADAPTOR TOSHIBA (ORI),15,1,PCS,52252.252252,783783.7837799999
Unassigned,,* ADAPTOR UNIVERSAL,4,1,PCS,56756.756757,227027.027028
Unassigned,,* AIO ACER C22 - 1650 CI3-1115G4 4GB 1TB WIN10,0,1,UNIT,6577272.727273,0
Unassigned,,* AIO ACER C22 - 1650 Ci3-1115G4 4GB 512GB SSD WIN 10,0,1,UNIT,7128787.878788,0
Unassigned,,* AIO ACER C22 - 1650 Ci5-1135G7 4GB 512GB SSD WIN11 (BL),0,1,UNIT,8369369.369369,0
Unassigned,,* AIO ACER C22 - 1700 Ci5-1235U 8GB 512GB SSD INTEL IRIS XE WIN 11,0,1,UNIT,9013513.513514,0
Unassigned,,* AIO ACER C24-1650 CI3-1115G4 4GB 512GB SSD WIN 11,0,1,UNIT,7422727.272727,0
Unassigned,,* AIO ASUS A302WBAK Ci3 1215U 8GB 512GB SSD WIN 11 HOME #,0,1,UNIT,5977477.477477,0
Unassigned,,* AIO ASUS A3202 Ci5-1235U 8GB 512GB SSD WIN 11 #,0,1,UNIT,8256756.756757,0
Unassigned,,* AIO ASUS A3202WBAK I3-1215U 8GB 256GB SSD WIN 11 #,0,1,UNIT,5900900.900901,0
Unassigned,,"* AIO ASUS A3202WBAK INTEL 7305 8GB 256GB SSD 21,5"" WIN 11",8,1,UNIT,5261261.261261,42090090.090088
Unassigned,,* AIO ASUS A3202WVAK Ci3-1315U 8GB 512GB SSD WIN 11,0,1,UNIT,7000000,0
Unassigned,,"* AIO ASUS E3402WVAK i7-1355U 8GB 512GB SSD 23'8"" WIN 11",0,1,UNIT,11621621.621622,0
Unassigned,,"* AIO ASUS E402WBAK CORE I7 1255U 8GB 512GB SSD 23,8"" #",0,1,UNIT,11396396.396396,0
Unassigned,,* AIO ASUS EXPERTCENTER P400 P440VAT INTEL CORE i5 - 13420H 8GB DDR5 512GB SSD WIN 11 TOUCH,0,1,UNIT,10130630.630631,0
Unassigned,,* AIO ASUS ExpertCenter P440VAK B5151WS intel Core i5 13420H 16GB 512GB W11,0,1,UNIT,9270270.27027,0
Unassigned,,"* AIO ASUS P440VAK -B3851W i3 - 1315 8GB 512GB SSD WIN 11 23'8 """,0,1,UNIT,7567567.567568,0
Unassigned,,"* AIO ASUS P440VAK i3 - 1315U 8GB DDR5 512GB SSD 23,8"" WIN 11",0,1,UNIT,6328828.828829,0
Unassigned,,"* AIO ASUS V222FAK CI3 10110U 4GB 1TB 21'5"" NW",0,1,UNIT,5693693.693694,0
Unassigned,,* AIO ASUS V222FAK CI3-10110U 4GB 256GB SSD WIN 11 NW,0,1,UNIT,6031531.531532,0
Unassigned,,* AIO ASUS V222FAK-BA3411T Ci3-10110U 4GB 1TB + 128GB SSD,0,1,UNIT,6409909.90991,0
Unassigned,,* AIO ASUS V222GAK INTEL J4025 4GB 1TB HDD WIN 11 NW,0,1,UNIT,4243243.243243,0
Unassigned,,* AIO ASUS V241EAK - BA785W Ci7-1165G7 8GB 512GB SSD,0,1,UNIT,12000000,0
Unassigned,,"* AIO ASUS V241EPT 23.8"" INTEL I7 -1165G7 / NVIDIA MX 330 2GB / 16GB DDR 4 / 1TB HDD + 256GB SSD",0,1,UNIT,15227272.727273,0
Unassigned,,* AIO AXIOO HYPE FLEX 5 + INTEL CORE i5 - 12450H 16GB 512GB SSD DOS,0,1,UNIT,6432432.432432,0
Unassigned,,* AIO HP 22 DF0145D 1V7D8AA INTEL J4025 4GB 1TB,0,1,UNIT,5193693.693694,0
Unassigned,,* AIO HP 22 DG0006D INTEL N100 8GB 512GB SSD WIN 11,0,1,UNIT,4954954.954955,0
Unassigned,,* AIO HP 24 Ci5 1235U 8GB 512GB SSD WIN11,0,1,UNIT,9432432.432432,0
Unassigned,,* AIO HP 24 CR1126D ULTRA 7 155U 16GB 512GB SSD INTEL IRIS XE GRAPHICS WIN 11 *,0,1,UNIT,13918918.918919,0
Unassigned,,"* AIO HP PRO ONE 240 G10 CORE I3 - N300 8GB 512GB SSD 23.8"" WIN 11",0,1,UNIT,6846846.846847,0
Unassigned,,* AIO LENOVO A100 INTEL N100 8GB DDR4 512GB SSD WIN 11,1,1,UNIT,4999346.846847,4999346.846847
Unassigned,,* AIO LENOVO A100-F0J6005EID Intel Core i3-N305 8GB DDR4 512GB SSD Cloud Grey,0,1,UNIT,5675675.675676,0
Unassigned,,* AIO LENOVO IDEACENTRE 27IRH9 Ci5-13420H 8GB 512GB SSD WIN 11,0,1,UNIT,9846846.846847,0
Unassigned,,* AIO LENOVO IDEACENTRE 3 22ITL6 Ci3 - 1115G4 4GB 256GB SSD WIN 11 WHITE,0,1,UNIT,6569369.369369,0
Unassigned,,* AIO LENOVO IDEACENTRE A340 CI3-10110U 4GB 1TB HDD,0,1,UNIT,6309090.909091,0
Unassigned,,* AIO LENOVO IDEACENTRE A340-24IWL CI3-10110U 4GB 512GB SSD,0,1,UNIT,6486363.636364,0
Unassigned,,* ALFA INK ART PAPER BLACK,34,1,PCS,75630.630631,2571441.4414540003
Unassigned,,* ALFA INK KERTAS FOTO STIKER GLOSSY LITE 125GSM,6,50,PCS,11261.261261,67567.567566
Unassigned,,* ALFA INK KERTAS THERMAL 80 X 80,607,1,PCS,9009.009009,5468468.468463
Unassigned,,* ALFA INK L SERIES EPSON BLACK,186,1,PCS,29549.54955,5496216.2162999995
Unassigned,,* ALFA INK TINTA STEMPEL FLASH 10 ML,143,1,PCS,6729.72973,962351.35139
Unassigned,,* ALL IN ONE ACER C22 1700 Ci3 1215U 8GB 512GB WIN 11,0,1,UNIT,6387387.387387,0
Unassigned,,* ALL IN ONE LENOVO IDEACENTRE 3 22IAP7 Ci3-1215U 8GB 256GB SSD #,0,1,UNIT,6099099.099099,0
Unassigned,,* AMPLOP PAPER LINE ( LEM ),10,1,PCS,15025.225225,150252.25225
Unassigned,,* APC SRC1KI,0,1,UNIT,4234234.234234,0
Unassigned,,* APC SRT6KXLI,0,1,UNIT,40090090.09009,0
Unassigned,,* APPLE MACBOOK AIR 13 M2 8GB 256GB SPACE GREY,0,1,UNIT,15846846.846847,0
Unassigned,,* APPLE MACBOOK AIR 13 M4 CHIP WITH 10-CORE CPU AND 8-CORE GPU 16GB 256GB SSD,0,1,UNIT,14117117.117117,0
Unassigned,,* ASUS A1402ZA-IPS552 CI5-1235U 8GB 512GB SSD WIN 11 #,0,1,UNIT,7657657.657658,0
Unassigned,,"* ASUS A1502ZA Ci5-1235U 8GB 512GB WIN 11 15"" TOUCH",0,1,UNIT,8065765.765766,0
Unassigned,,"* ASUS A416EPO CI5 - 1135G7 8GB 512GB SSD MX 330 NVIDIA 14""",0,1,UNIT,8509009.009009,0
Unassigned,,"* ASUS A416FA-FHD CI3-10110U  4GB 256GB SSD 14"" #",0,1,UNIT,4792792.792793,0
Unassigned,,* ASUS A416J CI5-1035G1 4GB 512GB SSD WIN 11 NW,0,1,UNIT,7657657.657658,0
Unassigned,,"* ASUS A416JAO CI3-1005G1 4GB 256GB SSD 14""",0,6,UNIT,4857786.357786,0
Unassigned,,"* ASUS A416JAO CI5-1035G1 4GB 256GB SSD 14""",0,1,UNIT,7387387.387387,0
Unassigned,,* ASUS A416JP0 CI5 1035G1 8GB 512GB SSD MX 330,0,1,UNIT,9559090.909091,0
Unassigned,,"* ASUS A416JPO CI5 1035G1 8GB 512GB SSD MX 330 2GB 14""",0,1,UNIT,9216216.216216,0
Unassigned,,"* ASUS A416MAO INTEL N4020 4GB 256GB SSD 14""",0,1,UNIT,3845472.099759,0
Unassigned,,"* ASUS A516EPO - VIPS752 CI7-1165G7 8GB 512GB SSD MX 330 2GB 14""",0,1,UNIT,10644144.144144,0
Unassigned,,* ASUS A516JAO-VIPS527 CI5-1035G1 4GB 256GB SSD,0,1,UNIT,6792792.792793,0
Unassigned,,"* ASUS A516KA - FHD INTEL N4500 4GB 256GB SSD 15""",0,1,UNIT,3707207.207207,0
Unassigned,,* ASUS A516MAO INTEL N4020 4GB 256GB SSD,0,1,UNIT,3414795.230012,0
Unassigned,,* ASUS B1402CBA Ci7-1255U 16GB 512GB SSD WIN 11 EK,0,1,UNIT,13666666.666667,0
Unassigned,,* ASUS E210MAO INTEL N4020 4GB 256GB SSD,0,1,UNIT,3468468.468468,0
Unassigned,,* ASUS E210MAO INTEL N4020 8GB 512GB SSD #,0,1,UNIT,3490990.990991,0
Unassigned,,* ASUS E410MA INTEL N4020 4GB 512GB SSD,0,1,UNIT,3780085.714989,0
Unassigned,,* ASUS EXPERTBOOK B1402CBA Ci3 -1215U 8GB 512GB SSD WIN 11,0,1,UNIT,5270270.27027,0
Unassigned,,* ASUS EXPERTBOOK P1 P1403CVA INTEL CORE i3 - 1315U 8GB 512GB SSD WIN 11 + OHS,0,1,UNIT,5666666.666667,0
Unassigned,,* ASUS EXPERTBOOK P1411CJA CI3 1005G1 4GB 512GB SSD 14 INCS,0,1,UNIT,5045045.045045,0
Unassigned,,"* ASUS EXPERTBOOK P2451FA - EK3420T CI3-10110U 4GB 256GB SSD 14""",0,1,UNIT,4448198.198198,0
Unassigned,,* ASUS Gaming K16 K3605VC Core i5 13420H 8GB DDR4 512GB SSD RTX 3050 4GB W11,0,1,UNIT,8436936.936937,0
Unassigned,,* ASUS GAMING V16 V3607VU INTEL CORE 7 - 240H 16GB DDR5 512GB SSD RTX4050 6GB WIN 11,0,1,UNIT,16117117.117117,0
Unassigned,,* ASUS M3401QC OLED 759 AMD RYZEN 7 - 5800H 8GB 512GB SSD RTX 3050 4GB WIN 11,0,1,UNIT,11711711.711712,0
Unassigned,,"* ASUS M415DAO-FHD351 RYZEN 3 3250U 14"" FHD 8GB SSD 512GB PS",0,1,UNIT,5540540.540541,0
Unassigned,,"* ASUS N7400PC-OLED714 SILVER Ci7 11370H WIN11 (14"" 2.8K OLED / RTX 3050 / 1TB SSD / 16GB) CREATOR",0,1,UNIT,15045045.045045,0
Unassigned,,"* ASUS P1411CMA N4020 4GB 256GB SSD 14 "" (KS)",0,1,UNIT,3963963.963964,0
Unassigned,,"* ASUS P1412CEA CI3-1115G4 4GB SSD 256GB WIN 11 14""",0,1,UNIT,4774774.774775,0
Unassigned,,* ASUS TUF A15 FA506IEB AMD RYZEN 7 4800H 2X8GB 512GB SSD RTX3050Ti 4GB WIN 11,0,1,UNIT,13243243.243243,0
Unassigned,,* ASUS TUF A15 FA506IHRB AMD RYZEN 5 4600H 8GB 512GB SSD GTX 1650 4GB WIN 11,0,1,UNIT,10009009.009009,0
Unassigned,,* ASUS TUF A15 FA506NCG AMD RYZEN 7 7745HS 8GB 512GB SSD RTX3050 4GB WIN 11,0,1,UNIT,12162162.162162,0
Unassigned,,* ASUS TUF DASH F15 FX517ZM Ci7-12650H 2X8GB 1TB SSD RTX 3060 6GB WIN 11 #,0,1,UNIT,16189189.189189,0
Unassigned,,* ASUS TUF F15 FX506HCB - I7 11600H 16GB 512GB SSD RTX 3050 4GB,0,1,UNIT,15668181.818182,0
Unassigned,,* ASUS TUF F15 FX506LH - I565B6T -O11 CI5-10300H 8GB 512GB SSD VGA GTX 1650 4GB W11,0,1,UNIT,9783783.783784,0
Unassigned,,* ASUS TUF FX506HC Ci5-11400H 8GB 512GB SSD RTX 3050 4GB WIN 11,0,1,UNIT,11522522.522523,0
Unassigned,,* ASUS TUF Gaming A15 FA506NCG AMD Ryzen 7 7445HS 16GB DDR5 512GB RTX3050 4GB W11,1,1,UNIT,11162162.162162,11162162.162162
Unassigned,,* ASUS VIVOBOOK 14 A1404VA VIP Ci5 - 1335U 8 512GB SSD WIN 11,0,1,UNIT,7207207.207207,0
Unassigned,,* ASUS VIVOBOOK 14 A1404VA VIP Ci7-1355U 16GB 512GB SSD WIN 11 #,0,1,UNIT,9554054.054054,0
Unassigned,,* ASUS VIVOBOOK 14 A1404VAP - VIPS INTEL CORE 5 120U 16GB 512GB SSD WIN 11,1,1,UNIT,8079391.891892,8079391.891892
Unassigned,,* ASUS VIVOBOOK 14 A1404VAP - VIPS INTEL CORE 5 120U 8GB 512GB SSD WIN 11,0,1,UNIT,7314189.189189,0
Unassigned,,* ASUS VIVOBOOK 14 E410KA N4500 8GB 256GB SSD WIN 11,13,1,UNIT,4737381.654889,61585961.513556994
Unassigned,,* ASUS VIVOBOOK 14 E410KA N4500 8GB 256GB SSD WIN 11 KS,0,1,UNIT,3981981.981982,0
Unassigned,,* ASUS VIVOBOOK 14 M1405YA VIPS751 AMD RYZEN 7 - 7730U 16GB 512GB SSD WIN 11 #,0,1,UNIT,8684684.684685,0
Unassigned,,"* ASUS VIVOBOOK 14"" A1404VA Ci7 - 1355U 16GB 1TB SSD WIN 11",0,1,UNIT,10171171.171171,0
Unassigned,,"* ASUS VIVOBOOK 14"" A1404VA PROC Ci7 1355U 8GB 512GB SSD WIN 11 #",0,1,UNIT,9635135.135135,0
Unassigned,,"* ASUS VIVOBOOK 14"" A1404ZA CI5 1235U 8GB 512GB SSD WIN 11 #",0,1,PCS,7288288.288288,0
Unassigned,,"* ASUS VIVOBOOK 14"" A1404ZA VIPS I5-1235U 16GB 512GB SSD WIN 11",0,1,UNIT,7654654.654655,0
Unassigned,,* ASUS VIVOBOOK 14X K3405VF - VIPS551 Ci5-13500H 8GB 512GB SSD RTX2050 4GB WIN 11 #,0,1,UNIT,10360360.36036,0
Unassigned,,* ASUS VIVOBOOK FLIP T3300KA-OLED622 INTEL N6000 8GB 256GB SSD W11,0,1,UNIT,7752252.252252,0
Unassigned,,* ASUS VIVOBOOK FLIP TP1400KA HD421 INTEL N4500 4GB 256GB SSD WIN 11,0,1,UNIT,4995495.495495,0
Unassigned,,* ASUS VIVOBOOK FLIP TP340VA-OLEDS752 Ci7-13700H 16GB 512GB SSD INTEL IRIS XE WIN 11 TOUCH SCREEN,0,1,UNIT,14027027.027027,0
Unassigned,,* ASUS VIVOBOOK GO 14 E1404FA - FHD AMD RYZEN 3 7320U 8GB 512GB SSD WIN 11 #,5,1,UNIT,6478535.811869,32392679.059345
Unassigned,,* ASUS VIVOBOOK GO 14 E1404FA AMD RYZEN 5 7520U 16GB 512GB SSD WIN 11,0,1,UNIT,7218468.468469,0
Unassigned,,* ASUS VIVOBOOK GO 14 E1404FA FHD AMD RYZEN 3 7320U 8 256GB SSD WIN 11 #,0,1,UNIT,4967567.567568,0
Unassigned,,* ASUS VIVOBOOK GO 14 E1404FA FHD AMD RYZEN 5 7520U 8 512GB SSD WIN 11 #,0,1,UNIT,6486486.486486,0
Unassigned,,* ASUS VIVOBOOK GO 14 E1404GA Ci3-N305 8GB 512GB SSD WIN 11 #,0,1,UNIT,5350207.350207,0
Unassigned,,* ASUS VIVOBOOK GO 14 E1404GA FHD Ci3 N305 8GB 256GB SSD WIN 11 #,8,1,UNIT,5052774.668159,40422197.345272
Unassigned,,* ASUS VIVOBOOK GO 14 E410KA FHD N4500 8GB 512GB SSD WIN 11,1,1,UNIT,4367117.117117,4367117.117117
Unassigned,,"* ASUS X441MAO INTEL N4020 4GB 1TB 14""",0,1,UNIT,3427927.927928,0
Unassigned,,* ASUS ZENBOOK FLIP 13 UX 363EA - EM501TS CI5-1135G7 8GB 512GB SSD (JT),0,1,UNIT,13409909.90991,0
Unassigned,,* ASUS ZENBOOK S13 OLED UX5304MA OLED 712 CORE ULTRA 7 155U 32GB 1TB SSD WIN 11 *,0,1,UNIT,19950450.45045,0
Unassigned,,* AUTO SHEET FEEDER FOR G1010 / G2010,23,1,UNIT,206742.761202,4755083.507646
Unassigned,,* AUTO SHEET FEEDER UNIT G1020 / 2020,5,1,PCS,503037.837838,2515189.18919
Unassigned,,* AV15-51 I5-1155G7 8GB 512GB SSD 15INCS FHD AM,0,1,UNIT,9568181.818182,0
Unassigned,,"* AXIOO HYPE 1 N4020 4GB 128GB WIN 11 14"" #",3,1,PCS,3022228.750489,9066686.251467
Unassigned,,* AXIOO HYPE 1 N4020 8GB 256,0,1,UNIT,2432432.432432,0
Unassigned,,* AXIOO HYPE 10 INTEL N4020 8 256 #,5,1,UNIT,2526987.271547,12634936.357735
Unassigned,,* AXIOO HYPE 3 (G11) INTEL CORE i3 -  1125G4 8GB 256GB SSD,3,1,UNIT,4795195.195195,14385585.585584998
Unassigned,,* AXIOO HYPE 5 RYZEN 5 3500 8GB 256GB @,0,1,UNIT,3864607.464608,0
Unassigned,,* AXIOO MAYBOOK HYPE 5 Ci5-1035G4 8 512GB SSD,0,1,UNIT,4211711.711712,0
Unassigned,,"* AXIOO MYBOOK 11G GREY DC N4020 11,6 4GB 256GB SSD",0,1,UNIT,2099099.099099,0
Unassigned,,"* AXIOO MYBOOK 14E INTEL N4000 4GB 256GB SSD 14""",0,1,UNIT,1955855.855856,0
Unassigned,,* AXIOO MYBOOK HYPE 3 Ci3-1005G1 8GB 256GB SSD,0,1,UNIT,3599099.099099,0
Unassigned,,* AXIOO MYBOOK HYPE 5 AMD X3 RYZEN 5 3500U 8 256GB SSD WIN 11 #,0,1,UNIT,4894894.894895,0
Unassigned,,* BALLPOINT SNOWMAN V1 PCS,132,1,PCS,1202.702703,158756.756796
Unassigned,,* BARCODE MK7120 HONEYWELL,0,1,PCS,1486363.636364,0
Unassigned,,* BATERAI ABC ALKALINE AA,36,1,PCS,3659.90991,131756.75676
Unassigned,,* BATERAI ABC ALKALINE AAA,38,1,PCS,3659.90991,139076.57658
Unassigned,,* BATERAI AXIOO 14E,1,1,PCS,198198.198198,198198.198198
Unassigned,,* BATERAI AXIOO A587578 IB,0,1,PCS,198198.198198,0
Unassigned,,* BATERAI AXIOO HYPE 10,0,1,PCS,207207.207207,0
Unassigned,,* BATERAI AXIOO MYBOOK 11G,0,1,PCS,198198.198198,0
Unassigned,,* BATERAI AXIOO MYBOOK 11G C,0,1,PCS,198198.198198,0
Unassigned,,* BATOK TC JETE E11 35W USB + C,1,1,PCS,108018.018018,108018.018018
Unassigned,,* BATOK TC JETE E31 TYPE C + USB 20W,1,1,PCS,53963.963964,53963.963964
Unassigned,,* BERRY LAKBAN HITAM 36 X 12M,19,1,PCS,7297.297297,138648.648643
Unassigned,,* BINDER CLIP NO 155,118,1,PCS,5032.432432,593827.0269759999
Unassigned,,* BINDER CLIP NO. 111,140,1,PCS,3575.675676,500594.59463999997
Unassigned,,* BINDER CLIP NO. 200,57,1,PCS,8696.396396,495694.59457200003
Unassigned,,* BINDER CLIP NO. 260,24,1,PCS,13110.810811,314659.45946399996
Unassigned,,* BINGKAI FOTO 10R,24,1,PCS,15277.027027,366648.648648
Unassigned,,* BINGKAI FOTO 12R,20,1,PCS,26131.756757,522635.13513999997
Unassigned,,* BINGKAI FOTO 20X30 (10R JUMBO),24,1,PCS,16282.477477,390779.459448
Unassigned,,* BLUEPRINT ADAPTOR LITE80L,1,1,PCS,117117.117117,117117.117117
Unassigned,,* BLUEPRINT CANON BLACK (100ML),256,1,PCS,34234.234234,8763963.963904
Unassigned,,* BLUEPRINT CANON CYAN (100ML),220,1,PCS,34234.234234,7531531.53148
Unassigned,,* BLUEPRINT CANON KOTAK  WARNA ( SUNTIK ),19,1,PCS,21621.621622,410810.810818
Unassigned,,* BLUEPRINT CANON KOTAK HITAM ( SUNTIK ),19,1,PCS,21621.621622,410810.810818
Unassigned,,* BLUEPRINT CANON YELLOW (100ML),320,1,PCS,34234.234234,10954954.954880001
Unassigned,,* BLUEPRINT CATRIDGE TONER HP 285A,10,1,PCS,315315.315315,3153153.15315
Unassigned,,* BLUEPRINT DOUBLE SIDED PHOTO PAPER,1,1,PCS,27027.027027,27027.027027
Unassigned,,* BLUEPRINT KERTAS FOTO A3,1,1,PCS,39639.63964,39639.63964
Unassigned,,* BLUEPRINT KERTAS FOTO MATAHARI 230GR,252,1,PCS,20270.27027,5108108.10804
Unassigned,,* BLUEPRINT KERTAS FOTO STIKER A4,1,1,PCS,22072.072072,22072.072072
Unassigned,,* BLUEPRINT KERTAS INKJET PAPER ( ISI 50 ),1,1,PCS,19369.369369,19369.369369
Unassigned,,* BLUEPRINT KERTAS THERMAL 80 X 40,0,1,PCS,3603.603604,0
Unassigned,,* BLUEPRINT PLASTIK LAMINATING A4,58,1,PCS,56306.306306,3265765.765748
Unassigned,,* BLUEPRINT PRINTABLE CARD (KERTAS ID CARD),4,1,PCS,38288.288288,153153.153152
Unassigned,,* BLUEPRINT PRINTER ECO BP-ECO58 (BATERAI),5,1,PCS,296396.396396,1481981.98198
Unassigned,,* BLUEPRINT PRINTER THEMAL BP -  LITE80L,2,1,UNIT,734234.234234,1468468.468468
Unassigned,,* BLUEPRINT SCANNER BARCODE WIRELLES BT LITEEW2D,0,1,PCS,393693.693694,0
Unassigned,,* BLUEPRINT TRANSFER PAPER DASAR HITAM,9,1,PCS,52252.252252,470270.27026799996
Unassigned,,* BLUEPRINT TRANSFER PAPER DASAR PUTIH,20,1,PCS,27027.027027,540540.54054
Unassigned,,* BLUEPRINT TRANSPARANT FILM STIKER WATER RESISTANT A4,20,1,PCS,27027.027027,540540.54054
Unassigned,,* BP CASH DRAWER 405X420X98/112MM,0,1,UNIT,382882.882883,0
Unassigned,,* BRAKET GANTUNG PROJECTOR,10,1,UNIT,76576.576577,765765.7657699999
Unassigned,,"* BRAKET TV 43 """,20,1,PCS,28828.828829,576576.57658
Unassigned,,* BROTHER DCP L2540 DW,1,1,UNIT,2743243.243243,2743243.243243
Unassigned,,* BUKU HARD COVER FOLIO (ISI 100),6,1,PCS,12648.648649,75891.891894
Unassigned,,* BUKU HARD COVER ISI 100 OKTAVO,25,1,PCS,4145.945946,103648.64864999999
Unassigned,,* BUKU HARDCOVER PAPERSTAR 100 QUARTO,15,1,PCS,7050.45045,105756.75675
Unassigned,,* CAM CCTV EZVIZ C6N #,1,1,UNIT,238738.738739,238738.738739
Unassigned,,* CAM CCTV EZVIZ H7C DUAL 2K + DUAL LENS PAN WIFI,0,1,PCS,558558.558559,0
Unassigned,,* CAM CCTV EZVIZ OUTDOOR H8C #,0,1,PCS,454954.954955,0
Unassigned,,* CAM DAHUA HFW1230S1-A,0,1,PCS,445945.945946,0
Unassigned,,* CAM HIK DS-2CE16D0T-EXLPF OUTDOOR #,0,1,PCS,243243.243243,0
Unassigned,,* CAM HIK DS-2CE76D0T-EXLPF INDOOR #,0,1,PCS,220720.720721,0
Unassigned,,* CAMERA CANON EOS R100 KIT 18 -45 #,0,1,UNIT,5939639.63964,0
Unassigned,,* CAMERA CANON M50 MARK ii KIT,0,1,UNIT,10211711.711712,0
Unassigned,,* CAMERA CCTV SPC INDOOR UVC7741PN TKDN,0,1,PCS,446846.846847,0
Unassigned,,* CAMERA CCTV SPC OUTDOOR uvc77B41pn TKDN,0,1,PCS,446846.846847,0
Unassigned,,* CAMERA LOGITECH PTZ PRO 2,0,1,PCS,9909090.909091,0
Unassigned,,* CAMERA SONY ZV - E10L BLACK,0,1,UNIT,8612612.612613,0
Unassigned,,* CAMERA SONY ZV E10 II KIT 16 - 50MM,0,1,UNIT,15612612.612613,0
Unassigned,,* CARD READER 6 SLOT MTECH,2,1,PCS,30630.630631,61261.261262
Unassigned,,* CARRIAGE TUBE ( RUMAH CATRIDGE ),5,1,PCS,317898.305433,1589491.5271649999
Unassigned,,* CASING ALCATROZ FUTURA BLACK N3000,0,1,UNIT,306306.306306,0
Unassigned,,* CASING DA GAMING UNICORN X3,0,1,PCS,281818.181818,0
Unassigned,,* CASING DARKFLASH C275P TEMPERED GLASS,0,1,PCS,301801.801802,0
Unassigned,,"* CASING HDD 2,5"" TRANSPARAN 3.0",4,1,PCS,75675.675676,302702.702704
Unassigned,,"* CASING HDD 3,5",1,1,PCS,122522.522523,122522.522523
Unassigned,,* CASING INFINITY NOIR,0,1,PCS,270270.27027,0
Unassigned,,* CASING INFINITY PRIME ATX,0,1,PCS,324324.324324,0
Unassigned,,* CASING INFINITY VESTA V3,0,1,PCS,387387.387387,0
Unassigned,,* CASING MONTECH X2 MESH ATX,0,1,PCS,468468.468468,0
Unassigned,,* CASING PARADOX GAMING BELIAL BLACK,0,1,PCS,409090.909091,0
Unassigned,,* CASING PARADOX GAMING GALASHIELS PREINSTALLD 1 X 120MM,0,1,PCS,345454.545455,0
Unassigned,,* CASING PARADOX GAMING LUXY V100 BLACK,0,1,PCS,279279.279279,0
Unassigned,,* CASING PARADOX GAMING SAKA / LUXY U200W,0,1,PCS,336711.711712,0
Unassigned,,* CASING PC COOLER PLATINUM LM300 ARGB BLACK,0,1,PCS,405405.405405,0
Unassigned,,* CASING PC COOLER PLATINUM MM200 MESH BLACK,0,1,PCS,346846.846847,0
Unassigned,,* CASING PC VENOM RX ROCKSTAR ATX INCLUDE 3 FAN,1,1,PCS,373873.873874,373873.873874
Unassigned,,* CASING SIMBADDA SIM - V 380 WATT,5,1,PCS,324324.324324,1621621.6216199999
Unassigned,,* CASING VENOM RX FOX ESPORT INCLUD 3 FAN,2,1,PCS,315315.315315,630630.63063
Unassigned,,* CASING VENOM RX ZERO SKY,0,1,PCS,363063.063063,0
Unassigned,,* CATRIDGE CANON 810 BLACK,166,1,PCS,192581.255288,31968488.377807997
Unassigned,,* CATRIDGE CANON 811 COLOUR,95,1,PCS,241441.441441,22936936.936895
Unassigned,,* CATRIDGE CANON BH7,16,1,PCS,267455.775374,4279292.405984
Unassigned,,* CATRIDGE CANON CA 92 / CH 7,2,1,UNIT,357638.603883,715277.207766
Unassigned,,* CATRIDGE EPSON LQ 2190 #,5,10,PCS,150450.45045,752252.25225
Unassigned,,* CATRIDGE EPSON PLQ 20 #,27,20,PCS,147574.101744,3984500.747088
Unassigned,,* CATRIDGE PRINTER HP GT 52 (COLOUR),0,1,PCS,139639.63964,0
Unassigned,,* CCTV CAM DAHUA HAC - B1A51 5MP,0,1,UNIT,359090.909091,0
Unassigned,,* CCTV CAM DAHUA HAC B1A21 IR BULLET (OUTDOOR),25,1,PCS,172478.930543,4311973.263575
Unassigned,,* CCTV CAM DAHUA HAC-T1A21 IR BULLET (INDOOR),9,1,PCS,148648.648649,1337837.8378410002
Unassigned,,* CCTV CAM DAHUA IPC B1A51P 5MP,0,1,PCS,345454.545455,0
Unassigned,,* CCTV CAM HIK DS-2CE16HOT-ITPF EXIR BULLET,0,1,PCS,340909.090909,0
Unassigned,,* CCTV CAM HIK DS-2CE56HOT-ITPF DOME,0,1,PCS,318181.818182,0
Unassigned,,* CCTV DVR DAHUA 8CH XVR1B08-1 (MH),12,1,PCS,590090.09009,7081081.081079999
Unassigned,,* CCTV DVR DAHUA DH-XVR1B04-I 4CH,5,1,PCS,445945.945946,2229729.72973
Unassigned,,* CCTV DVR DAHUA XVR1B16H 16CH,1,1,PCS,1193693.693694,1193693.693694
Unassigned,,* CCTV DVR DAHUA XVRS116HS-12,0,1,UNIT,2200000,0
Unassigned,,* CCTV DVR HIK DS-7232HQHI-K2 ( TURBO HD DVR ),0,1,PCS,3681818.181818,0
Unassigned,,* CIS UNIT G2020 / 3020,1,1,PCS,386957.387387,386957.387387
Unassigned,,* CONNECTOR RJ45 BELDEN CAT5E (PACK),6,1,PCS,76576.576577,459459.459462
Unassigned,,* CONVERTER DP TO VGA NYK,0,1,PCS,30000,0
Unassigned,,* CONVERTER HDMI TO VGA (KABEL),5,1,PCS,27027.027027,135135.135135
Unassigned,,* CONVERTER USB TO HDMI,0,1,PCS,101801.801802,0
Unassigned,,* CONVERTER USB TO VGA,1,1,PCS,77477.477477,77477.477477
Unassigned,,* COOLINGPAD BIG FAN KONE X850,3,1,PCS,39639.63964,118918.91892
Unassigned,,* COOLINGPAD NC 32 1FAN BESAR,2,1,PCS,35135.135135,70270.27027
Unassigned,,* CUTTER L500,22,1,PCS,4848.495495,106666.90089
Unassigned,,* DELI CALCULATOR C868C CHECK 120 STEPS 12 DIGIT,2,1,PCS,88367.117117,176734.234234
Unassigned,,* DELI CALCULATOR E1654C CHECK 112 STEPS 12 DIGIT,2,1,PCS,78828.828829,157657.657658
Unassigned,,* DELI CALCULATOR W868 12 DIGIT,1,1,PCS,59414.414414,59414.414414
Unassigned,,* DELL VOSTRO V3510 I7-1165G7 8GB 512GB SSD MX 350 2GB WIN 11,0,1,UNIT,12517117.117117,0
Unassigned,,* DHI NVR4116HS 4KS2/L,0,1,PCS,1295495.495495,0
Unassigned,,* DJI DRO MAVIC 3 COMBO,0,1,UNIT,29728828.828829,0
Unassigned,,* DJI DRONE MAVIC AIR 3S COMBO ( RC2 ),0,1,UNIT,20626126.126126,0
Unassigned,,* DJI MINI 5 PRO FLY MORE COMBO (RC2),0,1,UNIT,14827027.027027,0
Unassigned,,* DLINK SWITCH 8 PORT DGS-1008A GIGABIT #,0,1,PCS,229729.72973,0
Unassigned,,* DOUBLE TAPE TIPIS NACHI 24MM 5 METER,2,1,PCS,4054.054054,8108.108108
Unassigned,,* DVR HIK 8CH iDS-7208HQHI-M1/E #,0,1,UNIT,1121621.621622,0
Unassigned,,* DVR SPC 8CH DVR7TF08EH-D100 TKDN,0,1,PCS,2479279.279279,0
Unassigned,,* EARPHONE JETE HX1,1,1,PCS,40854.954955,40854.954955
Unassigned,,* EARPHONE JETE TWS CE1,1,1,PCS,80990.990991,80990.990991
Unassigned,,* EARPHONE JETE TWS CE2,1,1,PCS,80990.990991,80990.990991
Unassigned,,* EDS ON ISOLASI CW 12MM X 60MM,188,1,PCS,1200,225600
Unassigned,,* EPRINT CANON 200ML BLACK,19,1,PCS,43743.243243,831121.621617
Unassigned,,* EPRINT CANON 200ML CYAN,20,1,PCS,43743.243243,874864.86486
Unassigned,,* EPRINT CANON 200ML MAGENTA,13,1,PCS,43743.243243,568662.1621589999
Unassigned,,* EPRINT CANON 200ML YELLOW,20,1,PCS,43743.243243,874864.86486
Unassigned,,* EPSON 001 BK,6,5,PCS,123423.423423,740540.540538
Unassigned,,* EPSON 001 C,3,5,PCS,79279.279279,237837.83783699997
Unassigned,,* EPSON 001 M,3,5,PCS,79279.279279,237837.83783699997
Unassigned,,* EPSON 001 Y,0,5,PCS,79279.279279,0
Unassigned,,* EPSON 003 BK,190,300,PCS,71625.127803,13608774.282569999
Unassigned,,* EPSON 003 C,87,180,PCS,71621.621622,6231081.081114001
Unassigned,,* EPSON 003 M,85,180,PCS,71621.621622,6087837.837870001
Unassigned,,* EPSON 003 Y,70,180,PCS,71621.621622,5013513.513540001
Unassigned,,* EPSON 005 BK,2,5,PCS,125225.225225,250450.45045
Unassigned,,* EPSON 008 BK,0,1,PCS,231531.531532,0
Unassigned,,* EPSON 008 C,0,1,PCS,186486.486486,0
Unassigned,,* EPSON 008 M,0,1,PCS,186486.486486,0
Unassigned,,* EPSON 008 Y,1,1,PCS,185548.048048,185548.048048
Unassigned,,* EPSON 664 BK,185,200,PCS,71621.621622,13250000.000070002
Unassigned,,* EPSON 664 C,65,30,PCS,71621.621622,4655405.40543
Unassigned,,* EPSON 664 M,100,30,PCS,71621.621622,7162162.1622
Unassigned,,* EPSON 664 Y,94,30,PCS,71621.621622,6732432.432468001
Unassigned,,* EPSON 673 BK,1,5,PCS,115765.765766,115765.765766
Unassigned,,* EPSON 673 C,3,5,PCS,115765.765766,347297.29729799996
Unassigned,,* EPSON 673 LC,1,5,PCS,115765.765766,115765.765766
Unassigned,,* EPSON 673 LM,8,4,PCS,115765.765766,926126.126128
Unassigned,,* EPSON 673 M,0,5,PCS,115765.765766,0
Unassigned,,* EPSON 673 Y,0,5,PCS,115765.765766,0
Unassigned,,* Epson L1110,0,10,UNIT,1772727.272727,0
Unassigned,,* Epson L120,0,5,UNIT,1568884.178459,0
Unassigned,,* Epson L3110,0,27,UNIT,2250492.503898,0
Unassigned,,* Epson L4150,0,1,UNIT,2863636.363636,0
Unassigned,,* Epson L5190,0,1,UNIT,4090909.090909,0
Unassigned,,* EXHAUST FAN MASPION MV 200 NEX,0,1,UNIT,256756.756757,0
Unassigned,,"* FAN CASING CPU TRANSPARAN 12""",5,1,PCS,19819.81982,99099.0991
Unassigned,,"* FAN CASING CPU TRANSPARAN 8""",5,1,PCS,16216.216216,81081.08108
Unassigned,,* FAN CASING RGB PCCOOLER FX-120-3W,2,1,PCS,31531.531532,63063.063064
Unassigned,,* FAN PROC COOLER MASTER HYPER H410R,0,1,PCS,254545.454545,0
Unassigned,,* FAN PROC DEEP COOL CK11508,3,1,PCS,63063.063063,189189.189189
Unassigned,,* FAN PROC DEEP COOL CK11509,14,1,PCS,45045.045045,630630.63063
Unassigned,,* FAN PROC DEEPCOOL ALTA9 LGA 1700,1,1,PCS,72072.072072,72072.072072
Unassigned,,* FD KINGSTONE 64GB EXODIA USB 3.2,2,1,PCS,62162.162162,124324.324324
Unassigned,,* FD LEXAR JUMP DRIVE V40 64GB,0,1,PCS,49549.54955,0
Unassigned,,* FD U2 JETE 16GB,29,1,PCS,34250.571816,993266.5826640001
Unassigned,,* FD U2 JETE 32GB,0,1,PCS,39549.54955,0
Unassigned,,* GAMEPAD DOUBLE BLACK MTECH,3,1,PCS,66666.666667,200000.000001
Unassigned,,* GAMEPAD DOUBLE TRANSPARANT MTECH,2,1,PCS,71171.171171,142342.342342
Unassigned,,* GUNTING STAINLESS STEEL 6.0,16,1,PCS,2867.864865,45885.83784
Unassigned,,* HANDYCAM SONY HXR - MC 2500,0,1,PCS,9045454.545455,0
Unassigned,,"* HDD EXTERNAL 2TB  SEAGATE 2,5""",0,1,PCS,1324324.324324,0
Unassigned,,"* HDD EXTERNAL 500GB 2,5 OSMOUS EXPANSION",0,1,PCS,319819.81982,0
Unassigned,,* HDD EXTERNAL TOSHIBA BASIC 1 TB,1,1,PCS,825075.075075,825075.075075
Unassigned,,* HDD EXTERNAL TRANSCEND 1TB 25M3 RUBBER,0,1,PCS,677272.727273,0
Unassigned,,"* HDD EXTERNAL WD 1TB PASSPORT 2,5 #",0,1,UNIT,824324.324324,0
Unassigned,,* HDD PC OSMOUS CCTV 2TB #,1,1,PCS,1238738.738739,1238738.738739
Unassigned,,* HDD PC SEAGATE SATA 500 GB PI,6,1,PCS,180180.18018,1081081.08108
Unassigned,,* HDD PC WD PURPLE 4TB,0,1,PCS,1200000,0
Unassigned,,* HDD WD PURPLE 1TB,0,1,PCS,738738.738739,0
Unassigned,,* HDMI SPLITER 4 PORT,10,1,PCS,76576.576577,765765.7657699999
Unassigned,,* HDMI SWITCH 1 - 3 MTECH + remote + adaptor,0,1,PCS,49549.54955,0
Unassigned,,* HF JETE GAMING GS1,0,1,PCS,90000,0
Unassigned,,* HP 14 EP0269TU INTEL CORE i3 - 1315U 8GB DDR4 512GB SSD WIN 11,0,1,UNIT,6477477.477477,0
Unassigned,,* HP 14 INTEL CORE i3 - 1315U 8GB DDR4 512GB SSD WIN 11,3,1,UNIT,6725225.225226,20175675.675678
Unassigned,,"* HP 14S DC N4500 14"" 4GB 512GB SSD WIN 11",0,1,UNIT,3950450.45045,0
Unassigned,,* HP 14S DQ3040TU N4500 8GB 512GB SSD WIN 11 #,0,1,UNIT,4148648.648649,0
Unassigned,,* HP 14S I3-1115G4 4GB 512GB SSD WIN 11 NW,0,1,UNIT,5265765.765766,0
Unassigned,,* HP 14S INTEL N4120 4GB SSD 256GB WIN 10 #,0,1,UNIT,3941441.441441,0
Unassigned,,* HP 14S INTEL N4500 4GB 256GB SSD WIN 11,0,1,UNIT,3887387.387387,0
Unassigned,,* HP 14S INTEL N4500 8GB 256GB SSD WIN 11 #,0,1,UNIT,3949887.387387,0
Unassigned,,* HP 15 - FD CORE ULTRA 5 125H 16GB 512GB SSD WIN 11 #,0,1,UNIT,9500000,0
Unassigned,,"* HP 15S-DU3577TU SILVER I3 1115G4 WIN11 (15,6""/UMA/512GB SSD/8GB)",0,1,UNIT,6863636.363636,0
Unassigned,,* HP 240 G8 526H3PA CI3-1115G4 4GB 256GB SSD NW,0,1,UNIT,4675675.675676,0
Unassigned,,* HP 240 G9 SILVER Ci3-1215U 8GB 512GB SSD WIN 11 #,0,1,UNIT,5113738.738739,0
Unassigned,,* HP 240 i3-1115G4 8GB 256GB WIN 11 #,0,1,UNIT,4860360.36036,0
Unassigned,,* HP 245 G10 - 9J053PT AMD RYZEN 5 7520U 8GB 512GB SSD WIN 11 #,0,1,UNIT,5851351.351351,0
Unassigned,,* HP 245 G8 AMD ATHLON 3050U 8GB 512GB SSD,0,1,UNIT,4042792.792793,0
Unassigned,,"* HP 245 G8-61G55PA AMD 3050U 4GB 256GB SSD 14""",0,1,UNIT,3819819.81982,0
Unassigned,,"* HP 250 G8 3V356PA 15,4"" Ci3 1115G4 4GB 512GB SSD WIN 10 BLACK",0,1,UNIT,6063636.363636,0
Unassigned,,* HP ENVY X360 13-BD0062TU-2U3R6PA CI5-1135G7 8GB 512GB SSD WIN10 + OHS 2019,0,1,UNIT,14954545.454545,0
Unassigned,,* HP ENVY X360 14 INCS 2-IN-1 14-FA088AU AMD RYZEN 7 8840HS 32GB 1TB SSD WIN 11,0,0,UNIT,16414414.414414,0
Unassigned,,* HP ENVY X360 Ci7-1250U 16GB 1TB SSD INTEL IRIS XE DP,0,1,UNIT,15306306.306306,0
Unassigned,,* HP PAVILION X360 2 IN 1 14EK233TU CORE 5 120U 16GB 512GB SSD WIN 11,0,1,UNIT,12328828.828829,0
Unassigned,,"* INFINIX INBOOK X2 BLUE METAL I3 1005G1 WIN11 (14"" FHD IPS/UMA/256GB SSD/4GB)",0,1,UNIT,3918918.918919,0
Unassigned,,* ISI STEPLES DELI  NO 24,40,1,PCS,1639.63964,65585.5856
Unassigned,,* JOYCO BALLPOINT MEJA / PENSTAND PSBP-177,24,1,PCS,3243.243243,77837.83783199999
Unassigned,,* JOYCO CALCULATOR CC - 15A 12 DIGIT,2,1,PCS,41072.072072,82144.144144
Unassigned,,* JOYCO CALCULATOR CC - 26 12 DIGIT,1,1,PCS,36702.702703,36702.702703
Unassigned,,* JOYCO CALCULATOR CC - 27 12 DIGIT,0,1,PCS,62918.918919,0
Unassigned,,* JOYCO CALCULATOR CC - 30 12 DIGIT,2,1,PCS,65540.540541,131081.081082
Unassigned,,* JOYCO CALCULATOR CC - 34 BIG 14 DIGIT,0,1,PCS,65540.540541,0
Unassigned,,* JOYCO CALCULATOR CC - 8A 12 DIGIT,2,1,PCS,33207.207207,66414.414414
Unassigned,,* JOYCO INDEX & MEMO IM-42 SIGN HERE,24,1,PCS,6576.576577,157837.837848
Unassigned,,* JOYCO ISI CUTTER BLADE L-150MH,24,1,PCS,3963.963964,95135.135136
Unassigned,,* JOYCO PUNCH 30 ( PEMBOLONG KERTAS ),5,1,PCS,10594.594595,52972.972975000004
Unassigned,,* JOYCO PUNCH 40 ( PEMBOLONG KERTAS ),6,1,PCS,20482.882883,122897.29729799999
Unassigned,,* KABEL AUDIO 1 - 1,24,1,PCS,8558.558559,205405.405416
Unassigned,,* KABEL AUDIO 1 - 2,24,1,PCS,9009.009009,216216.21621599997
Unassigned,,* KABEL CCTV SINOVISION / PROVIEW RG 59 + POWER,3,1,DUS,576576.576577,1729729.729731
Unassigned,,* KABEL CCTV SPECTRA  RG 59 + POWER,0,1,DUS,622727.272727,0
Unassigned,,"* KABEL DATA 5 PIN 1,5M UGREEN",2,1,PCS,20720.720721,41441.441442
Unassigned,,* KABEL DATA HDD EXTERNAL 3.0,4,1,PCS,18018.018018,72072.072072
Unassigned,,* KABEL DATA HDD SATA,1,1,PCS,5405.405405,5405.405405
Unassigned,,* KABEL DATA JETE CX12 TYPE C TO C,10,1,PCS,44954.954955,449549.54955
Unassigned,,"* KABEL DATA PRINTER 1,5 METER",84,1,PCS,9633.133746,809183.234664
Unassigned,,* KABEL DATA PRINTER 3 METER,29,1,PCS,20720.720721,600900.9009090001
Unassigned,,* KABEL DATA PRINTER 5 METER,17,1,PCS,28091.728091,477559.377547
Unassigned,,* KABEL DATA TYPE C JETE CX 5,5,1,PCS,26842.342342,134211.71171
Unassigned,,* KABEL FIBER OPTIK GLOBAL 1KM 1000M CORE 3 SELING SPECIAL TYPE,0,1,DUS,697500,0
Unassigned,,"* KABEL HDMI 1,5 METER",9,1,PCS,13513.513514,121621.62162600001
Unassigned,,* KABEL HDMI 10M 4K,2,1,PCS,65765.765766,131531.531532
Unassigned,,* KABEL HDMI 15 METER 4K,1,1,PCS,89189.189189,89189.189189
Unassigned,,* KABEL HDMI 20 METER 4K,4,1,PCS,120720.720721,482882.882884
Unassigned,,* KABEL HDMI 25 METER 4K,4,1,PCS,149549.54955,598198.1982
Unassigned,,* KABEL HDMI 3 IN 1 UNIVERSAL,2,1,PCS,28828.828829,57657.657658
Unassigned,,* KABEL HDMI 3 METER,55,1,PCS,19529.074529,1074099.0990950002
Unassigned,,* KABEL HDMI 5 METER,5,1,PCS,27027.027027,135135.135135
Unassigned,,* KABEL LAN BELDEN USA CAT 5 / 300M,1,1,DUS,1454954.954955,1454954.954955
Unassigned,,* KABEL POWER CPU HOWELL / HYDRA / DF / NYK,10,1,PCS,15315.315315,153153.15315
Unassigned,,* KABEL POWER LAPTOP HOWELL / HYDRA / DF / NYK,5,1,PCS,14414.414414,72072.07207000001
Unassigned,,* KABEL POWER PRINTER HYDRA / SANURPRO / NYK,23,1,PCS,18543.543543,426501.501489
Unassigned,,* KABEL RCA 3 - 3 (5 METER),24,1,PCS,20720.720721,497297.297304
Unassigned,,"* KABEL USB EXTENDER 1,5 METER",10,1,PCS,10810.810811,108108.10811
Unassigned,,* KABEL USB EXTENDER 3 METER,0,1,PCS,17117.117117,0
Unassigned,,* KABEL USB EXTENDER 5 METER,2,1,PCS,23423.423423,46846.846846
Unassigned,,"* KABEL VGA 1,5 METER HQ",5,1,PCS,21621.621622,108108.10811
Unassigned,,* KABEL VGA 10 METER HQ,5,1,PCS,62162.162162,310810.81081
Unassigned,,* KABEL VGA 15 METER HQ,5,1,PCS,86486.486486,432432.43243
Unassigned,,* KABEL VGA 20 METER HQ,1,1,PCS,195495.495495,195495.495495
Unassigned,,* KABEL VGA 25 METER HQ,2,1,PCS,171171.171171,342342.342342
Unassigned,,* KABEL VGA 3 METER HQ,1,1,PCS,27927.927928,27927.927928
Unassigned,,* KABEL VGA 30 METER HQ,1,1,PCS,200900.900901,200900.900901
Unassigned,,* KABEL VGA 5 METER HQ,5,1,PCS,38738.738739,193693.693695
Unassigned,,* KERTAS BUFFALO MERAH (NO 1),90,1,PCS,20270.27027,1824324.3243
Unassigned,,* KERTAS BUFFALO PUTIH,57,1,PCS,17695.053545,1008618.0520649999
Unassigned,,* KERTAS FOTO SPECTRA GLOSSY 260,51,1,PCS,47747.747748,2435135.135148
Unassigned,,* KERTAS FOTO SPECTRA SILKY 260,20,1,PCS,47747.747748,954954.95496
Unassigned,,* KERTAS JASMINE PUTIH,104,1,PCS,38828.828829,4038198.1982159996
Unassigned,,* KERTAS LINEN 200 GR F4,103,1,PCS,33108.108108,3410135.1351240003
Unassigned,,* KERTAS NCR PINK CFB (MIDDLE),50,1,PCS,54756.756757,2737837.8378500002
Unassigned,,* KERTAS NCR WHITE CB (TOP),27,1,PCS,55374.774775,1495118.918925
Unassigned,,* KERTAS NCR WHITE CFB (MIDDLE),72,1,PCS,54756.756757,3942486.486504
Unassigned,,* KERTAS THERMAL 57 X 38 MM (EDC),318,1,PCS,2144.144144,681837.8377919999
Unassigned,,* KEY AXIOO 14E + COVER,0,1,PCS,180180.18018,0
Unassigned,,* KEY MOUSE LOGITECH MK 220,11,1,PCS,239639.63964,2636036.03604
Unassigned,,* KEYBOARD AXIOO 11G,3,1,PCS,180180.18018,540540.54054
Unassigned,,* KEYBOARD AXIOO HYPE 1,0,1,PCS,225225.225225,0
Unassigned,,* KEYBOARD AXIOO HYPE 10,0,1,PCS,225225.225225,0
Unassigned,,* KEYBOARD AXIOO MY BOOK 14F,3,1,PCS,180937.722484,542813.167452
Unassigned,,* KEYBOARD LOGITECH USB K120,34,1,PCS,91467.938527,3109909.909918
Unassigned,,* KEYBOARD MINI BANDA / MURAGO,13,1,PCS,44629.244629,580180.180177
Unassigned,,* KEYBOARD MTECH,14,1,PCS,32432.432432,454054.054048
Unassigned,,* KEYBOARD NUMERIC (ANGKA),3,1,PCS,31531.531532,94594.59459600001
Unassigned,,* KEYBOARD YAMAHA PSR-SX600,0,1,UNIT,9909909,0
Unassigned,,* LAKBAN BENING EDS - ON OPP 48MMX90Y CW,360,1,PCS,4954.954955,1783783.7838
Unassigned,,* LAKBAN HITAM BESAR 46MM X 12MM,20,1,PCS,10864.864865,217297.29729999998
Unassigned,,* LAN CARD TPLINK TG-3468 (MINI PCI),2,1,PCS,96396.396396,192792.792792
Unassigned,,* LAN TESTER,9,1,PCS,37837.837838,340540.540542
Unassigned,,* LAN TESTER ETHERNET RJ45 RJ11 VENTION KEFB0,1,1,PCS,70270.27027,70270.27027
Unassigned,,* LASER LEVEL MARCDAVIS AEL 288,0,1,UNIT,4954954.954955,0
Unassigned,,* LCD AXIOO 14F,2,1,PCS,1216216.216216,2432432.432432
Unassigned,,* LCD CLEANER KIT 4 IN 1,8,1,PCS,27027.027027,216216.216216
Unassigned,,* LCD PANEL FHD 14.1 MYBOOK 14 +,0,1,PCS,990990.990991,0
Unassigned,,* LED ACER 19 K192HQL,0,5,PCS,1016726.909091,0
Unassigned,,"* LED ACER 21,5 EK221QE3BI IPS FHD",0,0,PCS,851351.351351,0
Unassigned,,* LED ASUS VP227HF 22 EYE CARE GAMING FHD (1920X1080) 100HZ 1MS MPRT,0,1,UNIT,887387.387387,0
Unassigned,,* LED ASUS VZ24EHF 23.8 IPS (1920x1080) 100Hz 1ms (90LM07C0-B01420),0,1,UNIT,1148648.648649,0
Unassigned,,"* LED LENOVO 21,5 L22e-40 VA(1920X1080) 100Hz",1,1,UNIT,873873.873874,873873.873874
Unassigned,,"* LED LG 18,5 19M38H-B HDMI",0,1,PCS,743243.243243,0
Unassigned,,"* LED LG 18.5"" 19 M38A",0,1,PCS,923423.423423,0
Unassigned,,* LED LG 20MK400H - B.ATI 20 HDMI *TKDN*,0,1,PCS,842342.342342,0
Unassigned,,"* LED LG 24"" 24MR400-B FHD IPS (1920 X 1080) 100HZ 5ms #",0,1,PCS,1031531.531532,0
Unassigned,,* LED LG 24MK430H-B HDMI - IPS,0,1,UNIT,1945454.545455,0
Unassigned,,* LED LG 24MS500 -B 24 FHD 100HZ #,0,1,UNIT,1022522.522523,0
Unassigned,,* LED LG 24U411A-B 23.8 IPS FHD (1920X1080) 120HZ,0,1,UNIT,1063063.063063,0
Unassigned,,"* LED MONITOR ACER K202HQL BI 19,5 INCS",0,1,UNIT,954954.954955,0
Unassigned,,* LED MSI PRO MP225V 22 FHD 100HZ,3,1,UNIT,864864.864864,2594594.594592
Unassigned,,"* LED PHILIP 19,5 203V5LHSB2/70 VGA+HDMI",0,1,UNIT,1627272.727273,0
Unassigned,,* LED PHILIPS 272V8A/70 27 FHD (1920 X 1080),0,1,PCS,1774774.774775,0
Unassigned,,"* LED SAMSUNG 22"" FLAT LS22F350FHEXXD HDMI",0,1,PCS,1131818.181818,0
Unassigned,,"* LED SAMSUNG LS19A330NHEXXD 18,5 HDMI",0,1,PCS,801801.801802,0
Unassigned,,* LED SAMSUNG LS27C310EAEXXD 27 FHD IPS,0,1,PCS,1531531.531532,0
Unassigned,,* LED TV XIAOMI L43MA-AFID 43 A 2025 FHD,0,1,UNIT,2463963.963964,0
Unassigned,,* LED VIEWSONIC 19 VA1903H-2 TN WXGA (1366x768) 5ms,0,1,PCS,729729.72973,0
Unassigned,,* LEM STICK JOYCO 15GR GS - 15,24,1,PCS,2702.702703,64864.864872
Unassigned,,* LEM STICK JOYCO 8GR GS - 09,24,1,PCS,1711.711712,41081.081088
Unassigned,,* LENOVO  THINKBOOK 13S G2 ITL-20V900HQID Ci5-1135G7 16GBGB 512GB SSD INTEL IRIS XE GRAPHICS W11,0,1,UNIT,13878378.378378,0
Unassigned,,* LENOVO GAMING LOQ 15ARP10E AMD RYZEN 7 170 16GB DDR5 512GB SSD RTX 3050 6GB WIN 11,1,1,UNIT,11522522.522523,11522522.522523
Unassigned,,"* LENOVO IDEAPAD 3 14"" Ci3 - 1215U 8GB 256GB SSD WIN 11 #",0,1,UNIT,5053153.153154,0
Unassigned,,* LENOVO IDEAPAD 3 14ALC6-82KT00HMID AMD RYZEN 7 5700U 2X4GB 612GB SSD WIIN 11,0,1,UNIT,9184684.684685,0
Unassigned,,"* LENOVO IDEAPAD 3 14IGL05 INTEL N4020 4GB 256GB SSD 14"" NW",0,1,UNIT,3404601.029601,0
Unassigned,,"* LENOVO IDEAPAD 3 14IML05 CI3-10110U 4GB 256GB SSD 14""",0,1,UNIT,4945945.945946,0
Unassigned,,* LENOVO IDEAPAD 3 14ITL6 - 82H70152ID CI7-1165G7 8GB 512GB SSD MX 450 2GB NW,0,1,UNIT,11513513.513514,0
Unassigned,,* LENOVO IDEAPAD 5 2 IN 1 14AKP10-83KT0064ID OLED AMD RYZEN AI 5 340 16GB LPDD5x 512GB SSD AMD RADEON 840M GRAPHICS WIN 11 HOME,0,1,UNIT,12963963.963964,0
Unassigned,,* LENOVO IDEAPAD FLEX 5 14U7-82R70027ID Ci3-1215U 8GB 512GB SSD WIN11,0,1,UNIT,8932432.432432,0
Unassigned,,* LENOVO IDEAPAD GAMING 3 AMD RYZEN 5 4600H 8GB 512GB SSD VGA GTX 1650 TI,0,1,UNIT,10806306.306306,0
Unassigned,,* LENOVO IDEAPAD IP1 -14IGL7 INTEL N4020 8GB 256GB SSD #,0,1,UNIT,3740471.240471,0
Unassigned,,"* LENOVO IDEAPAD IP1-11IGL05-05ID INTEL N4020 4GB SSD 256GB 11,6"" NW",0,1,UNIT,2828828.828829,0
Unassigned,,"* LENOVO IDEAPAD IP3 14IRH8 Ci7 13620H 16 512GB SSD WIN 11 14""",0,1,UNIT,9729729.72973,0
Unassigned,,* LENOVO IDEAPAD S145-14IWL-81MU00P1ID CI5-8265U VGA,0,1,UNIT,6309090.909091,0
Unassigned,,* LENOVO IdeaPad Slim 3 14IRU8  Intel Core i3-1315U 8GB 256GB SSD W11,0,1,UNIT,6215558.558558,0
Unassigned,,* LENOVO IdeaPad Slim 3 14IRU8  Intel Core i3-1315U 8GB 512GB SSD W11,0,0,UNIT,6490000,0
Unassigned,,* LENOVO IDEAPAD SLIM 3 AMD RYZEN 5 7530U 8GB 512GB SSD WIN 11 #,0,1,UNIT,7063063.063063,0
Unassigned,,* LENOVO IDEAPAD SLIM 3 CI5 12450H 16GB 512GB SSD WIN 11 ABYSS BLUE #,0,1,UNIT,7693693.693694,0
Unassigned,,* LENOVO IDEAPAD SLIM 3 INTEL N100 8GB 512GB SSD WIN 11,0,1,UNIT,4594594.594595,0
Unassigned,,"* LENOVO IDEAPAD SLIM 3i 14IGL05 INTEL N4020 4GB SSD 256GB 14"" WIN10",0,1,UNIT,5227272.727273,0
Unassigned,,* LENOVO IDEPAD FLEX 5 14IAU7 CI3-1215U 8GB 512GB SSD,0,1,UNIT,9090090.09009,0
Unassigned,,"* LENOVO IP D330 N4020 8GB eMMC 128GB 10.1""HD IPS TOUCH",0,1,UNIT,3063063.063063,0
Unassigned,,"* LENOVO V14 AMD ATHLON 3020E 8GB 256GB SSD 14""",0,1,UNIT,4228828.828829,0
Unassigned,,"* LENOVO V14 G2 AMD RYZEN 3 5300U 2X4GB 512GB SSD 14""",0,1,UNIT,6706306.306306,0
Unassigned,,"* LENOVO V14 G2 AMD RYZEN 5 5500U 8GB 512GB SSD 14""",0,1,UNIT,8185585.585586,0
Unassigned,,* LENOVO V14 G3 Ci3 1215U 8 256GB SSD WIN11 #,0,1,UNIT,4896396.396396,0
Unassigned,,* LENOVO V14 G4 7120U 8 256GB SSD WIN11 #,0,1,UNIT,4615615.615616,0
Unassigned,,* LENOVO V14 G4 AMN - 82YT010YID AMD ATHLON SILVER 7120U 8GB LPDDR5 256GB WIN 11,0,1,UNIT,5066066.066066,0
Unassigned,,* LENOVO V14 G4 INTEL CORE i5 - 13420H 8GB DDR4 512GB SSD WIN 11,0,1,UNIT,7582582.582583,0
Unassigned,,* LENOVO YOGA SLIM 7 OLED 14IMH9 CORE ULTRA 5 125H 16GB 512GB SSD WIN 11 TOUCH #,0,1,UNIT,13099099.099099,0
Unassigned,,* LOGIC BOARD FOR G2010,1,1,PCS,493000,493000
Unassigned,,* LOGIC BOARD IX 6770,1,1,PCS,626126.126126,626126.126126
Unassigned,,* LYNKSYS E1700-AP (N300 Router),0,1,PCS,650000,0
Unassigned,,* MAIN PCB ASSY G1010,1,1,PCS,279279.279279,279279.279279
Unassigned,,* MAINBOARD G2730,3,0,UNIT,916495.236571,2749485.709713
Unassigned,,* MAINTENAN BOX EPSON T04D1,0,1,PCS,130630.630631,0
Unassigned,,* MAINTENANCE BOX L15150,1,1,PCS,477477.477477,477477.477477
Unassigned,,* MAINTENANCE BOX MCG 04,0,1,PCS,90990.990991,0
Unassigned,,* MAINTENANCE CATRIDGE MC-G02 F,1,1,PCS,97756.756757,97756.756757
Unassigned,,* MAP KERTAS HIJAU,80,1,PACK,18018.018018,1441441.44144
Unassigned,,* MB AXIOO MYBOOK 14E,0,1,PCS,1126126.126126,0
Unassigned,,* MB FAST H81 NVME,0,1,PCS,338588.588589,0
Unassigned,,* MB GIGABYTE H410MH V2 comet lake,0,1,PCS,922727.272727,0
Unassigned,,* MB GIGABYTE INTEL B560M DS3H V2 REV 1.1,0,1,PCS,1518018.018018,0
Unassigned,,* MB GIGABYTE INTEL B860 DS3H DDR5,1,1,PCS,2527027.027027,2527027.027027
Unassigned,,* MB GIGABYTE INTEL H410MH V2 REV 1.4,0,1,UNIT,959459.459459,0
Unassigned,,* MB GIGABYTE INTEL H610M K DDR4,0,1,PCS,887387.387387,0
Unassigned,,* MB MSI H410M PRO-VH,0,1,UNIT,886363.636364,0
Unassigned,,* MB MSI H510M PRO,0,1,PCS,855855.855856,0
Unassigned,,* MB MSI H610 BOMBER DDR 4,0,1,PCS,945945.945946,0
Unassigned,,* MB MSI INTEL H510M - A PRO,0,1,PCS,815315.315315,0
Unassigned,,* MB MSI INTEL PRO B760M-P DDR5,0,1,PCS,1824324.324324,0
Unassigned,,* MB MSI INTEL PRO H610M - E DDR4,0,1,PCS,986486.486486,0
Unassigned,,* MB MSI INTEL PRO H610M - E DDR5,1,1,PCS,1063063.063063,1063063.063063
Unassigned,,* MB MSI PRO H410M - B,0,1,PCS,886363.636364,0
Unassigned,,* MB PRINTER CANON G1020,2,1,PCS,433978.228228,867956.456456
Unassigned,,* MB PRINTER CANON G1730,4,1,PCS,582214.811208,2328859.244832
Unassigned,,* MB PRINTER CANON G2010 (QM5 3529 000 999),2,1,PCS,637498.748749,1274997.497498
Unassigned,,* MB PRINTER CANON G2020,1,1,PCS,467500,467500
Unassigned,,* MB PRINTER G1010,2,1,PCS,393243.243243,786486.486486
Unassigned,,* MB PRINTER G2770,0,1,PCS,527000,0
Unassigned,,* MB X9Z H61 / B75,1,1,PCS,206398.706399,206398.706399
Unassigned,,* MEMORY MICRO SD SANDISK ULTRA 64GB (C10),3,1,PCS,84684.684685,254054.05405500002
Unassigned,,"* MESIN LAMINATING BLUE PRINT LITE HOT AND COLD, A4 & F4 125A",4,1,PCS,200450.450451,801801.801804
Unassigned,,* MIC HOLLYLAND LARK M2,0,1,UNIT,1593693.693694,0
Unassigned,,* MICRO SD 128GB CL10 ULTRA SANDISK,3,1,PCS,146846.846847,440540.540541
Unassigned,,* MICROPHONE WIRLESS TOA ZW-G810CU,0,1,PCS,5909090.909091,0
Unassigned,,* MIKA JILID  BENING TRANSPARANT,4,1,PCS,24774.774775,99099.0991
Unassigned,,* MIKA JILID BIRU TUA,5,1,PCS,28378.378378,141891.89189
Unassigned,,* MIKA JILID HIJAU TUA,5,1,PCS,28378.378378,141891.89189
Unassigned,,* MIKA JILID KUNING,5,1,PCS,28378.378378,141891.89189
Unassigned,,* MIKA JILID MERAH TUA,5,1,PCS,28378.378378,141891.89189
Unassigned,,* MIKA JILID UNGU,1,1,PCS,28378.378378,28378.378378
Unassigned,,* MIKROTIK RB750G R3 #,0,1,UNIT,860360.36036,0
Unassigned,,* MMR KINGSTONE DDR4 4GB PC KVR26N19S6/4G PC2666,0,1,PCS,254545.454545,0
Unassigned,,* MMR SODDIM SAMSUNG DDR4 4GB PC4 3200 (BL),0,1,UNIT,261261.261261,0
Unassigned,,* MMR SODIMM TEAM ELITE DDR4 4GB/2666 (BL),0,1,UNIT,261261.261261,0
Unassigned,,"* MONITOR LED LENOVO 18,5 D19-10 VGA HDMI",0,1,UNIT,1225225.225225,0
Unassigned,,* MOUSE LOGITECH M90,16,1,PCS,45945.945946,735135.135136
Unassigned,,* MOUSE ROBOT M102 BLACK,0,1,PCS,18468.468468,0
Unassigned,,* MOUSE VOTRE / SANURPRO,22,1,PCS,10810.810811,237837.83784199998
Unassigned,,* MOUSE WIRELESS JETE MS 103 / MS 203,12,1,PCS,56216.216216,674594.594592
Unassigned,,* MOUSE WIRLESS M170 LOGITECH,12,1,PCS,102727.272727,1232727.272724
Unassigned,,* MOUSEPAD LOGITECH / MICROSOFT,908,1,PCS,2512.333762,2281199.055896
Unassigned,,* MOUSEPAD ROBOT,7,1,PCS,5745.045045,40215.315315
Unassigned,,* MSI CLAW A1M CORE ULTRA 7 155H 16GB 512GB SSD WIN 11 #,0,1,UNIT,7738738.738739,0
Unassigned,,* NACHI LAKBAN HITAM 35 X 12M,20,1,PCS,8148.648649,162972.97298
Unassigned,,* NUC 10i3FNH2 ( BAREbone),0,1,UNIT,3956363.636364,0
Unassigned,,* OBENG MTECH KIT 6032 32 IN 1,2,1,PCS,26126.126126,52252.252252
Unassigned,,* PAKET PC ASUS BUILUP DG PENYUSUN SBB: PAKET PC CORE I3,0,1,SET,5672727.272727,0
Unassigned,,* PAKET PC LENOVO BUIL UP DG PENYUSUN SBB: PAKET PC,0,1,SET,6831818.181818,0
Unassigned,,* Paket PC Lenovo Built UP,0,1,SET,7072727.272727,0
Unassigned,,"* PANEL LCD HD 11,6 IPS MYBOOK 11G",0,1,PCS,585585.585586,0
Unassigned,,* PANEL UNIT G2020,0,1,PCS,255000,0
Unassigned,,* PAPER FEED ENCODER PCB,1,1,PCS,49549.54955,49549.54955
Unassigned,,* PAPER KLIP NO 3,50,1,PCS,1441.441441,72072.07205
Unassigned,,* PAPER KLIP NO 5,50,1,PCS,3873.873874,193693.6937
Unassigned,,* PAPERLINE NK K1 (NOTA KECIL 1 PLY),140,1,PCS,1846.846847,258558.55858
Unassigned,,* PASTA PROCESSOR  BOTOL,10,1,PCS,8108.108108,81081.08108
Unassigned,,* PASTA PROCESSOR  SUNTIK,10,1,PCS,3153.153153,31531.53153
Unassigned,,"* PC ACER VERITION M CORE I7 (VM/0032) [GBB] VERTION M, CORE-I7 13700, 166GB DDR5, 1TB SSD, VGA 2GB, 21,5 INCS LCD WIN 11 HOME, LAN, WIFI+BLUETOOTH, DVDRW, 500W PSU",0,1,UNIT,17432432.432432,0
Unassigned,,"* PC ASUS BUILUP S500MC CI3-10105 4GB 1TN WIN10 LED 19,5",0,1,UNIT,6577272.727273,0
Unassigned,,"* PC ASUS D425MC R3220G017T AMD RYZEN 3 2200G 4GB DDR4 HDD 1TB VS207DF 19,5 INCS",0,1,UNIT,5000000,0
Unassigned,,* PC ASUS S641MD-I38410000T CORE I3 W10 DESTOP BLACK,0,1,UNIT,0,0
Unassigned,,* PC BUILUP ACER TC 1650 CI7 11700 2X4GB 1TB GT 730 2GB  LED ACER  21.5,0,1,UNIT,11608108.108108,0
Unassigned,,"* PC BUILUP ASUS D340MC CI5-8400 8GB 1TB HDD LED 19,5",0,1,UNIT,7545454.545455,0
Unassigned,,"* PC BUILUP ASUS S500TC INTEL G5905 4GB 1TB LED 19,5",0,1,UNIT,5763636.363636,0
Unassigned,,* PC BUILUP CI3 PC ASUS S500TC Ci3-10105 4GB 1TB HDD W11 LED 19 INCS,0,1,PAKET,6783783.783784,0
Unassigned,,"* PC BUILUP LENOVO THINK CENTRE NEO 50T CORE I3 12100 4GB 256GB SSD LED 21,5 DVD RW",0,1,UNIT,6801801.801802,0
Unassigned,,"* PC CI3 ASUS S300TA CI3 - 10100 4GB 1TB HDD LED 19,5 WIN 10",0,1,UNIT,6059090.909091,0
Unassigned,,* PC LENOVO THINK CENTRE M90N-1 NANO -11ADS07E00 CI3,0,1,UNIT,0,0
Unassigned,,* PC SERVER ASUS TS100-E11/PI4 16GB x 2 1TB DVDRW Black,0,1,UNIT,14684684.684685,0
Unassigned,,* PC SERVER DELL Power Edge T40,0,1,UNIT,9765765.765766,0
Unassigned,,* PC SERVER DELL POWER EDGE T40 XEON E-2224G 16GB 1TB,0,1,UNIT,12432432.432432,0
Unassigned,,* PEDAL SUSTAIN KEYBOARD,1,1,UNIT,135137,135137
Unassigned,,* PLASTIK LAMINATING BLUE PRINT F4,10,1,PCS,60810.810811,608108.10811
Unassigned,,* PLUSTEK E-SCAN A350,0,1,UNIT,10227272.727273,0
Unassigned,,* PLUSTEK MOBILE OFFICE AD470,0,1,UNIT,3387387.387387,0
Unassigned,,* PLUSTEK MOBILE OFFICE S410,0,1,UNIT,1613513.513514,0
Unassigned,,* PLUSTEK PN30U,0,1,PCS,5850000,0
Unassigned,,* PLUSTEK SMART OFFICE PS3150U,0,1,UNIT,6918918.918919,0
Unassigned,,* PLUSTEK SMART OFFICE PS3180U,0,1,UNIT,7207207.207207,0
Unassigned,,* POE SWITCH HIK DS - 3E0510P-E/M PL,0,1,PCS,678590.990991,0
Unassigned,,* POWER BANK JETE 10.000,3,1,PCS,90000,270000
Unassigned,,* POWER BANK VIVAN VPB-C10,0,1,PCS,185473.873874,0
Unassigned,,* POWER SUPLAY G-1010/2010/3010,3,1,PCS,217810.810811,653432.4324330001
Unassigned,,* POWER SUPLAY G3770,6,1,PCS,301833.333334,1811000.000004
Unassigned,,* PRINT HEAD BLACK G2020 / G1020 / BH 70,2,1,UNIT,360120.12012,720240.24024
Unassigned,,* PRINT HEAD COLOR G2020 / G1020 / CH 70,0,1,UNIT,372132.132132,0
Unassigned,,* PRINTER CANON G1010,5,1,UNIT,941745.667236,4708728.33618
Unassigned,,* PRINTER CANON G1020,0,1,UNIT,1351351.351351,0
Unassigned,,* PRINTER CANON G2010 PSC,13,1,UNIT,1440090.09009,18721171.17117
Unassigned,,* PRINTER CANON G2020 PSC,0,1,UNIT,1783783.783784,0
Unassigned,,* PRINTER CANON G2730,0,1,UNIT,1268018.018018,0
Unassigned,,* PRINTER CANON G2770,2,1,UNIT,1439593.439593,2879186.879186
Unassigned,,* PRINTER CANON G3010 Wifi PSC (BL),0,1,UNIT,2036036.036036,0
Unassigned,,* PRINTER CANON G3730,0,1,UNIT,1905405.405405,0
Unassigned,,* PRINTER CANON IX 6770,1,1,UNIT,3364864.864865,3364864.864865
Unassigned,,* PRINTER CANON LASERJET LBP 6030,1,1,UNIT,1538738.738739,1538738.738739
Unassigned,,* PRINTER EPSON L11050,0,1,UNIT,5662162.162162,0
Unassigned,,* PRINTER EPSON L121,9,25,UNIT,1302806.261203,11725256.350827001
Unassigned,,* PRINTER EPSON L1210,1,1,UNIT,1752924.252925,1752924.252925
Unassigned,,* PRINTER EPSON L1250,0,1,UNIT,1936936.936937,0
Unassigned,,* PRINTER EPSON L1300,0,1,UNIT,5495495.495495,0
Unassigned,,* PRINTER EPSON L14150,0,1,UNIT,6486486.486486,0
Unassigned,,* PRINTER EPSON L1455,0,1,UNIT,9227272.727273,0
Unassigned,,* PRINTER EPSON L15150 A3 Wi-Fi (PSC ),0,1,UNIT,11261261.261261,0
Unassigned,,* PRINTER EPSON L1800,0,1,UNIT,7297297.297297,0
Unassigned,,* PRINTER EPSON L18050,0,1,UNIT,7567567.567568,0
Unassigned,,* PRINTER EPSON L3210,0,40,UNIT,1834469.533531,0
Unassigned,,"* PRINTER EPSON L3211 PRINT, SCAN COPY",21,40,UNIT,1835418.379223,38543785.963683
Unassigned,,* PRINTER EPSON L3250 WIFI PRINT SCAN COPY,0,1,UNIT,2184684.684685,0
Unassigned,,* PRINTER EPSON L3251 WIFI PSC TKDN,1,1,UNIT,2188063.063063,2188063.063063
Unassigned,,* PRINTER EPSON L3550,0,1,UNIT,2882882.882883,0
Unassigned,,"* PRINTER EPSON L4260 A4 WIFI (PRINT, SCAN, COPY)",1,1,UNIT,3423423.423423,3423423.423423
Unassigned,,* PRINTER EPSON L5290,2,1,UNIT,3423423.423423,6846846.846846
Unassigned,,* PRINTER EPSON L6260,0,1,UNIT,4099099.099099,0
Unassigned,,* PRINTER EPSON L6270,0,1,UNIT,4301801.801802,0
Unassigned,,* PRINTER EPSON L805,0,1,UNIT,3603603.603604,0
Unassigned,,* PRINTER EPSON L8050,0,1,UNIT,3941441.441441,0
Unassigned,,* PRINTER EPSON LQ 2190 DOT MATRIX,0,1,UNIT,7882882.882883,0
Unassigned,,* PRINTER EPSON LQ 310 DOT MATRIX HIGH SPEED,0,1,UNIT,2797297.297297,0
Unassigned,,* PRINTER EPSON LQ2190 Dot matrix,0,1,UNIT,7815315.315315,0
Unassigned,,* PRINTER EPSON LX 310,0,1,UNIT,2509009.009009,0
Unassigned,,* PRINTER EPSON M1100,0,1,UNIT,1800000,0
Unassigned,,* PRINTER EPSON PLQ 30,0,1,UNIT,6472972.972973,0
Unassigned,,* PRINTER EPSON TMT 82X - 441 USB SERIAL,0,1,UNIT,2068181.818182,0
Unassigned,,* PRINTER EPSON TMU 220D - 776 USB MANUAL,0,1,UNIT,1923423.423423,0
Unassigned,,* PRINTER EPSON WORKFORCE WF 100,0,1,UNIT,3181818.181818,0
Unassigned,,* PRINTER HP 315 PSC INK TANK,0,1,UNIT,1441441.441441,0
Unassigned,,* PRINTER LABEL THERMAL STIKER BP-ECO80BT,2,1,Buah,600000,1200000
Unassigned,,* PRINTER THERMAL BP-ECO58D LISTRIK,0,1,PCS,234234.234234,0
Unassigned,,* PROC AMD RYZEN 5 5600,0,1,PCS,1391891.891892,0
Unassigned,,* PROC I7 10700F COMET LAKE,0,1,PCS,2898648.648649,0
Unassigned,,* PROC INTEL CORE - I5 12400,0,1,PCS,2234234.234234,0
Unassigned,,* PROC INTEL CORE - I5 14400 RAPTOR LAKE,0,1,PCS,2500000,0
Unassigned,,* PROC INTEL CORE - i7 14700K RAPTOR LAKE,0,1,PCS,5328828.828829,0
Unassigned,,* PROC INTEL CORE I3 - 10105 COMET LAKE,0,1,UNIT,1540540.540541,0
Unassigned,,* PROC INTEL CORE I3 GEN 2,5,1,PCS,87984.434139,439922.17069500004
Unassigned,,* PROC INTEL CORE i5 11400 ROCKET LAKE,0,1,PCS,1860360.36036,0
Unassigned,,* PROC INTEL CORE i5 11400F ROCKET LAKE #,0,1,PCS,1459459.459459,0
Unassigned,,* PROC INTEL CORE I7 12700 ALDER LAKE,0,1,PCS,3936936.936937,0
Unassigned,,* PROC INTEL CORE ULTRA 7 265K,1,1,PCS,4851351.351351,4851351.351351
Unassigned,,* PROC INTEL I3 10100 COMET LAKE INCLUD FAN,0,1,PCS,1626126.126126,0
Unassigned,,* PROC INTEL I5 10400 COMET LAKE INCLUD FAN (ONBOARD VGA) GEN 10,1,1,UNIT,1772727.272727,1772727.272727
Unassigned,,* PROC INTEL I5 10600KA comet lake (onboard VGA),0,1,PCS,3190909.090909,0
Unassigned,,* PROC INTEL I7 11700K ROCKET LAKE,0,1,PCS,6172727.272727,0
Unassigned,,* PROC INTEL I7 12700F ALDER LAKE #,0,1,PCS,3626126.126126,0
Unassigned,,* PROCESSOR INTEL CORE I5 4590,1,1,PCS,297297.297297,297297.297297
Unassigned,,* PROJECTOR ACER BS 020P DLP 4000 Lumens + TAS,0,6,UNIT,4102347.514253,0
Unassigned,,* PROJECTOR ACER BS 021A 4800 LUMENS,4,8,UNIT,4159769.990008,16639079.960032
Unassigned,,* PROJECTOR ACER BS 120 DLP XVGA 4000 LUMENS,0,1,UNIT,4260023.760023,0
Unassigned,,* PROJECTOR ACER X1 DLP XGA 4000 LUMENS TKDN,0,1,UNIT,4689189.189189,0
Unassigned,,* PROJECTOR EB 972 #,0,1,UNIT,8738738.738739,0
Unassigned,,* PROJECTOR EPSON CO-FH01 FULL HD 3000 LUMENS,0,1,UNIT,6657657.657658,0
Unassigned,,* PROJECTOR EPSON CO-FH02 FULL HD #,0,1,UNIT,9009009.009009,0
Unassigned,,* PROJECTOR EPSON EB - FH52 3LCD 4000 LUMENS + TAS,0,1,UNIT,11788288.288288,0
Unassigned,,* PROJECTOR EPSON EB E500 XVGAVGA HDMI,0,2,UNIT,5405405.405405,0
Unassigned,,* PROJECTOR EPSON EB E600 XGA 3LCD 3400 LUMENS,0,1,UNIT,5481981.981982,0
Unassigned,,* PROJECTOR EPSON EB W51,0,1,UNIT,8018018.018018,0
Unassigned,,* PROJECTOR EPSON EB-E01 3 LCD,0,1,UNIT,4518018.018018,0
Unassigned,,* PROJECTOR EPSON X06,0,1,UNIT,5270270.27027,0
Unassigned,,* PROJECTOR VIEW SONIC SP3 SVGA 4800 ANSI LUMENS,2,1,UNIT,3977348.777349,7954697.554698
Unassigned,,* PSU AEROCOOL LUX 550W BRONZE,1,1,PCS,472972.972973,472972.972973
Unassigned,,* PSU AEROCOOL LUX RGB 650 WATT 80 PLUS,0,1,PCS,558558.558559,0
Unassigned,,* PSU CANON 2770,1,1,UNIT,144500,144500
Unassigned,,* PSU CCTV JARING 30A,9,1,PCS,121621.621622,1094594.594598
Unassigned,,* PSU CCTV SN 120 20A (JARING),9,1,PCS,103603.603604,932432.4324360001
Unassigned,,* PSU COOLER MASTER ELITE NEX PN600,0,1,PCS,536036.036036,0
Unassigned,,* PSU COOLER MASTER ELITE V3 P500 500W,0,1,PCS,427927.927928,0
Unassigned,,* PSU COOLER MASTER ELITE V4 600W BOX WHITE,0,1,PCS,612612.612613,0
Unassigned,,* PSU CORSAIR CX650 650 WATT 80 PLUS BRONZE ATX,1,1,PCS,765765.765766,765765.765766
Unassigned,,* PSU DEEPCOOL DE530 400W 80 +,0,1,PCS,377272.727273,0
Unassigned,,* PSU HIK C8,0,1,PCS,144144.144144,0
Unassigned,,* PSU PC COOLER KF650 650WATT ATX 80 PLUS 230V EU,0,1,PCS,454954.954955,0
Unassigned,,* PSU PC COOLER PLUSES HW400 (400WATT),0,1,PCS,184684.684685,0
Unassigned,,* PSU PCCOOLER KF450 450 WATT ATX 80 PLUS,0,1,PCS,360360.36036,0
Unassigned,,* PSU PCCOOLER KF750 750W ATX 80 PLUS 230V,0,1,PCS,495495.495495,0
Unassigned,,* PSU PCCOOLER PLUSESHW500-NP 500WATT,0,1,PCS,207207.207207,0
Unassigned,,* PSU PRINTER G1020 / G2020,5,1,PCS,311236.648969,1556183.2448449999
Unassigned,,* PSU PRINTER G3770 / G2770,1,1,PCS,382459.911502,382459.911502
Unassigned,,* PSU SIMBADDA 400 W BOX,0,1,PCS,211818.181818,0
Unassigned,,* QUIK CHARGER HP TC JETE C82 TINY3 MICRO KABEL,0,1,PCS,27027.027027,0
Unassigned,,* QUIK CHARGER HP TC JETE C82 TINY3 TYPE C,0,1,PCS,31531.531532,0
Unassigned,,* RAM ADATA DDR4 XPG GAMMIX D35 8GB PC4-25600 speed 3200MHz (AX4U32008G16A-SBKD35) CL16 - BLACK,0,1,PCS,216216.216216,0
Unassigned,,* RAM APACER DDR4 PHANTER GAMING 8GB,0,1,PCS,477477.477478,0
Unassigned,,* RAM CORSAIR DDR4 PC 1X8GB VENGEANCE LPX,0,1,PCS,382882.882883,0
Unassigned,,* RAM CORSAIR DDR4 PC1X16GB CMK16GX4M1A2666C16,0,1,PCS,684684.684685,0
Unassigned,,* RAM CORSAIR DDR5 PC 16GB 5600MHZ,0,1,PCS,1247747.747748,0
Unassigned,,* RAM CORSAIR DDR5 PC RGB 32GB (2X16GB) 6600MT/S BLACK,1,1,PCS,2333333.333333,2333333.333333
Unassigned,,* RAM CORSAIR DDR5 PC32GB 2X16GB 5200HZ CMK32GXM2B5200C40W 5200MT/s CL40 VENGEANCE WHITE,0,1,PCS,1364864.864865,0
Unassigned,,* RAM DDR4 8GB 1RX8 PC4 - 3200,0,1,PCS,1576576.576577,0
Unassigned,,* RAM GSKILL DDR4 8GB,0,1,PCS,463963.963964,0
Unassigned,,* RAM KINGSTONE DDR4 FURY BEAST 16GB PC 3200,0,1,PCS,483783.783784,0
Unassigned,,* RAM KINGSTONE DDR4 FURY BEAST RGB 8GB PC3200,0,1,PCS,405405.405405,0
Unassigned,,* RAM KINGSTONE FURY BEAST DDR5 16GB 5600MT/S CL36,0,1,PCS,716216.216216,0
Unassigned,,* RAM KINGSTONE FURY BEAST DDR5 16GB 6000MT/S AD,0,1,PCS,1094594.594595,0
Unassigned,,* RAM KINGSTONE FURY BEAST DDR5 8GB 6000MT/S,2,1,PCS,509009.009009,1018018.018018
Unassigned,,* RAM PC DDR 4 SERVER ECC 8GB,0,1,PCS,1171171.171171,0
Unassigned,,* RAM PC KINGSTON FURY BEAST 8GB DDR4 PC2666,0,1,PCS,663636.363636,0
Unassigned,,* RAM PC KINGSTONE DDR3 4GB,0,1,PCS,85585.585586,0
Unassigned,,* RAM PC KINGSTONE DDR3 8GB,5,1,PCS,189189.189189,945945.945945
Unassigned,,* RAM PC KINGSTONE DDR4 8GB,0,1,PCS,369369.369369,0
Unassigned,,* RAM PC KINGSTONE HYPERX FURY 16GB DDR4,0,1,PCS,1254545.454545,0
Unassigned,,* RAM PC LEXAR DDR 4 8GB PC4-2666,0,1,PCS,418181.818182,0
Unassigned,,* RAM TEAM ELITE PLUS DDR4 16GB PC 3200 PENDINGIN #,0,1,PCS,459459.459459,0
Unassigned,,* RAM VISIPRO DDR4 SERVER ECC 32GB PC2666MHZ,0,1,PCS,2860360.36036,0
Unassigned,,* REFILL PITA PRINTER EPRINT 8758,9,1,PCS,7986.486486,71878.37837399999
Unassigned,,* RIBBON CATRIDGE EPSON LX310,14,25,PCS,38540.010599,539560.148386
Unassigned,,* RIBBON CATRIGDE EPSON LX 300,4,1,PCS,38738.738739,154954.954956
Unassigned,,* RIBBON PACK EPSON LX310 #,70,25,PCS,31531.531532,2207207.20724
Unassigned,,* RIBBON STANDART CAT P7 / P8000,0,1,PCS,982350,0
Unassigned,,* ROBOT HUB USB H140-80,57,1,PCS,31954.227673,1821390.9773610001
Unassigned,,* ROBOT KEY + MOUSE KM3100 WIRELESS,1,1,PAKET,121752.661752,121752.661752
Unassigned,,* ROBOT KEY MOUSE KM4000 WIRELESS SILENT KEY,0,1,UNIT,165454.545455,0
Unassigned,,* ROBOT KEYBOARD RK20,6,1,PCS,68579.744329,411478.46597399993
Unassigned,,* ROBOT MOUSE M130 WIRED MOUSE COLORFUL LED,16,1,PCS,31027.675318,496442.805088
Unassigned,,* ROBOT Mouse Wireless M210S Silent Click,1,1,PCS,46038.738739,46038.738739
Unassigned,,* ROBOT MOUSE WIRELESS M370 SILENT,7,1,PCS,50002.342342,350016.39639400004
Unassigned,,* ROBOT RB290 SOUNDBAR BT,2,1,UNIT,116582.496783,233164.993566
Unassigned,,* ROBOT RB680 SPEAKER BT,0,1,UNIT,182425.14558,0
Unassigned,,* ROBOT RS180 MULTIMEDIA SPEAKER,11,1,UNIT,48526.886017,533795.746187
Unassigned,,* ROTATING LASER LEVEL TOPCON RL-H5A,0,1,UNIT,17567567.567568,0
Unassigned,,* ROUTER ASUS RT AX1800HP DUAL BAND WIFI 6,0,1,UNIT,968468.468468,0
Unassigned,,* RUIJIE REYEE ROUTER RG-EW1800GX PRO AX1800 MESH GIGABIT DUAL BAND WIFI 6,0,1,PCS,747747.747748,0
Unassigned,,* SAMBUNGAN KABEL LAN BARREL RJ54,20,1,PCS,2702.702703,54054.054059999995
Unassigned,,* SAMSUNG GALAXY TAB 8 X205 LTE 4 / 128GB,0,1,UNIT,3873873.873874,0
Unassigned,,* SAMSUNG GALAXY TAB S10+ WIFI ONLY 12GB 256GB,0,1,UNIT,14600000,0
Unassigned,,* SCANNER BROTHER DS-640,0,1,UNIT,1718181.818182,0
Unassigned,,* SCANNER CANON LIDE 300,2,1,UNIT,837837.837838,1675675.675676
Unassigned,,* SCANNER EPSON DS - 530 II,0,1,UNIT,7049549.54955,0
Unassigned,,* SCANNER EPSON DS 1630,0,1,UNIT,5360360.36036,0
Unassigned,,* SCANNER EPSON DS 310,1,1,UNIT,3963963.963964,3963963.963964
Unassigned,,* SCANNER EPSON DS 730N,0,1,UNIT,8378378.378378,0
Unassigned,,* SCANNER EPSON DS 770 II,0,1,UNIT,10315315.315315,0
Unassigned,,* SCANNER EPSON DS C330,0,1,UNIT,3873873.873874,0
Unassigned,,* SCANNER EPSON DS-780N,0,1,Buah,11036036.036036,0
Unassigned,,* SCANNER EPSON DS410,0,1,UNIT,4423423.423423,0
Unassigned,,* SCANNER EPSON ES - C320W,1,1,UNIT,4639639.63964,4639639.63964
Unassigned,,* SCANNER EPSON ES60W,0,1,UNIT,1914414.414414,0
Unassigned,,* SCANNER EPSON V 39,0,1,UNIT,781818.181818,0
Unassigned,,* SCANNER EPSON WORKFORCE DS - 360W,0,1,UNIT,4054054.054054,0
Unassigned,,* SCANNER EPSON WORKFORCE DS 6500,0,1,UNIT,13693693.693694,0
Unassigned,,* SCANNER Fujitsu Fast Image Fi-7140,0,1,UNIT,12480180.18018,0
Unassigned,,* SCANNER FUJITSU SP 1130N,0,1,UNIT,5990990.990991,0
Unassigned,,* SCANNER PLUSTEK OPTIC SLIM 1180,0,1,UNIT,3531531.531532,0
Unassigned,,* SCANNER PLUSTEK OpticSlim 1680,0,1,UNIT,4230630.630631,0
Unassigned,,* SCANNER PLUSTEK PS396 PLUS,0,1,UNIT,6802702.702703,0
Unassigned,,* SCANNER PLUSTEK SMART OFFICE PS 283,0,1,UNIT,3459459.459459,0
Unassigned,,* Scanner Plustek Smart Office PS186,0,1,PCS,4135135.135135,0
Unassigned,,* SCANNER PLUSTEK SMART OFFICE PS286 PLUS,0,1,UNIT,4540540.540541,0
Unassigned,,* SCANNER PLUSTEK SMART OFFICE PT2160,0,1,UNIT,9636036.036036,0
Unassigned,,"* SEAGATE EXT 1 TB 2,5"" EXPANSION",3,1,PCS,836363.636364,2509090.909092
Unassigned,,* SERVER DELL POWER EDGE R250 XEON E - 2314 2.80/DDR4 8GB DVDRW KEY+MOUSE,0,1,UNIT,24504504.504505,0
Unassigned,,* SIDU A3 70GSM,20,1,PCS,70135.63964,1402712.7928
Unassigned,,* SIDU A4 70,187,1,PCS,34234.261897,6401806.974738999
Unassigned,,* SIDU F4 70,267,1,PCS,39144.774775,10451654.864924999
Unassigned,,* SIDU F4 80 GSM,40,1,PCS,45000,1800000
Unassigned,,* SODIMM KINGSTONE DDR3L 4GB,0,1,PCS,94594.594595,0
Unassigned,,* SODIMM KINGSTONE DDR4 8GB,0,1,PCS,360360.36036,0
Unassigned,,* SODIMM LEXAR DDR4 8GB PC 3200,0,1,PCS,459459.459459,0
Unassigned,,* SODIMM TEAM ELITE DDR5 8GB 5600MHZ #,0,1,PCS,450450.45045,0
Unassigned,,* SOUNDCARD USB 7.1,2,1,PCS,16216.216216,32432.432432
Unassigned,,* SPEAKER ADVANCE K1512K,0,1,UNIT,1481981.981982,0
Unassigned,,* SPEAKER ROBOT RB120,0,1,PCS,76576.576577,0
Unassigned,,* SPEAKER ROBOT RB60 WATERPROOF BASS,1,1,PCS,230000,230000
Unassigned,,* SPIDOL PERMANENT SNOWMAN,144,1,PCS,4701.018018,676946.594592
Unassigned,,* SPIDOL SNOWMAN WHITE BOARD (WB-BG-12 HT),144,1,PCS,5537.162162,797351.351328
Unassigned,,* SSD ADATA 256GB ULTIMATE SU650 3D NAND 2.5 SATA,0,1,PCS,351351.351351,0
Unassigned,,* SSD ADATA 512GB XPG SX6000 PRO M.2 2280 PCIE GEN 3X4,0,1,PCS,463963.963964,0
Unassigned,,* SSD APACER 256GB AS350 PANTHER SATA III,0,1,PCS,346846.846847,0
Unassigned,,* SSD APACER 256GB M.2 2280 NVME,0,1,PCS,387387.387387,0
Unassigned,,"* SSD APACER 512GB AS350 PANTHER SATA III 2,5",0,1,PCS,572072.072072,0
Unassigned,,* SSD EXT PORTABLE WD MY PASSPORT 1TB,0,1,PCS,1558558.558559,0
Unassigned,,* SSD EXTERNAL PORTABLE APACER AS723 512GB,0,1,PCS,770270.27027,0
Unassigned,,* SSD GIGABYTE NVME M.2 2280 256GB,0,1,PCS,346846.846847,0
Unassigned,,* SSD GIGABYTE NVME M2. 2280 512GB,0,1,PCS,477477.477477,0
Unassigned,,* SSD KINGSTONE 250GB NVME M2 NV1,0,1,PCS,463636.363636,0
Unassigned,,"* SSD LEXAR 1TB LNS100 SATA 2,5""",1,1,PCS,1166666.666667,1166666.666667
Unassigned,,* SSD LEXAR 1TB NM620 NVME PCIE GEN3X4 3500MB/S read 3500MB/s writeLNM620X001T-RNNNG,0,1,PCS,914414.414414,0
Unassigned,,* SSD LEXAR 1TB NM710  M.2 2280 PCIE GEN4X4  NVME,0,1,PCS,788288.288288,0
Unassigned,,"* SSD LEXAR 256GB LNS100 - 256RB VALUE 2,5 SATA",0,1,PCS,265765.765766,0
Unassigned,,* SSD LEXAR 256GB NM620 M.2 2280 NVME PCIE GEN3X4,0,1,PCS,373873.873874,0
Unassigned,,* SSD LEXAR 512 NM620 M.2 2280 NVME PCIE GEN3X4,0,1,PCS,612612.612613,0
Unassigned,,"* SSD MSI SPATINUM S270 240GB SATA 2,5 #",0,1,PCS,261261.261261,0
Unassigned,,* SSD MSI SPATIUM M371 500GB OCIE 3.0 X 4 NVME M.2,0,1,PCS,554054.054054,0
Unassigned,,* SSD SAMSUNG 1TB 870 EVO,0,1,PCS,2465000,0
Unassigned,,* SSD SAMSUNG 500GB 870 EVO,0,1,PCS,666666.666667,0
Unassigned,,* SSD SAMSUNG 500GB 980 NVME MZ - V8V500BW,0,1,PCS,666666.666667,0
Unassigned,,* SSD SEAGATE BARRACUDA Q5 M.2 NVME 500GB,0,1,PCS,913636.363636,0
Unassigned,,* SSD WD BLACK 500GB SN770 NVME M.2 2280 GEN4 5000 MB/S AD,0,1,PCS,873873.873874,0
Unassigned,,* SSD WD BLUE 500GB M.2 SN550 Nvme,0,1,PCS,890909.090909,0
Unassigned,,* STAND KEYBOARD DOUBLE TARIK,1,1,UNIT,247747.74,247747.74
Unassigned,,* STARLINK STANDART V4 DUAL WIFI SYSTEM W/2LAN PORT RJ45 NP2,0,1,UNIT,4472972.972973,0
Unassigned,,* STAVOLT MATSUNAGA 3000W,0,1,UNIT,1050000,0
Unassigned,,* STEPLES DELI HD 10 E0224,23,1,PCS,6655.405405,153074.324315
Unassigned,,* STEPLES DELI HD 50 24/6 E0325,24,1,PCS,14369.369369,344864.864856
Unassigned,,* STIKER NAMA UNDANGAN MOTIF KEMBANG 103,1600,1,PCS,2252.252252,3603603.6032000002
Unassigned,,* STIKER NAMA UNDANGAN POLOS (103),2106,1,PCS,1981.981982,4174054.0540920002
Unassigned,,* Tablet Axioo MYTAB 8G,0,1,PCS,1409090.909091,0
Unassigned,,* TANDON PENGUIN TBSK STAINLESS 1000 LITER,0,1,UNIT,4108108.108108,0
Unassigned,,* TANG CRIMPING RJ45 BIASA,2,1,PCS,50450.45045,100900.9009
Unassigned,,* TANG CRIMPING TOOL VENTION MULTI-FUNCTION,0,1,PCS,78378.378378,0
Unassigned,,* TINTA CANON ORI 790 BLACK,0,1,PCS,90090.09009,0
Unassigned,,* TINTA CANON ORI GI - 71 BLACK,36,1,PCS,92792.792793,3340540.540548
Unassigned,,* TINTA CANON ORI GI - 71 C,73,1,PCS,92792.792793,6773873.873889
Unassigned,,* TINTA CANON ORI GI - 71 M,50,1,PCS,92792.792793,4639639.63965
Unassigned,,* TINTA CANON ORI GI - 71 Y,47,1,PCS,92792.792793,4361261.261271
Unassigned,,* TINTA EPRINT CANON 100ML BK,20,1,PCS,25337.837838,506756.75676
Unassigned,,* TINTA EPRINT CANON 100ML C,20,1,PCS,25337.837838,506756.75676
Unassigned,,* TINTA EPRINT CANON 100ML M,18,1,PCS,25337.837838,456081.081084
Unassigned,,* TINTA EPRINT CANON 100ML Y,20,1,PCS,25337.837838,506756.75676
Unassigned,,* TINTA EPSON 774 BLACK,7,1,PCS,144144.144144,1009009.0090079999
Unassigned,,* TINTA SPIDOL SNOWMAN PERMANEN MIG-20 HITAM,144,1,PCS,7432.432432,1070270.270208
Unassigned,,* TINTA SPIDOL SNOWMAN WBI-20 HT ( WHITE BOARD ),48,1,PCS,11985.416667,575300.000016
Unassigned,,* TOA COLUMN SPEAKER 20 WATT ZS-202C,0,1,UNIT,809658.181818,0
Unassigned,,* TOP CASE AXIOO,1,1,PCS,67567.567568,67567.567568
Unassigned,,* TPLINK 725 USB WIFI,34,1,PCS,63063.063063,2144144.144142
Unassigned,,* TPLINK ROUTER TL WR840N,69,1,PCS,133333.333333,9199999.999977
Unassigned,,* TPLINK SWITCH 16 PORT TL-SG1016(UN) GIGABIT RACKMOUNT,0,1,UNIT,1022727.272727,0
Unassigned,,* TPLINK SWITCH 16 PORT TL-SG1016D GIGABIT VER 11.0,0,1,UNIT,701801.801802,0
Unassigned,,* TPLINK SWITCH 5 PORT LS1005 ( HUB LAN 5 PORT K ),5,1,PCS,59459.459459,297297.297295
Unassigned,,* TPLINK SWITCH 8 PORT LS1008 (HUB LAN 8 PORT K),5,1,PCS,72972.972973,364864.864865
Unassigned,,* TPLINK TL WR844N,5,1,PCS,126126.126126,630630.63063
Unassigned,,* TPLINK TL-SF1016D SWITCH 16 PORT (HUB LAN 16 PORT),1,1,PCS,203603.603604,203603.603604
Unassigned,,"* TRIPOT LAYAR PROJECTOR 70 """,3,1,UNIT,352185.518852,1056556.556556
Unassigned,,"* TRIPOT SCREEN 84"" PIXEL SCREEN XT84",0,1,UNIT,842342.342342,0
Unassigned,,* UGREEN LASER POINTER,2,1,PCS,99099.099099,198198.198198
Unassigned,,* UPS APC 5000VA SRT5KXLI,0,1,UNIT,33227272.727273,0
Unassigned,,"* UPS APC PRO BR900MI, BR900VA, 6 OUTLETS, AVR, LCD",0,1,UNIT,2809090.909091,0
Unassigned,,* UPS PROLINK PRO 1210 (1200VA),2,1,UNIT,1000000,2000000
Unassigned,,* UPS PROLINK PRO 1210 SFC,0,1,PCS,890909.090909,0
Unassigned,,* UPS PROLINK PRO 700 SFC,0,1,PCS,527272.727273,0
Unassigned,,* USB LAN 3.0 GIGABIT,2,1,PCS,68468.468468,136936.936936
Unassigned,,* USB TO ETHERNET ADAPTER (USB LAN),1,1,PCS,27927.927928,27927.927928
Unassigned,,* USB WIFI TPLINK WN 722,20,1,PCS,87387.387387,1747747.74774
Unassigned,,* VGA CARD MSI GTX 1650 D6 VENTUS XS 4GB OCV3 EDITION,0,1,PCS,1927927.927928,0
Unassigned,,* VGA CARD MSI RTX 3050 VENTUS 2X E 6G OC GDDR6,0,1,PCS,2500000,0
Unassigned,,* VGA COLOURFUL GT710 2GD3-V,0,1,PCS,459459.459459,0
Unassigned,,* VGA COLOURFUL RTX 3050 NB DUO 8GB V2 GDDR6 128 BIT,1,1,PCS,3193693.693694,3193693.693694
Unassigned,,* VGA MSI GTX 1660 SUPER VENTUS XS OC 6GB DDR 6 (2 FAN),0,1,PCS,3405405.405405,0
Unassigned,,* VGA MSI RTX 3050 VENTUS 2X XS 8G OC GDDR6 2 FAN,0,1,PCS,3225225.225225,0
Unassigned,,* VOXY MOUSE WIRELESS E24,65,1,PCS,24000,1560000
Unassigned,,* VOXY MOUSE WIRELESS W800,90,1,PCS,28000,2520000
Unassigned,,"* WALL SCREEN 120"" PIXEL SCREEN XH120 HANGING UP ROLL",0,1,UNIT,923423.423423,0
Unassigned,,* WALL SCREEN 70 #,0,1,PCS,337837.837838,0
Unassigned,,"* WALL SCREEN 84"" MYSCREEN FOCUS MOTORIZED + REMOT",0,1,UNIT,2288288.288288,0
Unassigned,,* WEBCAM JETE W7 1080P,3,1,PCS,135045.045045,405135.135135
Unassigned,,* WEBCAM LOGITECH C310 HD 720/30fps (BL),0,1,UNIT,337837.837838,0
Unassigned,,*Acer Aspire Go 14 AG14 Core 5 120U 16GB(2x8) DDR4  512GB SSD W11,0,1,UNIT,8549549.54955,0
Unassigned,,*Acer Aspire Go 14 AG14 Core 5 120U 8GB DDR4 1TB SSD W11,1,1,UNIT,8414414.414414,8414414.414414
Unassigned,,*ACER ASPIRE LITE 14 AL14-71M-71E2 Core i7-12650H 16GB 1TB SSD WIN 11,0,1,UNIT,9945945.945946,0
Unassigned,,*Acer Aspire Lite AL14 Core i5 13500H 16GB 512GB SSD W11,0,1,UNIT,8095908.408408,0
Unassigned,,*ACER ASPIRE LITE AL14 CORE I5 13500H 8GB 512GB SSD WIN 11,0,1,UNIT,8063063.063063,0
Unassigned,,*ACER GO 14 AG14 CORE ULTRA 5 125H 16GB 512GB,1,1,UNIT,9900900.900901,9900900.900901
Unassigned,,*ACER Swift Go 14 SFG14 Intel Core i5 13500H 16GB 512GB SSD W11 (Touch),0,0,UNIT,11899000,0
Unassigned,,*ADAPTOR CHARGER AXIOO HYPE 5,2,0,PCS,112612.612613,225225.225226
Unassigned,,*AIO ACER C22 1800 Intel Core i5 13420H 8GB 512GB SSD W11,0,1,UNIT,8549549.54955,0
Unassigned,,*AIO ASUS ExpertCenter P400 P440VAK Core i5 13420H 8GB DDR5 512GB SSD W11 Home,0,0,PCS,8711711.711712,0
Unassigned,,*ASUS GAMING K16 K3605VC Intel Core i5 13420H 16GB(2X8GB) 512GB SSD RTX 3050 4GB W11 Home,0,1,UNIT,9698198.198198,0
Unassigned,,*ASUS Vivobook 14 A1404ZA Intel Core i5-1235U 16GB 512GB SSD W11,0,0,UNIT,7058558.558559,0
Unassigned,,*ASUS VIVOBOOK A1404VA INTEL I3 1315U 8GB 512GB SSD W11,0,1,UNIT,6387387.387387,0
Unassigned,,*BACK COVER AXIOO HYPE 1,0,1,PCS,67567.567568,0
Unassigned,,*BATERAI AXIOO SERI 14F,1,0,PCS,198198.198198,198198.198198
Unassigned,,*BRACKET BRATECK KL31 22T,2,1,UNIT,56756.756757,113513.513514
Unassigned,,*BRACKET LCD PROJECTOR XB65,1,1,UNIT,135135.135135,135135.135135
Unassigned,,*BRACKET OXIMUS TL220,0,1,UNIT,51351.351351,0
Unassigned,,*CAM EZVIZ OUTDOOR H9C DUAL LENS 3 + 3MP,0,1,PCS,981981.981982,0
Unassigned,,"*CASSING ALCATROZ AZZURA MILLENIA ECO AIR 3 RGB MATX,ITX BLACK  (Psu 250w)",1,1,UNIT,292792.792793,292792.792793
Unassigned,,"*HDD EXTERNAL 500GB 2.5"" OSMOUS EXPANSION (EXT 2)",0,1,PCS,390990.990991,0
Unassigned,,"*HDD EXTERNAL OSMOUS 1TB SATA 2,5",0,1,UNIT,740540.540541,0
Unassigned,,*HDD EXTERNAL TOSHIBA 2TB,0,1,PCS,1099099.099099,0
Unassigned,,*HDD PC OSMOUS 1TB 7200RPM - RED (garansi 1th),1,1,PCS,524324.324324,524324.324324
Unassigned,,*HDD PC OSMOUS 1TB 7200RPM - RED (garansi 2th),2,1,PCS,711711.711712,1423423.423424
Unassigned,,*HDD PC OSMOUS 2TB 7200RPM,0,1,PCS,912612.612613,0
Unassigned,,*HDD PC OSMOUS CCTV 1TB 5400RPM,0,1,PCS,590090.09009,0
Unassigned,,*HDD PC OSMOUS CCTV 2TB 5400RPM,0,1,PCS,902702.702703,0
Unassigned,,*HDD PC SEAGATE CCTV 1TB SKYHAWK,1,1,PCS,905405.405405,905405.405405
Unassigned,,*KEYBOARD AXIOO HYPE 5,0,0,UNIT,360360.36036,0
Unassigned,,*LED LG 24G411A 24 UltraGear G4 FHD IPS (1920X1080) 120Hz,1,1,UNIT,1184684.684685,1184684.684685
Unassigned,,*LED SAMSUNG 24 INCH LS24F320GAEXXD 24 Essential S3 S32GF IPS FHD,0,1,PCS,1018018.018018,0
Unassigned,,"*LED SAMSUNG LS24F320GAEXXD 24 Essential S3 S32GF IPS FHD (1,920 x 1,080) 120Hz 5 (GTG)",0,0,PCS,1220720.720721,0
Unassigned,,*LED XIAOMI 21.5 A22I ELA5230EU,0,1,UNIT,891891.891892,0
Unassigned,,*LENOVO GAMING LOQ 15ARP10E AMD RYZEN 7 7735HS 16GB 512GB SSD RTX 3050 6GB WIN 11,1,1,UNIT,11522522.522523,11522522.522523
Unassigned,,*LENOVO V14 G4 AMD RYZEN 3 7320U 8GB 256 GB SSD WIN 11 #,0,1,UNIT,6171171.171171,0
Unassigned,,*LENOVO V14 G5 Core i3 1315U 8GB DDR5 512GB SSD,0,1,UNIT,5734234.234234,0
Unassigned,,*MB MSI AMD A520 M PRO,0,0,UNIT,779279.279279,0
Unassigned,,*Microphone Condenser Mtech CM100,0,0,UNIT,75675.675676,0
Unassigned,,*MODEM ORBIT STAR H2,0,0,PCS,472972.972973,0
Unassigned,,*RAM Apacer DDR4 TEX Gaming 16GB PC 3200,1,1,PCS,896396.396396,896396.396396
Unassigned,,*SODIMM KINGSTON DDR4 8GB pc3200,0,0,PCS,468468.468468,0
Unassigned,,*SSD ADATA 500GB LEGEND 860 PCIe Gen4x4 M.2 2280,0,0,PCS,666666.666667,0
Unassigned,,"*SSD APACER 240GB AS340 PANTHER SATA 2,5",5,1,PCS,351351.351352,1756756.7567600003
Unassigned,,*SSD APACER 512GB M.2 2280 NVME AS2280P4,0,1,PCS,689189.189189,0
Unassigned,,*SSD LEXAR 1TB NM790 M.2 2280 PCIe Gen4x4 NVMe,0,1,PCS,1575000,0
Unassigned,,*TINTA HP GT 53 BLACK,3,1,PCS,74774.774775,224324.324325
Unassigned,,*TOP CASE AXIOO HYPE 1,0,1,PCS,67567.567568,0
Unassigned,,*UPS APC BVX1200LI MS 230V,0,1,UNIT,1324324.324324,0
Unassigned,,1 SET CATRIDGE HP 933,0,1,SET,1465000,0
Unassigned,,A516JA - Ci3 1005G1 - 4GB - 256GB SSD W10,0,1,UNIT,7000000,0
Unassigned,,ABSENSI FACE ISOLUTION X606 - S,0,1,PCS,1550000,0
Unassigned,,AC LG 1PK TP,0,1,UNIT,3500000,0
Unassigned,,AC PANASONIC 1 PK,0,1,UNIT,3740000,0
Unassigned,,AC POLYTRON 1 PK,0,1,UNIT,3200000,0
Unassigned,,AC POLYTRON 1 PK DY,0,1,UNIT,6500000,0
Unassigned,,AC SHARP 1/2 PK + PASANG,0,1,UNIT,3100000,0
Unassigned,,AC SHARP 1PK,1,1,UNIT,3750000,3750000
Unassigned,,AC SHARP 2 PK + PASANG,0,1,UNIT,7050000,0
Unassigned,,AC SHARP AH-A09ZVY 1 PK TP,0,1,UNIT,5544150,0
Unassigned,,ACER 3 A311 C67G CEL N4020 4GB 500GB W10 (STONE BLUE),0,1,UNIT,3799000,0
Unassigned,,ACER 3 A311 CEL 4GB 500GB W10 (BLACK),0,1,UNIT,3875000,0
Unassigned,,ACER 3 A314 21 49WC AMD A4 9120E WIN10 HDD 1TB,0,1,UNIT,3620000,0
Unassigned,,ACER 3 A314 32 C4WL CEL N4120 4GB 1TB W10 (OXIDANT RED),0,1,UNIT,4580000,0
Unassigned,,ACER 3 A314 32 CEL N4120 4GB 1TB W10 (BLACK),0,1,UNIT,4720000,0
Unassigned,,ACER 3 A314 36M Ci3-N305 8GB 512GB SSD WIN 11,0,12,UNIT,6000000,0
Unassigned,,ACER 3 A314-32-C3WF CEL N4120 4GB 1TB WIN10 (BLUE),0,1,UNIT,4747045.454545,0
Unassigned,,"ACER 3 SLIM A314 - 35 INTEL N6000 4GB 256GB SSD 14""",0,1,UNIT,4930000,0
Unassigned,,"ACER 5 A514 - 54  - Ci3-1115G4 4GB 512GB SSD 14""",0,1,UNIT,6300000,0
Unassigned,,ACER 5 A514 - 54G Ci7-1165G7 8GB 512GB SSD VGA,0,1,UNIT,11625000,0
Unassigned,,"ACER 5 A514 - 55G i5-1235U 8GB 512GB SSD MX 550 2GB 14""",0,1,UNIT,9256000,0
Unassigned,,ACER 5 A514 -53-331L CI3-1005G1 4GB 512GB SSD WIN10,0,1,UNIT,7400000,0
Unassigned,,ACER 5 A514 52G 547A CI5 10210U 4GB 512GB SSD VGA (BLUE),0,1,UNIT,8900000,0
Unassigned,,ACER 5 A514 52G 59RA CI5-10210U 4GB HDD 1TB VGA X 250,0,1,UNIT,8240000,0
Unassigned,,ACER 5 A514 CI3-1115G4 8gb 512GB SSD MX 350 2GB WIN 11,0,1,UNIT,6509285.714286,0
Unassigned,,ACER 5 A514 CI7-1255U 8GB 512GB SSD WIN 11,0,1,UNIT,11810000,0
Unassigned,,ACER 5 A514-53-381H SLIM CI3-1005G1 4GB 1TB HDD W10,0,1,UNIT,6235625,0
Unassigned,,ACER 5 A514-54 Ci5-1135G7 8GB 512GB SSD VGA IRIS XE,0,1,UNIT,9670000,0
Unassigned,,ACER 5 A514-54G-50PL CI5-1135G7 8GB 512GB SSD MX 350 WIN10,0,1,UNIT,10600000,0
Unassigned,,ACER 5 SPIN 14 A5SP14 i5-1335U 16GB 512GB SSD INTEL IRIS XE WIN 11 AR,0,1,UNIT,11445000,0
Unassigned,,ACER A314 35 N5100 8GB SSD 256GB,0,0,UNIT,4800000,0
Unassigned,,ACER A314 36M Ci3-N305 8GB 256GB SSD WIN 11 #,0,1,UNIT,5700000,0
Unassigned,,ACER A314-32 CEL N4120 4GB SSD 256GB RED,0,1,UNIT,4720058.563858,0
Unassigned,,ACER A314-35-C2T9 N5100 4GB 256GB SSD #,0,15,UNIT,4511666.666667,0
Unassigned,,ACER A514 - 55 - 537X CI5 - 1235U 8GB 512GB SSD WIN 11,0,1,UNIT,9191000,0
Unassigned,,ACER A514 - 56P I5-1335U 8GB 512GB SSD WIN 11,0,1,UNIT,8365000,0
Unassigned,,ACER A514 52G 517N CI5 10210U 4GB 512GB SSD VGA (BLACK),0,1,UNIT,8625000,0
Unassigned,,ACER A514 53 34VP 1005G1 CI3/4GB/SSD 256GB P,0,2,PCS,6100000,0
Unassigned,,ACER A514 53G 52SR 1035G1 CI5/4GB/1TB P,0,1,UNIT,8100000,0
Unassigned,,ACER A514 I3-1005G1/4GB/512+32/W10,0,1,UNIT,7500000,0
Unassigned,,ACER A514-53-34ZY i3-1005G1 4GB DDR4 1TB ( PI ),0,1,UNIT,6050000,0
Unassigned,,"ACER A514-54 14"" Ci3-1115G4 4GB SSD 256GB",0,1,UNIT,5850000,0
Unassigned,,"ACER A515-56G Ci5-1135G7 8GB 512GB SSD NVIDIA MX 450 15,6""",0,1,UNIT,7500000,0
Unassigned,,ACER ASPIRE 14 A14 - 51M CORE 5 - 120U 16GB 512GB SSD WIN 11,0,1,UNIT,9320000,0
Unassigned,,ACER ASPIRE 14 A14-51M CORE 7 150U 16GB 512GB SSD WIN 11,0,1,UNIT,12290000,0
Unassigned,,ACER ASPIRE 14 AI A14-51GM Ci5-13420H 8GB 512GB SSD RTX 2050 4GB WIN 11 #,0,1,UNIT,9580000,0
Unassigned,,"ACER ASPIRE 3 A314 AMD ATHLON 3050 4GB SSD 256 14"" NW",0,1,UNIT,4500000,0
Unassigned,,"ACER ASPIRE 3 SLIM A314-22 ATHLON 3050U 4GB 512GB 14"" FHD WIN10 OHS",0,1,UNIT,6066666.666667,0
Unassigned,,ACER ASPIRE 5 14 A514 - 56 Ci7-1355U 16GB 512GB SSD IRIS XE GRAPHICS WIN 11,0,1,UNIT,12385000,0
Unassigned,,ACER ASPIRE 5 SLIM A514 56P Ci5-1335U 16GB 512GB SSD WIN 11 irisXe Graphics,0,1,UNIT,8815000,0
Unassigned,,ACER ASPIRE 5 SPIN 14 A5SP14 CI5 1335U 16GB 512GB SSD WIN 11 #,0,1,UNIT,11195000,0
Unassigned,,ACER ASPIRE 5 SPIN 14 A5SP14 Ci5-1335U 16GB 512GB SSD INTEL IRIS XE 80 EU WIN 11 TOUCH,0,1,UNIT,10895000,0
Unassigned,,ACER ASPIRE 5 SPIN 14 A5SP14 Ci7-1355U 16GB 512GB SSD WIN 11 #,0,1,UNIT,12970000,0
Unassigned,,ACER ASPIRE 7 PRO A715 - 59G - 56K7 INTREL CORE I5 - 12450H 8GB 512GB SSD RTX 3050 6GB WIN 11 TP,0,1,UNIT,9890000,0
Unassigned,,ACER ASPIRE 7 PRO A715-59G-77WV INTEL CORE i7-13620H 16GB 512GB SSD RTX 3050 6GB WIN 11,0,1,UNIT,12070000,0
Unassigned,,ACER ASPIRE AL A14 - 71M - 53XH INTEL CORE ULTRA 5 125 16GB 512GB WIN 11,0,1,UNIT,10790000,0
Unassigned,,ACER ASPIRE AL14-32P INTEL CORE 3 N355 8GB DDR5 512GB SSD WIN 11 TP,0,1,UNIT,5750000,0
Unassigned,,Acer Aspire Go 14 AG14 Core 5 120U 16GB(2x8) DDR4  512GB SSD W11,2,1,UNIT,9590000,19180000
Unassigned,,Acer Aspire Go 14 AG14 Core 5 120U 8GB DDR4  1TB SSD W11,0,1,UNIT,8640000,0
Unassigned,,ACER ASPIRE GO 14 AG14 INTEL CORE ULTRA 7 155H 16GB 512GB SSD W11 HOME GREY + BACKPACK,1,1,UNIT,11990000,11990000
Unassigned,,ACER ASPIRE GO 14 AG14-72P INTEL CORE 5 120U 8GB DDR4 512GB SSD WIN 11,0,1,PCS,8450000,0
Unassigned,,ACER ASPIRE GO SPIN 14 AGSP14 31PT CORE 3 N355 8GB 512GB SSD WIN 11,0,1,UNIT,8170000,0
Unassigned,,ACER ASPIRE LITE 14 AL1 - 14M INTEL Ci3-1215U 8GB 256GB SSD WIN 11 @,0,1,UNIT,5318913.043478,0
Unassigned,,ACER ASPIRE LITE 14 AL14-71M-71E2 Core i7-12650H 16GB 1TB SSD WIN 11,1,1,UNIT,11040000,11040000
Unassigned,,ACER ASPIRE LITE AL1 14 Ci3 1215 8GB 512GB WIN 11 RS #,0,10,UNIT,5990000,0
Unassigned,,ACER ASPIRE LITE AL1 14 Ci3 1215 8GB 512GB WIN 11 RS TP,0,1,UNIT,5895000,0
Unassigned,,ACER ASPIRE LITE AL14 51M Ci5 1235U 8GB 512GB SSD WIN 11 #,0,1,UNIT,8025000,0
Unassigned,,ACER ASPIRE LITE AL14 52M Ci5 1334U 16GB 512GB SSD WIN 11 #,0,1,UNIT,8168383.333334,0
Unassigned,,Acer Aspire Lite AL14 Core i5 13500H 16GB 512GB SSD W11,0,0,UNIT,9550000,0
Unassigned,,ACER ASPIRE LITE AL14 CORE I5 13500H 8GB 512GB SSD WIN 11,0,1,UNIT,8750000,0
Unassigned,,ACER ASPIRE LITE AL14 i5 12450H 16GB 512GB SSD WIN 11 @,0,1,UNIT,7880000,0
Unassigned,,ACER ASPIRE LITE AL14 N150 8GB 256GB SSD WIN 11,15,1,UNIT,5140411.051597,77106165.773955
Unassigned,,ACER ASPIRE LITE AL14 N150 8GB 512GB SSD WIN 11,0,1,UNIT,5434066.263521,0
Unassigned,,ACER ASPIRE LITE AL14 N4500 8GB 256GB SSD WIN 11,2,1,UNIT,6063919.753086,12127839.506172
Unassigned,,ACER ASPIRE LITE AL14 N4500 8GB 512GB SSD WIN 11,1,1,UNIT,6333104.166667,6333104.166667
Unassigned,,ACER ASPIRE LITE AL14 N4500 8GB 512GB SSD WIN 11 TP,4,1,UNIT,6300000,25200000
Unassigned,,ACER ASPIRE LITE AL14-31P INTEL N100 8GB 256GB SSD WIN 11 #,0,30,UNIT,4431811.850009,0
Unassigned,,ACER ASPIRE LITE AL14-31P INTEL N100 8GB 512 TP,0,5,UNIT,4661008.230453,0
Unassigned,,ACER ASPIRE LITE AL14-31P SILVER INTEL N100 8GB 512GB WIN 11 #,0,45,UNIT,4775000,0
Unassigned,,ACER ASPIRE LITE AL14-32P INTEL CORE 3 N355 8GB DDR5 256GB SSD WIN 11,20,1,UNIT,6032028.144558,120640562.89116001
Unassigned,,ACER ASPIRE LITE AL14-32P INTEL CORE 3 N355 8GB DDR5 512GB SSD WIN 11,65,1,UNIT,6297405.912098,409331384.28637
Unassigned,,ACER ASPIRE LITE AL14-32P INTEL N150 8GB DDR5 256GB SSD WIN 11 TP,0,1,UNIT,4628333.333333,0
Unassigned,,ACER ASPIRE LITE AL14-32P INTEL N150 8GB DDR5 512GB SSD WIN 11 TP,0,1,UNIT,4850000,0
Unassigned,,ACER ASPIRE LITE AL14-32P-3S16 INTEL CORE 3 N355 16GB DDR5 512GB SSD WIN 11,0,1,UNIT,6842500,0
Unassigned,,ACER ASPIRE LITE AL14-42P AMD RYZEN 3 5300U 8GB DDR4 512GB SSD WIN 11 @,0,1,UNIT,5840000,0
Unassigned,,ACER ASPIRE LITE AL14-51M Ci3-1215U 8GB 256GB SSD WIN 11 TP,0,0,PCS,5447000,0
Unassigned,,ACER ASPIRE LITE AL14-51M Ci5-1235U 16GB 512GB SSD WIN 11,0,1,UNIT,8550000,0
Unassigned,,ACER ASPIRE SPIN 14 ASP14-51MTN-59EF INTEL CORE 5 120U 16GB 512GB SSD WIN 11,0,1,UNIT,11240000,0
Unassigned,,ACER ASPIRE SPIN 14 ASP14-51MTN-59EF INTEL CORE 5 120U 16GB 512GB SSD WIN 11 TOUCH TP,0,1,UNIT,11240000,0
Unassigned,,ACER Aspire Vero AV14-52P-53ED Ci5-1335U 16GB 512GB SSD Iris Xe Graphics W11 Home + OHS 2021,0,1,UNIT,9615000,0
Unassigned,,ACER AV14 52P i5-1335U 16GB 512GB SSD IRIS 14FHD WIN 11 RA,0,1,UNIT,9300000,0
Unassigned,,ACER EX215-51G-550A CORE I5-10210U 8GB SSD 512GB VGA MX 230 2GB WIN 10,0,1,UNIT,7850000,0
Unassigned,,ACER EXTENSA 15 EX215-31 INTEL N4020 4GB SSD 256GB WIN 10,0,1,UNIT,4443478.26087,0
Unassigned,,ACER GO ASPIRE 14 AG14 Ci3 N305 8GB 256GB SSD WIN 11 @,0,1,UNIT,4900000,0
Unassigned,,ACER GO ASPIRE AG14-21P AMD RYZEN 3 7320U 8GB 512GB SSD WIN 11 @,0,1,UNIT,5800000,0
Unassigned,,ACER GO ASPIRE AG14-21P AMD RYZEN 3 7320U 8GB 512GB SSD WIN 11 TP,0,0,PCS,5700000,0
Unassigned,,ACER GO ASPIRE AG14-31P Ci3-N305 8GB 512GB SSD WIN 11 #,0,1,UNIT,5400000,0
Unassigned,,ACER LITE AL14 52M Ci5 1334U 8GB 512GB WIN 11 @,0,1,UNIT,7768125,0
Unassigned,,ACER MATE 14 AM1 INTEL CORE i5 - 1235U 16GB DDR4 512GB SSD WIN 11 + OHS,0,1,UNIT,7540000,0
Unassigned,,Acer Mate 14 AM1 intel Core i5 1235U 8GB 512GB SSD W11,0,1,UNIT,7190000,0
Unassigned,,ACER NITRO 5 AN515 INTEL i9 12900H  16GB 512GB SSD RTX3060 6GB,0,1,UNIT,18400000,0
Unassigned,,ACER NITRO 5 AN515-57 Ci9-11900H 16GB 512GB SSD RTX3060 6GB WIN 11 #,0,1,UNIT,14999000,0
Unassigned,,ACER NITRO 5 AN515-57-52BQ CI5-11400H 8GB SSD 512GB RTX 3050 NW,0,1,UNIT,12385000,0
Unassigned,,ACER NITRO ANV15 - 41 - R9SX RYZEN 5 - 6600H 8GB 512GB SSD RTX 2050 4GB WIN 11,0,1,UNIT,9300000,0
Unassigned,,ACER Nitro Lite NL16 Intel Core 7 240H 16GB(2x8) DDR5 512GB SSD RTX 3050 6GB W11 TP,2,1,UNIT,12750000,25500000
Unassigned,,ACER NITRO LITE NL16-71G-74MV INTEL CORE i7-13620H 16GB DDR5 512GB SSD RTX 2050 4GB WIN 11,0,1,UNIT,12445000,0
Unassigned,,ACER NITRO V 15 ANV15-51 - 77DG INTEL CORE I7 - 13620H 2X8GB DDR5 512GB SSD RTX 2050 4GB GDDR6 WIN 11,0,1,UNIT,12950000,0
Unassigned,,ACER NITRO V 15 ANV15-51 Ci7-13620H 2X8GB 512GB SSD RTX 4050 6GB WIN 11 #,0,1,UNIT,16394000,0
Unassigned,,ACER NITRO V 16 ANV16 - 71 - 79NR Ci7 - 14650HX 2X8GB 512GB SSD RTX 4050 6GB WIN 11,0,1,UNIT,16725000,0
Unassigned,,ACER NITRO V I5-13420H 8GB 512GB SSD RTX 2050 4GB WIN 11 #,0,1,UNIT,9241476.337449,0
Unassigned,,ACER PREDATOR HELIOS NEO 16 CORE i9 14900HX 16GB(2x8) 1TB SSD RTX4060 8GB TP,0,1,UNIT,24190000,0
Unassigned,,ACER PREDATOR NITRO V ANV15 RYZEN 7 7445HS 16GB 512GB RTX4050 6GB WIN 11,0,1,UNIT,14000000,0
Unassigned,,ACER SF314 - 511 - 501B I5 1135G7 16GB SSD 512GB WIN 11 ( PI ),0,1,UNIT,8250000,0
Unassigned,,"ACER SF314 551 i5 1135G7 8GB 512GB SSD 14""",0,0,UNIT,7700000,0
Unassigned,,ACER SPIN 14ASP14 - 51MTN CORE 7 150U 16GB 512GB SSD WIN 11 TOUCH #,0,1,UNIT,13290000,0
Unassigned,,ACER SPIN 3 ACTIVE SP313-51N-58RG I5 1135G7 8 GB SSD 512GB,0,1,UNIT,13100000,0
Unassigned,,ACER SPIN 3 SP314 2in1 TOUCH I3 1005G1 8GB 512GB SSD W10,0,1,UNIT,9300000,0
Unassigned,,ACER SPIN 3 SP314 I5 1035G4 IRIS XE 8GB 512GB SSD,0,1,UNIT,11815000,0
Unassigned,,ACER SWIFT 3 SF314 -511 CI5-1135G7 16GB 512GB SSD,0,1,UNIT,12004000,0
Unassigned,,ACER SWIFT 3 SF314 57G 54J4 I5 1035G1/4GB/SSD 512GB,0,1,UNIT,8808333.333333,0
Unassigned,,"ACER SWIFT 3 SF314-511 CI7-1165G7 16GB SSD 512GB 14""",0,1,UNIT,13250000,0
Unassigned,,ACER SWIFT 3 SF314-56G-78FB CI7 VGA WIN 10 SILVER,0,1,UNIT,11450000,0
Unassigned,,ACER SWIFT GO 14 AI SFG14 - 72 ULTRA 7 115H 16GB 1TB SSD WIN 11,0,1,UNIT,13940000,0
Unassigned,,ACER SWIFT GO 14 SFG14 41 AMD RYZEN 5 7530U 16GB 512GB SSD WIN 11 #,0,1,UNIT,8670000,0
Unassigned,,ACER SWIFT GO 14 SFG14-71 INTEL I7-13700H 16GB 1TB SSD INTEL IRIS XE GRAPHICS 96 EU WIN 11,0,1,UNIT,14770000,0
Unassigned,,ACER SWIFT GO OLED 14 SFG14 71 Ci5 - 13500H 16GB 512GB SSD WIN 11 #,0,1,UNIT,12090000,0
Unassigned,,ACER V15-51 CI5 1155G7 16GB 512GB SSD WIN 11 PI,0,1,UNIT,8550000,0
Unassigned,,ACER Z3-451 AMD A8 4GB 500GB DVD,0,5,UNIT,4970000,0
Unassigned,,ADAPTER MEMORY,179,5,PCS,2292.317405,410324.815495
Unassigned,,ADAPTOR / PSU EPSON L3110,4,1,PCS,141000,564000
Unassigned,,ADAPTOR 12V SANURPRO,0,10,PCS,31000,0
Unassigned,,ADAPTOR 5V 2A 3.5mm (LUBANG KECIL),7,0,PCS,40000,280000
Unassigned,,ADAPTOR 5V LUBANG BESAR #,18,1,PCS,19070.415518,343267.479324
Unassigned,,ADAPTOR 9V,0,1,PCS,32000,0
Unassigned,,ADAPTOR 9V 2A LUBANG BESAR,6,0,PCS,28900,173400
Unassigned,,ADAPTOR 9V 2A LUBANG KECIL,5,1,PCS,37357.152778,186785.76389
Unassigned,,ADAPTOR ACER 12 - 3A 3.5 X 1.35 N100,16,1,PCS,180000,2880000
Unassigned,,ADAPTOR ACER 12V 2A (1410),35,20,PCS,74310.223976,2600857.83916
Unassigned,,ADAPTOR ACER 19V 2.15A L,15,3,PCS,82500,1237500
Unassigned,,ADAPTOR ACER 19V 2.1A (TO),36,20,PCS,64712.537095,2329651.33542
Unassigned,,"ADAPTOR ACER 19V 2.37A 5,5*1,7 LG",32,1,PCS,70187.5,2246000
Unassigned,,ADAPTOR ACER 19V 3.0*1.1 SWIFT,156,25,PCS,84309.787389,13152326.832684001
Unassigned,,ADAPTOR ACER 19V 4.74A 5.5 X 1.7 mm,1,0,UNIT,100000,100000
Unassigned,,ADAPTOR ACER 19V 7.1A 5.5 X 1.7 GM,2,1,PCS,255000,510000
Unassigned,,ADAPTOR ACER AL14 12V 3A 3.5 X 1.35 CL,0,1,PCS,170000,0
Unassigned,,ADAPTOR ACER N355,1,1,PCS,230000,230000
Unassigned,,"ADAPTOR ACER NITRO 19,5 9.23A 5.5 X 1.7",0,1,PCS,320000,0
Unassigned,,ADAPTOR ACER OR 19V 3.42A (KUNING),281,70,PCS,59161.02098,16624246.89538
Unassigned,,ADAPTOR ACER TYPE C,7,0,PCS,120000,840000
Unassigned,,ADAPTOR ACER Z476,38,20,PCS,70166.592792,2666330.526096
Unassigned,,ADAPTOR ASUS 1.75A (ASUS X200),12,5,PCS,80052.673462,960632.0815440001
Unassigned,,ADAPTOR ASUS 1.75A (USB),5,5,PCS,80046.583851,400232.919255
Unassigned,,ADAPTOR ASUS 19.5V 7.7A 5.5 X 2.5,1,1,PCS,260000,260000
Unassigned,,ADAPTOR ASUS 19.5V 9.23A 5.5 X 2.5,1,1,PCS,285000,285000
Unassigned,,ADAPTOR ASUS 19V 2.1A (JARUM KECIL N),5,2,PCS,67000,335000
Unassigned,,ADAPTOR ASUS 19V 2.37A (X441),153,70,PCS,71824.387587,10989131.300811
Unassigned,,ADAPTOR ASUS 19V 2.37A CL 4.5X30 VIVO,13,1,PCS,85000,1105000
Unassigned,,ADAPTOR ASUS 19V 3.42A (KT),25,40,PCS,82752.904419,2068822.610475
Unassigned,,"ADAPTOR ASUS 19V 3.42A CL VIVO 4,5 X 3.0",5,1,PCS,86875,434375
Unassigned,,ADAPTOR ASUS 19V 4.745A 4.5 X 3.0 AIO VIVO,16,1,PCS,133273.809524,2132380.952384
Unassigned,,ADAPTOR ASUS 19V 4.74A 5.5X25 AIO,3,1,PCS,90000,270000
Unassigned,,ADAPTOR ASUS 19V 6.32A 4.5 X 30 AIO VIVOBOOK,2,1,UNIT,265000,530000
Unassigned,,ADAPTOR ASUS 19V 6.32A 4.5X3.0 BR,1,1,PCS,245000,245000
Unassigned,,ADAPTOR ASUS 19V 6.32A 5.5 X 2.5,2,1,PCS,275000,550000
Unassigned,,ADAPTOR ASUS 20V 3.25A USB-C,0,1,PCS,170000,0
Unassigned,,ADAPTOR ASUS 20V 325A CL TYPE C,15,1,PCS,122077.922078,1831168.8311700001
Unassigned,,ADAPTOR ASUS 20V 7.5A 6.0 X 3.7,2,1,PCS,260000,520000
Unassigned,,ADAPTOR ASUS 3.42A (A407),38,30,PCS,81720.474757,3105378.0407660003
Unassigned,,ADAPTOR ASUS GAMING 20V 9A 6.0 X 3.7,0,1,PCS,310000,0
Unassigned,,ADAPTOR ASUS KW,42,3,PCS,75000,3150000
Unassigned,,ADAPTOR ASUS ROG 20V 10A 6.0 X 3.7,1,1,PCS,310000,310000
Unassigned,,ADAPTOR ASUS TUF 20V 7.5A,1,1,PCS,265000,265000
Unassigned,,ADAPTOR ASUS TUF 20V 9A 6.0 X 3.7,0,1,PCS,310000,0
Unassigned,,ADAPTOR CCTV LG / SAMSUNG / DF12V #,27,20,PCS,39454.545455,1065272.727285
Unassigned,,ADAPTOR CCTV SAMSUNG 12V 5 A,2,1,PCS,71680.555556,143361.111112
Unassigned,,ADAPTOR DATAFAST 12V 5 A,45,1,PCS,45000,2025000
Unassigned,,"ADAPTOR DELL 19,5 3.34A 4.5 X 3.0",1,1,PCS,100000,100000
Unassigned,,"ADAPTOR DELL 19,5 3.34A 7.4X5.0 BS",0,1,PCS,90000,0
Unassigned,,"ADAPTOR DELL 19,5V 2.31A",0,1,PCS,95000,0
Unassigned,,"ADAPTOR DELL 19,5V 3.34A 4.5*3.0 K",0,1,PCS,95000,0
Unassigned,,"ADAPTOR DELL 19,5V 3.34A 7.4*5.0 B",1,1,PCS,165000,165000
Unassigned,,"ADAPTOR HP 19,5 - 6.15A 7.4X5.0 120W",0,1,PCS,230000,0
Unassigned,,"ADAPTOR HP 19,5V 615A 7.4X5.0 PS",0,1,UNIT,310000,0
Unassigned,,ADAPTOR HP 19V 3.5A (BUNDAR JARUM),15,15,PCS,66513.637591,997704.5638650001
Unassigned,,ADAPTOR HP BIRU 19.5V 3.33A,27,20,PCS,70000,1890000
Unassigned,,"ADAPTOR HP BUNDAR JARUM 19,5V 3.33A  7.4 X 5.0",0,1,PCS,85000,0
Unassigned,,ADAPTOR HP MINI,0,1,PCS,80000,0
Unassigned,,"ADAPTOR LENOVO 19,5V - 6.15A USB KM",0,1,PCS,210000,0
Unassigned,,"ADAPTOR LENOVO 19,5V 6.32A USB",2,1,PCS,230000,460000
Unassigned,,ADAPTOR LENOVO 20V 3.25A (S),53,20,PCS,75014.780654,3975783.374662
Unassigned,,ADAPTOR LENOVO 20V 4.5 USB,6,1,PCS,90000,540000
Unassigned,,ADAPTOR LENOVO 20V 4.5A 7.9*6.6 (BULAT BESAR KUNING) JB,13,1,PCS,75000,975000
Unassigned,,ADAPTOR LENOVO 20V 6A USB,0,1,PCS,250000,0
Unassigned,,ADAPTOR LENOVO TYPE C 20V 3.25A,20,1,PCS,111818.181818,2236363.63636
Unassigned,,ADAPTOR LENOVO USB 20V - 3.25A #,38,10,PCS,70384.436356,2674608.581528
Unassigned,,ADAPTOR MONITOR LG,9,6,PCS,116151.934093,1045367.406837
Unassigned,,ADAPTOR MONITOR SAMSUNG,5,1,PCS,153400,767000
Unassigned,,ADAPTOR NVR,0,1,PCS,110000,0
Unassigned,,ADAPTOR PRINTER BLUE PRINT LITE 80L,0,1,PCS,130000,0
Unassigned,,ADAPTOR PRINTER CANON G SERIES,1,1,PCS,285000,285000
Unassigned,,ADAPTOR PRINTER EPSON L360 / L120,10,1,PCS,61481.777778,614817.77778
Unassigned,,"ADAPTOR SAMSUNG 12V 2,5A",14,1,PCS,36000,504000
Unassigned,,ADAPTOR SAMSUNG 19V,0,1,PCS,75000,0
Unassigned,,ADAPTOR SONY,1,1,PCS,100000,100000
Unassigned,,ADAPTOR SWICTH LAN TPLINK 5V 0.6A,2,1,PCS,30000,60000
Unassigned,,ADAPTOR TOSHIBA (ORI),33,50,PCS,55318.19938,1825500.5795399998
Unassigned,,ADAPTOR TOSHIBA / ASUS  (K),0,10,PCS,60000,0
Unassigned,,ADAPTOR UNIVERSAL,37,20,PCS,55401.251908,2049846.320596
Unassigned,,ADF UNIT L5290,0,1,PCS,1250000,0
Unassigned,,ADVAN SOULMATE X1 L25D - DALI1 AMD ATHLON 3020E 4GB DDR4 128GB WIN 11,0,1,UNIT,3590000,0
Unassigned,,ADVAN SOULMATE X1 L25D - DALI1 AMD ATHLON 3020E 4GB DDR4 128GB WIN 11 TP,1,1,UNIT,3590000,3590000
Unassigned,,ADVAN WORKMATE L25C R531S AMD RYZEN 5 3500U 8GB 256GB WIN 11,0,1,UNIT,5720000,0
Unassigned,,ADVAN WORKPLUS H1 - I5AD2 INTEL CORE i5-12600H 24GB 512GB SSD INTEL IRIS XE GRAPHICS WIN 11,0,1,UNIT,7130000,0
Unassigned,,ADVANCE WORK PLUS WINDOWS RYZEN 5 6600H 16GB 512GB SSD #,0,1,UNIT,6390000,0
Unassigned,,AIO ACER ACX24 INTEL CORE i3 -  1215U 8GB 512GB SSD WIN 11,0,1,UNIT,8490000,0
Unassigned,,AIO Acer Aspire C22-1800 i3 1305U 8GB 512GB 21.5 FHD W11 @,0,0,UNIT,6990000,0
Unassigned,,AIO ACER C20 830 INTEL CEL J4005 NO DVD WIN10,0,1,UNIT,4763125,0
Unassigned,,AIO ACER C22 1700 Ci3-1215U 8GB 512GB SSD WIN 11,0,1,UNIT,7090000,0
Unassigned,,AIO ACER C22 1700 Ci5 - 1235U 8GB 512GB SSD INTEL IRIS XE W11,0,1,UNIT,9175000,0
Unassigned,,AIO ACER C22 1800 Intel Core i5 13420H 8GB 512GB SSD W11,0,1,UNIT,9850000,0
Unassigned,,AIO ACER C22 960 CORE I3 1005G1 4GB 1TB W10,0,1,UNIT,6740000,0
Unassigned,,AIO ACER C22-1650 Ci3-1115G4 4GB 1TB WIN10,0,1,UNIT,7316000,0
Unassigned,,AIO ACER C22-1800 Intel Core i3-1305U 8GB 512GB TP,0,0,PCS,6735000,0
Unassigned,,AIO ACER C24 - 1650 CI3 1115G4 4GB 512GB SSD,0,1,UNIT,7390000,0
Unassigned,,AIO ACER C24 1751 CI7 - 1260P 8GB 512GB SSD MX 550 2GB WIN 11 #,0,1,UNIT,12895000,0
Unassigned,,AIO ACER C24 960 INTEL CORE I3 1011U W10,0,1,UNIT,6640000,0
Unassigned,,AIO ACER C24 Ci7-1260P 8GB 512GB SSD MX 550 2GB WIN 11 TOUCH SCREEN #,0,1,UNIT,16245000,0
Unassigned,,AIO ACER C24-1650 Ci5-1135G7 8GB 1TB HDD WIN10,0,1,UNIT,10200000,0
Unassigned,,AIO ACER C24-1800 Ci3-1306U 8GB 512GB SSD WIN 11,0,1,UNIT,7945000,0
Unassigned,,AIO ADVAN FORCE ONE MAX A25B - I5AD2 INTEL CORE I5 1235U 16GB DDR4 512GB INTEL IRIS XE GRAPHICS WIN 11,0,1,UNIT,9090000,0
Unassigned,,AIO ADVAN PC A-8S5-AA58S05B INTEL CORE I5-1235U 8GB 512GB SSD WIN 11,0,1,UNIT,8190000,0
Unassigned,,AIO ASUS A3202 Ci3-1215U 8GB 256GB SSD WIN 11 #,0,1,UNIT,6670000,0
Unassigned,,AIO ASUS A3202 Ci3-1215U 8GB 256GB SSD WIN 11 DY,0,1,UNIT,6700000,0
Unassigned,,AIO ASUS A3202 CI5 1235U 8GB 512GB SSD 21.5 WIN 11 #,0,1,UNIT,9150000,0
Unassigned,,AIO ASUS A3202WBAK Ci3-1215U 8GB 512GB SSD WIN 11 #,0,1,UNIT,6800000,0
Unassigned,,"AIO ASUS A3202WBAK CI3-1215U 8GB 512GB SSD WIN 11 21,5 INCS",0,1,UNIT,6835000,0
Unassigned,,"AIO ASUS A3202WBAK INTEL 7305 8GB 256GB SSD 21,5"" WIN 11 #",0,1,UNIT,5790000,0
Unassigned,,AIO ASUS A3202WBAK INTEL 7305 8GB 256GB SSD WIN 11 TP,0,1,UNIT,4995000,0
Unassigned,,"AIO ASUS A3202WBAK INTEL 7305 8GB 512GB SSD 21,5"" WIN 11 #",2,1,UNIT,5990000,11980000
Unassigned,,AIO ASUS A320WBAK CI5-1235U 8GB 512GB SSD WIN 11 #,0,1,UNIT,10100000,0
Unassigned,,AIO ASUS A3402 Ci5-1235U 2X8GB 512GB SSD WIN 11 #,0,1,UNIT,9770900,0
Unassigned,,"AIO ASUS E3202WVAK i3 - 1315U 16GB 512GB 21,5 WIN 11",0,1,UNIT,8600000,0
Unassigned,,AIO ASUS E3402WVAK CORE I7 1335U 8GB 512GB 24 INCH W11,0,0,UNIT,12900000,0
Unassigned,,"AIO ASUS E3402WVAK i5-1335U 512GB SSD 23,8",0,1,UNIT,9750000,0
Unassigned,,"AIO ASUS E402WBAK CORE I7 1255U 8GB 512GB SSD 23,8"" #",0,1,UNIT,12600000,0
Unassigned,,"AIO ASUS ETAA3402WVAK Ci3 - 1315U 8GB 512GB SSD 23,8"" WIN 11 #",0,1,UNIT,7710000,0
Unassigned,,AIO ASUS EXPERT CENTER P400 CORE 3 100U 8GB 512GB SSD WIN 11,1,1,UNIT,8490000,8490000
Unassigned,,AIO ASUS EXPERT CENTER P400 P440VAK INTEL CORE i7 - 13620H 8GB DDR5 512GB SSD WIN 11,0,1,UNIT,12870000,0
Unassigned,,AIO ASUS EXPERT CENTER P400 P440VAK INTEL CORE i7 - 13620H 8GB DDR5 512GB SSD WIN 11 TP,0,1,UNIT,12870000,0
Unassigned,,AIO ASUS EXPERT CENTRE P400 P440VAK INTEL CORE i3 - 1315U 8GB DDR5 256GB SSD WIN 11,0,1,UNIT,7240000,0
Unassigned,,AIO ASUS EXPERT CENTRE P400 P440VAK INTEL CORE i3-1315U 8GB DDR5 512GB SSD WIN 11  #,0,1,UNIT,8100000,0
Unassigned,,AIO ASUS ExpertCenter P400 P440VAK-B3850WS-90PT03X5-M01390 Intel Core i3-1315U 8GB 512SSD W11 Home + OHS 2024 + Microsoft 365 Black,0,1,UNIT,7410000,0
Unassigned,,AIO ASUS ExpertCenter P440VAK B5151WS intel Core i5 13420H 16GB 512GB W11,0,1,UNIT,10400000,0
Unassigned,,AIO ASUS M241 DAK AMD RYZEN,0,1,UNIT,6665000,0
Unassigned,,"AIO ASUS P440VAK  I5 13420H 8GB 512GB SSD 23,8"" FHD WIN 11",0,1,UNIT,9725000,0
Unassigned,,"AIO ASUS P440VAT-I7U7W5W-HM i7 13650H WIN 11 23.8"" FHD",0,1,UNIT,16675000,0
Unassigned,,AIO ASUS V222FAK BA341T CI3 4GB 1TB WIN10 (BLACK),0,1,UNIT,6410000,0
Unassigned,,AIO ASUS V222FAK CI3-10110U 4GB 256GB SSD US,0,1,UNIT,6675000,0
Unassigned,,AIO ASUS V222FAK-BA3411W Ci3-10110U 4GB 1TB HDD + 128GB SSD,0,1,UNIT,7365000,0
Unassigned,,AIO ASUS V222FAK-BA341T CI3 -10110U 4GB 1TB W10 BLACK,0,1,UNIT,6570000,0
Unassigned,,AIO ASUS V222FAK-WA341T CI3 - 10110U 4GB 1TB W10 WHITE,0,1,UNIT,6440000,0
Unassigned,,AIO ASUS V222FBK BA541T CI5 10210U 4GB 1TB VGA MX 110,0,1,UNIT,8800000,0
Unassigned,,AIO ASUS V222FBK WA541T CI5 10210U 4GB 1TB VGA MX 110,0,1,UNIT,8800000,0
Unassigned,,AIO ASUS V22FAK CI5-10210U 4GB 256GB SSD WIN 11 DK,0,1,UNIT,8885000,0
Unassigned,,AIO ASUS V241FAK-WA541T-90PT0291 CI5-8265U,0,3,UNIT,8640000,0
Unassigned,,AIO ASUS V241FAT-WA341T-90PT0291-M07510 Ci3-8145U,0,1,UNIT,8100000,0
Unassigned,,AIO ASUS V241FFK WA541T 90PT02A1 CI 5 8265U,0,1,UNIT,9005000,0
Unassigned,,AIO ASUS V241FTT-BA7811TS Ci7-8565U 8GB 1TB HDD + 128GB SSD WIN10,0,1,UNIT,15315000,0
Unassigned,,AIO ASUS V400 V440VAK Intel Core i3 1315H 8GB DDR5 512GB SSD W11,0,1,UNIT,7145000,0
Unassigned,,AIO DELL INSPIRON 5400 Ci5-1135G7 8GB 256GB SSD + 1TB,0,1,UNIT,11110000,0
Unassigned,,"AIO HP 200 PRO G4 CI3 10110U 4GB 1TB 21,5 INCS",0,1,UNIT,6345000,0
Unassigned,,AIO HP 205 G3 AMD A4 - 9125 / 500GB / DDR4 4GB / DVD / WIN10,0,1,UNIT,4450000,0
Unassigned,,AIO HP 22 - df0145d - 1V7D8AA INTEL J4025 4GB 1TB HDD W10,0,1,UNIT,5365000,0
Unassigned,,AIO HP 22 DD2010D CI3-1215U 4GB 512GB SSD WIN 11,0,1,UNIT,7890000,0
Unassigned,,AIO HP 22 DF0144D 1V7D7A CEL J4025 4GB 1TB HDD W10 NW,0,1,UNIT,5600000,0
Unassigned,,AIO HP 22 INTEL J4025 4GB 256GB SSD DVD RW WIN 11 #,0,1,UNIT,5550000,0
Unassigned,,AIO HP 22 N100 8GB 512GB SSD WIN 11,0,1,UNIT,6095000,0
Unassigned,,AIO HP 24 Ci5-1135G7 8GB 512GB SSD INTEL IRIS XE DVDRW WIN 11 #,0,1,UNIT,9445000,0
Unassigned,,AIO HP 24 CI5-1235U 8GB 512GB SSD WIN 11 ID,0,1,UNIT,10940000,0
Unassigned,,AIO HP 24 CR1125D ULTRA 5 125U 16GB 512GB SSD WIN 11 TOUCH,0,1,UNIT,13980000,0
Unassigned,,AIO HP ENVY MOVE 24-CS003D INTEL CORE i5 - 1335U 16GB 1TB SSD WIN 11 TOUCH,0,1,UNIT,14790000,0
Unassigned,,AIO HP PRO 205 G4-1M9P7PA AMD ATHLON SILVER 3050U 4GB 1TB,0,1,UNIT,5970000,0
Unassigned,,"AIO HP PRO ONE 240 G10 CORE I3 - N300 8GB 512GB SSD 23.8"" WIN 11",2,1,UNIT,7800000,15600000
Unassigned,,AIO LENOVO 330 201GM CEL J4025 4GB 500GB HDD W10 WHITE,0,1,UNIT,4049624.06015,0
Unassigned,,AIO LENOVO A100 INTEL N100 8GB 512GB SSD 24 INCS WIN 11,1,1,UNIT,6516666.666667,6516666.666667
Unassigned,,"AIO LENOVO A100 INTEL N100 8GB DDR4 512GB SSD 24"" TP",0,1,UNIT,4490000,0
Unassigned,,AIO LENOVO A100-F0J6005EID Intel Core i3-N305 8GB DDR4 512GB SSD Cloud Grey,0,1,UNIT,5940000,0
Unassigned,,AIO LENOVO A340-22IWL-F0EB00DCID Ci3-10110U,0,1,UNIT,6415000,0
Unassigned,,"AIO LENOVO I3-10110U 4GB 1TB 21,5""",0,1,UNIT,6415000,0
Unassigned,,AIO LENOVO IDEACENTRE 24IRH9 Ci5 13420H 8GB DDR5 512GB SSD WIN 11,0,1,UNIT,9800000,0
Unassigned,,AIO LENOVO IDEACENTRE 3  24 INCS Ci3-1215U 8GB 512GB SSD #,0,1,UNIT,6490000,0
Unassigned,,AIO LENOVO IDEACENTRE 3 22IAP7 CI3-1215U 8GB 256GB SSD #,0,1,UNIT,6800000,0
Unassigned,,AIO LENOVO IDEACENTRE 3 22IAP7 Ci5-12450H 8GB 512GB SSD,0,1,UNIT,8580000,0
Unassigned,,AIO LENOVO IDEACENTRE 3 22IAP7 CORE I5 - 12450H 8GB 512GB SSD,0,1,UNIT,8380000,0
Unassigned,,AIO LENOVO IDEACENTRE 3 24IMB05 CI5-10400T 2X 4GB 512GB SSD,0,1,UNIT,10395000,0
Unassigned,,AIO LENOVO IDEACENTRE 3 AMD 3020 4GB 1TB DVD RW,0,1,UNIT,5480000,0
Unassigned,,AIO LENOVO IDEACENTRE 3 AMD 3020E 8GB 256GB SSD WIN 11,0,1,UNIT,5490000,0
Unassigned,,AIO LENOVO IDEACENTRE 3 AMD ATHLON SILVER 3050U 2X4GB 512GB SSD WIN 11,0,1,UNIT,6020000,0
Unassigned,,AIO LENOVO IDEACENTRE 3 CI3-1115G4 4GB 256GB SSD WIN11,0,1,UNIT,7330000,0
Unassigned,,AIO LENOVO IDEACENTRE 3 CI3-1115G4 4GB 512GB SSD DVDRW,0,1,UNIT,7325000,0
Unassigned,,AIO LENOVO IDEACENTRE 3 CI5 - 12450H 8GB 512GB SSD INTEL IRIS XE,0,1,UNIT,9535000,0
Unassigned,,AIO LENOVO IDEACENTRE 3 Ci5 - 1245H 8GB + 4GB 512GB SSD,0,1,UNIT,9425000,0
Unassigned,,AIO LENOVO IDEACENTRE 3 Ci7-13620H 8GB 512GB SSD DVD RW WIN 11,0,1,UNIT,13695000,0
Unassigned,,AIO LENOVO IDEAPAD CENTRE 3 22ADA05-F0EX0055ID AMD RYZEN 3 3250 8GB 1TB HDD W10 HOME,0,1,UNIT,7574000,0
Unassigned,,AIO LENOVO IDEAPAD CENTRE 3 CI5-1135G7 4GB 512GB SSD INTEL IRIS XE WHITE EN,0,1,UNIT,9698000,0
Unassigned,,AIO LENOVO THINCENTRE NEO 50A 24 GEN 5 12SCA04KID INTEL CORE i7 - 13620H 16GB 1TB WIN 11,0,1,UNIT,13600000,0
Unassigned,,AIO LENOVO THINK CENTRE NEO 30A 24-12CEA03NID Ci7-1260P 8GB 512GB SSD DVD RW WIN 11 DY,0,1,UNIT,11895000,0
Unassigned,,AIO LENOVO ThinkCentre neo Gen 5 Core i7 13620H 16GB 1TB SSD W11,0,1,UNIT,13600000,0
Unassigned,,"AIO LENOVO V130-201GM J4025 1TB 4GB DVDRW 19.5""",0,1,UNIT,4118452.380953,0
Unassigned,,"AIO LENOVO V30A-0AID Ci3 - 1005G1 8GB 256GB SSD 23'8"" WIN 11",0,1,UNIT,6800000,0
Unassigned,,"AIO LENOVO V30A-0AID Ci3 - 1005G1 8GB 512GB SSD 23'8"" WIN 11",0,1,UNIT,7650000,0
Unassigned,,AIO LENOVO V30A-22IIL CI5 - 1035G1 8GB 1TB HDD DVD RW WIN 11,0,1,UNIT,8975000,0
Unassigned,,AIO LENOVO V50A 22IMB-11FN009TIA CI5-10400T 8GB 1TB,0,1,UNIT,8240000,0
Unassigned,,AIO LENOVO V50A 24IMB i5-10400T 8GB 512GB SSD WIN 10 PRO RAVEN BLACK (TOUCHSCREEN) UT,0,1,UNIT,9495000,0
Unassigned,,ALAT PRES MUG,0,1,UNIT,1000000,0
Unassigned,,ALAT PRES MUG DAN TUMBLER,0,1,UNIT,1450000,0
Unassigned,,ALAT PRES PIN 2 MULDING PAKET,0,1,UNIT,3300000,0
Unassigned,,ALAT PRES TOPI,0,1,UNIT,2200000,0
Unassigned,,ALAT TEMBAK CATRIDGE,3,1,PCS,28023.4,84070.20000000001
Unassigned,,ALBUM DLB 10 H,87,1,PCS,56000,4872000
Unassigned,,ALBUM DLB LUBANG B,0,1,PCS,59000,0
Unassigned,,ALBUM DLBT BESAR,21,1,PCS,80000,1680000
Unassigned,,ALBUM DLK LUBANG  K,13,1,PCS,55000,715000
Unassigned,,ALBUM LNB 10 - LUBANG NW,0,1,PCS,67000,0
Unassigned,,ALBUM PHOTO LULU (26X32CM),0,1,PCS,59559.055118,0
Unassigned,,ALFA INK ART PAPER BLACK,10,5,PCS,89368.181818,893681.81818
Unassigned,,ALFA INK ART PAPER CYAN,18,5,PCS,83950,1511100
Unassigned,,ALFA INK ART PAPER MAGENTA,16,5,PCS,83950,1343200
Unassigned,,ALFA INK ART PAPER YELLOW,14,5,PCS,83950,1175300
Unassigned,,ALFA INK BLACK TONER 150 GRAM HP,3,1,PCS,57000,171000
Unassigned,,ALFA INK BLACK TONER HP 70 GR,1,20,PCS,22050,22050
Unassigned,,ALFA INK CANON 250ML BLACK,2,1,PCS,59450,118900
Unassigned,,ALFA INK CANON 250ML CYAN,0,1,PCS,59450,0
Unassigned,,ALFA INK CANON 250ML MAGENTA,2,1,PCS,59450,118900
Unassigned,,ALFA INK CANON 250ML YELLOW,2,1,PCS,59450,118900
Unassigned,,ALFA INK CANON BLACK 100CC,895,500,PCS,28345.560013,25369276.211634997
Unassigned,,ALFA INK CANON CYAN 100CC,678,300,PCS,27483.944626,18634114.456428
Unassigned,,ALFA INK CANON GI 71 BLACK,367,30,PCS,33500,12294500
Unassigned,,ALFA INK CANON GI 71 CYAN,102,30,PCS,33500,3417000
Unassigned,,ALFA INK CANON GI 71 MAGENTA,101,30,PCS,33500,3383500
Unassigned,,ALFA INK CANON GI 71 YELLOW,111,30,PCS,33500,3718500
Unassigned,,ALFA INK CANON MAGENTA 100CC,843,300,PCS,27445.944529,23136931.237947002
Unassigned,,ALFA INK CANON YELLOW 100CC,825,300,PCS,27463.829515,22657659.349875
Unassigned,,ALFA INK CATRIDGE TONER 285A,0,5,PCS,264818.181818,0
Unassigned,,ALFA INK ECO TANK EPSON BLACK,197,50,PCS,37497.108249,7386930.325053
Unassigned,,ALFA INK ECO TANK EPSON CYAN,334,50,PCS,37096.06573,12390085.953820001
Unassigned,,ALFA INK ECO TANK EPSON LC,7,5,PCS,37500,262500
Unassigned,,ALFA INK ECO TANK EPSON LM,4,5,PCS,37500,150000
Unassigned,,ALFA INK ECO TANK EPSON MAGENTA,205,50,PCS,37361.905424,7659190.611919999
Unassigned,,ALFA INK ECO TANK EPSON YELLOW,155,50,PCS,37474.643913,5808569.806515
Unassigned,,ALFA INK EPSON SUBLIM BLACK 100ML,2,5,PCS,69000,138000
Unassigned,,ALFA INK EPSON SUBLIM CYAN 100ML,5,5,PCS,65500,327500
Unassigned,,ALFA INK EPSON SUBLIM MAGENTA 100ML,5,5,PCS,57383.838383,286919.19191500003
Unassigned,,ALFA INK EPSON SUBLIM YELLOW 100ML,3,5,PCS,58222.222222,174666.66666599998
Unassigned,,ALFA INK KERTAS FOTO GLOSSY LITE A4 210 GSM,225,50,PCS,12500,2812500
Unassigned,,ALFA INK KERTAS FOTO RC GLOSY 4R,0,3,PCS,76000,0
Unassigned,,ALFA INK KERTAS FOTO RC SATIN 260G,59,50,PCS,37765.933947,2228190.102873
Unassigned,,ALFA INK KERTAS FOTO RC SILKY A3,0,5,PCS,89000,0
Unassigned,,ALFA INK KERTAS FOTO SILKY GLOSSY,115,1,PCS,42359.679267,4871363.115705
Unassigned,,ALFA INK KERTAS FOTO STIKER GLOSSY LITE 125GSM,96,50,PCS,12500,1200000
Unassigned,,ALFA INK KERTAS THERMAL 80 X 80,426,1,PCS,9750,4153500
Unassigned,,ALFA INK L SERIES EPSON BLACK,29,65,PCS,32492.482769,942282.000301
Unassigned,,ALFA INK L SERIES EPSON CYAN,194,50,PCS,32136.506022,6234482.168268001
Unassigned,,ALFA INK L SERIES EPSON MAGENTA,237,50,PCS,32419.256789,7683363.858992999
Unassigned,,ALFA INK L SERIES EPSON YELLOW,200,50,PCS,32178.556786,6435711.3572
Unassigned,,ALFA INK LEM KERTAS PVAC PUTIH 150 GR,90,30,PCS,6212.058212,559085.23908
Unassigned,,ALFA INK PAPER  THERMAL 57 X 47,10,1,PCS,0,0
Unassigned,,ALFA INK PAPER THERMAL 57 X 30,5500,1,PCS,1394.300421,7668652.3155
Unassigned,,ALFA INK PAPER THERMAL PERMIUM 57 X 30,2,1,PCS,0,0
Unassigned,,ALFA INK PAPER THERMAL PERMIUM 57 X 47,2,1,PCS,0,0
Unassigned,,ALFA INK PARFUM,7,1,PCS,19000,133000
Unassigned,,ALFA INK PARFUM BIRU GLITER SAPPHIRE ANGEL,4,1,PCS,25998.285714,103993.142856
Unassigned,,ALFA INK PARFUM HIJAU GLITER EMERALD FOREST,62,1,PCS,26000,1612000
Unassigned,,ALFA INK PARFUM KUNING GLITER GOLDEN SUNSET,21,1,PCS,26000,546000
Unassigned,,ALFA INK PARFUM PINK GLITER RUBY ACE,18,1,PCS,25959.925789,467278.664202
Unassigned,,ALFA INK PRINTER THERMAL BLUETOOTH,0,1,PCS,375000,0
Unassigned,,ALFA INK TABUNG INFUS CLASSIC,122,20,PCS,71936.191449,8776215.356778001
Unassigned,,ALFA INK TINTA REFILL KIT CANON BLACK,0,1,PCS,23350,0
Unassigned,,ALFA INK TINTA REFILL KIT CANON COLOR,0,1,PCS,23350,0
Unassigned,,ALFA INK TINTA STEMPEL FLASH 10 ML,25,20,PCS,7073.589731,176839.74327500002
Unassigned,,ALFA INK TINTA STEMPEL PERMANENT PLASTIK WOOD 5 ML,164,1,PCS,11184,1834176
Unassigned,,ALFA INK TONER 100 GRAM HP,18,1,PCS,35340,636120
Unassigned,,ALFA INK TONER BROTHER 500 GRAM,83,40,PCS,155775.000575,12929325.047725001
Unassigned,,ALFA INK TONER HP 500 GRAM,1,5,PCS,162000,162000
Unassigned,,ALFA KERTAS THERMAL 57 X 38,800,1,PCS,2380,1904000
Unassigned,,ALL IN ONE ACER C22 1700 Ci3 1215U 4GB 512GB SSD WIN 11,0,1,UNIT,6795000,0
Unassigned,,ALL IN ONE ASUS A3202WBAK Ci3-1215U 8GB 256GB SSD WIN 11 #,0,1,UNIT,7495000,0
Unassigned,,ALL IN ONE ASUS V222GAK INTEL J4025 4GB 256GB SSD WIN 11,0,2,UNIT,5215982.142857,0
Unassigned,,AMPLI FC A2060,1,1,UNIT,1250000,1250000
Unassigned,,AMPLI LAD,0,0,PCS,1350000,0
Unassigned,,AMPLI SD USB BT RADIO REMOT AC 6907 699 ACOUSTUC,0,1,UNIT,275000,0
Unassigned,,AMPLOP CD,38,5,PACK,17500,665000
Unassigned,,AMPLOP KERTAS J PLUS,49,5,PACK,55000,2695000
Unassigned,,AMPLOP KERTAS KIJANG,0,1,PACK,55000,0
Unassigned,,AMPLOP PANJANG POLOS MAMBO,381,1,PCS,11595.198079,4417770.468099
Unassigned,,AMPLOP PAPER LINE ( LEM ),74,2,KOTAK,17775.141007,1315360.4345179999
Unassigned,,AMPLOP UNDANGAN,4,5,KOTAK,15922.196796,63688.787184
Unassigned,,ANTENA AVANTI VHF,0,1,UNIT,5500000,0
Unassigned,,ANYCAST M4,0,5,PCS,112750,0
Unassigned,,ANYCAST M9,30,10,PCS,89788.406829,2693652.20487
Unassigned,,APARD PEMADAM,0,1,UNIT,1090000,0
Unassigned,,Apple MacBook Air 13 M3 8-core CPU and 10-core GPU 24GB 512GB SSD,0,1,UNIT,22590000,0
Unassigned,,Apple MacBook Air 13 M4 10 core CPU and 10 core GPU 16GB 512GB SSD,0,1,UNIT,19040000,0
Unassigned,,Apple MacBook Air 13 M4 10 core CPU and 8 core GPU 16GB 256GB SSD,0,0,UNIT,15740000,0
Unassigned,,APPLE MACBOOK AIR 13 M4 CHIP WITH 10-CORE CPU AND 8-CORE GPU 16GB 256GB SSD,0,1,UNIT,15565000,0
Unassigned,,APPLE MACBOOK AIR 13 M4 CHIP WITH 10-CORE CPU AND 8-CORE GPU 16GB 256GB SSD TP,0,1,UNIT,15670000,0
Unassigned,,APPLE MACBOOK AIR13 M1 8GB 256GB SPACE GREY,0,1,UNIT,11240000,0
Unassigned,,"APPLEMAC AIR 13"" 2020 128GB SPACE GREY",0,1,UNIT,11000000,0
Unassigned,,arashi amd 02bc,0,0,UNIT,1261261.261261,0
Unassigned,,ART PAPER KOREA BK 70ML,16,3,PCS,75000,1200000
Unassigned,,ART PAPER KOREA C 70ML,12,3,PCS,74982.22233,899786.66796
Unassigned,,ART PAPER KOREA M 70ML,13,3,PCS,75000,975000
Unassigned,,ART PAPER KOREA Y 70ML,15,3,PCS,75000,1125000
Unassigned,,ASUS A1400EA - VIPS551 I5-1135G7 8GB 512GB SSD WIN11,0,1,UNIT,8537500,0
Unassigned,,ASUS A1400EA Ci3-1115G4 8GB 256GB SSD WIN 11 #,0,1,UNIT,5626323.392857,0
Unassigned,,ASUS A1400EA FHD I3 - 1115G4 4GB 256GB SSD WIN 11,0,1,UNIT,5437055.555556,0
Unassigned,,ASUS A1400EA I3-1115G4 8GB 512GB SSD WIN 11,0,1,UNIT,5832748.601663,0
Unassigned,,ASUS A1400KA FHD N4500 4GB 256GB SSD WIN 11,0,5,UNIT,4485521.978021,0
Unassigned,,ASUS A1402ZA IPS751 CI7-1260P 8GB 512GB SSD WIN 11,0,1,UNIT,10735000,0
Unassigned,,ASUS A1402ZA-IPS551 CI5-1235U 8GB 512GB SSD,0,1,UNIT,8662500,0
Unassigned,,ASUS A1403ZA OLED Ci7-12700H 8GB 512GB SSD WIN 11 RM,0,1,PCS,13490000,0
Unassigned,,ASUS A1403ZA OLEDS735 CI7-12700H 2X8GB 512GB SSD INTEL IRIS XE WIN 11,0,1,UNIT,13890000,0
Unassigned,,ASUS A1405ZA Ci3-1215U 8GB 512GB SSD WIN 11,0,1,UNIT,7100000,0
Unassigned,,ASUS A1502ZA CI3 - 1215U 4GB 512GB SSD WIN 11 #,0,1,UNIT,7590000,0
Unassigned,,ASUS A1502ZA VIPS Ci3-1215U 2X4 512GB SSD WIN 11 TOUCH SCREEN,0,1,UNIT,8225000,0
Unassigned,,ASUS A1502ZA-VIPS552 CI5-1235U 8GB 512GB SSD INTEL IRIS XE WIN 11 (TOUCH),1,1,UNIT,8374000,8374000
Unassigned,,ASUS A409FA I3 - 10110U 4GB 256GB SSD WIN10,0,1,UNIT,6940000,0
Unassigned,,ASUS A409J I3-1005G1 4GB 512GB SSD,0,1,UNIT,7390000,0
Unassigned,,ASUS A409JA BV311T I3 1005G1 4GB 1TB WIN10 (SILVER),0,1,UNIT,7100000,0
Unassigned,,ASUS A409JA BV312T I3 1005G1 4GB 1TB WIN10 (GREY),0,1,UNIT,7100000,0
Unassigned,,ASUS A409JP EK501T CI5-1035G1 4GB 1TB HDD VGA MX330 (SILVER),0,1,UNIT,8190000,0
Unassigned,,ASUS A409JP EK502T CI5-1035G1 4GB 1TB HDD VGA MX330 (GREY),0,1,UNIT,8190000,0
Unassigned,,ASUS A409MA-BV422TS INTEL CEL-N4020 4GB 256GB SSD W10,0,1,UNIT,5580000,0
Unassigned,,ASUS A412FL-EK711T CI7-10510U 8GB 1TB VGA MX 250 2GB,0,1,UNIT,11700000,0
Unassigned,,ASUS A413EP - VIPS751 Ci7-1165G7 8GB 512GB SSD VGA,0,1,UNIT,12570000,0
Unassigned,,ASUS A416EA-FHD522 Ci5-1135G7 4GB 256GB SSD W10,0,1,UNIT,8597197.3662,0
Unassigned,,ASUS A416EP -FHD551 CI5-1135G7 4GB 512GB SSD VGA,0,1,UNIT,10315000,0
Unassigned,,ASUS A416EPO - FHD551 CI5-1135G7 8GB 512GB SSD MX 330 2GB,0,1,UNIT,10610000,0
Unassigned,,ASUS A416EPO-VIPS751 CI7-1165G7 8GB 512GB SSD MX 330 MN,0,1,UNIT,12570000,0
Unassigned,,ASUS A416FA CI3-10110U 4GB 256GB SSD NW,0,1,UNIT,5135000,0
Unassigned,,ASUS A416J I3 1005G1 8GB SSD 256GB WIN 11,0,1,UNIT,5270000,0
Unassigned,,"ASUS A416J I3-1005G /4GB / 512GB SSD 14"" WIN 10",0,1,UNIT,7485000,0
Unassigned,,"ASUS A416J I3-1005G1 4GB SSD 512GB 14"" WIN 10",0,1,UNIT,7670000,0
Unassigned,,ASUS A416JA CI5-1035G1 4GB SSD 256GB NW,0,1,UNIT,7690000,0
Unassigned,,ASUS A416JA-FHD321 CI3-1005G1 4GB 256GB SSD W10,0,1,UNIT,7100000,0
Unassigned,,ASUS A416JAO CI3 1005G1 2X4GB 2X256 SSD WIN 11,0,1,UNIT,6775000,0
Unassigned,,ASUS A416JAO CI3-1005G1 4GB 256GB SSD W11 NW,0,1,UNIT,5612551.892552,0
Unassigned,,ASUS A416JAO CI3-1005G1 4GB SSD 512GB NW,0,1,UNIT,5907222.222223,0
Unassigned,,ASUS A416JAO CI3-1005G1 8GB 512GB SSD WIN 11 DY,0,1,UNIT,6419000,0
Unassigned,,ASUS A416JAO CI5-1035G1 4GB 512GB SSD WIN 11 NW,0,1,UNIT,8575000,0
Unassigned,,ASUS A416JAO I5 CI5-1035G1 4GB 256GB SSD,0,1,UNIT,8190000,0
Unassigned,,ASUS A416JF I3-1005G1 4GB 1TB VGA GFORCE,0,1,UNIT,6600000,0
Unassigned,,ASUS A416JP I5-1035G1 4GB 512GB SSD VGA,0,1,UNIT,10000000,0
Unassigned,,ASUS A416JP-VIPS551 Ci5-1035G1 8GB 512GB SSD VGA MX 330 2GB W10 NW,0,1,UNIT,10565000,0
Unassigned,,ASUS A416M INTEL CEL N4020 8GB 512GB SSD WIN 11 #,0,8,UNIT,4704935.897436,0
Unassigned,,ASUS A509FA - Ci3 - 10110U - 4GB- SSD 256GB,0,1,Buah,7130000,0
Unassigned,,ASUS A509MA N4020 4GB 256GB SSD WIN10,0,1,UNIT,6100833.333333,0
Unassigned,,ASUS A516 I3 1005G1 4GB SSD 256GB MX 330,0,1,UNIT,7600000,0
Unassigned,,"ASUS A516 I3-1005G1 512GB SSD 4GB 15,6"" WIN10",0,1,UNIT,7475000,0
Unassigned,,ASUS A516EPO-VIPS754 CI7-1165G7 8GB 512GB SSD MX 330 2GB W11,0,1,UNIT,11865000,0
Unassigned,,ASUS A516JAO - Ci3 - 1005G1 - 4GB - SSD 256 GB,0,1,PCS,7275000,0
Unassigned,,"ASUS A516JAO CI3 1005G1 4GB 512GB SSD INTEL OPTANE 14"" #",0,1,UNIT,6520000,0
Unassigned,,ASUS A516JAO CI3 1005G1 4GB 512GB SSD WIN11,0,1,UNIT,6859555.796316,0
Unassigned,,"ASUS A516JAO I5-1035G1 4GB 256GB SSD 15,6""",0,1,UNIT,7725000,0
Unassigned,,"ASUS A516KA  INTEL N4500 4GB 256GB SSD 15,6""",0,1,UNIT,3935000,0
Unassigned,,"ASUS A516M N4020 4GB SSD 256GB 15"" #",0,1,UNIT,3790000,0
Unassigned,,ASUS BR1100CKA INTEL N4500 4GB 128GB eMMC WIN 11,0,1,UNIT,3440000,0
Unassigned,,ASUS E203M CEL N4000 4GB 500GB,0,1,UNIT,4500000,0
Unassigned,,ASUS E203MAH CEL N4000 2GB WIN 10 (WHITE),0,1,UNIT,3785000,0
Unassigned,,ASUS E203MAH FD011T CEL N4000 2GB WIN10 (GREY),0,7,UNIT,4144000,0
Unassigned,,ASUS E203MAH FD013T CEL N4000 2GB W10 (PINK),0,1,UNIT,3600000,0
Unassigned,,ASUS E210MAO INTEL N4020 8GB 512GB SSD WIN 11 #,0,1,UNIT,3900000,0
Unassigned,,ASUS E402YA AMD 4GB 1TB WHITE,0,1,UNIT,4330000,0
Unassigned,,ASUS E402YA GA302T AMD 4GB 256GB SSD BLUE,0,1,UNIT,4482857.142857,0
Unassigned,,ASUS ExpertBook B1402CBA CI3 1215U 8GB 512GB SSD WIN 11 #,0,1,UNIT,6040000,0
Unassigned,,ASUS EXPERTBOOK B1402CBA Ci5-1235U 8GB 512GB SSD WIN 11 #,0,1,UNIT,8145000,0
Unassigned,,ASUS EXPERTBOOK BG1409CVA INTEL CORE i7 - 1355U 2X8GB DDR5 1TB SSD WIN11 TKDN,0,1,UNIT,14990000,0
Unassigned,,ASUS EXPERTBOOK BG1409CVA INTEL CORE i7 - 1355U 2X8GB DDR5 1TB SSD WIN11 TKDN TP,0,1,UNIT,14990000,0
Unassigned,,ASUS EXPERTBOOK P1 P1403CVA INTEL CORE i3 - 1315U 8GB 512GB SSD WIN 11 + OHS,0,1,UNIT,6290000,0
Unassigned,,ASUS EXPERTBOOK P1 P1403CVA INTEL CORE i3 - 1315U 8GB 512GB SSD WIN 11 + OHS TP,0,0,UNIT,6290000,0
Unassigned,,ASUS ExpertBook P1 Ryzen 5 150 8GB DDR5 512GB,0,1,UNIT,8490000,0
Unassigned,,ASUS Gaming K16 K3605VC Core i5 13420H 16GB(2x8) DDR4 512GB SSD RTX 3050 4GB W11 TP,0,0,UNIT,9810000,0
Unassigned,,ASUS Gaming K16 K3605VC Core i5 13420H 8GB DDR4 512GB SSD RTX 3050 4GB W11,0,1,UNIT,9840000,0
Unassigned,,ASUS Gaming V16 Intel Core 5 210H 8GB DDR5 512GB SSD RTX3050 6GB W11,0,1,UNIT,12690000,0
Unassigned,,ASUS K3402ZA OLEDS556 CI5-12500H 4GB+8gb 512gb ssd intel iris xe win 11,0,1,UNIT,12335000,0
Unassigned,,ASUS K413EA-AM351TS CI3-1115G4 8GB 512GB SSD W10,0,1,UNIT,8475000,0
Unassigned,,ASUS K413EA-AM5551IPS CI5-1135G7 8GB 512 SSD WIN 10,0,1,UNIT,10320000,0
Unassigned,,ASUS K413EQ Ci5-1135G7 8GB 512GB SSD VGA,0,1,UNIT,11015000,0
Unassigned,,ASUS K413JQ Ci5-1035G1 8GB 512GB SSD VGA,0,1,UNIT,10665000,0
Unassigned,,ASUS K513EA OLED I3 1115G4 4GB 512GB SSD WIN 11,0,1,UNIT,7710000,0
Unassigned,,ASUS K513EA OLED552 Ci5-1135G7 2X4 512GB SSD WIN 11,0,1,UNIT,8120000,0
Unassigned,,ASUS M1403QA - VIPS752 AMD RYZEN 7 5800H 2X8GB 512GB SSD WIN 11 DP,0,1,UNIT,9475000,0
Unassigned,,ASUS M1403QA OLEDS751 AMD RYZEN 7 - 5800H 2X8GB 512GB SSD WIN 11 DP,0,1,UNIT,11365000,0
Unassigned,,ASUS M1403QA-OLEDS751 AMD Ryzen 7-5800H 2x8GB 512GB W11,0,1,UNIT,10295000,0
Unassigned,,ASUS M1403QA-VIPS AMD Ryzen 5 5600H 8GB 512GB SSD W11 Home + OHS 2021 #,0,1,UNIT,7265000,0
Unassigned,,ASUS M1405YA AMD RYZEN 7 - 7730U 16GB 512GB SSD WIN 11 #,0,1,UNIT,9210000,0
Unassigned,,ASUS M409 AMD A4 4GB 1TB,0,1,UNIT,4640000,0
Unassigned,,ASUS M409 AMD A4 4GB SSD 256,0,1,UNIT,4700000,0
Unassigned,,ASUS M513UA AMD RYZEN 5 5500U 8GB 512GB SSD,0,1,UNIT,10710000,0
Unassigned,,ASUS M6500QC OLEDS551 AMD RYZEN 5 5600H 16GB 512GB SSD RTX 3050 4GB WIN 11,0,1,UNIT,13790000,0
Unassigned,,ASUS M7400QE - OLED713 AMD Ryzen75800H 16GB 1TB SSD RTX 3050Ti 4GB WIN 11,0,1,UNIT,15810000,0
Unassigned,,"ASUS P1411CJA CI3 1005G1 4GB 512GB SSD 14""",0,1,UNIT,5799000,0
Unassigned,,ASUS P1412CEA - EK3420W CI3-1115G4 4GB 256GB SSD W11,0,1,UNIT,5040000,0
Unassigned,,"ASUS P1512CEA INTEL I5 1135G7 8GB 256GB SSD 15""",0,1,UNIT,8100000,0
Unassigned,,ASUS PRO B1400CEAE CI5-1135G7 8GB 512GB SSD INTEL IRIS XE,0,1,UNIT,9650000,0
Unassigned,,ASUS PRO P1440FA CI3 1005G1 4GB 256GB SSD WIN10,0,1,UNIT,6493625,0
Unassigned,,ASUS ROG G61PH RYZEN 9 8940HX 16GB 512GB RTX5050 8GB W11,0,1,UNIT,21600000,0
Unassigned,,ASUS ROG GAMING ZEPHYRUS G14 RYZEN 7 8GB 512GB SSD VGA 1660 GTX,0,1,UNIT,19540000,0
Unassigned,,ASUS ROG GAMING ZEPHYRUS GA502IU-R966B8T AMD RYZEN,0,1,UNIT,19700000,0
Unassigned,,ASUS ROG SRIX-G G512LI-I75TB6T CI7-1075H 8GB 512GB,0,1,UNIT,16735000,0
Unassigned,,ASUS ROG STRIX G G512LI I565B6T CI5 10300H 8GB 512GB,0,1,UNIT,14992500,0
Unassigned,,ASUS ROG STRIX-G G12LI- I75TB6T CI7-10750H 8GB 512GB,0,1,UNIT,16750000,0
Unassigned,,ASUS T3304GA OLED321,3,1,UNIT,11125000,33375000
Unassigned,,ASUS TP3304GA OLED 321 I3 N300 8GB 256GB SSD WIN 11,2,1,UNIT,11200000,22400000
Unassigned,,ASUS TP3402VA OLEDS552 I5-13500H 8GB 512GB SSD WIN 11 RD,0,1,UNIT,13450000,0
Unassigned,,ASUS TP3402VA OLEDS752 I7 13700H / 16GB / SSD 512GB WIN 11 #,0,1,UNIT,15695000,0
Unassigned,,ASUS TUF A15 FA506IHRB-R565B6T-O11 AMD Ryzen 5 4600H 8GB 512GB SSD GTX1650 4GB W11 Home + OHS 2021 Graphite Black + TUF Gaming backpaK,0,1,UNIT,11110000,0
Unassigned,,ASUS TUF A15 FA606I AMD RYZEN 7 4800H 8GB 512GB SSD RTX 3050 4GB WIN 11,0,1,UNIT,11585000,0
Unassigned,,ASUS TUF DASH F15 FX517ZE-I7R5B7T-O CI7-12650H 2x8GB 1TB SSD RTX 3050 Ti 4GB W11 Home + OHS 2021 Off Black + Tuf  Gaming Backpack include Inside Box,0,1,UNIT,15800000,0
Unassigned,,ASUS TUF DASH F15 FX517ZM I7-12650H RTX 3060 6GB / 16GB / 1TB SSD WIN 11 144HZ,0,1,UNIT,17500000,0
Unassigned,,ASUS TUF F15 FX506 CI5-10300H 8GB 512GB SSD GTX 1650 4GB NW,0,1,UNIT,9700000,0
Unassigned,,ASUS TUF F15 FX506HCB-I735B6G CI7-11800H 8GB 512GB SSD RTX3050 4GB WIN10,0,1,UNIT,17235000,0
Unassigned,,ASUS TUF F15 FX506HM I736B6G CI7-11800H 8GB 512GB SSD RTX 3060 6GB,0,1,UNIT,16665000,0
Unassigned,,ASUS TUF F15 FX507ZC4 Ci512500H 8GB 512GB SSD RTX 3050 4GB WIN 11 @,0,1,UNIT,11620000,0
Unassigned,,ASUS TUF FX506HC CI5-11400H 8GB 512GB SSD RTX 3050 4GB #,0,1,UNIT,11220000,0
Unassigned,,ASUS TUF FX506HF Ci5 11400H 8GB 512GB SSD RTX2050 4GB #,0,1,UNIT,10850000,0
Unassigned,,ASUS TUF FX507ZC4 Ci5-12500H 8GB 512GB SSD RTX 3050 4GB WIN 11 DD,0,1,UNIT,12990000,0
Unassigned,,ASUS TUF GAMING A15 FA506NC AMD RYZEN 5 7535HS 8GB 512GB SSD RTX 3050 4GB WIN 11 #,0,1,UNIT,10480000,0
Unassigned,,ASUS TUF Gaming A15 FA506NCG AMD Ryzen 7 7445HS 16GB DDR5 512GB RTX3050 4GB W11,0,1,UNIT,13150000,0
Unassigned,,ASUS TUF GAMING A15 FA506NCR AMD RYZEN 7 7435H 16GB 512GB SSD RTX3050 4GB WIN 11 WG,0,1,UNIT,11205000,0
Unassigned,,ASUS TUF GAMING A15 FA506NF AMD RYZEN 5 7535HS 16GB 512GB SSD RTX2050 4GB WIN 11 #,0,1,UNIT,11080000,0
Unassigned,,ASUS TUF GAMING A15 FA506NF AMD RYZEN 5 7535HS 8GB 512GB SSD RTX 2050 4GB WIN 11,0,1,UNIT,9705000,0
Unassigned,,ASUS TUF GAMING A15 FA506NFR AMD RYZEN 7 - 7435HS 8GB 512GB SSD RTX 2050 4GB WIN 11 #,0,1,UNIT,9220000,0
Unassigned,,ASUS TUF GAMING A15 FA507 AMD RYZEN 9 8945H 16GB 1TB SSD RTX 4060 8GB WIN 11 #,0,1,UNIT,22495000,0
Unassigned,,ASUS TUF GAMING A15 FA507NUR AMD RYZEN 7 7435HS 16GB 512GB SSD RTX 4050 6GB WIN 11 EK,0,1,UNIT,16020000,0
Unassigned,,ASUS TUF Gaming A15 FA507NUR-R745K6M-OM AMD Ryzen 7 7435HS 16GB 512GB SSD RTX 4050 6GB W11 Home + OHS 2021 Microsoft 365 MechaGray + TUF Gaming backpack include Inside Box TP,0,1,UNIT,14325000,0
Unassigned,,ASUS TUF GAMING A15 FA507NVR R746K6M OM AMD RYZEN 7 7435HS 16GB 512GB SSD RTX 4060 8GB WIN 11,0,1,UNIT,15940000,0
Unassigned,,ASUS TUF GAMING A15 FA507RM AMD Ryzen 7-6800H 2x8GB 512GB SSD RTX3060 6GB W11 Home + OHS 2021,0,1,UNIT,14645000,0
Unassigned,,ASUS TUF GAMING A15 FA507UV AMD RYZEN 9 8945H 16GB 1TB SSD RTX 4060 8GB WIN 11  #,0,1,UNIT,22495000,0
Unassigned,,ASUS TUF GAMING A15 FX506II R55TB6T AMD RYZEN 5,0,1,UNIT,13285000,0
Unassigned,,ASUS TUF GAMING F15 FX506HF Ci5-11400H 2X8GB 512GB SSD RTX 2050 4GB WIN 11 #,0,1,UNIT,11590000,0
Unassigned,,ASUS TUF GAMING F15 FX506LH-I565B6T CI5-10300H 8GB,0,1,UNIT,12435000,0
Unassigned,,ASUS TUF GAMING F15 FX506LI-I75TB6T Ci7-10870H 8GB FH,0,1,UNIT,15110000,0
Unassigned,,ASUS TUF GAMING F15 FX506LU-I766B6T-0 Ci7-10870H 8GB,0,1,UNIT,14790000,0
Unassigned,,ASUS UX3402ZA OLEDS551 CI5-1240P 16GB 512GB SSD INTEL IRIS XE WIN 11 RH,0,1,UNIT,15280000,0
Unassigned,,ASUS UX435EAL - 1WIPS711 CI7-1165G7 16GB 1TB SSD INTEL IRIS XE  (AG),0,1,UNIT,17390000,0
Unassigned,,ASUS VIVOBOOK 14 A1400K FHD N4500 8GB 256GB SSD WIN 11 #,0,8,UNIT,4573977.25427,0
Unassigned,,ASUS VIVOBOOK 14 A1404VA Ci7-1355U 16GB 1TB SSD WIN 11 #,0,1,UNIT,11500000,0
Unassigned,,ASUS VIVOBOOK 14 A1404VA Ci7-1355U 16GB 1TB SSD WIN 11 TP,0,1,UNIT,10305000,0
Unassigned,,ASUS VIVOBOOK 14 A1404VA Ci7-1355U 8GB 512GB SSD WIN 11 #,0,1,UNIT,10070000,0
Unassigned,,ASUS VIVOBOOK 14 A1404VA INTEL Ci5 - 1334U 16GB DDR4 512GB SSD WIN 11 TP,0,1,UNIT,8349166.666667,0
Unassigned,,ASUS VIVOBOOK 14 A1404VA INTEL CORE i5 - 1334U 8GB DDR4 512GB SSD WIN 11 TP,0,1,UNIT,7900000,0
Unassigned,,ASUS VIVOBOOK 14 A1404VA VIP Ci7-1355U 16GB 512GB SSD WIN 11 #,0,1,UNIT,10803500,0
Unassigned,,ASUS VIVOBOOK 14 A1404VA VIPS INTEL CORE i7 - 1355U 8GB 512GB SSD WIN 11 TP,0,1,UNIT,9875000,0
Unassigned,,ASUS Vivobook 14 A1404VA-VIPS5852M Intel Core i5-1334U 16GB(2x8) DDR4 512GB SSD W11 Home + OHS 2024 Microsoft 365 Basic Terra Cotta + Backpack  Included in the Box,0,1,UNIT,8240000,0
Unassigned,,ASUS VIVOBOOK 14 A1404VAP - VIPS INTEL CORE 5 120U 16GB 512GB SSD WIN 11,1,1,UNIT,10290000,10290000
Unassigned,,ASUS VIVOBOOK 14 A1404VAP INTEL CORE 5 120U 16GB(2X8) 512GB SSD WIN 11 TP,0,1,UNIT,8515000,0
Unassigned,,ASUS VIVOBOOK 14 A1404VAP INTEL CORE 5 120U 8GB 512GB SSD WIN 11,2,1,UNIT,8400000,16800000
Unassigned,,ASUS VIVOBOOK 14 A1404VAP INTEL CORE 5 120U 8GB 512GB SSD WIN 11 TP,0,1,UNIT,8145000,0
Unassigned,,ASUS VIVOBOOK 14 A1404VAP INTEL CORE 7 150U 16GB(2X8) DDR5 512,1,1,UNIT,13290000,13290000
Unassigned,,ASUS VIVOBOOK 14 A1404ZA Ci3-1215U 8GB 512GB SSD WIN 11,0,1,UNIT,6595000,0
Unassigned,,ASUS VIVOBOOK 14 A1404ZA Ci5-1235U 16GB 512GB SSD WIN 11 #,0,1,UNIT,7835000,0
Unassigned,,ASUS VIVOBOOK 14 A1404ZA Ci5-1235U 8GB 512GB SSD WIN 11 #,0,1,UNIT,7705833.333334,0
Unassigned,,ASUS Vivobook 14 A1405VA Intel Core i5 13420H 16GB(2X8GB) 512GB SSD W11 Home,0,1,UNIT,8715000,0
Unassigned,,ASUS VIVOBOOK 14 A1407QA - VIPSP151M SNAPDRAGON X X126100 16GB 512GB SSD WIN 11,0,1,UNIT,9500000,0
Unassigned,,ASUS VIVOBOOK 14 FLIP TP3407SA - OLED5151M INTEL CORE ULTRA 5 226V 16GB 512GB SSD WIN 11 TP,0,1,UNIT,15340000,0
Unassigned,,ASUS VIVOBOOK 14 M1405YA AMD RYZEN 7-7730U 16GB 512GB SSD WIN 11,0,1,UNIT,9290000,0
Unassigned,,ASUS VIVOBOOK 14X K3405VF Ci5 13500H 8GB 512 SSD RTX 2050 4GB WIN 11 #,0,1,UNIT,12280000,0
Unassigned,,ASUS VIVOBOOK 15 A1504VA VIPS Ci7-1355U 2x8GB 512GB SSD WIN 11 LB,0,1,UNIT,10925000,0
Unassigned,,ASUS VIVOBOOK 15 A1504VAP VIPS5504M CORE 5 120U 16GB 512GB SSD WIN 11 TOUCH #,0,1,UNIT,10100000,0
Unassigned,,ASUS VIVOBOOK 15 A1504VAP VIPS5504M CORE 5 120U 16GB 512GB SSD WIN 11 TOUCH TP,0,1,UNIT,9270000,0
Unassigned,,ASUS VIVOBOOK 16X K3605VC CORE I7 13620H 16GB 512GB RTX3050 4GB W11,0,0,UNIT,12020000,0
Unassigned,,ASUS VIVOBOOK A1404VA Ci5-1335U 8GB 512GB SSD WIN 11 @,0,1,UNIT,8200000,0
Unassigned,,ASUS VIVOBOOK A1404VA INTEL CORE I5 1335U 16GB 512GB SSD W11 @,0,1,UNIT,8390000,0
Unassigned,,ASUS VIVOBOOK FLIP T330GA OLED i3-N300 8GB 256GB SSD WIN 11 #,0,1,UNIT,10988000,0
Unassigned,,ASUS VIVOBOOK FLIP TP1400KA INTEL N4500 4GB 256GB SSD WIN 11,0,1,UNIT,6220000,0
Unassigned,,ASUS Vivobook Flip TP1400KA-VIPS451 CEL-N4500 8GB 512GB SSD W11 + OHS 2021 Quiet Blue (Touch),0,1,UNIT,6395000,0
Unassigned,,ASUS VIVOBOOK FLIP TP470EZ-VIPS551 CI5-1135G7 8GB 512GB SSD INTEL IRIS XE,0,1,UNIT,13315000,0
Unassigned,,ASUS VIVOBOOK GO 14 E1404FA  AMD RYZEN 3 7320U 8GB 512GB SSD WIN 11 #,0,3,UNIT,6150000,0
Unassigned,,ASUS VIVOBOOK GO 14 E1404FA - FHD AMD RYZEN 3 7320U 8GB 512GB SSD WIN 11 TP,0,1,UNIT,5727400.793651,0
Unassigned,,ASUS VIVOBOOK GO 14 E1404FA FHD AMD RYZEN 3 7320U 8GB 256GB SSD WIN 11,10,3,UNIT,5740625,57406250
Unassigned,,ASUS VIVOBOOK GO 14 E1404FA FHD AMD RYZEN 5 7520U 16GB 512GB SSD WIN 11 #,3,1,UNIT,9840000,29520000
Unassigned,,ASUS VIVOBOOK GO 14 E1404GA - FHD INTEL CORE i3 - N305 8GB 256GB SSD WIN 11 TP,0,1,UNIT,5541666.666667,0
Unassigned,,ASUS VIVOBOOK GO 14 E1404GA Ci3-N305 8GB 512GB SSD WIN 11 #,3,7,UNIT,6300000,18900000
Unassigned,,ASUS VIVOBOOK GO 14 E1404GA Ci3-N305 8GB 512GB SSD WIN 11 TP,0,0,UNIT,5815000,0
Unassigned,,ASUS VIVOBOOK GO 14 E1404GA FHD Ci3 - N305 8GB 256GB SSD WIN 11 #,9,3,UNIT,6704193.548387,60337741.935483
Unassigned,,ASUS VIVOBOOK GO 14 E410KA FHD N4500 8GB 256GB SSD WIN 11 #,0,1,UNIT,5250000,0
Unassigned,,ASUS VIVOBOOK GO 14 E410KA FHD N4500 8GB 512GB SSD WIN 11,0,1,UNIT,4825000,0
Unassigned,,ASUS VIVOBOOK GO 14 E410KA N4500 4GB 256GB SSD WIN 11 #,0,1,UNIT,3925000,0
Unassigned,,ASUS VIVOBOOK GO 14 E410KA N4500 8GB 256GB SSD WIN 11 TP,0,1,UNIT,4395000,0
Unassigned,,ASUS VIVOBOOK GO 15 E1504FA OLED AMD RYZEN 5 7520U 16GB 512GB SSD WIN 11 #,0,1,UNIT,8935000,0
Unassigned,,ASUS VIVOBOOK GO E1404FA AMD RYZEN 5 7520U 8GB 512GB SSD WIN 11 #,3,1,UNIT,7750000,23250000
Unassigned,,ASUS VIVOBOOK GO E1404FA R3 7320U 8GB 256GB SSD WIN 11 TP,0,1,UNIT,5535000,0
Unassigned,,ASUS VIVOBOOK GO E1504FA RYZEN 3 7320 16GB 512GB SSD W11 TP,0,0,UNIT,6670000,0
Unassigned,,ASUS VIVOBOOK K413FQ EK701T CI7-10510U 8GB 512GB SSD,0,1,UNIT,12015000,0
Unassigned,,ASUS VIVOBOOK S 14 FLIP TN3402QA AMD RYZEN 7 - 5800H 8GB 512GB SSD WIN 11 #,0,1,UNIT,9917000,0
Unassigned,,ASUS VIVOBOOK S 14 FLIP TP3402VA OLED Ci7-13700H 16GB 512GB SSD INTEL IRIS XE WIN 11 #,0,1,UNIT,20690000,0
Unassigned,,ASUS VIVOBOOK S 14 S5406MA - OLED 714 INTEL CORE ULTRA 7 155H 16GB 1TB SSD WIN 11,0,1,UNIT,14695000,0
Unassigned,,ASUS VIVOBOOK S14 S3407CA - VIPS7111M INTEL CORE ULTRA 7 255H 16GB DDR5 1TB SSD WIN 11 TP,0,1,UNIT,13830000,0
Unassigned,,ASUS Vivobook S14 S3407CA-VIPS7112M Intel Core Ultra 7 255H 16GB DDR5 1TB SSD W11 Home+ OHS 2024 Microsoft 365 Basic Cool Silver + Backpack Included in the Box,0,1,UNIT,14790000,0
Unassigned,,"ASUS X541SA N3000 15,6"" 4GB 500GB W10",0,1,UNIT,3675000,0
Unassigned,,ASUS ZENBOOK 14 OLED UM3406HA OLED AMD RYZEN 7 - 8840HS 16GB 512GB SSD WIN 11 #,0,1,UNIT,14195000,0
Unassigned,,ASUS Zenbook 14 OLED UM3406KA OLED AMD Ryzen AI 7 350 32GB 1TB SSD W11,0,1,UNIT,18240000,0
Unassigned,,ASUS Zenbook 14 OLED UX3405CA-OLEDS9311TM Intel Core Ultra 9 285H 32GB LPDDR5X 1TB SSD W11 Home + OHS 2024 + Microsoft 365 Basic Ponder Blue + only SLEEVE include inside box TP,0,1,UNIT,22140000,0
Unassigned,,ASUS ZENBOOK 14 OLED UX3405MA CORE ULTRA 5 125H 16GB 1TB WIN 11,0,1,UNIT,16695000,0
Unassigned,,ASUS ZENBOOK CLASSIC UX325EA-EG551TS CI5-1135G7 8GB,0,1,UNIT,13500000,0
Unassigned,,ASUS ZENBOOK FLIP UN5401QA - OLEDS913 AMD RYZEN 9 5900HX 16GB 1TB SSD WIN 11,0,1,UNIT,16570000,0
Unassigned,,ASUS ZENBOOK UM325UA OLED712 AMD RYZEN 7 5700U 16GB 1TB SSD,0,1,UNIT,15985000,0
Unassigned,,ASUS ZENBOOK UX425EA-IPS751 CI7-1165G7 16GB 512GB SSD WIN10,0,1,UNIT,16575000,0
Unassigned,,AUDIOBANK WIRELESS MIC WMX 177,0,1,UNIT,770600,0
Unassigned,,AUTO SHEET FEEDER FOR G,0,1,PCS,235363.20573,0
Unassigned,,AUTO SHEET FEEDER G2020 / G1020 (MEKANIK ROL),0,1,PCS,579419.988515,0
Unassigned,,AVARO DOOR LOCK FINGER PRINT,0,1,UNIT,600000,0
Unassigned,,AVITA SATUS S101 INTEL N4020 8GB 256GB SSD,0,1,UNIT,3685000,0
Unassigned,,"AXIOO 11G N4000/4GB/256GB SSD/11,6""",0,1,UNIT,2030000,0
Unassigned,,"AXIOO 11G N4020/4GB/128GB SSD/11,6"" YS",0,1,UNIT,2825000,0
Unassigned,,"AXIOO 13,3"" N4020 4GB SSD 256GB",0,1,UNIT,3800000,0
Unassigned,,"AXIOO 14E N4000/4GB/128GB SSD/14""",0,1,UNIT,2785000,0
Unassigned,,AXIOO 14F INTEL N4020 6GB 256GB SSD FHD #,0,5,UNIT,2650000,0
Unassigned,,"AXIOO 14F N4020/4GB/256GB SSD/13.3""",0,5,UNIT,2451893.939394,0
Unassigned,,"AXIOO 14F N4020/8GB/256GB SSD/13'3"" YS",0,1,UNIT,3810000,0
Unassigned,,"AXIOO HYPE 1 N4020 4GB 128GB WIN 11 14"" #",3,1,UNIT,3590000,10770000
Unassigned,,AXIOO HYPE 1 N4020 8GB 256 TP,1,10,UNIT,2650000,2650000
Unassigned,,AXIOO HYPE 10 INTEL N4020 8 256 #,24,25,UNIT,4171731.842044,100121564.209056
Unassigned,,AXIOO HYPE 10 INTEL N4020 8 256 TP,0,1,UNIT,2625000,0
Unassigned,,AXIOO HYPE 5 R5 5500 16GB 256GB,0,1,UNIT,5700000,0
Unassigned,,AXIOO HYPE 5 RYZEN 5 3500 8 256 #,3,1,UNIT,5650000,16950000
Unassigned,,AXIOO HYPE 5 RYZEN 5 3500 8GB 256GB TP,0,1,UNIT,3925000,0
Unassigned,,AXIOO HYPE 7 AMD X8 RYZEN 7 6800H 16GB 512GB SSD WIN 11,0,1,UNIT,7440000,0
Unassigned,,"AXIOO HYPE 7 X7 - 2 (R7-5825/16/512/14""IPS FHD/WIN 11)",0,1,UNIT,7600000,0
Unassigned,,AXIOO HYPE R3 INTEL CORE i3 - 1215U LPDDR5 256GB SSD,0,1,UNIT,5160000,0
Unassigned,,AXIOO MAYBOOK HYPE 7 AMD X8 RYZEN 7 6800H 16GB 512GB SSD,0,1,UNIT,7525000,0
Unassigned,,AXIOO MYBOOK 11G N4000 6GB 256GB SSD #,0,1,UNIT,2135000,0
Unassigned,,AXIOO MYBOOK 14E INTEL N4000 4GB SSD 256GB #,0,6,UNIT,2162316.994349,0
Unassigned,,AXIOO MYBOOK HYPE 1 INTEL N4020 4GB 256GB SSD WIN 11,0,5,UNIT,2500000,0
Unassigned,,AXIOO MYBOOK HYPE 1 INTEL N4020 8 GB 256GB SSD WIN 11,0,1,UNIT,2700000,0
Unassigned,,AXIOO MYBOOK HYPE 1 INTEL N4020 8GB 384GB WIN 11,0,1,UNIT,4250000,0
Unassigned,,AXIOO MYBOOK HYPE 3 (G11) Ci3-1125G4 8GB 256GB SSD,0,1,UNIT,4916250,0
Unassigned,,AXIOO MYBOOK HYPE 3 (G11) Ci3-1125G4 8GB 256GB SSD TP,0,1,UNIT,4265000,0
Unassigned,,AXIOO MYBOOK HYPE 5 AMD RYZEN 5 5500U 8 256GB,0,1,UNIT,5045277.777778,0
Unassigned,,AXIOO MYBOOK HYPE 5 AMD X6 RYZEN 5 6600H 16GB 512GB SSD WIN 11,0,1,UNIT,8890000,0
Unassigned,,AXIOO MYBOOK HYPE 5 Ci5 - 1035G1 8GB 512GB SSD,0,1,UNIT,5200000,0
Unassigned,,AXIOO MYBOOK HYPE 7 AMD X7 - 2 AMD RYZEN 7 - 5825U 16GB 512GB SSD,0,1,UNIT,8640000,0
Unassigned,,AXIOO MYBOOK HYPE7 AMD RYZEN 7 5700 16GB 512GB SSD FHD,0,1,UNIT,6500000,0
Unassigned,,AXIOO MYBOOK Z6 Ci3-1215U 8GB 256GB SSD,0,1,UNIT,4645000,0
Unassigned,,AXIOO PONGO 725 INTEL CORE I7 12650H 16GB 512GB SSD RTX 2050 4GB 15.6 FHD WIN 11,0,1,UNIT,9450000,0
Unassigned,,AXIOO PONGO 760 V2 Ci7-13620H 16GB 512GB SSD RTX 4060 8GB WIN 11,0,1,UNIT,15795000,0
Unassigned,,"AXIOO PONGO 775 Intel Core i7-13620H 16GB 512GB SSD RTX 5070 8GB DDR6 15.6"" FHD Win 11",0,0,UNIT,20440000,0
Unassigned,,AXIOO Z6 METAL I3-1215U 8GB 256GB SSD YS,0,1,UNIT,6550000,0
Unassigned,,BACKGROUND FOTO,2,1,PCS,250000,500000
Unassigned,,BALLPOINT BP 7,779,1,PCS,1459,1136561
Unassigned,,BALLPOINT PILOT BALINER BL - 5M HITAM,816,50,PCS,12916.666667,10540000.000272
Unassigned,,BALLPOINT PILOT BALINER BL - 5M MERAH,846,50,PCS,12916.666667,10927500.000281999
Unassigned,,BALLPOINT PILOT BALINER BL5M BIRU,390,50,PCS,12916.666667,5037500.00013
Unassigned,,BALLPOINT SNOWMAN V1,0,2,PACK,17000,0
Unassigned,,BALLPOINT SNOWMAN V1 PCS,3484,100,PCS,1472.222222,5129222.2214480005
Unassigned,,BALLPOINT UNGU SARASA CLIP JJB - 15 GEL PEN 07M,240,1,PCS,13500,3240000
Unassigned,,BANTAL STEMPEL,25,1,PCS,7586.666666,189666.66665
Unassigned,,BARCODE HONEYWELL MK 7120,0,1,UNIT,1777500,0
Unassigned,,BARCODE SCANNER IWARE BS-2100WL 2D WIRELESS BLACK GREY + STAND,0,1,UNIT,784000,0
Unassigned,,BARCODE SCANNER IWARE OS-930 2D USB BLACK,0,1,UNIT,640000,0
Unassigned,,BARREL RJ45 SAMBUNGAN LAN OUTDOOR,78,1,PCS,5500,429000
Unassigned,,BATERAI 1220,10,1,PCS,11958.333333,119583.33333000001
Unassigned,,BATERAI 1616,51,1,PCS,12500,637500
Unassigned,,BATERAI 1632,13,1,BIJI,11500,149500
Unassigned,,BATERAI 2025,14,1,PCS,8000,112000
Unassigned,,BATERAI A 23,22,3,PCS,14891.611175,327615.44585
Unassigned,,BATERAI A 27,63,1,PCS,14801.747464,932510.090232
Unassigned,,BATERAI AA ENELOOP PRO,0,1,PCS,68875,0
Unassigned,,BATERAI ACER  V5 431 (AL12A32),3,1,PCS,202095.811632,606287.434896
Unassigned,,BATERAI ACER 4732Z,0,1,PCS,220000,0
Unassigned,,BATERAI ACER 4741 OR,6,1,PCS,205363.656849,1232181.941094
Unassigned,,BATERAI ACER A314 35 AP16M5J #,1,1,PCS,330000,330000
Unassigned,,BATERAI ACER A514 A515 AP20CBL,2,0,PCS,387500,775000
Unassigned,,BATERAI ACER AC 13C34 OR,0,1,PCS,385000,0
Unassigned,,Baterai ACER Ac14b18j,0,0,PCS,280000,0
Unassigned,,BATERAI ACER AC14B8K,0,1,PCS,360000,0
Unassigned,,BATERAI ACER AL12B32 SLIM,3,1,PCS,285396.825397,856190.4761910001
Unassigned,,BATERAI ACER AL14B18J,1,1,PCS,322500,322500
Unassigned,,BATERAI ACER AP 16M5J ORI,0,1,PCS,480000,0
Unassigned,,BATERAI ACER AP18B18J (A314-33),1,1,PCS,380000,380000
Unassigned,,BATERAI ACER AP18C4K,0,0,PCS,310000,0
Unassigned,,BATERAI ACER AP18C8K,0,1,PCS,420000,0
Unassigned,,BATERAI ACER AP19B8K,2,1,PCS,493333.333333,986666.666666
Unassigned,,BATERAI ACER AP23A8L,0,1,PCS,800000,0
Unassigned,,BATERAI ACER AS07A41,0,1,PCS,210000,0
Unassigned,,BATERAI ACER ASPIRE 5 314 (AP19B8K),2,1,PCS,382500,765000
Unassigned,,BATERAI ACER ASPIRE 5 A314 PS,0,1,PCS,435000,0
Unassigned,,BATERAI ACER ASPIRE 5 A515 - 45 AG,0,1,PCS,360000,0
Unassigned,,BATERAI ACER E5 471 (AL14A32),1,1,PCS,248750,248750
Unassigned,,BATERAI ACER E5 475,0,1,PCS,255000,0
Unassigned,,BATERAI ACER ES1 131 AC14818J / AC14813J,0,1,PCS,370000,0
Unassigned,,BATERAI ACER ES1 432 AS16A8K / AS16A5K,5,0,PCS,220000,1100000
Unassigned,,BATERAI ACER TRAVELMATE AC17A8M,0,0,UNIT,350000,0
Unassigned,,BATERAI ACER Z476,4,1,PCS,266578.41183,1066313.64732
Unassigned,,BATERAI ASUS A13 B31N1911,0,1,PCS,336000,0
Unassigned,,BATERAI ASUS A32 AG,0,1,PCS,220000,0
Unassigned,,BATERAI ASUS A32-1015,0,1,PCS,210000,0
Unassigned,,BATERAI ASUS A32-K / K 53,0,1,PCS,190000,0
Unassigned,,BATERAI ASUS A409,1,0,PCS,259000,259000
Unassigned,,BATERAI ASUS A41-X550A,0,1,PCS,210000,0
Unassigned,,BATERAI ASUS A41N 1421 RH,0,1,PCS,300000,0
Unassigned,,BATERAI ASUS A41N1424,0,1,PCS,310000,0
Unassigned,,BATERAI ASUS A442,2,1,PCS,272500,545000
Unassigned,,BATERAI ASUS A456U,0,1,PCS,275000,0
Unassigned,,BATERAI ASUS B31N1842,0,0,PCS,440000,0
Unassigned,,BATERAI ASUS B31N1912 #,1,1,PCS,310000,310000
Unassigned,,BATERAI ASUS B31N1912 E410,1,1,PCS,360000,360000
Unassigned,,BATERAI ASUS B3IN1911,0,1,PCS,310000,0
Unassigned,,BATERAI ASUS C4INI901,0,1,PCS,560000,0
Unassigned,,BATERAI ASUS E1404F C31N2204,0,1,PCS,550000,0
Unassigned,,BATERAI ASUS K401U,0,1,PCS,400000,0
Unassigned,,BATERAI ASUS UM 431 ZENBOOK,0,1,PCS,520000,0
Unassigned,,BATERAI ASUS X200CA,2,1,PCS,200000,400000
Unassigned,,BATERAI ASUS X201,1,1,PCS,337866.310161,337866.310161
Unassigned,,BATERAI ASUS X456,0,1,PCS,250000,0
Unassigned,,BATERAI ASUS X550,0,1,PCS,230000,0
Unassigned,,BATERAI CAMELION CR2016,101,1,BIJI,4375,441875
Unassigned,,BATERAI CAMERA CANON LP E10,0,1,PCS,110000,0
Unassigned,,BATERAI CAMERA CANON LP E5,0,1,PCS,200000,0
Unassigned,,BATERAI CAMERA CANON LP E8,0,1,PCS,110000,0
Unassigned,,BATERAI CANON LP E12,0,1,PCS,250000,0
Unassigned,,BATERAI CMOS CR2032,23,30,PCS,10500,241500
Unassigned,,BATERAI COMPAQ CQ 42,0,1,PCS,245000,0
Unassigned,,BATERAI CR1620,94,1,PCS,12224.551495,1149107.84053
Unassigned,,BATERAI CR2016,44,1,PCS,8125,357500
Unassigned,,BATERAI DELL 10DXOR,0,1,PCS,550000,0
Unassigned,,BATERAI DELL INSP 13-7000,0,1,PCS,430000,0
Unassigned,,BATERAI DELL YRDD6,0,1,PCS,315000,0
Unassigned,,BATERAI DRONE MAVIC 2 PRO,0,1,PCS,1715000,0
Unassigned,,BATERAI ENELOOP AAA,0,0,PCS,55000,0
Unassigned,,BATERAI ENELOOP PRO AAA 950MAH BP4,2,0,BIJI,60000,120000
Unassigned,,BATERAI EVEREADY / CAMELION 9V,44,5,PCS,12593.107176,554096.7157439999
Unassigned,,BATERAI HP 14-CE HT03XL AG,3,1,PCS,263206.21142,789618.63426
Unassigned,,BATERAI HP AD03XL YK,0,1,PCS,500000,0
Unassigned,,BATERAI HP COMPAQ CQ 42,0,1,PCS,245000,0
Unassigned,,BATERAI HP HS 04 BM,0,1,PCS,270000,0
Unassigned,,BATERAI HP JC 04 ORI,2,1,PCS,200000,400000
Unassigned,,BATERAI HP JC C4,0,1,PCS,225000,0
Unassigned,,BATERAI HP PAVILION 14-AF,0,1,PCS,200000,0
Unassigned,,BATERAI HP PAVILION 14-D,0,1,PCS,190000,0
Unassigned,,BATERAI HP TX 03 XL,3,1,PCS,355555.555555,1066666.6666650001
Unassigned,,BATERAI HP X360 14-M,0,1,PCS,340000,0
Unassigned,,BATERAI LAPTOP ACER 725 SLIM (AL121332),0,1,PCS,235000,0
Unassigned,,BATERAI LAPTOP ACER AL14 31P,0,1,PCS,455200,0
Unassigned,,BATERAI LAPTOP ACER AP 18 C4K,1,1,PCS,430000,430000
Unassigned,,BATERAI LAPTOP ACER AP16M5J ACER A314,0,1,PCS,300000,0
Unassigned,,BATERAI LAPTOP ACER D260 AL10B31,0,1,PCS,280000,0
Unassigned,,BATERAI LAPTOP ACER E5 - 473 (AL15A32),0,1,PCS,250000,0
Unassigned,,BATERAI LAPTOP ACER L1410,0,1,PCS,455000,0
Unassigned,,BATERAI LAPTOP ACER N100,0,1,PCS,420000,0
Unassigned,,BATERAI LAPTOP ACER V5-122 (AC13C34),4,1,PCS,333721.805128,1334887.220512
Unassigned,,BATERAI LAPTOP ACER Z1401 #,0,1,PCS,300000,0
Unassigned,,BATERAI LAPTOP ACER Z1402,4,1,PCS,247983.258929,991933.035716
Unassigned,,BATERAI LAPTOP ASUS A32 K53 PS,0,1,PCS,240000,0
Unassigned,,BATERAI LAPTOP ASUS A407,0,1,PCS,220000,0
Unassigned,,BATERAI LAPTOP ASUS A412D,0,1,PCS,305000,0
Unassigned,,BATERAI LAPTOP ASUS A416,0,1,PCS,370000,0
Unassigned,,BATERAI LAPTOP ASUS A454W,0,1,PCS,265000,0
Unassigned,,BATERAI LAPTOP ASUS B21N1505-1,0,1,PCS,440000,0
Unassigned,,BATERAI LAPTOP ASUS C3INI905,0,1,PCS,500000,0
Unassigned,,BATERAI LAPTOP ASUS E203,0,1,PCS,450000,0
Unassigned,,BATERAI LAPTOP ASUS E410M,0,1,PCS,360000,0
Unassigned,,BATERAI LAPTOP ASUS P1412 C21N1818,1,1,PCS,350000,350000
Unassigned,,BATERAI LAPTOP ASUS X441,1,1,PCS,200000,200000
Unassigned,,BATERAI LAPTOP ASUS X450,0,1,PCS,285000,0
Unassigned,,BATERAI LAPTOP ASUS X451,0,1,PCS,190000,0
Unassigned,,BATERAI LAPTOP ASUS X453,3,1,PCS,109250,327750
Unassigned,,BATERAI LAPTOP ASUS X550E,0,1,PCS,225000,0
Unassigned,,BATERAI LAPTOP AXIOO 14F,0,1,PCS,220000,0
Unassigned,,BATERAI LAPTOP DELL INSP 13 700 BG,0,1,PCS,425000,0
Unassigned,,BATERAI LAPTOP DELL INSP 15-5568 AG,0,1,PCS,326239.23445,0
Unassigned,,BATERAI LAPTOP HP CQ 42,1,1,PCS,212000,212000
Unassigned,,BATERAI LAPTOP HP PAVILION 14-AF (HS04),0,1,PCS,210000,0
Unassigned,,BATERAI LAPTOP HP PAVILION 14-D (OA04),0,1,PCS,190000,0
Unassigned,,BATERAI LAPTOP HP PAVILION 14-N AG,0,1,PCS,285000,0
Unassigned,,BATERAI LAPTOP LENOVO 100-80QQ L15M4A01 AS,0,1,PCS,390000,0
Unassigned,,BATERAI LAPTOP LENOVO 110 - 141BR PS,0,1,PCS,370000,0
Unassigned,,BATERAI LAPTOP LENOVO 320 AG,0,1,PCS,380000,0
Unassigned,,BATERAI LAPTOP LENOVO G40,0,1,PCS,290000,0
Unassigned,,BATERAI LAPTOP LENOVO G400S,0,1,PCS,227437.5,0
Unassigned,,BATERAI LAPTOP LENOVO G41 - 35,0,1,PCS,265000,0
Unassigned,,BATERAI LAPTOP LENOVO L12M4E01,0,1,PCS,330000,0
Unassigned,,BATERAI LAPTOP MSI BTY - M6K,0,1,PCS,375000,0
Unassigned,,BATERAI LAPTOP SONY BPS 35,0,0,PCS,205000,0
Unassigned,,BATERAI LAPTOP SONY BPS26,0,1,PCS,435000,0
Unassigned,,BATERAI LAPTOP TOSHIBA L40,0,1,PCS,330000,0
Unassigned,,BATERAI LAPTOP TOSHIBA PA 5185 U,0,1,PCS,300000,0
Unassigned,,BATERAI LAPTOP TOSHIBA PA5107U,0,1,PCS,363000,0
Unassigned,,BATERAI LAPTOP TOSHIBA PA5184U,0,1,PCS,220000,0
Unassigned,,BATERAI LENOVO 100 14IBD L15L4401,0,1,PCS,300000,0
Unassigned,,BATERAI LENOVO 100 15IBYD,1,1,PCS,270000,270000
Unassigned,,BATERAI LENOVO 45N1754/55 NW,0,1,PCS,385000,0
Unassigned,,BATERAI LENOVO 470 LS,0,1,PCS,385000,0
Unassigned,,BATERAI LENOVO AL12L4E01,1,1,PCS,292500,292500
Unassigned,,BATERAI LENOVO B40-45 AJ,0,1,PCS,265000,0
Unassigned,,BATERAI LENOVO B41 HRS,0,1,PCS,300000,0
Unassigned,,BATERAI LENOVO G430 AG,0,0,PCS,390000,0
Unassigned,,BATERAI LENOVO IDEAPAD 110-14IBR,0,1,UNIT,325000,0
Unassigned,,BATERAI LENOVO L12 L4E01,0,1,PCS,320000,0
Unassigned,,BATERAI LENOVO L14M3P21 PS,0,1,PCS,470000,0
Unassigned,,BATERAI LENOVO L15L3A02,0,0,PCS,370000,0
Unassigned,,BATERAI LENOVO L15S4A02,0,1,PCS,390000,0
Unassigned,,BATERAI LENOVO L16L2PB3 NW,1,1,PCS,400000,400000
Unassigned,,BATERAI LENOVO L17C2PB1 PS,0,1,PCS,430000,0
Unassigned,,BATERAI LENOVO L17L2PBI,0,1,PCS,300000,0
Unassigned,,BATERAI LENOVO L18C4PF3,1,0,PCS,400000,400000
Unassigned,,BATERAI LENOVO L19M3PD6@,1,1,PCS,360000,360000
Unassigned,,BATERAI LENOVO LI6L2PB3,0,1,PCS,400000,0
Unassigned,,BATERAI LENOVO S110,0,1,PCS,220000,0
Unassigned,,BATERAI LENOVO T430I,0,1,PCS,360000,0
Unassigned,,BATERAI LENOVO X240 AG,0,1,PCS,310000,0
Unassigned,,BATERAI LENOVO X240 K2450,0,1,Buah,385000,0
Unassigned,,BATERAI PANASONIC / ABC ALKALINE AAA,48,10,PCS,4000,192000
Unassigned,,BATERAI PANASONIC / ENR POWER/ ABC  ALKALINE AA,49,10,PCS,4000,196000
Unassigned,,BATERAI PANASONIC ENELOOP,0,1,PCS,65000,0
Unassigned,,BATERAI PANASONIC ENELOOP AA,0,0,Buah,65000,0
Unassigned,,BATERAI PANASONIC PRIMA / EVR MERAH AAA,65,10,PCS,2380,154700
Unassigned,,BATERAI SONY BPS22 BLACK,1,1,PCS,470000,470000
Unassigned,,BATERAI SONY NP FN - 50,0,1,PCS,920000,0
Unassigned,,BATERAI TOSHIBA C40 PA5109U,0,1,PCS,190000,0
Unassigned,,BATERAI TOSHIBA C640 OR (PA3817U),1,1,PCS,210000,210000
Unassigned,,BATERAI TOSHIBA PA 5107 TANAM,1,0,PCS,300000,300000
Unassigned,,BATERAI TOSHIBA PA3634,0,1,PCS,220000,0
Unassigned,,BATERAI TOSHIBA PA5024U (C800),2,1,PCS,211250,422500
Unassigned,,BATERAI UPS 12V 7 AH KIJO,1,2,PCS,150000,150000
Unassigned,,BATERAI UPS CENTRO 12V 7AH,0,1,UNIT,147500,0
Unassigned,,BATERAI UPS KENIKA 12V/7.0 AH,0,1,PCS,159814.814815,0
Unassigned,,BATERAI UPS OVO 12V/7.5AH,10,1,PCS,155000,1550000
Unassigned,,BATERAI UPS SANURPRO 12V 7 AH,0,1,PCS,152000,0
Unassigned,,BATERAI UPS VOZ 12V / 7.2 AH,0,1,PCS,167500,0
Unassigned,,BATOK KEPALA CHARGER JETE E11 20W,0,0,PCS,84900,0
Unassigned,,BATOK TC JETE E11 20W USB + C,1,1,PCS,84900,84900
Unassigned,,BATOK TC JETE E11 35W USB + C,0,1,PCS,119900,0
Unassigned,,BERRY LAKBAN HITAM 36 X 12M,58,1,PCS,7857,455706
Unassigned,,BINDER CLIP NO. 111,0,10,KOTAK,5000,0
Unassigned,,BINDER CLIP NO. 200,133,20,KOTAK,8510.416667,1131885.416711
Unassigned,,BINDER CLIP NO. 260,1,1,KOTAK,13167.127072,13167.127072
Unassigned,,BINGKAI FOTO 10R,21,10,PCS,18684.923211,392383.387431
Unassigned,,BINGKAI FOTO 12R,20,1,PCS,17000,340000
Unassigned,,BINGKAI FOTO 20X30 (10R JUMBO),1273,30,PCS,16507.715076,21014321.291748002
Unassigned,,BINGKAI FOTO 30X45 (12R JUMBO),10,5,PCS,27247.516583,272475.16583
Unassigned,,BINGKAI FOTO PLASTIK STAR ONE,7,1,PCS,14000,98000
Unassigned,,BLUEPRINT CANON BLACK (100ML),137,450,PCS,38000,5206000
Unassigned,,BLUEPRINT CANON CYAN (100ML),304,250,PCS,37576.01553,11423108.72112
Unassigned,,BLUEPRINT CANON KOTAK  WARNA ( SUNTIK ),245,100,PCS,24196.53994,5928152.2853
Unassigned,,BLUEPRINT CANON KOTAK HITAM ( SUNTIK ),369,100,PCS,24321.232054,8974534.627926
Unassigned,,BLUEPRINT CANON MAGENTA (100ML),414,250,PCS,37381.662847,15476008.418658
Unassigned,,BLUEPRINT CANON YELLOW (100ML),294,250,PCS,37638.328189,11065668.487566
Unassigned,,BLUEPRINT CASH DRAWER 405X420X88/100MM,0,1,PCS,407000,0
Unassigned,,BLUEPRINT CASH DRAWER 405X420X98/112MM,1,1,UNIT,445000,445000
Unassigned,,BLUEPRINT CATRIDGE TONER 12 A,6,3,PCS,360000,2160000
Unassigned,,BLUEPRINT CATRIDGE TONER 12A,8,1,UNIT,355000,2840000
Unassigned,,BLUEPRINT CATRIDGE TONER 17A,9,1,PCS,355000,3195000
Unassigned,,BLUEPRINT CATRIDGE TONER 283A,8,5,PCS,355000,2840000
Unassigned,,BLUEPRINT CATRIDGE TONER 35A,16,1,PCS,370000,5920000
Unassigned,,BLUEPRINT CATRIDGE TONER HP 285A,32,35,PCS,349996.515333,11199888.490656
Unassigned,,BLUEPRINT DOUBLE SIDED PHOTO PAPER,36,1,PCS,30013.392857,1080482.142852
Unassigned,,BLUEPRINT EPSON BLACK (100ML),76,20,PCS,35000,2660000
Unassigned,,BLUEPRINT EPSON CYAN (100ML),139,10,PCS,35000,4865000
Unassigned,,BLUEPRINT EPSON MAGENTA (100ML),99,5,PCS,35000,3465000
Unassigned,,BLUEPRINT EPSON YELLOW (100ML),160,20,PCS,35000,5600000
Unassigned,,BLUEPRINT HP BLACK,9,1,PCS,35000,315000
Unassigned,,BLUEPRINT HP CYAN,3,1,PCS,35000,105000
Unassigned,,BLUEPRINT HP MAGENTA,5,1,PCS,35000,175000
Unassigned,,BLUEPRINT HP YELLOW,3,1,PCS,35000,105000
Unassigned,,BLUEPRINT KERTAS FOTO A3,12,1,PCS,43997.367266,527968.407192
Unassigned,,BLUEPRINT KERTAS FOTO MATAHARI 230GR,0,160,PCS,22499.879782,0
Unassigned,,BLUEPRINT KERTAS FOTO SILKY,0,1,PCS,50000,0
Unassigned,,BLUEPRINT KERTAS FOTO STIKER A4,227,200,PCS,24500.001005,5561500.228135
Unassigned,,BLUEPRINT KERTAS FOTO TULIP 230 GSM,43,1,PCS,22500,967500
Unassigned,,BLUEPRINT KERTAS INKJET PAPER ( ISI 50 ),64,1,PCS,21509.117049,1376583.491136
Unassigned,,BLUEPRINT KERTAS SUBLIM,78,5,PCS,37500,2925000
Unassigned,,BLUEPRINT KERTAS THERMAL 80 X 40,359,200,PCS,4030,1446770
Unassigned,,BLUEPRINT PLASTIK LAMINATING A4,43,20,PCS,74000,3182000
Unassigned,,BLUEPRINT PRINTABLE CARD (KERTAS ID CARD),274,150,PCS,43785.275732,11997165.550568001
Unassigned,,BLUEPRINT PRINTER A300,0,1,UNIT,1670000,0
Unassigned,,BLUEPRINT PRINTER ECO BP-ECO58 (BATERAI),15,5,UNIT,325276.469874,4879147.04811
Unassigned,,BLUEPRINT PRINTER LITE 58X,0,1,UNIT,258000,0
Unassigned,,BLUEPRINT PRINTER LITE DEKSTOP USB - LITE80L,3,1,UNIT,815487.911111,2446463.733333
Unassigned,,BLUEPRINT PRINTER LITE TMU58D BLUETOOTH,0,5,UNIT,306520,0
Unassigned,,BLUEPRINT PRINTER LITE80X,0,1,UNIT,739000,0
Unassigned,,BLUEPRINT PRINTER TMU80,0,1,UNIT,1000000,0
Unassigned,,BLUEPRINT SCANNER BARCODE 2D,0,1,UNIT,253000,0
Unassigned,,BLUEPRINT SCANNER BARCODE BP UC200 2D,1,1,PCS,490000,490000
Unassigned,,BLUEPRINT SCANNER BARCODE OMNI,1,2,PCS,665000,665000
Unassigned,,BLUEPRINT SCANNER BARCODE WIRELESS TC100,0,1,UNIT,410000,0
Unassigned,,BLUEPRINT STARTER PACK 4 WARNA CANON ( SUNTIK ),80,10,PCS,24006.16526,1920493.2208000002
Unassigned,,BLUEPRINT STIKER FOTO GLOSSY LITE A4 105 GSM,369,1,PCS,15072.857143,5561884.285767
Unassigned,,BLUEPRINT TINTA CANON  250ML BLACK,5,2,PCS,58000,290000
Unassigned,,BLUEPRINT TINTA CANON 250ML CYAN,2,1,PCS,57500,115000
Unassigned,,BLUEPRINT TINTA CANON 250ML MAGENTA,1,1,PCS,57500,57500
Unassigned,,BLUEPRINT TINTA CANON 250ML YELLOW,0,1,PCS,57500,0
Unassigned,,BLUEPRINT TRANSFER PAPER DASAR HITAM,150,40,PCS,57500,8625000
Unassigned,,BLUEPRINT TRANSFER PAPER DASAR PUTIH,212,30,PCS,35351.190476,7494452.380912
Unassigned,,BLUEPRINT TRANSPARANT FILM STIKER WATER RESISTANT A4,71,50,PCS,30279.097679,2149815.935209
Unassigned,,BLUEPRINT TRANSPARENT FILM CLEAR,141,5,PCS,37279.735683,5256442.731303
Unassigned,,BLUEPRINT TRANSPARENT FILM STIKER,0,1,PCS,25510.233918,0
Unassigned,,BOLA BASKET,0,1,PCS,350000,0
Unassigned,,BOX FILE KERANJANG,65,1,PCS,10000,650000
Unassigned,,BRACKET STANDING TV BESAR,0,0,PCS,1350000,0
Unassigned,,BRAKET EZVIZ,0,1,PCS,120500,0
Unassigned,,BRAKET GANTUNG PROJECTOR,1,5,PCS,75000,75000
Unassigned,,BRAKET MONITOR,0,1,PCS,70000,0
Unassigned,,BRAKET SPEAKER BS 403F,0,1,PCS,250000,0
Unassigned,,BRAKET STAND ST65F YR,1,1,UNIT,1350000,1350000
Unassigned,,BRAKET STANDING G 100,3,1,PCS,3950000,11850000
Unassigned,,BRAKET STANDING TV,0,1,UNIT,978820,0
Unassigned,,"BRAKET TV 43""",58,1,PCS,39301.587302,2279492.063516
Unassigned,,BRANKAS 60 * 45 * 37 CM,0,1,PCS,2450000,0
Unassigned,,BRANKAS A1 KUNCI LN,0,1,UNIT,3850000,0
Unassigned,,BRANKAS A2 45 * 52 * 74 LN,0,1,UNIT,3870000,0
Unassigned,,BRANKAS NASIONAL A1,2,1,UNIT,2895833.333333,5791666.666666
Unassigned,,BROTHER DCP L2540 DW,0,1,PCS,2980000,0
Unassigned,,BROTHER DCP L2540 DW TP,0,0,PCS,3010000,0
Unassigned,,BROTHER SCANNER ADS 3100,0,1,UNIT,5450000,0
Unassigned,,BROTHER TONER TN269 BLACK ASA,0,1,PCS,870000,0
Unassigned,,BROTHER TONER TN269 CYAN ASA,0,1,PCS,878000,0
Unassigned,,BROTHER TONER TN269 MAGENTA ASA,0,1,PCS,878000,0
Unassigned,,BROTHER TONER TN269 YELLOW ASA,0,1,PCS,878000,0
Unassigned,,BUFFALO HIJAU TUA (NO 6),151,35,PCS,22524.072051,3401134.8797009997
Unassigned,,BUKU HARD COVER FOLIO (ISI 100),35,10,PCS,13821.67678,483758.6873
Unassigned,,BUKU HARD COVER ISI 100 OKTAVO,268,1,PCS,4566.8,1223902.4000000001
Unassigned,,BUKU HARD COVER OKTAVO ISI 200,81,1,PCS,7452.704,603669.024
Unassigned,,BUUFFALO MERAH MUDA,15,5,PCS,22000,330000
Unassigned,,CALCULATOR CASIO DH-20 BK / WE,0,3,PCS,125000,0
Unassigned,,CALCULATOR CASIO GX-120B,0,1,PCS,140000,0
Unassigned,,CALCULATOR CASIO GX-14B-W-DC,1,3,PCS,165000,165000
Unassigned,,CALCULATOR CASIO GX-16B,0,3,PCS,190000,0
Unassigned,,CALCULATOR JOYCO CC-11A,0,1,PCS,45300,0
Unassigned,,CALCULATOR JOYCO CC-31,0,3,PCS,70431.818182,0
Unassigned,,CALCULATOR JOYCO DTC 1313 CH,1,3,PCS,38475,38475
Unassigned,,CAM CCTV DAHUA DH - IPC - HDW1439T1 - A - LED INDOOR,0,1,PCS,965000,0
Unassigned,,CAM CCTV DAHUA DH - IPC - HFW1439S1 - A - LED OUTDOOR,0,1,PCS,965000,0
Unassigned,,CAM CCTV EZVIZ C6N #,15,20,UNIT,348000,5220000
Unassigned,,CAM CCTV EZVIZ C6N 3MP 2K,0,1,PCS,363000,0
Unassigned,,CAM CCTV EZVIZ C8W,0,1,UNIT,1215000,0
Unassigned,,CAM CCTV EZVIZ H7C DUAL 2K + DUAL LENS PAN WIFI,0,1,UNIT,635000,0
Unassigned,,CAM CCTV EZVIZ OUTDOOR H8C #,10,15,UNIT,566428.571429,5664285.7142900005
Unassigned,,CAM CCTV HIK DS 2CE16D0T,0,1,PCS,245000,0
Unassigned,,CAM CCTV HIK DS-2CE16HOT-ITPF EXIR BULLET,0,1,PCS,390000,0
Unassigned,,CAM CCTV HIK DS-2CE56HOT-ITPF DOME,0,1,PCS,380000,0
Unassigned,,CAM DAHUA DH HAC HFW1509TLMP - IL - A OUTDOOR,0,3,PCS,575000,0
Unassigned,,CAM DAHUA INDOOR 1240T MIC,13,1,PCS,244285.714286,3175714.285718
Unassigned,,CAM DAHUA OUTDOOR 1240P MIC,4,1,PCS,260000,1040000
Unassigned,,CAM DVR DAHUA  XVR1B16H 16CH 5MP,0,1,UNIT,2150000,0
Unassigned,,CAM EZVIZ OUTDOOR C8C 2MP,7,1,UNIT,560000,3920000
Unassigned,,CAM EZVIZ OUTDOOR H9C DUAL LENS 3 + 3MP,0,1,UNIT,1110000,0
Unassigned,,CAM HIK 2MP INDOOR,6,1,PCS,320000,1920000
Unassigned,,CAM HIK 2MP OUTDOOR,6,1,PCS,345000,2070000
Unassigned,,CAM IP LITE DOME 1080P HIKVISION,0,1,PCS,445000,0
Unassigned,,CAM IP LITE OUT 1080P HIKVISION,0,1,PCS,460000,0
Unassigned,,CAMEL TRANSPARANT ISI 100,47,5,PCS,55750,2620250
Unassigned,,CAMERA CANON 1500D,0,1,UNIT,7000000,0
Unassigned,,CAMERA CANON 4000D,0,2,PCS,4180000,0
Unassigned,,CAMERA CANON EOS 3000D 18-55MM III RSM,0,1,UNIT,6670000,0
Unassigned,,CAMERA CANON EOS RP 24 - 105,0,1,UNIT,15000000,0
Unassigned,,CAMERA CANON EOS RP BODY,0,1,UNIT,14196000,0
Unassigned,,CAMERA CANON M100 BLACK,0,1,UNIT,4850000,0
Unassigned,,CAMERA CANON M100 WHITE,0,1,UNIT,5250000,0
Unassigned,,CAMERA CANON M200,0,1,UNIT,7800000,0
Unassigned,,CAMERA CANON M50 KIT 15-45,0,1,UNIT,10670000,0
Unassigned,,CAMERA CANON M50 MARK ii KIT,0,1,UNIT,12335000,0
Unassigned,,CAMERA CANON SX430 IS,0,1,PCS,2970000,0
Unassigned,,CAMERA CCTV DAHUA DH-HAC-B1A29P FULL COLOUR OUTDOOR,0,1,PCS,295000,0
Unassigned,,CAMERA CCTV DAHUA DH-HAC-HDW1239TP COLOURFULL INDOOR MIC,0,1,PCS,450000,0
Unassigned,,CAMERA CCTV DAHUA DH-HAC-T1A29P FULL COLOUR INDOOR,0,1,PCS,230000,0
Unassigned,,CAMERA CCTV HIK DS-2CE160T 2MP OUTDOOR,0,1,PCS,265000,0
Unassigned,,CAMERA CCTV HIK DS-2CE76D0T INDOOR,0,1,PCS,250000,0
Unassigned,,CAMERA EZVIZ CS H8C 4MP R100,0,1,UNIT,635000,0
Unassigned,,CAMERA FUJIFILM XT200 KIT 15 - 45 MM,0,1,UNIT,8650000,0
Unassigned,,CAMERA FUJIFILM XT30 KIT 18 - 55,0,1,UNIT,16370000,0
Unassigned,,CAMERA INSTA 360 CAM X3,1,1,UNIT,7050000,7050000
Unassigned,,CAMERA LOGITECH PTZ PRO 2,0,1,UNIT,9750000,0
Unassigned,,CAMERA NIKON D7500,0,1,UNIT,14040000,0
Unassigned,,CAMERA PANASONIC DSLR LUMIX DMC - G7 KIT,0,1,UNIT,8300000,0
Unassigned,,CAMERA SONY A6400 KIT,0,1,UNIT,11720000,0
Unassigned,,CAMERA SONY A7 MARK III KIT 28-70MM,0,0,PCS,23635000,0
Unassigned,,CAMERA SONY A7 MARK IV KIT 28-70MM,0,0,PCS,32600000,0
Unassigned,,CAMERA SONY A7 MK2 KIT,0,1,UNIT,14500000,0
Unassigned,,CAMERA SONY ALPHA  A7 M4K (KIT 2870),0,1,UNIT,33936000,0
Unassigned,,CAMERA SONY ALPHA A7M3 BO,0,1,UNIT,21412000,0
Unassigned,,CAMERA SONY H300,0,1,UNIT,2098000,0
Unassigned,,CAMERA SONY ZV E10 KIT 15 - 50,0,1,UNIT,9945000,0
Unassigned,,CANON EOS R100 KIT 18 - 45,1,1,UNIT,8500000,8500000
Unassigned,,CANON EOS R50 S18 - 45MM F4.5-6.3 IS STM,0,1,UNIT,10090000,0
Unassigned,,CANON GI 71 40ML CYAN,0,1,PCS,38666.666667,0
Unassigned,,CANON GI 71 40ML MAGENTA,0,1,PCS,38666.666667,0
Unassigned,,CANON GI 71 40ML YELLOW,0,1,PCS,38666.666667,0
Unassigned,,CANON RF 50MM F1.8 STM,0,1,PCS,2860000,0
Unassigned,,CAR AMPLIFIER 25W (DC) W/SIRINE + MIC,0,1,PCS,1018980,0
Unassigned,,CARD READER 1 SLOT,124,20,PCS,4120.241676,510909.96782399993
Unassigned,,CARD READER 4 SLOT PUTAR,35,20,PCS,5500,192500
Unassigned,,CARD READER 6 SLOT,1,3,PCS,25000,25000
Unassigned,,CARD READER 6 SLOT DATAFAST,22,1,PCS,26005.194805,572114.28571
Unassigned,,CARD READER 6 SLOT MTECH,2,1,PCS,29000,58000
Unassigned,,CARD READER 6 SLOT NYK,0,1,PCS,106000,0
Unassigned,,CARD READER 6 SLOT NYK C2-08 MR,3,2,PCS,56000,168000
Unassigned,,CARD READER LEXAR RW 310 DUAL SLOT,1,1,PCS,105000,105000
Unassigned,,CARD READER REXUS RXC-208 Alumunium - 6 slot,0,1,PCS,46000,0
Unassigned,,CARD READER REXUS RXC-308 USB V 3.0 - 6 SLOT,0,1,PCS,85000,0
Unassigned,,CARD READER ROBOT CR2025 USB C and USB 3.0,0,1,PCS,90000,0
Unassigned,,CARD READER UGREEN 30333 4 IN 1 USB 3.0,3,1,PCS,135666.666667,407000.000001
Unassigned,,CARD READER UGREEN 50706 2 IN 1 USB 3.0,2,1,PCS,105000,210000
Unassigned,,CARD READER VENTION 2 in 1 OTG 3.0 SD CARD,2,1,PCS,108000,216000
Unassigned,,CASE SSD EXTERNAL USB 3.0 TO M2 SATA,0,1,PCS,88000,0
Unassigned,,CASE SSD UGREEN 10902 TYPE C TO M.2 PCIE NVME,1,1,PCS,225000,225000
Unassigned,,CASE SSD UGREEN 10903 TYPE C TO M.2,0,1,PCS,155000,0
Unassigned,,"CASH DRAWER IWARE CD408 40CM X 43CM X 10CM (RJ11) 7 SLOT UANG KERTAS, 3 SLOT UANG KOIN",0,1,PCS,385000,0
Unassigned,,CASH DRAWER IWARE UL400 48CM X 49CM X 16CM 6 SLOT UANG KERTAS,0,1,PCS,390000,0
Unassigned,,CASING AEROCOOL CS 107 V2,0,1,PCS,375000,0
Unassigned,,CASING ALCATROZ ULTIMA U3 USB 3.0,4,1,PCS,300000,1200000
Unassigned,,CASING ARMAGEDDON NIMITZ TR 1100,0,1,PCS,400000,0
Unassigned,,CASING ARMAGEDON V1X BLACK (NON PSU),0,1,PCS,300000,0
Unassigned,,CASING ARMAGGEDDON TRITON PRO 200,0,1,UNIT,443000,0
Unassigned,,CASING ASUS GAMING GX601 ROG SRIX HELIOS BK,0,1,UNIT,4600000,0
Unassigned,,CASING AVARIS LP SERIES,5,1,PCS,252500,1262500
Unassigned,,CASING CPU MAGIX GAMING SERIES,2,1,PCS,255305.889839,510611.779678
Unassigned,,CASING CPU VARRO,0,1,PCS,230000,0
Unassigned,,CASING CPU VIPER G BLACK,1,1,PCS,300000,300000
Unassigned,,CASING CPU VIPER G PUTIH,1,1,PCS,310000,310000
Unassigned,,CASING DARKFLASH C285-B ATX BLACK,0,1,UNIT,650000,0
Unassigned,,CASING ENLIGHT EN-200,0,1,PCS,315000,0
Unassigned,,CASING ENLIGHT Z8 TEMPERED GLASS #,0,1,PCS,480000,0
Unassigned,,CASING GAMEN GCS100,0,1,PCS,345000,0
Unassigned,,CASING HD SSD NVME ORICO,1,1,PCS,183000,183000
Unassigned,,"CASING HDD 2,5 BIASA",195,150,PCS,31497.887645,6142088.090775
Unassigned,,"CASING HDD 2,5"" SAMSUNG",0,5,PCS,50000,0
Unassigned,,"CASING HDD 2,5"" TRANSPARAN 3.0",117,80,PCS,45211.42941,5289737.24097
Unassigned,,"CASING HDD 3,5",36,1,PCS,118490.519697,4265658.709092
Unassigned,,CASING HDD ORION RGB SATA,9,1,PCS,65000,585000
Unassigned,,CASING HDD SAMSUNG NW,2,1,PCS,68000,136000
Unassigned,,CASING HDD VOXY H301 TRANSPARANT,80,1,PCS,40000,3200000
Unassigned,,CASING INFINITY FLASH V2 BLACK,0,1,PCS,395000,0
Unassigned,,CASING INFINITY NEBULA V.4,0,1,UNIT,430000,0
Unassigned,,CASING INFINITY NEBULA V5 BLACK,0,1,UNIT,410000,0
Unassigned,,CASING INFINITY NEBULA V7,0,1,PCS,325000,0
Unassigned,,"Casing INFINITY NEBULA V7 ATX, M-ATX,Mini-ITX BLACK (Non Psu) include 3 Fan",0,1,PCS,390000,0
Unassigned,,CASING INFINITY NOIR TEMPERED GLASS,0,1,PCS,300000,0
Unassigned,,CASING INFINITY PRIME,0,1,PCS,360000,0
Unassigned,,CASING INFINITY VESTA V2 INCLUD 4 FAN,0,0,PCS,510000,0
Unassigned,,CASING JOYFLASH,0,1,PCS,232500,0
Unassigned,,CASING MONTECH X2 MESH,0,1,PCS,540000,0
Unassigned,,CASING MSI GUNGNIR 110R,0,1,PCS,1315000,0
Unassigned,,CASING MSI VAMPIRIC 100L,0,1,PCS,565000,0
Unassigned,,CASING MSI VAMPIRIC101R,0,1,PCS,740000,0
Unassigned,,CASING NEMESIS PALLAS T59,0,1,UNIT,380000,0
Unassigned,,CASING NEW PREDATOR AB SERIES,0,1,PCS,230000,0
Unassigned,,CASING NYK NEMESIS ARKAIS - T55,1,1,PCS,325000,325000
Unassigned,,CASING PARADOX BLACK BURN,0,1,PCS,445000,0
Unassigned,,CASING PARADOX DRAGON LAYER,0,1,PCS,380000,0
Unassigned,,CASING PARADOX GAMING ANTARTICA,0,1,PCS,555000,0
Unassigned,,CASING PARADOX GAMING ASHURA WHITE,0,1,UNIT,455000,0
Unassigned,,CASING PARADOX GAMING BELIAL,0,1,PCS,415000,0
Unassigned,,CASING PARADOX GAMING BELIAL WHITE,0,1,PCS,500000,0
Unassigned,,CASING PARADOX GAMING GALASHIELS,0,1,UNIT,380000,0
Unassigned,,CASING PARADOX GAMING HEATH,0,1,PCS,430000,0
Unassigned,,CASING PARADOX GAMING LUXY V100,0,1,PCS,330000,0
Unassigned,,CASING PARADOX Gaming MASAMUNE Preinstalled 3 x 120mm,0,1,PCS,510000,0
Unassigned,,CASING PARADOX GAMING PAINE,0,1,UNIT,450000,0
Unassigned,,CASING PARADOX GAMING YAMATO BLACK,0,1,UNIT,445000,0
Unassigned,,CASING PC COOLER PLATINUM LM3000W ARGB,0,1,UNIT,450000,0
Unassigned,,CASING PC COOLER PLATINUM LM300G ARGB GREY,0,1,PCS,480000,0
Unassigned,,CASING PC COOLER PLATINUM MM200 MESH BLACK,0,1,UNIT,385000,0
Unassigned,,CASING PC COOLER PLATINUM MM200W MESH WHITE,0,1,PCS,410000,0
Unassigned,,CASING PC DEEPCOOL MATREXX 50 ADD RGB 4 FAN (NON PSU),0,1,PCS,795000,0
Unassigned,,CASING PC INFINITY NEBULA V.2,0,1,UNIT,384000,0
Unassigned,,CASING PC POWER MAX 2.0,6,1,PCS,245000,1470000
Unassigned,,CASING PC POWER MAX 3.0,21,1,PCS,280000,5880000
Unassigned,,CASING PC SIMBADDA SIM V,7,15,PCS,351686.390533,2461804.7337309998
Unassigned,,CASING PC VENOM ZERO SKY ARGB,0,1,PCS,403000,0
Unassigned,,CASING SIMBADDA ATK 680 / 685,0,15,UNIT,275000,0
Unassigned,,CASING SIMBADDA GAMING BATTLEGROUND 13,0,1,PCS,325000,0
Unassigned,,CASING SSD DATAFAST DUAL MODE NGFF & NVME,0,1,PCS,145000,0
Unassigned,,CASING SSD DATAFAST M2 NGFF,0,1,PCS,60000,0
Unassigned,,CASING SSD DATAFAST NMVE,6,1,PCS,80571.428571,483428.571426
Unassigned,,CASING SSD EXTERNAL USB 3.0 M2 SATA,0,1,PCS,90000,0
Unassigned,,CASING SSD ORICO HM2-G2-BK-BP NVME M.2 SSD,0,1,PCS,302000,0
Unassigned,,CASING SSD VOXY DUAL MODE NGFF & NVME,8,1,PCS,125000,1000000
Unassigned,,CASING VENOM BALDUR ALPHA,0,1,PCS,520000,0
Unassigned,,CASING VENOM MARS 3 FAN,0,1,PCS,335000,0
Unassigned,,CASING VENOM RHAEGAL,0,1,PCS,380000,0
Unassigned,,CASING VENOM RX ARASAKA,0,1,PCS,375000,0
Unassigned,,CASING VENOM RX DAEMON S9,0,1,PCS,545000,0
Unassigned,,CASING VENOM RX DRAGON MAX,0,1,PCS,545000,0
Unassigned,,CASING VENOM RX ELDEN ARGB WHITE,0,1,UNIT,510000,0
Unassigned,,CASING VENOM RX FOX ESPORT INCLUD 3 FAN #,1,1,PCS,340000,340000
Unassigned,,CASING VENOM RX GROM ATX,0,1,PCS,415000,0
Unassigned,,CASING VENOM RX MAKAROVE,0,1,PCS,435000,0
Unassigned,,CASING VENOM RX MARS INCLUDE 3 FAN,0,1,PCS,341000,0
Unassigned,,CASING VENOM RX PSU 300W,0,1,PCS,293000,0
Unassigned,,CASING VENOM RX ROCKSTART INCLUDE FAN RGB,0,1,PCS,415000,0
Unassigned,,CASING VENOM RX SAMURAI,0,1,PCS,360000,0
Unassigned,,CASING VENOM RX URRA ARGB,0,1,PCS,405000,0
Unassigned,,CASING VENOM VAGHAR,0,1,PCS,390000,0
Unassigned,,CASING VURION,0,2,PCS,255000,0
Unassigned,,CASING VURRION V9 SERIES,1,15,PCS,240588.235294,240588.235294
Unassigned,,"CASSING ALCATROZ AZZURA MILLENIA ECO AIR 3 RGB MATX,ITX BLACK  (Psu 250w) TP",1,1,PCS,325000,325000
Unassigned,,CATRDIGE CANON CA91 / BH7 (G2010),3,15,PCS,278000,834000
Unassigned,,CATRDIGE HP 678 COLOUR,0,1,PCS,126000,0
Unassigned,,CATRIDGE 810 COPOTAN,0,1,PCS,200000,0
Unassigned,,CATRIDGE 811 COPOTAN,0,1,PCS,200000,0
Unassigned,,CATRIDGE CANON 740,0,2,PCS,172000,0
Unassigned,,CATRIDGE CANON 741,0,1,PCS,300000,0
Unassigned,,CATRIDGE CANON 745,3,1,PCS,223125,669375
Unassigned,,CATRIDGE CANON 745 BLACK S,2,1,PCS,103500,207000
Unassigned,,CATRIDGE CANON 746,5,1,PCS,317285.714286,1586428.57143
Unassigned,,CATRIDGE CANON 746 COLOR S,4,1,PCS,158000,632000
Unassigned,,CATRIDGE CANON 810 BLACK,119,220,PCS,225732.584557,26862177.562282998
Unassigned,,CATRIDGE CANON 811 COLOUR,238,130,PCS,275123.100552,65479297.931375995
Unassigned,,CATRIDGE CANON 830,0,1,PCS,195000,0
Unassigned,,CATRIDGE CANON 88,0,1,PCS,198000,0
Unassigned,,CATRIDGE CANON 98,0,1,PCS,221000,0
Unassigned,,CATRIDGE CANON CA92 / CH7 (G2010),15,8,PCS,319465.040113,4791975.601695
Unassigned,,CATRIDGE CANON CL 57,30,1,PCS,215000,6450000
Unassigned,,CATRIDGE CANON CL1 - 751 CYAN,1,1,PCS,205000,205000
Unassigned,,CATRIDGE CANON CL1 - 751 YELLOW,1,1,PCS,205000,205000
Unassigned,,CATRIDGE CANON PG 47,50,1,PCS,115000,5750000
Unassigned,,CATRIDGE COMPUPRINT PRK6240,0,1,PCS,150000,0
Unassigned,,CATRIDGE HP 215A,0,1,PCS,804250,0
Unassigned,,CATRIDGE HP 678 BLACK,0,1,PCS,126000,0
Unassigned,,CATRIDGE HP 680 BLACK,0,1,PCS,127500,0
Unassigned,,CATRIDGE HP 680 COLOUR,2,1,PCS,132083.333334,264166.666668
Unassigned,,CATRIDGE HP 682 BLACK,2,1,PCS,150000,300000
Unassigned,,CATRIDGE HP 682 COLOR,2,1,PCS,150000,300000
Unassigned,,CATRIDGE HP GT BLACK X4E75AA,0,1,PCS,153500,0
Unassigned,,CATRIDGE IX 6770 751 YELLOW,0,1,PCS,215000,0
Unassigned,,CATRIDGE PGI-35 BLACK,0,1,PCS,165000,0
Unassigned,,CATRIDGE PITA PRINT ERC 39,0,1,PCS,29500,0
Unassigned,,CATRIDGE PRINTER HP GT 51 M0H51AA (BLACK),2,1,PCS,151875,303750
Unassigned,,CATRIDGE PRINTER HP GT 52 M0H50AA (COLOUR),0,1,PCS,153500,0
Unassigned,,CATRIDGE TONER BROTHER L2540 DW,2,1,PCS,406000,812000
Unassigned,,CATRIDGE TONER HP 30A BLACK,0,1,PCS,1145000,0
Unassigned,,CCTV CAM 5MP T1A51P S2 5MP INDOOR,0,1,PCS,325000,0
Unassigned,,CCTV CAM DAHUA 5MP OUTDOOR,0,1,PCS,385000,0
Unassigned,,CCTV CAM DAHUA HAC B1A21 IR BULLET (OUTDOOR),23,35,PCS,190000,4370000
Unassigned,,CCTV CAM DAHUA HAC-T1A21 IR BULLET (INDOOR),44,25,PCS,174999.699257,7699986.7673080005
Unassigned,,CCTV CAM DAHUA IPC B1A51 5MP,0,1,PCS,400000,0
Unassigned,,CCTV CAM HIK DS-2DE4425IW-DE-IR SPEED DOME,0,1,UNIT,5279990.066552,0
Unassigned,,CCTV DVR DAHUA 8CH XVR1A08,0,2,UNIT,540000,0
Unassigned,,CCTV DVR DAHUA 8CH XVR1B08-1 (MH),7,18,UNIT,687438.764855,4812071.3539849995
Unassigned,,CCTV DVR DAHUA DH-XVR1B04-I 4CH,7,10,UNIT,529380.987822,3705666.9147540005
Unassigned,,CCTV DVR DAHUA XVR1B08H 5MP,0,1,UNIT,1400000,0
Unassigned,,CCTV DVR DAHUA XVR1B16H 16CH,5,3,PCS,1330000,6650000
Unassigned,,CCTV DVR DAHUA XVR5116HS-12,0,1,UNIT,2200000,0
Unassigned,,CCTV DVR HIK 16CH DS 7216HGHI K1,1,1,PCS,1960000,1960000
Unassigned,,CCTV DVR HIK DS-7224HQHI-K2,0,1,PCS,3585000,0
Unassigned,,CCTV NVR DS-7604NI-Q1,0,1,UNIT,1013401.933448,0
Unassigned,,CCTV NVR HIK DS-7104NI-Q1/M 4-CH,0,1,UNIT,1530000,0
Unassigned,,CCTV YI DOME X,0,1,PCS,645000,0
Unassigned,,CD-R ARITA,231,50,PCS,1525,352275
Unassigned,,CD-R GT PRO,77,50,PCS,2548.987294,196272.021638
Unassigned,,CD-R GT PRO BUTTERFLY,70,50,PACK,1525,106750
Unassigned,,CD-R MAXELL MQ,69,1,PCS,2200,151800
Unassigned,,CD-RW GT PRO,2,50,PCS,5747.164716,11494.329432
Unassigned,,CHAIRMAN BOSCH CCS900S ULTRO,0,1,UNIT,4680000,0
Unassigned,,CHARGER BATERAI AA/AAA,23,5,PCS,80000,1840000
Unassigned,,CHARGER CANON LC E10,1,1,PCS,90000,90000
Unassigned,,CHARGER CANON LC E17,0,1,PCS,200000,0
Unassigned,,CHARGER CANON LC E5,0,1,PCS,105000,0
Unassigned,,CHARGER CANON LC E8,1,1,PCS,70000,70000
Unassigned,,CHARGER HP KW,14,1,PCS,0,0
Unassigned,,CHARGER JETE E11 65W,1,0,PCS,240000,240000
Unassigned,,CHARGER JETE E22 65W,0,1,PCS,240000,0
Unassigned,,CHARGER MOBIL JETE R3 38 WATT,4,1,PCS,44900,179600
Unassigned,,CHARGER WIRELESS SAMSUNG,0,1,PCS,348000,0
Unassigned,,CHIP MAINTENAN BOX EPSON L6190,3,1,PCS,34000,102000
Unassigned,,CHIP MAINTENAN BOX G2020,0,1,PCS,50000,0
Unassigned,,CLEANER CATRIDGE,0,5,Buah,10000,0
Unassigned,,CLEANER HEAD #,3,1,PCS,29153.846154,87461.538462
Unassigned,,CLEANER KIT CAMERA,0,1,PCS,0,0
Unassigned,,CLEANER LCD 3 IN 1,126,30,PCS,7188.557317,905758.221942
Unassigned,,COLOKAN,0,1,PCS,15000,0
Unassigned,,COLOKAN 3 LUBANG,0,1,PCS,22000,0
Unassigned,,CONECTOR IDF 4,0,1,SET,700000,0
Unassigned,,CONNECTOR RJ45 BELDEN CAT 6 (PACK),0,1,PACK,350000,0
Unassigned,,CONNECTOR RJ45 BELDEN CAT5E (PACK),40,10,PCS,99022.229002,3960889.16008
Unassigned,,CONNECTOR RJ45 BIASA,74,10,PACK,20099.099099,1487333.333326
Unassigned,,CONNECTOR RJ45 COMMSCOPE CAT 5E (PACK),28,38,PACK,111750.152602,3129004.272856
Unassigned,,CONVERTER ATA SATA TO USB X TECH (R DRIVE),1,5,PCS,72500,72500
Unassigned,,CONVERTER AUDIO OPTIC TO ANALOG,1,1,PCS,39500,39500
Unassigned,,Converter BAFO (USB to LPT Parallel Printer),7,1,PCS,125000,875000
Unassigned,,CONVERTER DISPLAY PORT TO HDMI,2,1,PCS,31190.056818,62380.113636
Unassigned,,CONVERTER DISPLAY PORT TO VGA,10,1,PCS,39081.049563,390810.49563
Unassigned,,CONVERTER DVI TO VGA 24 + 5,13,1,PCS,10000,130000
Unassigned,,CONVERTER FIBER OPTIC TO LAN HTB 3100 A,67,2,PCS,90558.950502,6067449.683634001
Unassigned,,CONVERTER FIBER OPTIC TO LAN HTB GS03A GIGABIT,10,1,PCS,108000,1080000
Unassigned,,CONVERTER HDMI TO AV,8,1,PCS,45000,360000
Unassigned,,CONVERTER HDMI TO VGA (KABEL),85,70,PCS,18969.215284,1612383.2991400003
Unassigned,,CONVERTER HDMI TO VGA (NON KABEL),8,1,PCS,30703.963964,245631.711712
Unassigned,,CONVERTER LAN TO BNC,0,1,PCS,80000,0
Unassigned,,CONVERTER MINI DISPLAY PORT TO VGA,1,1,PCS,30000,30000
Unassigned,,CONVERTER SERIAL COM TO USB BAFO DB9,2,1,PCS,117272.727273,234545.454546
Unassigned,,CONVERTER STICK PS 2 TO USB,27,10,PCS,27281.721884,736606.490868
Unassigned,,"CONVERTER TYPE C 4 IN 1 ( HDMI, VGA, USB, TYPE C )",6,1,PCS,58239.669421,349438.016526
Unassigned,,CONVERTER TYPE C 8 IN 1,16,1,PCS,83000,1328000
Unassigned,,CONVERTER TYPE C TO HDMI #,0,1,PCS,34000,0
Unassigned,,CONVERTER USB TO HDMI,9,1,PCS,86770.562771,780935.064939
Unassigned,,CONVERTER USB TO PS 2,0,1,PCS,10000,0
Unassigned,,CONVERTER USB TO VGA,1,1,PCS,78583.333333,78583.333333
Unassigned,,CONVERTER VENTION DISPLAY PORT TO HDMI 4K,1,1,PCS,130000,130000
Unassigned,,CONVERTER VGA HDMI AUDIO MR,15,15,PCS,25199.335548,377990.03322
Unassigned,,CONVERTER VGA TO HDMI,18,2,PCS,40000,720000
Unassigned,,COOLER HP PX1 BLACK JETE GAMING,1,1,PCS,74900,74900
Unassigned,,COOLER MASTER HYPE 212 HELO WHITE,0,1,PCS,415000,0
Unassigned,,COOLINGPAD BESI,0,1,PCS,20000,0
Unassigned,,COOLINGPAD KEPITING,887,280,PCS,21514.842236,19083665.063332
Unassigned,,COOLINGPAD LX1 LAPTOP JETE GAMING,6,1,PCS,179900,1079400
Unassigned,,COOLINGPAD NC 32 1FAN BESAR,163,70,PCS,25699.961313,4189093.694019
Unassigned,,CORONG TOA 25W,0,0,UNIT,675000,0
Unassigned,,CUTTER L500,249,1,PCS,5690.866932,1417025.866068
Unassigned,,CUTTER RENTENGAN,12,1,PCS,3000,36000
Unassigned,,DAHUA IP CAM 2MP OUTDOOR,0,1,UNIT,485000,0
Unassigned,,DAHUA IP CAM DH-IPC-HDW1230T1-S4 EYEBALL,0,1,UNIT,525000,0
Unassigned,,DAHUA IP CAM DH-IPC-HFW1230S1-A-S5 OUTDOOR BD,0,1,PCS,525000,0
Unassigned,,DAHUA IP CAM DH-IPC-HPW1230SIP-S4 BULLET,0,1,UNIT,480000,0
Unassigned,,DAHUA NVR DHI - NVR1104HS-S3/H 4CH,0,1,UNIT,412000,0
Unassigned,,DAHUA PTZ IP SD49425GB-HNR 4MP,0,1,PCS,5100000,0
Unassigned,,DAK 16 X 25,0,1,PCS,10000,0
Unassigned,,DATA PRINT DP 27,7,5,KOTAK,24500,171500
Unassigned,,DATA PRINT DP 28,46,3,KOTAK,25500,1173000
Unassigned,,DATA PRINT DP 40,89,100,PCS,25749.955307,2291746.0223230002
Unassigned,,DATA PRINT DP 41,176,50,PCS,24749.999765,4355999.95864
Unassigned,,DC KONEKTOR JACK PSU TYPE C,1,1,PCS,26000,26000
Unassigned,,DELEGATE BOSCH CCS900S ULTRO,0,1,UNIT,4620000,0
Unassigned,,DELI BINDER CLIP NO 155,94,1,PCS,5349.166667,502821.66669800004
Unassigned,,DELI CALCULATOR 12 DIGIT GOLDEN,0,1,PCS,118180,0
Unassigned,,DELI CALCULATOR C868C CHECK 120 STEPS 12 DIGIT,0,1,PCS,98087.4,0
Unassigned,,DELI CALCULATOR E1654C CHECK 112 STEPS 12 DIGIT,3,1,PCS,87500,262500
Unassigned,,DELI CALCULATOR W868 12 DIGIT,0,1,PCS,65950,0
Unassigned,,DELI GLUE STICK 15GR (LEM STICK),0,10,PCS,3920.833333,0
Unassigned,,DELI GLUE STICK 8GR EA20010 (LEM STICK),2,1,PCS,2391.666667,4783.333334
Unassigned,,DELL INSPIRON 14 3000 CI5 1035G1 W10,0,0,UNIT,7950000,0
Unassigned,,DELL LATITUDE 3410 CI5-10210U 4GB 1TB HDD WIN 10,0,1,UNIT,8350000,0
Unassigned,,DELL VOSTRO 14 3405 AMD RYZEN 3 3250U 4GB 1TB HDD,0,1,UNIT,6215000,0
Unassigned,,DELL VOSTRO V3510 Ci3-1115G4 4GB 1TB WIN 11,0,1,UNIT,5999000,0
Unassigned,,DIGITAL THEODOLIT MEREK SOUTH,0,1,UNIT,15000000,0
Unassigned,,DISPENSER MIYAKO WD 289 HC,0,1,PCS,300000,0
Unassigned,,DJI DRONE MAVIC AIR 2S BASIC,0,1,UNIT,14990000,0
Unassigned,,DJI DRONE MAVIC AIR 2S COMBO,0,1,UNIT,19500000,0
Unassigned,,DJI DRONE MINI 2 SE BASIC,0,1,UNIT,4482000,0
Unassigned,,DJI DRONE MINI 3 BASIC,0,1,UNIT,5730000,0
Unassigned,,DJI LITO 1 FLY MORE COMBO RC - N3,0,1,UNIT,6547000,0
Unassigned,,DJI MINI 5 PRO FLY MORE COMBO (RC2) TP,0,1,UNIT,16458000,0
Unassigned,,DLINK DES-1024A SWITCH 24 PORT (HUB LAN),0,2,PCS,342000,0
Unassigned,,DLINK DWA-121 N150 WIRLESS PICO USB Adapter,3,15,PCS,66921.568627,200764.705881
Unassigned,,DLINK SWITCH 16 GIGABIT DGS - 1016C BESI,0,1,PCS,750000,0
Unassigned,,DLINK SWITCH 16 Port DES-1016A (HUB LAN),1,1,PCS,248000,248000
Unassigned,,DLINK SWITCH 24 PORT DES - 1024C/D BESI,0,1,PCS,440000,0
Unassigned,,DLINK SWITCH 24P GIGABIT DGS-1024C besi,1,1,PCS,950000,950000
Unassigned,,DLINK SWITCH 8 PORT DES 1008C/A (HUB LAN),1,10,PCS,80000,80000
Unassigned,,DLINK SWITCH 8 PORT DGS-1008A GIGABIT,0,1,PCS,255000,0
Unassigned,,"DLINK SWITCH HUB DGS-1052 Metal, 48P + 4 UPLINK COMBO",0,1,UNIT,3810000,0
Unassigned,,DOMPET CAMERA,0,5,PCS,15000,0
Unassigned,,DOUBLE TAPE NACHI 24MM 5 METER,0,5,PCS,7000,0
Unassigned,,DOUBLE TAPE TIPIS NACHI DT 24MM X 10Y X 80R ACR,80,1,PCS,5150,412000
Unassigned,,DRONE DJI AIR 3S FLYMORE COMBO RC2,0,1,UNIT,23281000,0
Unassigned,,DRONE DJI MAVIC 2 PRO,0,1,UNIT,20602000,0
Unassigned,,DRUM FILM KIT BROTHER L2540 DW,2,1,UNIT,178571.428571,357142.857142
Unassigned,,DRYBOX AILITE 20 LITTER,0,0,PCS,855000,0
Unassigned,,DRYBOX AILITE 30 LITTER,0,0,PCS,1285000,0
Unassigned,,DUCT 15 BATANG,0,1,BATANG,300000,0
Unassigned,,DUDUKAN TRIPOT CAMERA,1,1,PCS,35000,35000
Unassigned,,DUPLEXER,0,1,UNIT,3500000,0
Unassigned,,DURADUS,0,1,PCS,15000,0
Unassigned,,DVD EXTERNAL LG,0,1,PCS,299000,0
Unassigned,,DVD GT PRO DUAL LAYER,46,1,PCS,4900,225400
Unassigned,,DVD RW EXTERNAL ASUS SDRW-08D25S-ULITE,0,1,UNIT,315000,0
Unassigned,,DVD RW EXTERNAL SAMSUNG 3.0,0,1,PCS,255000,0
Unassigned,,DVD RW INTERNAL LG,2,5,PCS,199806.184012,399612.368024
Unassigned,,DVD-R GT PRO,978,1000,PCS,2643.246863,2585095.4320139997
Unassigned,,DVD-R MAXELL,10,5,PCS,2200,22000
Unassigned,,DVD-RW GT PRO,40,50,PCS,6000,240000
Unassigned,,DVI-D TO HDMI,0,1,PCS,45000,0
Unassigned,,DVI-D TO VGA,3,3,PCS,40000,120000
Unassigned,,DVR DAHUA 4 CH 5MP,0,1,PCS,675000,0
Unassigned,,DVR DAHUA DH-XVR4232AN-I 32CH,0,1,UNIT,3325000,0
Unassigned,,DVR HIK 32 CH,0,1,PCS,6000000,0
Unassigned,,DVR HIKVISION 4CH,0,1,PCS,780000,0
Unassigned,,DVR HIKVISION IDS-7208HQHI-M1/E 8CH,0,1,PCS,1260000,0
Unassigned,,DVR HILOOK 16CH,0,1,UNIT,1270000,0
Unassigned,,E PAPER A4,1,1,PCS,34285.41,34285.41
Unassigned,,E PAPER F4,42,50,PCS,34000,1428000
Unassigned,,EARBUDS BASS DRIVEN VGEN,0,10,PCS,17678.571429,0
Unassigned,,EARPHONE BT JETE CF2,0,1,PCS,89900,0
Unassigned,,EARPHONE BT JETE T9,1,1,PCS,239900,239900
Unassigned,,EARPHONE BT JETE TWS CS2,0,1,PCS,110000,0
Unassigned,,EARPHONE BT JETE TWS T12,0,1,PCS,169900,0
Unassigned,,EARPHONE BT JETE TWS T16,0,1,PCS,129900,0
Unassigned,,EARPHONE BT JETE TWS T3,0,1,PCS,129900,0
Unassigned,,EARPHONE JETE BT CS1,0,1,PCS,139900,0
Unassigned,,EARPHONE JETE BT TWS CE6,0,1,PCS,119900,0
Unassigned,,EARPHONE JETE BT TWS CE8,0,1,PCS,99900,0
Unassigned,,EARPHONE JETE CELLO,19,1,PCS,13630,258970
Unassigned,,EARPHONE JETE CLASSIC 2,3,1,PCS,16500,49500
Unassigned,,EARPHONE JETE HA1,88,1,PCS,10619.565217,934521.739096
Unassigned,,EARPHONE JETE HA3,1,10,PCS,12372.5,12372.5
Unassigned,,EARPHONE JETE PUMP,32,1,PCS,16160,517120
Unassigned,,EARPHONE JETE TWS CE1,0,1,PCS,99900,0
Unassigned,,EARPHONE JETE TWS CE2,0,1,PCS,89900,0
Unassigned,,EARPHONE TWS JETE BT CEG1,0,1,PCS,150000,0
Unassigned,,EARPHONE TWS JETE BT CS5,1,1,PCS,150000,150000
Unassigned,,EARPHONE TWS JETE CE7,0,1,PCS,99900,0
Unassigned,,EARPHONE TWS JETE T9,1,1,PCS,240000,240000
Unassigned,,EARPHONE TWS NODX NECTONE,1,1,PCS,0,0
Unassigned,,EPRINT CANON 200ML BLACK,87,100,PCS,48418.940847,4212447.853689
Unassigned,,EPRINT CANON 200ML CYAN,175,50,PCS,47117.537314,8245569.02995
Unassigned,,EPRINT CANON 200ML MAGENTA,117,50,PCS,47632.95125,5573055.29625
Unassigned,,EPRINT CANON 200ML YELLOW,120,50,PCS,46929.713805,5631565.6566
Unassigned,,EPRINT HEAD CLEANER,0,15,PCS,10000,0
Unassigned,,Epson EcoTank L15160 A3 Wi-Fi Duplex All-in-One Ink Tank Printer,0,1,UNIT,18650000,0
Unassigned,,EPSON L120,0,1,UNIT,1519146.825397,0
Unassigned,,EPSON L3110,0,20,UNIT,2415000,0
Unassigned,,EPSON T04D1 MAINTENANCE BOX,1,1,PCS,152500,152500
Unassigned,,EXHAUST VISALUX 10 INCH,0,1,UNIT,400000,0
Unassigned,,EXTENSION USB MALE TO FEMALE 3.0 VENTION,0,1,PCS,40300,0
Unassigned,,FAN AC WINNER,0,1,PCS,75000,0
Unassigned,,FAN CASING ALSEYE AIRMAX-M-120-MR RGB 120/5,0,1,PCS,68000,0
Unassigned,,"FAN CASING CPU HITAM 8""",5,1,PCS,9045.454545,45227.272725
Unassigned,,"FAN CASING CPU TRANSPARAN 12""",11,10,PCS,25713.435374,282847.789114
Unassigned,,"FAN CASING CPU TRANSPARAN 8""",17,10,PCS,16818.181818,285909.090906
Unassigned,,FAN CASING DARK FLASH C6MS AURORA SPECTRUM RGB 3 IN 1 (3PACK) WHITE,0,1,PCS,245000,0
Unassigned,,FAN CASING GAMEN RGB LIGHTING EFFECT,0,1,PCS,40500,0
Unassigned,,FAN CASING LED,41,1,PCS,28000,1148000
Unassigned,,FAN CASING PC RGB COOLER FX-120-3 120MM 3 PIN FIXED COLOR,1,1,PCS,35000,35000
Unassigned,,FAN CASING RGB,15,1,PCS,32000,480000
Unassigned,,FAN CASING SIMBADDA BATTLEGROUND RGB,0,1,PCS,60000,0
Unassigned,,FAN CASING THERMALTAKE PURE 12 ARGB Sync Radiator 3 fan,0,1,PCS,600000,0
Unassigned,,FAN DEEP COOL THETA 20 PWM,5,1,PCS,80000,400000
Unassigned,,FAN INTEL NUC 8,0,1,PCS,150000,0
Unassigned,,FAN INTERNAL LAPTOP,0,1,PCS,72000,0
Unassigned,,FAN PC AIO,1,1,PCS,260000,260000
Unassigned,,FAN PROC COOLER MASTER 170C LGA 1700 ARGB,1,1,PCS,250000,250000
Unassigned,,FAN PROC COOLER MASTER MASTER LIQUID ML120L V2 RGB MLW D12M A18PC R2,0,1,UNIT,795000,0
Unassigned,,Fan Proc DARKFLASH AQUAGLOW DG240 ARGB LIQUID CPU COOLER BLACK,0,1,PCS,693000,0
Unassigned,,FAN PROC DEEP COOL CK11508,1,1,PCS,70000,70000
Unassigned,,FAN PROC DEEP COOL CK11509,7,0,PCS,50000,350000
Unassigned,,FAN PROC EYOTA,7,1,PCS,45000,315000
Unassigned,,Fan Proc Master Masterliquid ML240L V2 ARGB -MLW,0,1,PCS,1080000,0
Unassigned,,FAN PROC SOKET 1700,5,1,PCS,90000,450000
Unassigned,,FAN PROCESSOR  CPU INTEL,40,2,PCS,39765.690881,1590627.6352400002
Unassigned,,FAN PROCESSOR  SCORPION,1,1,PCS,37500,37500
Unassigned,,FAN PROSESOR COOLER MASTER HYPER TURBO 212,0,1,PCS,335000,0
Unassigned,,FAN PROSESOR DEEPCOOL GAMMAXX L240 V2,0,1,PCS,865000,0
Unassigned,,FAN TURBO MASPION 18,0,1,UNIT,765765.765766,0
Unassigned,,FAN WALL MASPION 14 INC 3602 K,0,1,PCS,295000,0
Unassigned,,FAST CAR CHARGER VGEN 4 USB PORT,0,1,PCS,28000,0
Unassigned,,FD 32GB KINGSTONE EXODIA USB 3.2,7,5,PCS,51384.615385,359692.30769499997
Unassigned,,FD BLADE CZ50 16GB SANDISK,65,180,PCS,88445.220245,5748939.315925
Unassigned,,FD BLADE CZ50 32GB SANDISK,10,50,PCS,49371.660195,493716.60195
Unassigned,,FD BLADE CZ50 8GB SANDISK,0,180,PCS,44418.31305,0
Unassigned,,FD DUAL DRIVE SDDDC3 TYPE C 32 SANDISK,0,1,PCS,92500,0
Unassigned,,FD FORCE CZ71 16GB SANDISK (METAL),0,10,PCS,51000,0
Unassigned,,FD FORCE CZ71 32GB SANDISK (METAL),14,2,PCS,70900,992600
Unassigned,,FD GLIDE CZ60 32GB SANDISK (D),1,2,PCS,65900,65900
Unassigned,,FD GLIDE CZ600 32GB SANDISK #,29,2,PCS,58302.445242,1690770.9120180001
Unassigned,,FD GLIDE CZ600 SANDISK 64GB #,75,2,PCS,68057.230326,5104292.27445
Unassigned,,FD GLIDE SDCZ600 16GB 3.0,108,10,PCS,96988.988693,10474810.778844
Unassigned,,FD HP 32 GB,0,1,PCS,100000,0
Unassigned,,FD JOINT / INDILINX 16GB,0,100,PCS,37000,0
Unassigned,,FD JOINT / INDILINX 4GB,14,100,PCS,28924.73152,404946.24128
Unassigned,,FD JOINT / INDILINX 8GB,20,100,PCS,32762.783246,655255.66492
Unassigned,,FD LENOVO THINKPLUS 8GB,11,1,PCS,32000,352000
Unassigned,,FD LEXAR JUMPDRIVE V40 16GB,0,90,PCS,40023.445278,0
Unassigned,,FD LEXAR S60 64GB,0,1,PCS,55500,0
Unassigned,,FD N-TECH 16GB,17,10,PCS,36000,612000
Unassigned,,FD N-TECH 32GB,0,10,PCS,45500,0
Unassigned,,FD N-TECH 4GB,21,10,PCS,27500,577500
Unassigned,,FD N-TECH 8GB,12,10,PCS,30000,360000
Unassigned,,FD SANDISK 128GB OTG USB 3,0,1,PCS,268000,0
Unassigned,,FD SANDISK 16GB OTG TYPE C,0,5,PCS,96804.958678,0
Unassigned,,FD SANDISK 16GB ULTRA DUAL DRIVE 3.0 (OTG MICRO),72,30,PCS,58685.185185,4225333.33332
Unassigned,,FD SANDISK 32GB FLAIR,0,2,PCS,70900,0
Unassigned,,FD SANDISK 32GB OTG TYPE C,3,1,PCS,131604.46571,394813.39712999994
Unassigned,,FD SANDISK 32GB ULTRA DUAL DRIVE 3.0 (OTG MICRO),55,5,PCS,89500,4922500
Unassigned,,FD SANDISK CZ600 128 GB,63,1,PCS,120233.31579,7574698.894769999
Unassigned,,FD SANDISK ULTRA 3.0 CZ48 16GB,0,1,PCS,55000,0
Unassigned,,FD SANDISK ULTRA 3.0 CZ48 64GB,0,10,PCS,113947.761194,0
Unassigned,,FD SKY HUB 8GB,7,1,PCS,28500,199500
Unassigned,,FD TOSHIBA 16 GB OHWARI METAL,0,10,PCS,46000,0
Unassigned,,FD U2 4GB JETE,117,1,PCS,30900,3615300
Unassigned,,FD U2 8GB JETE,144,1,PCS,47808.012821,6884353.846224
Unassigned,,FD U2 JETE 16GB,100,50,PCS,58296.296296,5829629.6296
Unassigned,,FD U2 JETE 32GB,143,10,PCS,63793.014706,9122401.102958
Unassigned,,FD U3 JETE 16GB 3.0,44,1,PCS,49500,2178000
Unassigned,,FD U3 JETE 32GB 3.0,43,1,PCS,90900,3908700
Unassigned,,FD U3 JETE 8GB 3.0,21,1,PCS,46900,984900
Unassigned,,FD V-GEN 16GB,0,100,PCS,31539.393106,0
Unassigned,,FD V-GEN 32GB,0,1,PCS,45885.497509,0
Unassigned,,FD V-GEN 8GB,8,100,PCS,34000,272000
Unassigned,,FEIYU Scorp C -Axis Handheld Gimbal Stabilizer Kamera,1,1,UNIT,4000000,4000000
Unassigned,,FEIYU SCORP F2 3-AXIS STABILIZER,0,1,UNIT,3359610,0
Unassigned,,FEIYU VIMBLE 3 GIMBAL STABILIZER HP SMARTPHONE,0,1,UNIT,1100000,0
Unassigned,,FILE BOX,93,5,PCS,10000,930000
Unassigned,,FILM FAX PRINTECH KX 93/57,10,3,PCS,30000,300000
Unassigned,,FILTER HOYA 58MM,15,1,PCS,25000,375000
Unassigned,,FILTER LENSA UV 55,5,1,PCS,88750,443750
Unassigned,,FINGER SPOT REVO 202BNC FD,0,1,UNIT,1500000,0
Unassigned,,FINGERPRINT READER DIGITAL PERSONA U ARE U 4500,0,1,UNIT,1078333.333333,0
Unassigned,,FINGERPRINT SCANNER SOLUTION U ARE U 4500 HID,0,1,PCS,1065000,0
Unassigned,,FISHER + SKRUP,0,1,PCS,0,0
Unassigned,,FLASH GODOX TT600,0,0,PCS,1100000,0
Unassigned,,FLEXY 4 METER,0,1,METER,88000,0
Unassigned,,FLEXY L5290,0,1,PCS,250000,0
Unassigned,,FLEXY SCANNER EPSON L3210,9,1,PCS,23000,207000
Unassigned,,FLIPER HITI,0,1,UNIT,7980000,0
Unassigned,,FUJIFILM INSTAX MINI PAPER,3,1,PCS,260833.333333,782499.999999
Unassigned,,FUSE EPSON,10,2,PCS,5000,50000
Unassigned,,FUSER BROTHER L2540DW,5,1,PCS,70000,350000
Unassigned,,GAMEPAD DOUBLE BLACK,36,8,PCS,68874.635781,2479486.888116
Unassigned,,GAMEPAD DOUBLE TRANSPARANT,33,10,PCS,80799.159613,2666372.267229
Unassigned,,GAMEPAD SINGLE BLACK,21,8,PCS,40666.666667,854000.0000069999
Unassigned,,GAMEPAD SINGLE TRANSPARANT,38,8,PCS,45438.746439,1726672.3646820001
Unassigned,,GEAR ASF L3110,1,1,PCS,11000,11000
Unassigned,,GENSET HONDA STARKE 6800HE,0,1,UNIT,5300000,0
Unassigned,,GIMBAL FEIYU SCORP C,0,1,UNIT,3520000,0
Unassigned,,GODOX SL60W + SOFTBOX + STAND,0,0,SET,2450000,0
Unassigned,,GORILLAPOT TAKARA FP 666,5,1,PCS,108000,540000
Unassigned,,GPS GARMIN 64 S,0,1,UNIT,4127000,0
Unassigned,,GPS GARMIN 78S,0,1,UNIT,3750000,0
Unassigned,,GPS GARMIN MONTANA 680,0,1,PCS,7200000,0
Unassigned,,GUNTING,32,1,PCS,7083.333333,226666.666656
Unassigned,,HANDYCAM HDV 530,0,0,UNIT,1350000,0
Unassigned,,HANDYCAM SONY CX405,0,1,UNIT,3100000,0
Unassigned,,HANDYCAM SONY MC 2500,0,1,UNIT,10245000,0
Unassigned,,HARDCASE HDD,52,5,PCS,27515.350877,1430798.245604
Unassigned,,"HDD 2TB 3.5""",0,1,PCS,1000000,0
Unassigned,,"HDD CADDY 9,5 MM",0,1,PCS,20000,0
Unassigned,,"HDD EXTERNAL 1TB 2,5"" SEAGATE ONE TOUCH #",0,1,PCS,845000,0
Unassigned,,"HDD EXTERNAL 2TB  SEAGATE 2,5""",0,1,PCS,1295000,0
Unassigned,,"HDD EXTERNAL 2TB WD PASSPORT 2,5""",0,1,PCS,1180000,0
Unassigned,,"HDD EXTERNAL 320GB 2,5"" OSMOUS SLIM PLUS",2,1,PCS,409000,818000
Unassigned,,"HDD EXTERNAL 4TB 2,5"" SEAGATE",0,1,PCS,1606875,0
Unassigned,,"HDD EXTERNAL 500GB 2,5 OSMOUS EXPANSION",0,1,UNIT,531000,0
Unassigned,,"HDD EXTERNAL OSMOUS 1TB SATA 2,5",1,1,PCS,964000,964000
Unassigned,,HDD EXTERNAL SEAGATE EXPANSION 1TB #,0,5,PCS,920000,0
Unassigned,,HDD EXTERNAL TOSHIBA 2TB,2,1,PCS,1410000,2820000
Unassigned,,HDD EXTERNAL TOSHIBA BASIC 1 TB,7,1,PCS,944285.714286,6610000.0000020005
Unassigned,,HDD EXTERNAL TRANSCEND 1TB 25M3 RUBBER,0,1,PCS,745000,0
Unassigned,,"HDD EXTERNAL WD 1TB PASSPORT 2,5""",0,1,PCS,700000,0
Unassigned,,"HDD EXTERNAL WD 5TB PASSPORT 2,5""",0,1,UNIT,2010000,0
Unassigned,,HDD EXTERNAL WD 8TB MY BOOK,0,1,PCS,2870000,0
Unassigned,,HDD EXTERNAL WD BLACK 5 TB,2,1,UNIT,2160000,4320000
Unassigned,,HDD INTERNAL CCTV TOSHIBA 4TB,0,1,PCS,2475000,0
Unassigned,,"HDD NB WD 500GB SATA 2,5",4,2,PCS,575000,2300000
Unassigned,,"HDD NOTEBOOK 2,5 SEAGATE SATA 1TB MFI",0,1,PCS,662500,0
Unassigned,,"HDD NOTEBOOK 2,5 SEAGATE SATA 500GB MFI",0,1,PCS,570000,0
Unassigned,,"HDD NOTEBOOK 2,5 TOSHIBA SATA 1TB",0,1,PCS,601453.692849,0
Unassigned,,"HDD NOTEBOOK 2,5 WD BLUE SATA 500GB",0,2,PCS,540000,0
Unassigned,,"HDD NOTEBOOK 2,5 WD SATA 1TB",1,1,PCS,560000,560000
Unassigned,,"HDD NOTEBOOK 2,5"" SEAGATE SATA 500GB PI",0,3,PCS,257812.5,0
Unassigned,,"HDD NOTEBOOK OSMOUS 1TB SATA 2,5",1,1,PCS,859000,859000
Unassigned,,HDD PC OSMOUS 1TB #,10,1,PCS,870000,8700000
Unassigned,,HDD PC OSMOUS 1Tb 7200RPM - RED (garansi 1th),4,1,PCS,885000,3540000
Unassigned,,HDD PC OSMOUS 2TB 7200RPM TP,0,1,PCS,1013000,0
Unassigned,,HDD PC OSMOUS CCTV 1TB 5400RPM - BLUE (GARANSI 1th),0,1,PCS,780000,0
Unassigned,,HDD PC OSMOUS CCTV 1TB 5400RPM - RED,1,1,PCS,870000,870000
Unassigned,,HDD PC OSMOUS CCTV 2TB #,2,1,PCS,1430000,2860000
Unassigned,,HDD PC OSMOUS CCTV 2TB 5400RPM TP,0,1,PCS,1002000,0
Unassigned,,HDD PC SEAGATE 1TB SKYHAWK,0,1,PCS,780476.190476,0
Unassigned,,HDD PC SEAGATE 2TB BARACUDA,0,1,PCS,845000,0
Unassigned,,HDD PC SEAGATE 2TB SKYHAWK #,0,1,PCS,1050000,0
Unassigned,,HDD PC SEAGATE 4TB BARACUDA MFI,0,1,PCS,1530000,0
Unassigned,,HDD PC SEAGATE BARACUDA 500GB MFI,20,3,PCS,85000,1700000
Unassigned,,HDD PC SEAGATE CCTV 4TB SKYHAWK,1,1,PCS,1605000,1605000
Unassigned,,HDD PC SEAGATE CCTV 6TB SKY HAWK,1,1,PCS,2645000,2645000
Unassigned,,HDD PC SEAGATE SATA 1TB BARACUDA MFI,0,2,PCS,645000,0
Unassigned,,HDD PC SEAGATE SATA 1TB PI,25,10,PCS,553761.858614,13844046.46535
Unassigned,,HDD PC SEAGATE SATA 500 GB PI,14,15,PCS,223500,3129000
Unassigned,,HDD PC TOSHIBA CCTV 2TB,0,1,PCS,1580000,0
Unassigned,,HDD PC TOSHIBA CCTV 8TB SURVEILANCE S300 PRO 7200RPM,0,1,PCS,3455000,0
Unassigned,,HDD PC WD BLUE 1TB,0,5,PCS,589153.846154,0
Unassigned,,HDD PC WD BLUE 2TB,0,1,PCS,860000,0
Unassigned,,HDD PC WD BLUE 4TB,0,1,PCS,1790000,0
Unassigned,,HDD PC WD BLUE 500GB,0,2,PCS,610000,0
Unassigned,,HDD PC WD PURPLE 1 TB,0,15,PCS,863511.042761,0
Unassigned,,HDD PC WD PURPLE 2TB,1,0,PCS,1700000,1700000
Unassigned,,HDD WD PURPLE 4TB,0,1,PCS,1430000,0
Unassigned,,HDD WD PURPLE PRO 8TB,0,1,UNIT,3305000,0
Unassigned,,HDMI EXTENDER RJ45 100M + ADAPTOR,1,1,PCS,295000,295000
Unassigned,,HDMI EXTENDER RJ45 200M + ADAPTOR,1,1,PCS,530000,530000
Unassigned,,HDMI EXTENDER RJ45 60M + ADAPTOR,0,1,PCS,99000,0
Unassigned,,HDMI EXTENDER RJ45 LAN,2,1,PCS,30000,60000
Unassigned,,HDMI SPLITER 4 PORT,23,2,PCS,69544.228219,1599517.249037
Unassigned,,HDMI SPLITER 4 PORT GAINTECH / SANURPRO,0,1,PCS,255000,0
Unassigned,,HDMI SWITCH 4 PORT,7,1,PCS,63740.446796,446183.12757199997
Unassigned,,HDMI VIDEO CAPTURE 4 PORT 4K,5,1,PCS,77000,385000
Unassigned,,HEAD PRINTER CANON IP 110,0,1,PCS,920000,0
Unassigned,,HEAD PRINTER CANON IX 6770,1,1,PCS,1000000,1000000
Unassigned,,HEADPHONE JETE HB2,10,2,PCS,60711.935975,607119.3597500001
Unassigned,,HEADPHONE JETE HB3,0,1,PCS,44900,0
Unassigned,,HEADPHONE KENION 666,1,1,PCS,44000,44000
Unassigned,,HEADPHONE WAR WOLF T6,3,2,PCS,66000,198000
Unassigned,,HEADPHONE XTEGO,2,2,PCS,40000,80000
Unassigned,,HEADSET GAMING FANTECH FLASH HQ53 BLACK,0,1,UNIT,111000,0
Unassigned,,HEADSET GAMING LEGION H300,2,1,PCS,0,0
Unassigned,,HEADSET GAMING REXUS HX - 20 BLACK USB 7.1,0,1,UNIT,367000,0
Unassigned,,HEADSET H 111 LOGITECH,1,1,PCS,83000,83000
Unassigned,,HEADSET HYPERX CLOUD STRIGER CORE,1,1,PCS,0,0
Unassigned,,HEADSET LOGITECH G633S 7.1 WIRED SURROUND,0,1,UNIT,1450000,0
Unassigned,,HEADSET REXUS GAMING F55 VONIX,0,1,PCS,165000,0
Unassigned,,HEADSET REXUS VONIX F27,4,1,PCS,108000,432000
Unassigned,,HF JETE GAMING G3,0,1,PCS,100000,0
Unassigned,,HF JETE GAMING G7,0,1,UNIT,200000,0
Unassigned,,HF JETE GAMING GA5,0,1,PCS,144952.474598,0
Unassigned,,HF JETE GAMING GA7,3,1,PCS,140000,420000
Unassigned,,HF JETE GAMING GS1,0,1,PCS,110000,0
Unassigned,,HF JETE HB5,13,10,PCS,62732.314815,815520.0925949999
Unassigned,,HF JETE HB6,2,1,UNIT,88999.166667,177998.333334
Unassigned,,HF JETE HB7,0,1,PCS,90799,0
Unassigned,,HF JETE HB8,0,1,PCS,90799,0
Unassigned,,HF JETE HX1,2,1,PCS,45349,90698
Unassigned,,HF JETE POWERFULL BASS,2,5,PCS,71633.333333,143266.666666
Unassigned,,HF REXUS F22,1,1,PCS,108500,108500
Unassigned,,HF REXUS F26,1,3,PCS,109076.923077,109076.923077
Unassigned,,HFB JETE 06 EXTREME SILVER BT,0,1,PCS,210000,0
Unassigned,,HFB JETE 11 BT,0,1,PCS,100000,0
Unassigned,,HFB JETE 12 BT,0,1,PCS,0,0
Unassigned,,HFB JETE 13 PRO BT,0,1,PCS,0,0
Unassigned,,HFB JETE SA3,4,1,PCS,190000,760000
Unassigned,,HOLDER HP MOBIL JETE H10,1,0,PCS,45000,45000
Unassigned,,HOLDER HP MOBIL JETE H10B,1,0,PCS,45000,45000
Unassigned,,HOLDER L8050 / PICK UP ROLLER,1,1,PCS,350000,350000
Unassigned,,HOLDER U,3,1,PCS,15000,45000
Unassigned,,HORN SPEAKER 10W,0,1,PCS,307581,0
Unassigned,,HP 14 CORE 5 120U 8GB 512GB 14 INCH W11,3,1,UNIT,8900000,26700000
Unassigned,,HP 14 EM0019AU AMD RYZEN 5 7530U 8GB 512GB WIN 11 #,0,1,UNIT,8440000,0
Unassigned,,HP 14 EM0019AU AMD RYZEN 5 7530U 8GB 512GB WIN 11 TP,0,1,UNIT,7290000,0
Unassigned,,HP 14 EP0018TU INTEL CORE i7 - 1355U 2X8 512GB SSD WIN 11 #,0,1,UNIT,12000000,0
Unassigned,,HP 14 EP0258TU INTEL CORE i7 - 1355U 8GB 512GB SSD WIN 11,0,1,UNIT,10600000,0
Unassigned,,HP 14 EP0266TU INTEL CORE i3 - 1315U 8GB DDR4 512GB SSD WIN 11,0,1,UNIT,6673333.333333,0
Unassigned,,HP 14 EP1155TU INTEL CORE 5 120U 16GB DDR4 512GB SSD WIN 11 TP,0,1,UNIT,8750000,0
Unassigned,,HP 14 I3 - N305 8GB 512GB SSD WIN 11,0,1,UNIT,6320000,0
Unassigned,,HP 14S CI3 1115G4 4GB 512GB SSD WIN 11,0,1,UNIT,5845000,0
Unassigned,,HP 14S CI5 1235U 8GB 512GB SSD INTEL IRIS XE GRAPHICS WIN 11,0,1,UNIT,7940000,0
Unassigned,,HP 14S CI5-1155G7 8GB 512GB SSD WIN 11  #,0,1,UNIT,7290000,0
Unassigned,,HP 14S Ci5-1235U 8GB 512GB SSD INTEL XE WIN 11,0,1,UNIT,8340000,0
Unassigned,,HP 14S DQ3040TU N4500 8GB 512GB SSD WIN 11 WHITE #,0,1,UNIT,4620000,0
Unassigned,,HP 14S DQ31 INTEL N4500 4GB 512GB SSD WIN 11 TP @,0,1,UNIT,4585000,0
Unassigned,,HP 14S DQ5002TU 669Z5PA CI7-1260P 2X8 512GB SSD IRIS XE PS,0,1,UNIT,12900000,0
Unassigned,,HP 14S DQ5127TU Ci3 1215U 8GB 512 SSD WIN 11 #,0,1,UNIT,5550000,0
Unassigned,,HP 14S DQ5154TU Ci7-1255U 2X8 512GB SSD INTEL XE GRAPICHS WIN 11,0,1,UNIT,10920000,0
Unassigned,,HP 14S DQ5567TU Ci3-1215U 12GB 512GB SSD WIN 11 #,0,1,UNIT,5592000,0
Unassigned,,HP 14S FQ2002AU AMD RYZEN 5 5625U 8GB 512GB SSD WIN 11 FT,0,1,UNIT,7195000,0
Unassigned,,"HP 14S INTEL N4120 4GB 256GB SSD WIN 11 14"" NW",0,1,UNIT,4425000,0
Unassigned,,HP 14S INTEL N4500  8GB 256GB SSD #,0,8,UNIT,4960000,0
Unassigned,,HP 14S INTEL N4500 4GB 512GB SSD WIN 11 #,0,1,UNIT,4586666.666667,0
Unassigned,,HP 14S INTEL N4500 4GB SSD 256GB WIN 11,0,1,UNIT,4097428.571429,0
Unassigned,,HP 14S-CF2075TU Ci3-10110U 4GB 256GB SSD W10,0,1,UNIT,7100000,0
Unassigned,,HP 14S-CF2076TU-36F70PA Ci3-10110U 4GB SSD 256GB WIN10  NW,0,1,UNIT,7100000,0
Unassigned,,"HP 14S-CF3034TX SILVER INTEL I3-1005G1/14""/512GB SSD/AMD RADEON 620/WIN10",0,1,UNIT,7300000,0
Unassigned,,HP 14S-CF3040TU-167Y1PA I3-1005G1 4GB 1TB HDD W10,0,1,UNIT,6900000,0
Unassigned,,HP 14s-cf3076TU-1X9M5PA Ci3-10051g1 4gb ssd 256gb,0,1,UNIT,6265000,0
Unassigned,,HP 14s-dq5156TU Intel Core i5-1235U 8GB (2x4GB) 512GB SSD  Intel Iris Xe Graphics W11 Home + OHS 2021,1,1,UNIT,7870000,7870000
Unassigned,,HP 240 G7 2X4L1PA Ci5-1035G1 8GB 512GB SSD WIN10,0,1,UNIT,8340000,0
Unassigned,,HP 240 G8 I3-1115G4 4GB 256GB SSD WIN 11,0,1,UNIT,5295000,0
Unassigned,,HP 240 G8 INTEL CORE I5 1235U 8GB 256GB SSD WIN 11,0,1,UNIT,6890000,0
Unassigned,,HP 240 G9 9J1W4PT Ci3-1215U 8GB 256GB SSD WIN 11,0,1,UNIT,5445000,0
Unassigned,,HP 240 G9 i3 1315 8GB 512GB SSD WIN 11 @,0,1,UNIT,5700000,0
Unassigned,,HP 240 G9 X8AT Ci3 1215U 8GB 512 SSD TP,0,1,UNIT,5401383.39921,0
Unassigned,,HP 240 I3 - 1115G4 8GB 256GB WIN 11 #,0,1,UNIT,5245000,0
Unassigned,,HP 245 G10 AMD RYZEN 3 7320U 8GB 256GB SSD WIN 11,0,1,UNIT,5245000,0
Unassigned,,"HP 245 G8 AMD ATHLON 3050U 8GB 512GB SSD 14""",0,1,UNIT,4380000,0
Unassigned,,"HP 245 G8-6155PA AMD ATHLON 3050U 4GB 256GB SSD 14"" NW",0,1,UNIT,4240000,0
Unassigned,,"HP 250 G8 3V356PA 15,4"" Ci3 1115G4 4GB 512GB SSD WIN 10 BLACK",0,1,UNIT,6433888.888889,0
Unassigned,,HP ENVY X360 14 INCS 2-IN-1 14-FA088AU AMD RYZEN 7 8840HS 32GB 1TB SSD WIN 11,0,1,UNIT,18220000,0
Unassigned,,HP INFINIX SMART 9 4GB 128GB,1,1,UNIT,0,0
Unassigned,,HP OmniBook 5 Flip14 Core 7 150U 16GB DDR5 512GB SSD Intel Graphics W11,0,1,UNIT,14495000,0
Unassigned,,HP PAV X360 CONVERT 14 GOLD CI5 1135G7 FHD IPS 512GB SSD 8GB,0,1,UNIT,12500000,0
Unassigned,,"HP Pav x360 Convert 14-EK2333TU Blue Core 5 120U Win11 OHS(14"" FHD IPS Touch/UMA/512GB/16GB) (Flipbook)",0,1,UNIT,10950000,0
Unassigned,,HP PAVILION 14-DV2002TX-68J10PA CI5-1235U 16GB 512GB SSD MX550 2GB WIN 11,1,1,UNIT,11420000,11420000
Unassigned,,HP PAVILION 14-EC0013AU AMD RYZEN 5 5500U 16GB SSD 512GB,0,1,UNIT,10155000,0
Unassigned,,HP PAVILION AERO 13 AMD RYZEN 5 5625U 16GB 512GB SSD WIN 11,0,1,UNIT,12380000,0
Unassigned,,HP PAVILION AERO 13 BE2001AU AMD RYZEN 5 7535U 2X8GB 512GB SSD WIN,0,1,UNIT,12320000,0
Unassigned,,HP PAVILION X360 2IN1 14 CORE 3 100U 8GB 512GB SSD WIN 11,0,1,UNIT,9495000,0
Unassigned,,HP PAVILION X360 CONVERTIBLE 14 CI7-1255U 16GB 512GB SSD INTEL IRIS XE WIN 11,0,1,UNIT,14565000,0
Unassigned,,HP PAVILION X360 CONVERTIBLE 14 EK1069TU Ci5 - 1335U 16GB 512GB SSD INTEL XE GRAPHICS WIN 11 UM,0,1,UNIT,12120000,0
Unassigned,,HP Pavilion x360 Pavilion 2-in-1 14-ek2111TU-9X3C3PA Intel Core 5 120U 16GB 512GB SSD W11 Home + OHS 2021 Natural silver + Tas,0,1,UNIT,11200000,0
Unassigned,,HP Pavilion x360 Pavilion 2-in-1 14-ek2333TU-9X3C5PA Core 5 120U 16GB 512GB SSD W11 Home + OHS 2021 Space Blue + Tas,0,1,UNIT,11500000,0
Unassigned,,"HP PRINTER SMART TANK 520 (SCAN,COPY)",2,1,UNIT,1211711,2423422
Unassigned,,HP SAMSUNG S24 256GB,0,1,UNIT,12300000,0
Unassigned,,HP VICTUS 15 Ci5-12450H 2X8GB 512GB SSD RTX 2050 4GB WIN 11,0,1,UNIT,10770000,0
Unassigned,,HP VICTUS 15-fa0008TX-6G1L2PA Ci7-12700H 8GB 512GB SSD RTX 3050 4GB WIN 11,0,1,UNIT,13950000,0
Unassigned,,HP VICTUS 16 AMD RYZEN 7 8845HS 16GB 1TB SSD RTX 4060 8GB WIN 11 #,0,1,UNIT,17195000,0
Unassigned,,HP Victus Gaming 15 Intel Core i5-13420H 16GB DDR4 512GB SSD RTX 3050 6GB W11,0,0,PCS,11000000,0
Unassigned,,HP VICTUS GAMING 15-FA1666TX Ci5-12450H 8GB 512GB SSD RTX 2050 4GB WIN 11,0,1,UNIT,10080000,0
Unassigned,,HP VICTUS GAMING 15-FA2717TX INTEL CORE i5-13420H 16GB DDR4 512GB SSD RTX 4050 6GB WIN 11,0,1,UNIT,13800000,0
Unassigned,,HT JETE H101,1,1,UNIT,159936.029412,159936.029412
Unassigned,,HT JETE H102,1,1,PCS,149900,149900
Unassigned,,HT KENWOOD TH-K20A VHF,0,1,UNIT,1750000,0
Unassigned,,HUB USB + TYPE C 4 PORT COMBO,59,1,PCS,29732.831858,1754237.079622
Unassigned,,HUB USB + TYPE C 7 PORT COMBO,21,1,PCS,38575.236793,810079.9726529999
Unassigned,,HUB USB 3.0 4 PORT,5,60,PCS,56000,280000
Unassigned,,HUB USB 3.0 TYPE C 3 PORT + MICRO SD,0,1,PCS,47000,0
Unassigned,,HUB USB 4 LUBANG MINI PCI,0,1,PCS,106000,0
Unassigned,,HUB USB 4 PORT ORICO FL02-BK-BP-W K BLACK,42,1,PCS,38480.769231,1616192.307702
Unassigned,,HUB USB 4 PORT ROBOT H130 2.0 USB,0,1,PCS,41000,0
Unassigned,,HUB USB 4 PORT VENTION CKOHB 4 IN 1 USB 3.0,0,0,PCS,53000,0
Unassigned,,HUB USB RBT 4 PORT,0,15,PCS,43000,0
Unassigned,,HUB USB REXUS 4 PORT,3,10,PCS,58215.116279,174645.348837
Unassigned,,HUB USB TYPE C 4 PORT,0,1,PCS,37000,0
Unassigned,,I MAC M1 8 CORE CPU 7 CORE GPU SSD 256 GB,0,1,UNIT,21650000,0
Unassigned,,I-POOK P465 LAN TESTER,0,1,PCS,385000,0
Unassigned,,ID CARD PRINTER HITI CS200E,0,1,UNIT,12150000,0
Unassigned,,indorack 6u wir4506,0,0,PCS,2200000,0
Unassigned,,INDORACK WR5012S WALLMOUNT RACK 19 INCH 12U SINGLE GLASS DOOR DEPTH 500MM,0,0,PCS,2900000,0
Unassigned,,INSTALASI,0,1,JASA,100000,0
Unassigned,,IP CAM CCTV EZIP-B1B40 4MP,0,1,PCS,525000,0
Unassigned,,IP CAM DAHUA 4MP INDOOR,0,1,PCS,825000,0
Unassigned,,IP CAM DAHUA 4MP OUTDOOR,0,1,PCS,725000,0
Unassigned,,IP CAM DAHUA OUTDOOR 8MP,0,1,PCS,2450000,0
Unassigned,,IP CAM EZVIZ CS - H3C 5MP,0,1,UNIT,655000,0
Unassigned,,IP CAM EZVIZ CS - H6 5MP,0,1,UNIT,515000,0
Unassigned,,IP CAM HIK 1021,0,1,PCS,475000,0
Unassigned,,IP CAM HIK 1121,0,1,PCS,495000,0
Unassigned,,IP CAM HIK INDOOR,0,1,PCS,535000,0
Unassigned,,IPAD 9 WIFI + CELL 64GB,0,1,UNIT,7799000,0
Unassigned,,IPAD AIR 11 INCS 4TH GEN WIFI 256GB M2/AIR 6,0,1,UNIT,13230000,0
Unassigned,,IPAD AIR 13 INCS 1ST GEN WIFI 128GB M2/AIR 6,0,1,UNIT,13500000,0
Unassigned,,IPAD PRO 2020 11 INCS WIFI 128GB,0,1,UNIT,13750000,0
Unassigned,,IPOS 4,0,1,PCS,600000,0
Unassigned,,IPOS 5 PRO,0,1,PCS,850000,0
Unassigned,,ISI CUTTER,309,5,PCS,4424.548691,1367185.545519
Unassigned,,ISI STEMPLES KANGARO N0.10,3591,100,KOTAK,1523.388207,5470487.051337
Unassigned,,ISI STEPLES DELI  NO 10,0,1,PCS,1112.5,0
Unassigned,,ISI STEPLES DELI NO 24,3,1,PCS,1780,5340
Unassigned,,ISI STEPLES JOYKO NO 10,10,100,PCS,925.65,9256.5
Unassigned,,ISI STEPLES KANGARO 24/6,1342,50,KOTAK,3212.498659,4311173.200378
Unassigned,,ISI STEPLES KANGARO NO 10,980,1,PCS,1500,1470000
Unassigned,,"ISOLASI DOUBLE TAPE NACHI 1""",0,1,ROLL,5500,0
Unassigned,,ISOLASI LISTRIK,0,1,PCS,10000,0
Unassigned,,ISOLUTION FACE ID,0,1,UNIT,3200000,0
Unassigned,,ISOLUTION X105 (ABSEN SIDIK JARI),1,1,PCS,1050000,1050000
Unassigned,,JASA INSTALASI,0,1,JASA,150000,0
Unassigned,,JASA PASANG DOMPU,0,1,JASA,170000,0
Unassigned,,JASA PASANG PABX,0,1,JASA,3500000,0
Unassigned,,JASA PASANG PROJECTOR DAN SPEAKER,0,1,JASA,450000,0
Unassigned,,JASA PASANG PROJECTOR SAPE,0,1,JASA,100000,0
Unassigned,,JASA PASANG SPEAKER KLINIK,0,1,JASA,350000,0
Unassigned,,JASA SETTING ABSENSI,2,1,JASA,200000,400000
Unassigned,,JASA SETTING MIKROTIK,0,1,JASA,750000,0
Unassigned,,JETE TWS 11 BT,0,1,PCS,100000,0
Unassigned,,JETE TWS CE3,0,1,PCS,120000,0
Unassigned,,JETE W9,5,1,PCS,169900,849500
Unassigned,,JOYCO BALLPOINT MEJA / PENSTAND PSBP-177,45,10,PCS,3591.666667,161625.000015
Unassigned,,JOYCO CALCULATOR CC - 15A 12 DIGIT,2,1,PCS,45590,91180
Unassigned,,JOYCO CALCULATOR CC - 26 12 DIGIT,0,1,PCS,40740,0
Unassigned,,JOYCO CALCULATOR CC - 27 12 DIGIT,0,1,PCS,69840,0
Unassigned,,JOYCO CALCULATOR CC - 30 12 DIGIT,1,1,PCS,72750,72750
Unassigned,,JOYCO CALCULATOR CC - 34 BIG 14 DIGIT,0,1,PCS,72750,0
Unassigned,,JOYCO CALCULATOR CC - 8A 12 DIGIT,3,1,PCS,36860,110580
Unassigned,,JOYCO INDEX & MEMO IM-42 SIGN HERE,20,20,PCS,7020.75,140415
Unassigned,,JOYCO MEMO STICK MMS-657P 102 X 76,205,1,PCS,4596.707025,942324.940125
Unassigned,,"KABEL 3,5MM 1 - 3 RCA",16,1,PCS,15000,240000
Unassigned,,KABEL AUDIO 1 - 1,62,40,PCS,7339.550653,455052.140486
Unassigned,,KABEL AUDIO 1 - 2,31,40,PCS,6951.010627,215481.32943699998
Unassigned,,KABEL AUDIO 1 - 2 10 METER,6,1,PCS,50000,300000
Unassigned,,KABEL AUDIO 1 - 2 5METER,13,1,PCS,16186.771287,210428.026731
Unassigned,,KABEL AV PS 2,12,15,PCS,14978.213508,179738.562096
Unassigned,,KABEL CCTV DAHUA RG 59 + POWER,1,10,DUS,709999.293539,709999.293539
Unassigned,,KABEL CCTV LG PERMETER,11,50,METER,3133.33333,34466.66663
Unassigned,,KABEL CCTV PERMETER,324,1,METER,2333.333333,755999.999892
Unassigned,,KABEL CCTV RG 59 + POWER COLAN,0,1,DUS,800000,0
Unassigned,,KABEL CCTV RG 59 + POWER LS (by LG),0,3,PCS,940000,0
Unassigned,,KABEL CCTV RG 59 + POWER MMP,0,1,PCS,840000,0
Unassigned,,KABEL CCTV RG 59 + POWER SPECTRA,0,3,DUS,720000,0
Unassigned,,KABEL CCTV RG 59 + POWER ULTIMATE,2,1,DUS,875000,1750000
Unassigned,,KABEL CCTV RG 6 POWER 300 METER,0,1,DUS,765000,0
Unassigned,,KABEL CCTV SINOVISION / PROVIEW RG 59 + POWER,66,15,DUS,699101.624677,46140707.228682
Unassigned,,KABEL CCTV SPC RG59 + POWER,0,1,DUS,665000,0
Unassigned,,KABEL CCTV SPECTRA OPTIMUS RG 6 POWER,0,1,DUS,745000,0
Unassigned,,KABEL CONVERTER VENTION EACBH DVI TO VGA CONVERTER DVI-I (24+5) TO VGA VIDEO ADAPTER 2M BLACK,1,1,PCS,74000,74000
Unassigned,,KABEL DATA 2 IN 1,6,1,PCS,0,0
Unassigned,,KABEL DATA 5 PIN,40,30,PCS,14992.942902,599717.71608
Unassigned,,"KABEL DATA 5 PIN 1,5M UGREEN",0,1,PCS,25000,0
Unassigned,,KABEL DATA CHARGER JETE MICRO USB TP,103,5,PCS,3882.87778,399936.41134
Unassigned,,KABEL DATA HDD EXTERNAL 3.0,41,10,PCS,13293.742855,545043.457055
Unassigned,,KABEL DATA HDD SATA,9,2,PCS,4000,36000
Unassigned,,KABEL DATA HP TYPE C VGEN,6,1,PCS,17928.571429,107571.42857399999
Unassigned,,KABEL DATA JETE CX12 TYPE C TO C,19,1,PCS,45956.714766,873177.580554
Unassigned,,KABEL DATA JETE CX13 LED TYPE C TO C 100W,8,1,PCS,54900,439200
Unassigned,,KABEL DATA JETE CX13 LED TYPE C TO LIGHTNING,18,1,PCS,54958.846154,989259.230772
Unassigned,,KABEL DATA JETE MICRO TINY 5,8,1,PCS,20000,160000
Unassigned,,"KABEL DATA PRINTER 1,5 METER",49,40,PCS,10997.21753,538863.65897
Unassigned,,KABEL DATA PRINTER 3 METER,53,30,PCS,16061.818298,851276.369794
Unassigned,,KABEL DATA PRINTER 5 METER,41,20,PCS,26500,1086500
Unassigned,,KABEL DATA TYPE C JETE CX 5,30,30,PCS,25334.771139,760043.13417
Unassigned,,KABEL DATA USB JETE CX1 2.4A (MICRO),61,20,PCS,23222.399776,1416566.386336
Unassigned,,KABEL DATA USB JETE CX1 2.A4 LIGHTENING  (IPHONE),41,5,PCS,22138.279817,907669.4724969999
Unassigned,,"KABEL DISPLAY PORT 1,8M",10,1,PCS,19272.727273,192727.27273
Unassigned,,KABEL EXTENSION BOSCH 10 METER,0,1,PCS,950000,0
Unassigned,,KABEL EXTENSION BOSCH 3 METER,0,1,PCS,400000,0
Unassigned,,KABEL FIBER OPTIK GLOBAL 1KM 1000M CORE 3 SELING NON DUS,0,1,DUS,787500,0
Unassigned,,KABEL FIBER OPTIK GLOBAL 1KM 1000M CORE 3 SELING SPECIAL TYPE,0,5,DUS,802916.666667,0
Unassigned,,KABEL FLEXY HEAD EPSON,27,1,PCS,43186.759518,1166042.5069859999
Unassigned,,KABEL FLEXY HEAD EPSON ( KECIL ),47,1,PCS,20040.869159,941920.8504730001
Unassigned,,KABEL FLEXY LAPTOP,2,1,PCS,78166.666667,156333.333334
Unassigned,,"KABEL HDMI 1,5 METER",23,40,PCS,10514.084507,241823.943661
Unassigned,,"KABEL HDMI 1,5 METER 4K",75,1,PCS,15594.881716,1169616.1287
Unassigned,,"KABEL HDMI 1,5 MR",107,1,PCS,7098.586189,759548.722223
Unassigned,,KABEL HDMI 10 METER,19,3,PCS,46043.478261,874826.086959
Unassigned,,KABEL HDMI 10 METER 4K,33,1,PCS,60847.284114,2007960.375762
Unassigned,,KABEL HDMI 15 METER,17,1,PCS,65714.285714,1117142.857138
Unassigned,,KABEL HDMI 15 METER 4K,38,1,PCS,93813.186813,3564901.0988939996
Unassigned,,KABEL HDMI 20 METER,12,1,PCS,96388.888889,1156666.666668
Unassigned,,KABEL HDMI 20 METER 4K,36,3,PCS,149622.332507,5386403.970252001
Unassigned,,KABEL HDMI 25 METER,7,1,PCS,133750,936250
Unassigned,,KABEL HDMI 3 IN 1 UNIVERSAL,15,5,PCS,24112.618151,361689.272265
Unassigned,,KABEL HDMI 3 METER,36,20,PCS,19240.922261,692673.201396
Unassigned,,KABEL HDMI 3 METER 4K,80,1,PCS,23701.974817,1896157.9853599998
Unassigned,,KABEL HDMI 30 METER 4K,8,1,PCS,225000,1800000
Unassigned,,KABEL HDMI 5 METER,59,10,PCS,28006.804825,1652401.484675
Unassigned,,KABEL HDMI 5 METER 4K,88,1,PCS,33874.867088,2980988.303744
Unassigned,,KABEL HDMI EXTENSION MALE TO FEMALE (SAMBUNGAN KABEL),8,3,PCS,15000,120000
Unassigned,,KABEL HDMI VENTION ABFBH HDMI MALE TO DVI 24+1 MALE 2M BLACK,0,1,PCS,63000,0
Unassigned,,KABEL IDF 4,0,1,METER,75000,0
Unassigned,,KABEL LAN BELDEN USA CAT 5,3,3,DUS,2148333.333333,6444999.999999
Unassigned,,KABEL LAN BELDEN USA CAT 6,0,1,DUS,2050000,0
Unassigned,,KABEL LAN COMMSCOPE CAT 5E,6,1,DUS,1500000,9000000
Unassigned,,KABEL LAN COMMSCOPE CAT 6,0,1,DUS,1835000,0
Unassigned,,"KABEL LAN JADI 1,5 METER",0,1,PCS,0,0
Unassigned,,KABEL LAN SPC UTP CAT 5,0,1,DUS,360000,0
Unassigned,,KABEL LAN ZIMM LINK,77,55,DUS,371518.136238,28606896.490326002
Unassigned,,KABEL LAN ZIMM LINK FTP ( SEMI OUTDOOR ),30,20,DUS,490093.698111,14702810.943330001
Unassigned,,KABEL LISTRIK 4 METER,0,1,METER,40000,0
Unassigned,,KABEL LISTRIK METER,5,1,METER,10000,50000
Unassigned,,KABEL POWER CPU,80,10,PCS,8218.75,657500
Unassigned,,KABEL POWER CPU HOWELL / HYDRA / DATAFAST,151,150,PCS,12160.600052,1836250.607852
Unassigned,,KABEL POWER HDD SATA,33,2,PCS,4764.925373,157242.537309
Unassigned,,KABEL POWER LAPTOP,89,10,PCS,7932.58427,706000.00003
Unassigned,,KABEL POWER LAPTOP HOWELL / HYDRA / DATAFAST,361,150,PCS,14485.483878,5229259.679958
Unassigned,,KABEL POWER ORBIT KE USB,18,1,PCS,16690.283401,300425.101218
Unassigned,,KABEL POWER PRINTER,0,1,PCS,6500,0
Unassigned,,KABEL POWER PRINTER HYDRA / SANURPRO,26,80,PCS,10897.994273,283347.851098
Unassigned,,"KABEL RCA 3 - 3 (1,5 METER)",46,3,PCS,12565.57377,578016.3934200001
Unassigned,,KABEL RCA 3 - 3 (3 METER),33,5,PCS,14500,478500
Unassigned,,KABEL SENSOR CHIP DETECTOR EPSON L1800,2,1,PCS,75000,150000
Unassigned,,KABEL SENSOR G SERIES,8,1,PCS,39959.999208,319679.993664
Unassigned,,KABEL TELPON ISI 4 100 METER,0,1,PCS,200000,0
Unassigned,,KABEL USB A - A,33,5,PCS,16661.764706,549838.235298
Unassigned,,KABEL USB A - A 30CM,54,1,PCS,8272.727273,446727.272742
Unassigned,,"KABEL USB EXTENDER 1,5 METER",69,40,PCS,11000,759000
Unassigned,,KABEL USB EXTENDER 3 METER,63,30,PCS,18000,1134000
Unassigned,,KABEL USB EXTENDER 5 METER,49,5,PCS,26512.913844,1299132.7783559998
Unassigned,,"KABEL VGA 1,5 METER",131,65,PCS,14881.238686,1949442.267866
Unassigned,,"KABEL VGA 1,5 METER HQ",11,1,PCS,26601.532567,292616.858237
Unassigned,,KABEL VGA 10 METER,25,25,PCS,51915.860683,1297896.5170749999
Unassigned,,KABEL VGA 15 METER,5,1,PCS,80000,400000
Unassigned,,KABEL VGA 20 METER,4,2,PCS,125000,500000
Unassigned,,KABEL VGA 25 METER,5,2,PCS,162500,812500
Unassigned,,KABEL VGA 3 METER,84,15,PCS,29358.5852,2466121.1568
Unassigned,,KABEL VGA 3 METER HQ,16,1,PCS,50000,800000
Unassigned,,KABEL VGA 30 METER,2,1,PCS,230000,460000
Unassigned,,KABEL VGA 5 METER,55,1,PCS,34586.206897,1902241.3793349997
Unassigned,,KACA CASING GAMING,0,1,PCS,300000,0
Unassigned,,KARET GELANG,152,5,PACK,24040.593482,3654170.209264
Unassigned,,KARET INFUS PRINTER,919,100,PCS,199.724518,183546.832042
Unassigned,,KARET ROL ATAS PRINTER EPSON,14,1,PCS,5000,70000
Unassigned,,KARET ROL BAWAH PRINTER EPSON,31,5,PCS,9000,279000
Unassigned,,KARET ROLLER BAWAH EPSON,101,1,BIJI,3000,303000
Unassigned,,KASSEN MESIN HITUNG UANG,0,1,UNIT,825000,0
Unassigned,,KERTAS 2 PLY A3 NCR,0,1,DUS,445000,0
Unassigned,,KERTAS 2 PLY PRS,14,10,DUS,295583.455078,4138168.3710920005
Unassigned,,KERTAS 4 PLY NCR,20,1,DUS,291748.083334,5834961.666680001
Unassigned,,KERTAS ART PAPER 150 GSM F4,37,30,PCS,28675.035021,1060976.295777
Unassigned,,KERTAS ART PAPER A4 150 GRAM,50,30,PCS,27971.218544,1398560.9272
Unassigned,,KERTAS BARCODE 10RB PC,0,1,PACK,65000,0
Unassigned,,KERTAS BUFFALO  HIJAU MUDA (NO 08),68,35,PCS,22963.869169,1561543.1034920001
Unassigned,,KERTAS BUFFALO BIRU MUDA (NO 10),79,35,PCS,22713.045433,1794330.5892069999
Unassigned,,KERTAS BUFFALO BIRU TUA (NO 9),189,35,PCS,22592.530452,4269988.255427999
Unassigned,,KERTAS BUFFALO CROWN BIRU MUDA (NO 11),106,35,PACK,22778.571429,2414528.571474
Unassigned,,KERTAS BUFFALO CROWN BIRU MUDA (NO 14),21,35,PCS,22500,472500
Unassigned,,KERTAS BUFFALO KUNING (NO 5),126,35,PCS,22513.885317,2836749.549942
Unassigned,,KERTAS BUFFALO MERAH (NO 1),16,35,PCS,22695.299938,363124.799008
Unassigned,,KERTAS BUFFALO MERAH MUDA (NO 2),146,35,PCS,22734.385267,3319220.248982
Unassigned,,KERTAS BUFFALO ORANGE ( NO 04 ),17,35,PCS,22470.223325,381993.796525
Unassigned,,KERTAS BUFFALO PUTIH,228,160,PCS,19500,4446000
Unassigned,,KERTAS BURAM,9,5,PACK,37000,333000
Unassigned,,KERTAS FOTO BUFFALO HIJAU MUDA (NO 7),191,35,PCS,22540.392789,4305215.022699
Unassigned,,KERTAS FOTO DATA PRINT GLOSSY  230 GSM (BURUNG),290,180,PCS,14750.029528,4277508.56312
Unassigned,,KERTAS FOTO DATA PRINT SILKY,12,5,PCS,40500,486000
Unassigned,,KERTAS FOTO KODAK 270GR GLOSSY,23,20,PCS,46000,1058000
Unassigned,,KERTAS FOTO KODAK 270GR SATIN /  SILKY,7,50,PCS,46000,322000
Unassigned,,KERTAS FOTO SPECTRA 210 (BURUNG),46,1,PCS,18500,851000
Unassigned,,KERTAS FOTO SPECTRA 230 (BUAH NAGA),136,200,PCS,18485.578793,2514038.7158480003
Unassigned,,KERTAS FOTO SPECTRA A3 GLOSSY,42,10,PCS,58949.152542,2475864.406764
Unassigned,,KERTAS FOTO SPECTRA A3 SILKY,43,10,PCS,61476.744186,2643499.999998
Unassigned,,KERTAS FOTO SPECTRA GLOSSY 260,249,180,PCS,57000,14193000
Unassigned,,KERTAS FOTO SPECTRA SILKY 260,211,180,PCS,56993.708336,12025672.458896
Unassigned,,KERTAS FOTO STIKER DATA PRINT,147,200,PCS,22750,3344250
Unassigned,,KERTAS FOTO TANPA MEREK,146,130,PCS,11000,1606000
Unassigned,,KERTAS GLORI,91,15,PCS,53231.25,4844043.75
Unassigned,,KERTAS HAMER,40,10,PCS,49859.154929,1994366.19716
Unassigned,,KERTAS INKJET MATTE,11,5,PCS,31000,341000
Unassigned,,KERTAS JASMIN BIRU,3,1,PCS,45000,135000
Unassigned,,KERTAS JASMIN CREAM,0,28,PCS,40439.02439,0
Unassigned,,KERTAS JASMIN PINK,16,1,PCS,45000,720000
Unassigned,,KERTAS JASMINE PUTIH,63,60,PCS,41344.764537,2604720.165831
Unassigned,,KERTAS KASIR PAPERLINE PPL TS 7565 75X65X18MM,500,1,PCS,5372.086,2686043
Unassigned,,KERTAS KINGSTRIK 230 GRAM F4,83,35,PCS,31523.03402,2616411.8236599998
Unassigned,,KERTAS LINEN 200 GR F4,125,40,PCS,40904.808393,5113101.049125
Unassigned,,KERTAS NCR BLUE CF (BOTTOM),13,1,PCS,52250,679250
Unassigned,,KERTAS NCR BLUE CFB (MIDDLE),78,30,PCS,57598.366464,4492672.584192
Unassigned,,KERTAS NCR GREEN CFB (MIDDLE),67,30,PCS,59584.988445,3992194.225815
Unassigned,,KERTAS NCR PINK CFB (MIDDLE),21,30,PCS,60668.751726,1274043.786246
Unassigned,,KERTAS NCR WHITE CB (TOP),78,30,PCS,63172,4927416
Unassigned,,KERTAS NCR WHITE CFB (MIDDLE),78,30,PCS,62380,4865640
Unassigned,,KERTAS NCR YELLOW CF (BOTTOM),6,30,PCS,52500,315000
Unassigned,,KERTAS NCR YELLOW CFB (MIDDLE),62,30,PCS,60656.847553,3760724.548286
Unassigned,,KERTAS PIAGAM A4,88,5,PCS,33000,2904000
Unassigned,,KERTAS PIAGAM F4,78,30,PCS,31500,2457000
Unassigned,,KERTAS THERMAL 57 X 30 EDC,1496,500,PCS,1740,2603040
Unassigned,,KERTAS THERMAL 57 X 38 MM (EDC),6,500,PCS,2315.31775,13891.906500000001
Unassigned,,KERTAS THERMAL 57 X 47,10,1,PCS,0,0
Unassigned,,KERTAS THERMAL 80 X 47,0,3,PCS,7800,0
Unassigned,,KERTAS UNDANGAN AVIS 123,6,1,PCS,29750,178500
Unassigned,,KERTAS UNDANGAN AVIS 124,0,1,PCS,29750,0
Unassigned,,KERTAS UNDANGAN AVIS 125,0,1,PCS,29750,0
Unassigned,,KERTAS UNDANGAN AVIS 126,8,1,PCS,29750,238000
Unassigned,,KERTAS UNDANGAN AVIS 127,1,1,PCS,29750,29750
Unassigned,,KEY ACER A314 22 BR,2,1,PCS,150000,300000
Unassigned,,KEY AXIOO 1401,1,1,PCS,220000,220000
Unassigned,,KEY GAMING CYBORG KG2 TKL VIPER,0,1,PCS,130000,0
Unassigned,,KEY GAMING FANTECH HUNTER PRO K511 RGB BAKLITE MEMBRANE - BLACK,0,1,PCS,128000,0
Unassigned,,"KEY LENOVO 11,6 120S #",0,1,PCS,70000,0
Unassigned,,"KEY LENOVO 320 ON OFF 15,6",0,1,PCS,120000,0
Unassigned,,KEY MOUSE GAMING FANTECH SET COMBO P31 BLACK,0,1,PCS,198000,0
Unassigned,,KEY MOUSE GAMING REXUS WARFACTION VR3 MAX RGB,0,1,SET,330000,0
Unassigned,,KEY MOUSE REXUS WARFACTION VR1,0,1,PCS,188000,0
Unassigned,,KEY MOUSE REXUS WARFACTION VR2,0,1,PCS,196000,0
Unassigned,,KEY MOUSE WIRELESS OLIKE KMS1,10,1,PCS,99000,990000
Unassigned,,KEY TOSHIBA L55-B TANAM,1,1,PCS,68506.666667,68506.666667
Unassigned,,KEYBOAR LAPTOP LENOVO IDEAPAD 5 15 INCS,0,1,PCS,290000,0
Unassigned,,KEYBOARD + MOUSE LOGITECH MK 120,0,1,PAKET,151000,0
Unassigned,,KEYBOARD + MOUSE USB DATAFAST KM - 001,2,1,PCS,51000,102000
Unassigned,,KEYBOARD + MOUSE VOXY KM100,19,1,PAKET,55000,1045000
Unassigned,,KEYBOARD + TP + COVER C MYBOOK 11G,0,1,PCS,200000,0
Unassigned,,KEYBOARD ACER 4732Z BLACK,2,1,PCS,78000,156000
Unassigned,,KEYBOARD ACER 4736,12,3,PCS,58412.54502,700950.54024
Unassigned,,KEYBOARD ACER 722,1,3,PCS,63688.372093,63688.372093
Unassigned,,KEYBOARD ACER A314 22 F2 WIFI,5,1,PCS,145555.555556,727777.77778
Unassigned,,KEYBOARD ACER A314 33 (LM),7,1,PCS,80825.641304,565779.489128
Unassigned,,KEYBOARD ACER A314 36,2,1,PCS,259305.555556,518611.111112
Unassigned,,KEYBOARD ACER A314-22 RYZEN,23,5,PCS,79361.979167,1825325.520841
Unassigned,,KEYBOARD ACER A315 42,0,1,SET,150000,0
Unassigned,,KEYBOARD ACER A514 55G,0,1,PCS,370000,0
Unassigned,,KEYBOARD ACER A515 - 52G,0,1,PCS,150000,0
Unassigned,,KEYBOARD ACER ASPIRE 5736 BLACK PS,0,1,PCS,70000,0
Unassigned,,KEYBOARD ACER D270,6,1,PCS,57524.23756,345145.42536
Unassigned,,KEYBOARD ACER E5 471 TANPA ON OFF,7,1,PCS,68046.25496,476323.78472000005
Unassigned,,KEYBOARD ACER E5 473 ON OFF / E5 475 / ES1 432,6,2,PCS,74974.345413,449846.072478
Unassigned,,KEYBOARD ACER E5 475,1,1,PCS,53000,53000
Unassigned,,KEYBOARD ACER E5 573 15 INCS,1,1,PCS,93000,93000
Unassigned,,keyboard acer es1 132 tombol on off,8,3,PCS,82599.118067,660792.944536
Unassigned,,KEYBOARD ACER ES1 432,8,1,PCS,70785.185186,566281.481488
Unassigned,,KEYBOARD ACER LITE AL14 51P,2,0,PCS,300000,600000
Unassigned,,KEYBOARD ACER LITE N100 AL14 31P,1,1,PCS,265833.333333,265833.333333
Unassigned,,KEYBOARD ACER LITE N100 AL14 31P + casing,2,1,PCS,400000,800000
Unassigned,,KEYBOARD ACER NITRO 5,0,1,PCS,280000,0
Unassigned,,KEYBOARD ACER SWIFT 3 SF314 - 54,4,1,PCS,63799.926036,255199.704144
Unassigned,,KEYBOARD ACER SWIFT 3 SF315 - 51 15 INCS,0,1,PCS,59000,0
Unassigned,,KEYBOARD ACER V5 123 / 725,6,1,PCS,61891.27086,371347.62516
Unassigned,,KEYBOARD ACER V5 132,0,2,PCS,72475.202579,0
Unassigned,,KEYBOARD ACER V5 431,6,1,PCS,80889.957564,485339.745384
Unassigned,,KEYBOARD ACER Z1401,6,2,PCS,84595.354032,507572.124192
Unassigned,,KEYBOARD AOC KB 120,3,1,PCS,73333.333333,219999.999999
Unassigned,,KEYBOARD ASUS A1404,3,1,PCS,260000,780000
Unassigned,,KEYBOARD ASUS A409,11,1,PCS,88248.369108,970732.060188
Unassigned,,KEYBOARD ASUS A412 BLACK POWER,0,1,PCS,62000,0
Unassigned,,KEYBOARD ASUS A442 (POWER BUTTON),2,1,PCS,80000,160000
Unassigned,,KEYBOARD ASUS E1404,3,1,PCS,324812.5,974437.5
Unassigned,,KEYBOARD ASUS E410,5,1,PCS,146000,730000
Unassigned,,KEYBOARD ASUS N43,1,1,PCS,64000,64000
Unassigned,,KEYBOARD ASUS ROG G15,0,1,PCS,350000,0
Unassigned,,KEYBOARD ASUS X401,0,1,PCS,75000,0
Unassigned,,KEYBOARD ASUS X505 TOMBOL ON OFF AG,0,1,PCS,65000,0
Unassigned,,KEYBOARD ASUS X540 BLACK,0,1,PCS,57500,0
Unassigned,,KEYBOARD AXIOO 14E,1,1,PCS,132507.936508,132507.936508
Unassigned,,KEYBOARD DELL LATITUDE E6230 BLACK,0,1,PCS,180000,0
Unassigned,,KEYBOARD FLEXIBLE (KARET),5,5,PCS,50000,250000
Unassigned,,KEYBOARD GAMING REXUS K278 OFFICE MEMBRANE,3,1,PCS,53000,159000
Unassigned,,KEYBOARD HP 430 G1 BLACK,0,1,PCS,90000,0
Unassigned,,KEYBOARD HP PAVILION 15 - AB,1,1,PCS,78000,78000
Unassigned,,KEYBOARD JETE KB 2 / KB 1,2,25,PCS,65496.295691,130992.591382
Unassigned,,KEYBOARD JETE KB101,30,1,PCS,69900,2097000
Unassigned,,KEYBOARD JETE KBX1 GAMING,0,1,PCS,150000,0
Unassigned,,KEYBOARD K300 USB,23,1,PCS,31000,713000
Unassigned,,Keyboard Laptop ACER E1 431,0,0,PCS,68899.7669,0
Unassigned,,KEYBOARD LAPTOP ACER Z476,0,1,PCS,190000,0
Unassigned,,KEYBOARD LAPTOP ASUS A407,4,1,PCS,80013.776116,320055.104464
Unassigned,,KEYBOARD LAPTOP ASUS A416,0,1,PCS,57000,0
Unassigned,,KEYBOARD LAPTOP ASUS A509,2,1,PCS,84666.666667,169333.333334
Unassigned,,KEYBOARD LAPTOP ASUS BR1100,0,1,PCS,290000,0
Unassigned,,KEYBOARD LAPTOP ASUS E202,2,1,PCS,71550.724638,143101.449276
Unassigned,,KEYBOARD LAPTOP ASUS E203 BLACK,2,2,PCS,69370.016865,138740.03373
Unassigned,,KEYBOARD LAPTOP ASUS E402,2,1,PCS,150000,300000
Unassigned,,KEYBOARD LAPTOP ASUS N56,1,1,PCS,80000,80000
Unassigned,,KEYBOARD LAPTOP ASUS PRO,0,1,PCS,200000,0
Unassigned,,KEYBOARD LAPTOP ASUS PSU2420L,0,1,PCS,90000,0
Unassigned,,KEYBOARD LAPTOP ASUS S14 / M413DA,0,1,PCS,310000,0
Unassigned,,KEYBOARD LAPTOP ASUS S410,1,1,PCS,90000,90000
Unassigned,,KEYBOARD LAPTOP ASUS TP 203N,0,1,PCS,105000,0
Unassigned,,KEYBOARD LAPTOP ASUS TP412 AG,0,1,PCS,160000,0
Unassigned,,KEYBOARD LAPTOP ASUS X200 BLACK,7,1,PCS,70462.603174,493238.22221800004
Unassigned,,KEYBOARD LAPTOP ASUS X43,0,1,PCS,70000,0
Unassigned,,KEYBOARD LAPTOP ASUS X441 (BLACK),19,10,PCS,64813.996674,1231465.936806
Unassigned,,KEYBOARD LAPTOP ASUS X452,0,1,PCS,90000,0
Unassigned,,KEYBOARD LAPTOP ASUS X453M / X451 (BLACK),3,3,PCS,72000,216000
Unassigned,,KEYBOARD LAPTOP ASUS X540 BLACK FK,1,1,PCS,75000,75000
Unassigned,,KEYBOARD LAPTOP ASUS X541 BLACK,1,1,PCS,81856.508876,81856.508876
Unassigned,,KEYBOARD LAPTOP ASUS ZENBOOK UM 431,0,1,PCS,350000,0
Unassigned,,KEYBOARD LAPTOP AXIOO,0,1,PCS,145000,0
Unassigned,,KEYBOARD LAPTOP AXIOO PICO PJM (BLACK),1,1,PCS,90000,90000
Unassigned,,KEYBOARD LAPTOP COMPAQ CQ 43 BLACK,1,1,PCS,57500,57500
Unassigned,,KEYBOARD LAPTOP DELL 14 3000,0,1,PCS,80000,0
Unassigned,,KEYBOARD LAPTOP DELL N4010,0,1,PCS,80000,0
Unassigned,,KEYBOARD LAPTOP HP 14 BS 722 TO,0,1,PCS,150000,0
Unassigned,,KEYBOARD LAPTOP HP 14S,20,1,PCS,85845.58552,1716911.7103999997
Unassigned,,KEYBOARD LAPTOP HP 15DB AG,0,1,PCS,150000,0
Unassigned,,KEYBOARD LAPTOP HP 820-G3,0,1,PCS,280000,0
Unassigned,,KEYBOARD LAPTOP HP CF 004 TX,0,1,PCS,275000,0
Unassigned,,KEYBOARD LAPTOP HP CM0071AV PT,0,1,PCS,160000,0
Unassigned,,KEYBOARD LAPTOP HP COMPAQ CQ 43,0,1,PCS,60000,0
Unassigned,,KEYBOARD LAPTOP HP ENVY,1,1,PCS,280000,280000
Unassigned,,KEYBOARD LAPTOP HP G4 2000,0,1,PCS,128156.752712,0
Unassigned,,KEYBOARD LAPTOP HP PAVILION 14-BW BLACK AG,0,1,PCS,61000,0
Unassigned,,KEYBOARD LAPTOP HP STREAM 14-CF,0,1,PCS,83333.333333,0
Unassigned,,KEYBOARD LAPTOP LENOVO 110 #,7,1,PCS,80504.761905,563533.3333350001
Unassigned,,KEYBOARD LAPTOP LENOVO 110 - 15ISK AG,0,1,PCS,70000,0
Unassigned,,KEYBOARD LAPTOP LENOVO 110-141SK,0,1,PCS,70000,0
Unassigned,,KEYBOARD LAPTOP LENOVO 120S AG,2,1,PCS,72474.926254,144949.852508
Unassigned,,KEYBOARD LAPTOP LENOVO 320 - 14 NLACK (NO POWER),3,1,PCS,74666.666667,224000.000001
Unassigned,,KEYBOARD LAPTOP LENOVO 320 / 330,0,1,PCS,85000,0
Unassigned,,"KEYBOARD LAPTOP LENOVO 330 15,6 BIG ENTER",0,1,PCS,130000,0
Unassigned,,KEYBOARD LAPTOP LENOVO 330 ON OFF,5,1,PCS,70527.959053,352639.79526499996
Unassigned,,KEYBOARD LAPTOP LENOVO G400S,0,1,PCS,70000,0
Unassigned,,KEYBOARD LAPTOP LENOVO IDEAPAD 110 ON OFF,0,1,PCS,99375,0
Unassigned,,KEYBOARD LAPTOP LENOVO IDEAPAD 5,0,1,PCS,290000,0
Unassigned,,KEYBOARD LAPTOP LENOVO IDEAPAD FLEX 5,5,1,PCS,185000,925000
Unassigned,,KEYBOARD LAPTOP LENOVO S10-3 AG,0,1,PCS,90000,0
Unassigned,,KEYBOARD LAPTOP LENOVO S110,0,1,PCS,105000,0
Unassigned,,KEYBOARD LAPTOP LENOVO S130 1116M,1,1,PCS,140000,140000
Unassigned,,KEYBOARD LAPTOP LENOVO T 480,0,1,PCS,330000,0
Unassigned,,KEYBOARD LAPTOP LENOVO V130,0,1,PCS,140000,0
Unassigned,,KEYBOARD LAPTOP LENOVO YOGA 530,1,1,PCS,150000,150000
Unassigned,,KEYBOARD LAPTOP MSI MS16R3 AD,1,1,PCS,320000,320000
Unassigned,,KEYBOARD LAPTOP SONY SVE11 BLACK,0,1,PCS,225000,0
Unassigned,,KEYBOARD LAPTOP TOSHIBA C40A / L40 BLACK,9,1,PCS,68820.239476,619382.155284
Unassigned,,Keyboard laptop Toshiba C40B,4,0,PCS,74786.885246,299147.540984
Unassigned,,KEYBOARD LAPTOP TOSHIBA C50 B,2,1,PCS,130278.455285,260556.91057
Unassigned,,KEYBOARD LAPTOP TOSHIBA C850,0,1,PCS,65000,0
Unassigned,,KEYBOARD LAPTOP TOSHIBA L645 DOFF,1,1,PCS,56200,56200
Unassigned,,KEYBOARD LAPTOP TOSHIBA NB 520 (BLACK),1,1,PCS,104629.62963,104629.62963
Unassigned,,KEYBOARD LAPTOP TOSHIBA NB10,0,1,PCS,333720.930233,0
Unassigned,,KEYBOARD LENOVO 100-14IBD BLACK,0,1,PCS,70000,0
Unassigned,,"KEYBOARD LENOVO 15,6 V130 15IKB UK",1,1,PCS,140000,140000
Unassigned,,KEYBOARD LENOVO 20V 4.5A 55 X 25 IRL,1,1,PCS,120000,120000
Unassigned,,KEYBOARD LENOVO 310,0,1,PCS,160000,0
Unassigned,,KEYBOARD LENOVO 320 15 INCS AG,0,1,PCS,70000,0
Unassigned,,KEYBOARD LENOVO 330 TANPA ON OFF ( NO POWER ),3,1,PCS,63392.621028,190177.863084
Unassigned,,KEYBOARD LENOVO E431S ag,0,0,PCS,320000,0
Unassigned,,KEYBOARD LENOVO G40-70,3,1,PCS,85000,255000
Unassigned,,KEYBOARD LENOVO G480,0,1,PCS,57000,0
Unassigned,,KEYBOARD LENOVO IDEAPAD 1 11 GLOS,1,1,PCS,150000,150000
Unassigned,,KEYBOARD LENOVO IDEAPAD 3 SLIM 3,2,1,PCS,200000,400000
Unassigned,,KEYBOARD LENOVO IDEAPAD S130,0,1,PCS,170000,0
Unassigned,,KEYBOARD LENOVO L412,0,1,PCS,435000,0
Unassigned,,KEYBOARD LENOVO LEGION BACKLITE,1,1,PCS,290000,290000
Unassigned,,KEYBOARD LENOVO T470,2,1,PCS,437500,875000
Unassigned,,KEYBOARD LENOVO V15 INCS ADA TOMBOL ENTER BAGI 2,0,1,PCS,90000,0
Unassigned,,KEYBOARD LOGITECH K120,16,50,PCS,100195.698562,1603131.176992
Unassigned,,KEYBOARD MINI BANDA / MURAGO,172,100,PCS,43544.478174,7489650.245928001
Unassigned,,KEYBOARD MINI BLUETOOTH,65,1,PCS,49473.684211,3215789.473715
Unassigned,,KEYBOARD MINI WIRELESS,0,1,PCS,65000,0
Unassigned,,KEYBOARD MOUSE JETE MK101 KABEL,28,0,PCS,86247.901489,2414941.241692
Unassigned,,KEYBOARD MOUSE PAKET UNITECH KM - 001,0,1,PCS,56000,0
Unassigned,,KEYBOARD MTECH MULTIMEDIA 03,29,1,PCS,50000,1450000
Unassigned,,KEYBOARD MULTIMEDIA BANDA BW 09,6,25,PCS,44000,264000
Unassigned,,KEYBOARD NUMERIC (ANGKA),17,1,PCS,32237.903226,548044.354842
Unassigned,,KEYBOARD PROTECT 14,0,1,PCS,3250,0
Unassigned,,"KEYBOARD TOSHIBA 15,6",0,1,PCS,100000,0
Unassigned,,KEYBOARD TOSHIBA C640 GLOSSY,0,1,PCS,95000,0
Unassigned,,KEYBOARD TOSHIBA C840 / C800 DOFF BLACK,3,1,PCS,61030.537513,183091.612539
Unassigned,,KEYBOARD TOSHIBA L510,0,1,PCS,85000,0
Unassigned,,KEYBOARD USB MTECH STK01,104,100,PCS,32764.812202,3407540.469008
Unassigned,,KEYBOARD USB MURAGO K300,0,100,PCS,34000,0
Unassigned,,KEYBOARD VOTRE,0,50,PCS,33500,0
Unassigned,,KEYBOARD WIRELESSS NYK MINI BT 90 BLACK,0,1,PCS,79000,0
Unassigned,,KEYBORD TOSHIBA C40-B BLACK,1,1,PCS,81666.666667,81666.666667
Unassigned,,KIPAS ANGIN DINDING,0,1,PCS,145000,0
Unassigned,,KIPAS ANGIN MIYAKO 16 DINDING,0,1,UNIT,275000,0
Unassigned,,KIPAS ANGIN TORNADO MASPION 20 INCS,0,1,UNIT,650000,0
Unassigned,,KLEM KABEL MASKO NO 10 (ISI 50 BIJI),25,1,Buah,5400,135000
Unassigned,,KLEM KABEL MASKO NO 6 (ISI 50 BIJI),12,1,Buah,2550,30600
Unassigned,,KLEM KABEL NO 10,8,1,KOTAK,10000,80000
Unassigned,,KLEM KABEL NO 12,0,1,KOTAK,12000,0
Unassigned,,KLEM KABEL NO 17,0,1,KOTAK,15000,0
Unassigned,,KLEM KABEL NO 20,0,1,KOTAK,50000,0
Unassigned,,KLEM KABEL NO 6,17,0,KOTAK,10000,170000
Unassigned,,KLEM SILOASI,0,1,PCS,200000,0
Unassigned,,KOMPAS SUNTOO KB 14,0,1,UNIT,2000000,0
Unassigned,,KONEKTOR BNC CCTV,1965,80,PCS,2938.103009,5773372.412684999
Unassigned,,KONEKTOR DC FEMALE,108,10,PCS,2000,216000
Unassigned,,KONEKTOR DC MALE,1050,20,PCS,2000,2100000
Unassigned,,KONEKTOR FO BUAYA,180,1,PCS,3506.013635,631082.4543
Unassigned,,"KONEKTOR JACK Y AUX 3,5MM",87,2,PCS,6888.888889,599333.333343
Unassigned,,KONEKTOR VENTION 1 CAT 6 UTP RJ45 MODULAR GIGABIT JACK PLUG CONNECTOR,0,1,PCS,101000,0
Unassigned,,KOTAK CD HITAM,53,10,PCS,1050,55650
Unassigned,,KOTAK DVD HITAM TEBAL,166,50,PCS,1800,298800
Unassigned,,KOTAK DVD HITAM TIPIS,41,10,PCS,1775,72775
Unassigned,,KRESEK 03 X 40 MERAH,120,1,PCS,20500,2460000
Unassigned,,KRESEK 03.5 X 100 X 120,2,1,PCS,110000,220000
Unassigned,,KRESEK 04 X 90 X 100,2,1,PCS,100000,200000
Unassigned,,KULKAS LG GCFB507PQAM TP,0,1,UNIT,10000000,0
Unassigned,,KURSI FANTECH OCA258S V2 OFFICE,1,1,UNIT,1025000,1025000
Unassigned,,KURSI GAMING CHAIR REXUS RGC-101 BLUE ARMREST 2D,0,1,PCS,2200000,0
Unassigned,,KURSI GAMING DA THRONEX KWG43 (BLACK SOLID),0,1,PCS,2930000,0
Unassigned,,KURSI GAMING GAMEN GC100,1,1,UNIT,1,1
Unassigned,,KURSI KM 106,0,0,PCS,825000,0
Unassigned,,KURSI RAPAT NEW STAR VTR 01,0,1,UNIT,325000,0
Unassigned,,KURSI TUNGGU PASIEN,0,1,UNIT,3500000,0
Unassigned,,KURSI UTOPIA ELITE,0,1,PCS,5100000,0
Unassigned,,KYOCERA FS1120,0,1,UNIT,6300000,0
Unassigned,,KYOCERA M2040DN,0,1,UNIT,8750000,0
Unassigned,,LABEL CD GLOSSY,47,5,PCS,7800,366600
Unassigned,,LABEL CD HVS,28,3,PCS,10000,280000
Unassigned,,LABEL CD INKJET,66,3,PCS,25500,1683000
Unassigned,,LABEL STIKER 33X19 @40MM,30,1,PCS,5100,153000
Unassigned,,LABEL STIKER THERMAL 55X40X1 @40MM,57,1,PCS,8000,456000
Unassigned,,LABEL STIKER THERMAL 55X40X1 @40MM TP,0,1,PCS,7567.117586,0
Unassigned,,LAKBAN BENING,1612,5,PCS,7639.968956,12315629.957072
Unassigned,,LAKBAN HITAM BESAR 46MM X 12MM,60,100,PCS,11507.028,690421.68
Unassigned,,LAMINATING ROLL 2 SISI,0,1,UNIT,2300000,0
Unassigned,,LAN CARD TPLINK TG-3468 (MINI PCI),0,1,PCS,113179.607843,0
Unassigned,,LAN TESTER,26,20,PCS,34000,884000
Unassigned,,LAN TESTER ETHERNET RJ45 RJ11 VENTION KEFB0,0,1,PCS,78000,0
Unassigned,,LAN TESTER JS002,0,1,UNIT,68000,0
Unassigned,,LAPTOP HP 245-G5 AMD A6 7310 4GB 500GB,0,1,UNIT,3675000,0
Unassigned,,LAPTOP STAND X ALUMINIUM,16,1,PCS,34904.761905,558476.19048
Unassigned,,LASER POINTER BASEUS,0,2,PCS,137000,0
Unassigned,,LASER POINTER BASIKE,1,1,PCS,100000,100000
Unassigned,,LASER POINTER M 016 SANURPRO,0,1,PCS,85000,0
Unassigned,,LASER POINTER PP927,0,1,UNIT,100000,0
Unassigned,,LASER POINTER PRESENTER PP 1000,38,40,PCS,58614.138351,2227337.257338
Unassigned,,LASER POINTER R 400,0,1,PCS,100000,0
Unassigned,,LASER POINTER SN 03,19,0,PCS,80000,1520000
Unassigned,,LCD 14 30 PIN SLIM FHD NV140WUM-N44,0,1,PCS,900000,0
Unassigned,,LCD 14 30 PIN SMALL FRAME NO KUPING PCB RATA,0,1,Buah,1070000,0
Unassigned,,LCD 14 40 PIN SMALL FRAME NO BR,0,1,PCS,765000,0
Unassigned,,LCD 14 TOUCH SCREEN LENOVO YOGA,1,1,PCS,1891000,1891000
Unassigned,,LCD 15 SLIM 30PIN FHD SMALL FRAME,2,1,PCS,571933.333333,1143866.666666
Unassigned,,"LCD 15,6 FHD NO BRAKET 30 PIN",0,1,PCS,780000,0
Unassigned,,"LCD 15,6 SLIM 30 PIN FHD SMALL FRAME",1,1,PCS,600000,600000
Unassigned,,"LCD 15,6 SMALL FRAME 144HZ",1,1,PCS,1035000,1035000
Unassigned,,"LCD 15,6 TEBAL 40 PIN",0,1,PCS,295337.837838,0
Unassigned,,LCD AIO,1,1,UNIT,1300000,1300000
Unassigned,,LCD AIO 24 INCS ASUS,0,1,PCS,2400000,0
Unassigned,,LCD ASUS BR 1100 FK,0,1,PCS,1300000,0
Unassigned,,LCD LAPTOP 10 INCS TEBAL,1,1,PCS,295000,295000
Unassigned,,"LCD LAPTOP 11,6 30 PIN (AB)",6,1,PCS,236711.676409,1420270.058454
Unassigned,,"LCD LAPTOP 11,6 30 PIN (ASUS E202)",1,1,PCS,395000,395000
Unassigned,,"LCD LAPTOP 11,6 30 PIN (KK)",2,1,PCS,234567.138555,469134.27711
Unassigned,,"LCD LAPTOP 11,6 40 PIN (AB)",1,2,PCS,228906.488782,228906.488782
Unassigned,,"LCD LAPTOP 11,6 40 PIN (KK)",3,1,PCS,241767.736264,725303.2087920001
Unassigned,,LCD LAPTOP 13.3,0,1,PCS,562500,0
Unassigned,,LCD LAPTOP 14 30 PIN SMALL FRAME NO BR,18,1,PCS,499994.184723,8999895.325013999
Unassigned,,LCD LAPTOP 14 ASUS A407,0,1,PCS,850000,0
Unassigned,,LCD LAPTOP 14 SLIM 40 PIN OLED,0,1,PCS,2400000,0
Unassigned,,LCD LAPTOP 14 TEBAL,2,2,PCS,209191.091954,418382.183908
Unassigned,,LCD LAPTOP 14 TIPIS 30 PIN,4,2,PCS,347300,1389200
Unassigned,,LCD LAPTOP 14 TIPIS 40 PIN,4,1,PCS,249313.811008,997255.244032
Unassigned,,"LCD LAPTOP 15,6 40 PIN",0,1,PCS,636310.062275,0
Unassigned,,"LCD Laptop 15,6 SLIM 30PIN",2,0,PCS,620000,1240000
Unassigned,,LCD LAPTOP TIPIS 10 INCS  40 PIN,0,1,PCS,260000,0
Unassigned,,"LCD LAYAR SENTUH OLED 13,3 ASUS ZENBOOK FLIP FHD JT",1,1,PCS,1030000,1030000
Unassigned,,LCD LED 16.1 SLIM 40 PIN 144HZ,1,0,PCS,1550000,1550000
Unassigned,,LCD NV140WUM 14 INCH SLIM 30 PIN NO KUPING FHD UNTUK AL14 31P N100 ACER,4,0,PCS,849365.079365,3397460.31746
Unassigned,,"LCD TOUCHSCREEN 11,6"" ASUS TP201SA",0,1,PCS,1440000,0
Unassigned,,"LCD TOUCHSCREEN 15,6 40 PIN FHD",0,1,PCS,1400000,0
Unassigned,,"LED 13,5 SLIM ULTRA HD 40 PIN #",0,1,PCS,1300000,0
Unassigned,,LED 14 NT140WHR - N45 DELL (PS),0,1,PCS,1200000,0
Unassigned,,"LED ACER 21,5 EK221QE3BI IPS ZERO FRAME FHD",0,1,UNIT,1050000,0
Unassigned,,LED ACER 21.5 EK221Q Hbi VA FHD (1920 x 1080),0,1,UNIT,925000,0
Unassigned,,LED ACER 21.5 EK221Q Hbi VA FHD (1920 x 1080) TP,10,1,UNIT,925000,9250000
Unassigned,,"LED ACER 23,8 KA242Y IPS FHD 1920 X 1080",0,1,UNIT,1850000,0
Unassigned,,LED ADVANCE 13 INCS,0,1,PCS,1150000,0
Unassigned,,LED AOC 27G4E / 70 27 GAMING FHD IPS (1920X1080) 180HZ 1MS,0,1,UNIT,1795000,0
Unassigned,,LED AOC24G2SPE/70 23.8 FHD IPS 165 HZ,0,1,UNIT,1740000,0
Unassigned,,LED ASUS GAMING ROG SWIFT 24 PG248Q,0,1,UNIT,0,0
Unassigned,,LED ASUS VA259HGA 25 EYE CARE GAMING FHD (1920X1080) 120HZ,0,1,UNIT,1255000,0
Unassigned,,LED ASUS VP228HE 21.5 HDMI VGA,0,1,UNIT,2220000,0
Unassigned,,LED ASUS VS207DF 19.5 (BUNDLE PC ),0,1,PCS,0,0
Unassigned,,LED ASUS VY279HE 27 FHD IPS,0,1,PCS,2925000,0
Unassigned,,LED ASUS ZENBOOK,0,1,PCS,2500000,0
Unassigned,,"LED DELL 18,5 D1918H - HDMI",0,1,UNIT,1265646.12326,0
Unassigned,,"LED LENOVO 21,5 L22E-4E VA (1920X1080) 100HZ",1,1,PCS,970400,970400
Unassigned,,"LED LENOVO 21,5""S22-19 ( BUNDLE PC )",0,1,PCS,0,0
Unassigned,,"LED LENOVO 23.8 D24-20 FHD VGA, HDMI",0,1,UNIT,2135000,0
Unassigned,,LED LENOVO LEGION R27QE 27 QHD IPS WLED,0,1,UNIT,3055000,0
Unassigned,,"LED LG 18,5 19M38A",2,10,UNIT,94000,188000
Unassigned,,LED LG 18.5 19M38L -B ATI HDMI,0,1,PCS,940000,0
Unassigned,,LED LG 20MK400H-B.ATI 20 HDMI,0,1,UNIT,1370000,0
Unassigned,,"LED LG 22"" 22MK430H-B SERI IPS HDMI",0,1,PCS,1245000,0
Unassigned,,"LED LG 22"" 22N430M B ATI FHD IPS HDMI",0,1,PCS,1655000,0
Unassigned,,LED LG 22MK 400H-B 22 HDMI,0,1,UNIT,1280000,0
Unassigned,,"LED LG 22MP410-B 21,45 FHD #",0,1,UNIT,1000000,0
Unassigned,,"LED LG 24"" 24MK430H B HDMI IPS",0,1,PCS,1730000,0
Unassigned,,"LED LG 24"" 24MR400-B FHD IPS (1920 X 1080) 100HZ 5ms #",0,1,UNIT,1150000,0
Unassigned,,LED LG 24G411A 24 UltraGear G4 FHD IPS (1920X1080) 120Hz,0,1,UNIT,1300000,0
Unassigned,,LED LG 24MK 400H-B HDMI,0,1,UNIT,2020000,0
Unassigned,,"LED LG 24MP60G - B 24 FHD IPS (1920 x 1080) 75Hz,5ms #",0,1,UNIT,1375000,0
Unassigned,,LED LG 24MS500 -B 24 FHD 100HZ #,2,1,UNIT,1090000,2180000
Unassigned,,LED LG 24U411A-B 23.8 IPS FHD (1920X1080),0,1,UNIT,1090000,0
Unassigned,,LED LG 27MP400-B 27 IPS FHD,0,1,UNIT,2295000,0
Unassigned,,LED LG 27UL850 - W SCREEN 4K IPS,0,1,UNIT,6850000,0
Unassigned,,"LED MONITOR PIXEL 19""",1,5,UNIT,490000,490000
Unassigned,,LED MONITOR SKYWORTH F22B30F 22 FHD IPS (1920*1080) 120HZ,1,1,UNIT,836000,836000
Unassigned,,"LED MSI 23,6 OPTIX MAG241CR CURVE GAMING HDMI",0,1,PCS,3540000,0
Unassigned,,"LED MSI 23.6"" OPTIX G241VC CURVE GAMING HDMI",0,1,PCS,2290000,0
Unassigned,,LED MSI PRO MP22 E2 21.45 VA FHD (1920 X 1080) 100HZ,0,1,PCS,965000,0
Unassigned,,"LED MSI PRO MP242C 23,6 FHD 1920 X 1080 75HZ 1MS CURVE",0,1,UNIT,1545000,0
Unassigned,,LED PHILIP 241V8/70 24 FHD IPS (920X1080) 75 HZ 4ms BLACK,0,1,UNIT,1870000,0
Unassigned,,"LED SAMSUNG 22"" FLAT LS22F350FHEXXD HDMI",0,1,PCS,1245000,0
Unassigned,,"LED SAMSUNG 24"" FLAT LS24F350FHEXXD HDMI + VGA",0,1,PCS,1550000,0
Unassigned,,"LED SAMSUNG 24"" LS24R350FZEXXD FHD 75HZ #",0,1,UNIT,1550000,0
Unassigned,,LED SAMSUNG 27 LC27F397FHE XXD CURVED,0,1,UNIT,2750000,0
Unassigned,,"LED SAMSUNG 32 ODYSSEY LC32G55TQWEXXD (2,560 X 1,440)",0,1,UNIT,5650000,0
Unassigned,,LED SAMSUNG KS27D700EAEXXD 27 UHD 4K IPS,0,1,PCS,4320000,0
Unassigned,,LED SAMSUNG LC24F390FHEXXD 24 CURVE,0,1,UNIT,1450000,0
Unassigned,,"LED SAMSUNG LS19A330NHEXXD 18,5 HDMI  #",0,1,UNIT,890000,0
Unassigned,,LED SAMSUNG LS22A336NHEXXD 22FHD VGA+HDMI,0,1,UNIT,1240000,0
Unassigned,,LED SAMSUNG LS22C310EAEXXD 22 FHD IPS #,0,1,UNIT,1120000,0
Unassigned,,LED SAMSUNG LS24330GAEXXD 24 FHD IPS 100 HZ #,0,1,UNIT,1265000,0
Unassigned,,LED SAMSUNG LS24D300GAEXXD 24 ESSENTIAL MONITOR S2 FHD @,0,1,UNIT,1115000,0
Unassigned,,LED SAMSUNG LS24F320GAEXXD 24 ESSENTIAL S3 S32GF IPS FHD,2,1,UNIT,1085000,2170000
Unassigned,,LED SAMSUNG LS24F330EAEXXD 24 FLAT VA FHD (1920 X 1080) 100HZ 5 (GTG),0,1,UNIT,1075000,0
Unassigned,,"LED SAMSUNG LS27A800UJEXXD 27 UHD IPS (3,840 X 2,160) 60HZ 5MS",0,1,UNIT,5095000,0
Unassigned,,LED SAMSUNG LS27D300 ESSENTIAL S3 IPS (1920 x 1080),1,1,UNIT,1590000,1590000
Unassigned,,LED SAMSUNG LS27F320GAEXXD 27 ESSENTIAL S3 S32GF FHD (1920X1080) 120HZ 5MS FLAT,0,1,UNIT,1595000,0
Unassigned,,LED SAMSUNG SS LS22R350FHE IPS FHD HDMI 75HZ,0,1,UNIT,1435000,0
Unassigned,,LED SMART 50 50UQ7500 LG,0,1,UNIT,5750000,0
Unassigned,,"LED SMART TV 32"" 32T4500AK SAMSUNG",0,1,UNIT,2925000,0
Unassigned,,LED TV SHAR 32 INCS,0,1,UNIT,1865000,0
Unassigned,,LED UX433 WITH GLASS,0,0,PCS,1450000,0
Unassigned,,LED VENOMRX SPECTRA VIEW SV19FHD 19HD,0,1,UNIT,525000,0
Unassigned,,LED VIEWSONIC CVX3276 - MHD - 3 32 IPS FHD,0,1,UNIT,2665000,0
Unassigned,,LED VIEWSONIC VA22E1-H 22 FHD (1920 x 1080) 75hz 5ms,0,1,UNIT,835000,0
Unassigned,,LED VIEWSONIC VA240-H 24 FHD IPS 1920 X 1080 100HZ,0,1,PCS,1215000,0
Unassigned,,LED XIAOMI 21.5 A22I ELA5230EU,0,0,PCS,983831.168831,0
Unassigned,,LEM KERTAS  POVINAL KECIL,0,1,PCS,2000,0
Unassigned,,LEM POVINAL TANGGUNG,6,1,PCS,3984.615385,23907.69231
Unassigned,,LEM STICK JOYCO 15GR GS - 15,349,1,PCS,3128,1091672
Unassigned,,"LENOVO  G40-30 CELERON N2940 4GB 500GB 14"" TAS",0,1,UNIT,4225000,0
Unassigned,,"LENOVO 330 15,6"" CEL 4GB 500GB DVD",0,1,UNIT,3527000,0
Unassigned,,LENOVO GAMING LOQ 15ARP10E AMD RYZEN 7 7735HS 16GB DDR5 512GB RTX 3050 6GB WIN 11,0,1,UNIT,14240000,0
Unassigned,,LENOVO Gaming LOQ 15ARP9 AMD Ryzen 7 7435HS 12GB 512GB SSD RTX 4050 6GB W11,0,0,PCS,12690000,0
Unassigned,,LENOVO Gaming LOQ 15IAX9 Intel Core i5 12450HX 12GB 512GB SSD RTX2050 4GB  W11,0,0,UNIT,9640000,0
Unassigned,,LENOVO Gaming LOQ 15IRX10 Intel Core i5 13450HX 12GB 512GB SSD RTX 5050 8GB W11,0,0,UNIT,15880000,0
Unassigned,,LENOVO GAMING LOQ 15IRX9 - 83DV00AGID INTEL CORE I7 13650HX 20GB 512GB SSD RTX 4060 8GB WIN 11 #,0,1,UNIT,17340000,0
Unassigned,,LENOVO GAMING LOQ 15IRX9-83DV01ASID INTEL CORE i5 - 13450HX 16GB 512GB SSD RTX 3050 6GB GDDR6 WIN 11 HOME + OHS 2024 BASIC LUNA GREY + BACKPACK,0,1,UNIT,12490000,0
Unassigned,,LENOVO IDEAPAD 1 14IGL7 INTEL N4020 8 512GB WIN 11 #,0,1,UNIT,4570000,0
Unassigned,,LENOVO IDEAPAD 1 14IGL7 N4020 8GB SSD 256GB #,0,7,UNIT,4256191.136278,0
Unassigned,,"LENOVO IDEAPAD 3 14IGL05 INTEL N4020 4GB 256GB SSD 14 "" NW",0,1,UNIT,3865625,0
Unassigned,,LENOVO IDEAPAD 5 14IAL7-82SD005SID CI7-1255U 16GB 512GB SSD INTEL IRIS XE W11 PS,0,1,UNIT,13725000,0
Unassigned,,LENOVO IDEAPAD 5 2 IN 1 14IRU9 INTEL CORE 5 120U 16GB 512GB SSD WIN 11,0,1,UNIT,11300000,0
Unassigned,,LENOVO IDEAPAD 5 2-IN-1 14IRH9 INTEL CORE i5 - 13420H 16GB 512GB SSD WIN 11 TOUCHSCREEN,0,1,UNIT,11100000,0
Unassigned,,LENOVO IdeaPad 5 2-in-1 14IRU9 OLED Intel Core 7 150U 16GB 512GB SSD W11 Home,0,0,UNIT,13700000,0
Unassigned,,LENOVO IDEAPAD FLEX 5 14IAU7 CI3-1215U 8GB 512GB SSD W11 RS,0,1,UNIT,10090000,0
Unassigned,,LENOVO IDEAPAD GAMING 3 15ARH7 AMD RYZEN 7 7735HS 8GB 512GB SSD RTX 4050 6GB WIN 11,0,1,UNIT,16715000,0
Unassigned,,LENOVO IDEAPAD GAMING 3 Ci5-12500H 8GB 512GB SSD RTX 3050 4GB WIN 11,0,1,UNIT,13825000,0
Unassigned,,LENOVO IDEAPAD GAMING 3 Ci7-12650H 8GB 512GB SSD RTX 3050 4GB WIN 11,0,1,UNIT,15245000,0
Unassigned,,"LENOVO IDEAPAD SLIM 1 11IGL05 INTEL N4020 4GB SSD 256GB 11,6"" NW",0,1,UNIT,3140000,0
Unassigned,,LENOVO IDEAPAD SLIM 1 14 N4500 8GB 512GB SSD WIN 11,0,6,UNIT,4455000,0
Unassigned,,LENOVO IDEAPAD SLIM 1 N4500 8GB 256GB 14 INCH W11,0,6,PCS,4126562.5,0
Unassigned,,"LENOVO IDEAPAD SLIM 11,6"" AMD 3020E 4GB SSD 256GB WIN 11 NW",0,1,UNIT,3590000,0
Unassigned,,LENOVO IDEAPAD SLIM 3 14 Ci3-1215U 8GB 256GB SSD WIN 11 #,0,1,UNIT,5344421.768707,0
Unassigned,,LENOVO IDEAPAD SLIM 3 14 i3 - 1315U 8GB 256GB SSD WIN 11,0,1,UNIT,5978611.111111,0
Unassigned,,LENOVO IdeaPad Slim 3 14ABR8 AMD Ryzen 7 5825U 16GB 512GB SSD W11,0,0,UNIT,8475000,0
Unassigned,,LENOVO IDEAPAD SLIM 3 14ABR8 AMD RYZEN 7 7730U 16GB 512GB SSD WIN 11,0,1,UNIT,9320000,0
Unassigned,,LENOVO IDEAPAD SLIM 3 14IAH8 CI5 12450H 16GB 512GB SSD WIN 11,0,1,UNIT,7845000,0
Unassigned,,LENOVO IdeaPad Slim 3 14IAH8-83EQ0077ID Intel Core i5-12450H 16GB 512GB SSD W11 Home + OHS 2021,0,1,UNIT,7875000,0
Unassigned,,LENOVO IdeaPad Slim 3 14IAH8-83EQ0078ID Intel Core i5-12450H 16GB 512GB SSD W11 Home + OHS 2021 Abyss Blue + Tas,0,1,UNIT,7955000,0
Unassigned,,LENOVO IDEAPAD SLIM 3 14IAU7 Ci3-1215U 8GB 512GB SSD WIN 11 #,0,1,UNIT,5700000,0
Unassigned,,LENOVO IDEAPAD SLIM 3 14IRU8 INTEL CORE i3 - 1315U 8GB 512GB SSD WIN 11,0,1,UNIT,6500000,0
Unassigned,,LENOVO IDEAPAD SLIM 3 4IRH10 Ci7 13620H 16GB (2x8) DDR5 512GB SSD WIN 11,0,1,UNIT,10545000,0
Unassigned,,LENOVO IDEAPAD SLIM 3 4IRH8 Ci7-13620H 16GB 512GB SSD WIN 11,0,1,UNIT,10540000,0
Unassigned,,LENOVO IDEAPAD SLIM 3 AMD RYZEN 3 7320U 8GB 512GB SSD WIN 11 #,0,1,UNIT,6195000,0
Unassigned,,LENOVO IdeaPad Slim 3 AMD Ryzen 5 5625U 16GB 512GB SSD W11,0,1,UNIT,8325000,0
Unassigned,,LENOVO IDEAPAD SLIM 3 AMD RYZEN 5 7530U 8GB 512GB SSD WIN 11 GREY #,0,1,UNIT,7840000,0
Unassigned,,LENOVO IDEAPAD SLIM 3 CORE 7 150U 16GB DDR5 512GB SSD WIN 11 #,0,1,UNIT,11595000,0
Unassigned,,LENOVO IdeaPad Slim 3 Intel Core i5 13420H 8GB DDR5 512GB,0,1,UNIT,8795000,0
Unassigned,,"LENOVO IDEAPAD SLIM 3 INTEL N4020/14""/4GB DDR4/256GB SSD",0,1,UNIT,5000000,0
Unassigned,,LENOVO IDEAPAD SLIM 3 RYZEN 7 7735HS 16GB DDR5 512GB SSD AMD RADEON 680M GRAPHICS WIN 11,0,1,UNIT,10640000,0
Unassigned,,LENOVO IdeaPad Slim 5 14AHP10 OLED AMD Ryzen 7 8845HS 16GB DDR5 512GB SSD W11,0,0,UNIT,11390000,0
Unassigned,,LENOVO IDEAPAD SLIM 5 14IMH9 CORE ULTRA 5 125H 16GB 512GB SSD WIN 11 #,0,1,UNIT,11430000,0
Unassigned,,LENOVO IDEAPAD SLIM 5I 14ITL05 - 82FE00JPID Ci5-1135G7 8GB MX 450,0,1,UNIT,11850000,0
Unassigned,,LENOVO IDEAPAD SLIM 5I 14ITL05 CI7-1165G7 16GB 512GB SSD WIN 10,0,1,UNIT,13490000,0
Unassigned,,LENOVO IDEPAD FLEX 5i 14ITL05 CI7-1165G7 16GB 512GB SSD INTEL IRIS XE,0,1,UNIT,15456000,0
Unassigned,,LENOVO IDEPAD SLIM 3 AMD RYZEN 5 7520U 8GB 512GB SSD WIN 11,0,1,UNIT,7635000,0
Unassigned,,LENOVO IP D330 N4020 8GB EMMC 128GB IPS HD TOUCH,0,1,UNIT,3300000,0
Unassigned,,"LENOVO IP SLIM 3 AMD 3020E 4GB 256GB SSD 14"" WIN10",0,0,UNIT,4818088.888889,0
Unassigned,,LENOVO LOQ 15IAX9I Ci5-1245HX 12GB 512GB SSD SSD RTX 3050 6GB WIN 11 #,0,1,UNIT,11890000,0
Unassigned,,LENOVO LOQ GAMING 15APH8 AMD RYZEN 7 7840HS 8GB 512GB SSD RTX 3050 6GB WIN 11 #,0,1,UNIT,13570000,0
Unassigned,,LENOVO LOQ GAMING 15IRH8 Ci5-12450H 8GB 512GB SSD RTX 3050 6GB WIN 11 #,0,1,UNIT,11840000,0
Unassigned,,LENOVO LOQ GAMING 15IRX9 Ci5-13450HX 12GB 512GB SSD RTX 3050 6GB WIN 11,0,1,UNIT,11740000,0
Unassigned,,LENOVO LOQ GAMING 15IRX9 Ci7 - 13650HX 12GB 512GB SSD RTX 4050 6GB WIN 11,0,1,UNIT,15794000,0
Unassigned,,LENOVO THINKBOOK 13S G2 ITL-20V90043ID CI5-1135G7 16GB 512GB SSD INTEL IRIS XE,0,1,UNIT,15390000,0
Unassigned,,"LENOVO V14 14"" AMD 3020E DDR4 8GB 1TB",0,1,UNIT,4725000,0
Unassigned,,"LENOVO V14 14"" AMD 3020E DDR4 8GB 500GB",0,1,UNIT,4725000,0
Unassigned,,"LENOVO V14 AMD 3020E 8GB SSD 256GB 14"" #",0,1,UNIT,4995255.685068,0
Unassigned,,LENOVO V14 G3 Ci3-1215U 8GB 256GB SSD WIN 11 #,0,1,UNIT,5515510.973937,0
Unassigned,,LENOVO V14 G4 AMD RYZEN 3 7320U 8GB 256 GB SSD WIN 11 #,3,1,UNIT,7490000,22470000
Unassigned,,LENOVO V14 G4 AMD RYZEN 5 7520U 8GB 512GB SSD WIN 11 #,0,1,UNIT,6920000,0
Unassigned,,LENOVO V14 G4 AMN - 82YT010YID AMD ATHLON SILVER 7120U 8GB LPDDR5 256GB WIN 11,0,1,UNIT,5650000,0
Unassigned,,LENOVO V14 G4 INTEL i7-1355U 16GB 512GB SSD INTEL IRIS XE GRAPHICS WIN 11 AG,0,1,UNIT,10490000,0
Unassigned,,LENOVO V14 G5 Core i3 1315U 8GB DDR5 512GB SSD,0,1,UNIT,5985000,0
Unassigned,,LENOVO V14 G5 INTEL CORE i5 - 13420H 8GB DDR5 512GB SSD WIN 11,1,1,UNIT,9240000,9240000
Unassigned,,LENOVO V15 G3 Ci3-1215U 8GB 512GB SSD WIN 11,0,1,UNIT,6245000,0
Unassigned,,LENOVO V15 G3 IAP Ci3 - 1215U 2X8GB 512GB SSD WIN 11,0,1,UNIT,5800000,0
Unassigned,,LENOVO V15 G5 IRL Ci3-1315U 8GB DDR 5 512GB SSD WIN 11,0,1,UNIT,7790000,0
Unassigned,,LENOVO YOGA 6 3ARE05-82FN001AID AMD RYZEN 7 4700U,0,1,UNIT,14090000,0
Unassigned,,LENOVO YOGA 7 AMD RYZEN 5 5600U 16GB 512GB SSD W11,0,1,UNIT,12765000,0
Unassigned,,Lenovo YOGA 7 Ci7-1165G 16GB 1TB,0,0,UNIT,17930000,0
Unassigned,,LENOVO YOGA 7 OLED 2-IN-1 14AKP10-83JR003CID AMD Ryzen AI 7 350 32GB LPDDR5x 1TB SSD WIN 11 + OHS,0,1,UNIT,18300000,0
Unassigned,,LENOVO YOGA PRO 7 14AHP9 RYZEN 7 8845HS 16GB 1TB SSD RTX 3050 6GB WIN 11 #,0,1,UNIT,18300000,0
Unassigned,,LENOVO YOGA SLIM 7 CI7-1165G7 16GB 1TB SSD INTEL IRIS XE WIN10,0,1,UNIT,17100000,0
Unassigned,,LENOVO YOGA SLIM 7 OLED 14IMH9 CORE ULTRA 7 155H 16GB 1TB SSD WIN 11 EK,0,1,UNIT,17400000,0
Unassigned,,LENOVO YOGA SLIM 7 OLED ULTRA 5 125H 16GB 512GB SSD WIN 11 #,0,1,UNIT,14540000,0
Unassigned,,LENOVO YOGA SLIM 7 PRO Ci7-12700H 16GB 1TB SSD RTX 2050 4GB WIN 11,0,1,UNIT,18515000,0
Unassigned,,LENSA CAMERA SIGMA 18 - 35MM FOR CANON,0,1,PCS,9850000,0
Unassigned,,LENSA CAMERA TAMRON 70 300 (CANON),0,1,PCS,1450000,0
Unassigned,,LENSA CAMERA YONGNUO 50MM MARK II,0,1,PCS,665000,0
Unassigned,,LENSA CAMERA YONGNUO YN50MM F1.8,1,1,PCS,885000,885000
Unassigned,,LENSA CANON 18 - 55,0,1,PCS,1000000,0
Unassigned,,LENSA FIX FR 50MM STM,0,0,UNIT,2730000,0
Unassigned,,LENSA SONY 24 - 240FE,0,1,UNIT,11536000,0
Unassigned,,LENSA SONY 55 - 210mm,0,1,UNIT,3702000,0
Unassigned,,LENSA SONY E PZ 18 - 105MM F/4 G OSS,0,1,PCS,6157000,0
Unassigned,,LENSA SONY SEL35F18,0,1,UNIT,4560000,0
Unassigned,,LG 24MR400-B 24 IPS FHD 100 HZ,0,1,PCS,1150000,0
Unassigned,,LOGITECH MK 220 (WIRELESS KEYBOARD MOUSE),10,20,SET,271460.474436,2714604.74436
Unassigned,,LOGITECH VC GROUP,0,1,UNIT,14500000,0
Unassigned,,MACBOOK AIR M1 13 INCS 256GB,0,1,UNIT,15300000,0
Unassigned,,Macbook Air M3 13inch 2024 (10C GPU 8GB) 512GB,0,1,UNIT,22540000,0
Unassigned,,MAGIC KEYBOARD 11 INCS FOR IPAD PRO,0,1,UNIT,4950000,0
Unassigned,,MAINBOARD ASUS INTEL PRIME H610M DDR4,0,0,PCS,1055000,0
Unassigned,,MAINBOARD L3110,1,0,PCS,350000,350000
Unassigned,,MAINBOARD MSI INTEL PRO B760M - P DDR5,0,1,PCS,2025000,0
Unassigned,,MAINBOARD PRINTER CANON G2020,1,0,PCS,600000,600000
Unassigned,,MAINTENANCE BOX CANON G2730 / G1730 / G3730 ( MC - G04 ),17,1,PCS,104301.782171,1773130.296907
Unassigned,,MAINTENANCE BOX EPSON L6160,0,1,PCS,145000,0
Unassigned,,MAINTENANCE BOX EPSON L6170,0,1,PCS,145000,0
Unassigned,,"MAINTENANCE BOX G SERIES G1020, G2020 ( MCG02 )",71,35,PCS,74714.994073,5304764.579182999
Unassigned,,MAINTENANCE BOX L15150,1,1,PCS,550000,550000
Unassigned,,MAP BISNIS,75,1,PCS,2000,150000
Unassigned,,MAP JEPIT,25,1,PCS,6500,162500
Unassigned,,MAP KANCING ( PACK ),96,30,PACK,19405.688623,1862946.107808
Unassigned,,MAP KANCING / PCS,19,10,PCS,1947.247706,36997.706414
Unassigned,,MAP KERTAS BIRU,162,80,PACK,20010.897953,3241765.468386
Unassigned,,MAP KERTAS HIJAU,0,80,PACK,20000,0
Unassigned,,MAP KERTAS KUNING,224,80,PACK,20365.025149,4561765.633376
Unassigned,,MAP KERTAS MERAH,177,80,PACK,20416.130297,3613655.062569
Unassigned,,MAP SPRING SEAGULL AF-350,2746,20,PCS,7389.999377,20292938.289242
Unassigned,,MASKER SCUBA,10,1,PCS,3000,30000
Unassigned,,MATERAI 6000,20,5,PCS,6000,120000
Unassigned,,MB AMPTRON H61G M2 NVME,0,1,PCS,239923.04967,0
Unassigned,,MB AMPTRON H81 M2 NVME #,0,1,PCS,335000,0
Unassigned,,MB ASROCK B450M Steel Legend (AMD),0,1,PCS,1565000,0
Unassigned,,MB ASROCK INTEL H310CM - HDV/M.2 SE,0,1,PCS,795000,0
Unassigned,,MB ASROCK INTEL H370M - HDV / M2,2,1,PCS,825000,1650000
Unassigned,,MB ASROCK INTEL H610M DDR5,0,1,PCS,1115000,0
Unassigned,,MB ASROCK INTEL H81M-VG4 R4.0,0,1,UNIT,850000,0
Unassigned,,MB ASROCK X570 PHANTOM GAMING 4,0,1,UNIT,2580000,0
Unassigned,,MB ASUS H110,0,1,PCS,1095000,0
Unassigned,,MB ASUS H81M - K,0,5,PCS,900000,0
Unassigned,,MB ASUS INTEL PRIME H510M-K R2.0,2,0,UNIT,1036666.666667,2073333.333334
Unassigned,,MB ASUS PRIME A320M - K AMD,0,1,PCS,825000,0
Unassigned,,MB ASUS ROG STRIX B560-G GAMING WIFI,0,1,PCS,3370000,0
Unassigned,,MB BULLDOZER H61,8,1,PCS,262152.613367,2097220.906936
Unassigned,,MB BULLDOZER H81 M2 NVME,2,1,PCS,277000,554000
Unassigned,,MB CANON 287,0,1,PCS,225000,0
Unassigned,,MB CANON G1010,0,1,PCS,300700,0
Unassigned,,MB CANON G2010,0,1,PCS,350000,0
Unassigned,,MB DIGITAL ALLIANCE H110 LAN LG 1151 NVME DDR4,0,1,UNIT,590000,0
Unassigned,,MB DIGITAL ALLIANS H61 LGA 1155,0,1,UNIT,552500,0
Unassigned,,MB EFFOXPRO NVME H110 GM2,0,1,PCS,660000,0
Unassigned,,MB EFFOXPRO NVME H61,0,1,PCS,220000,0
Unassigned,,MB EFFOXPRO NVME H81 GM2,0,1,PCS,312500,0
Unassigned,,MB ESONIC G41,0,1,PCS,510000,0
Unassigned,,MB EXTREME H61,0,1,PCS,575000,0
Unassigned,,MB EYOTA G41,1,1,PCS,492142.857143,492142.857143
Unassigned,,MB EYOTA H61,0,1,PCS,567500,0
Unassigned,,MB EZPRO H61 M2,0,1,UNIT,205454.545455,0
Unassigned,,MB FAST H61,0,1,PCS,430000,0
Unassigned,,MB FAST H81 NVME,3,1,PCS,350000,1050000
Unassigned,,MB G41 AMPTRON LGA,0,1,PCS,505000,0
Unassigned,,MB G41 BULLDOZER,0,3,PCS,406937.021701,0
Unassigned,,MB G41 EZPRO,4,1,PCS,350720.325426,1402881.301704
Unassigned,,MB G41 QWERTY,0,1,PCS,480000,0
Unassigned,,MB G41 VARRO,0,1,PCS,457500,0
Unassigned,,MB GHOST H61 - DA1 NVME,1,1,PCS,275000,275000
Unassigned,,MB GIGABYTE AMD B450M - DS3H V2,0,1,PCS,1070000,0
Unassigned,,MB GIGABYTE AMD B550M DS3H,0,1,PCS,1365000,0
Unassigned,,MB GIGABYTE B450 AORUS ELITE (AMD RYZEN),0,1,PCS,1955000,0
Unassigned,,MB GIGABYTE B450M-DS3H REV 1.1 AMD,0,1,UNIT,1188000,0
Unassigned,,MB GIGABYTE B550 AORUS PRO,0,1,PCS,2270000,0
Unassigned,,MB GIGABYTE B560M DS3H V2,0,1,UNIT,1685000,0
Unassigned,,MB GIGABYTE GA H61M DS2,0,1,PCS,1087500,0
Unassigned,,MB GIGABYTE GA H81M DS2,4,1,PCS,984590.474764,3938361.899056
Unassigned,,MB GIGABYTE H410MH V2 REV 1.7,0,1,PCS,895000,0
Unassigned,,MB GIGABYTE H410MS2 V3 COMET LAKE,0,1,UNIT,1015000,0
Unassigned,,MB GIGABYTE H410MS2H COMET LAKE,0,1,PCS,1160000,0
Unassigned,,MB GIGABYTE INTEL B660M GAMING DDR4 4 REV 1.0,0,1,UNIT,1835000,0
Unassigned,,MB GIGABYTE INTEL B760M DS3H DDR5,0,1,PCS,2130000,0
Unassigned,,MB GIGABYTE INTEL B860M EAGLE V2 DDR5,0,1,UNIT,2185000,0
Unassigned,,MB GIGABYTE INTEL H110M-H DDR4,1,1,PCS,1195000,1195000
Unassigned,,MB GIGABYTE INTEL H510M KV2,0,1,PCS,890000,0
Unassigned,,MB GIGABYTE INTEL H610M H DDR4 REV 1.3,0,1,PCS,1100000,0
Unassigned,,MB GIGABYTE INTEL H610M K DDR5,1,1,PCS,1162500,1162500
Unassigned,,MB GIGABYTE INTEL H610M S2H V2 DDR4,0,1,PCS,995000,0
Unassigned,,MB H310 GIGABYTE,0,1,PCS,915000,0
Unassigned,,MB H61 QWERTY,0,1,PCS,240000,0
Unassigned,,MB H81 GIGABYTE GA H81M S2PH,0,1,PCS,1060000,0
Unassigned,,MB INCORE H61,5,1,PCS,241250,1206250
Unassigned,,MB LAPTOP,0,1,UNIT,625000,0
Unassigned,,MB MAGIX H61,0,1,PCS,546250,0
Unassigned,,MB MAXX ON G41D3-MX,0,1,PCS,438571.428572,0
Unassigned,,MB MAXX ON H61M,0,1,UNIT,435000,0
Unassigned,,MB MSI AMD B450M - A PRO MAX DDR 4,0,1,PCS,895000,0
Unassigned,,MB MSI AMD B550M-A PRO,0,1,PCS,1125000,0
Unassigned,,MB MSI B365M PRO VDH,0,1,PCS,1265000,0
Unassigned,,MB MSI B450 GAMING PLUS MAX,0,1,PCS,1470000,0
Unassigned,,MB MSI B450 TOMAHAWK-MAXII (AMD),0,1,UNIT,1990000,0
Unassigned,,MB MSI B450M-A PRO MAX,1,1,PCS,1080000,1080000
Unassigned,,MB MSI B460 PRO,0,1,PCS,1360000,0
Unassigned,,MB MSI B560M PRO,0,1,UNIT,1595000,0
Unassigned,,MB MSI H110M - PRO VH PLUS hdmi,0,1,PCS,891000,0
Unassigned,,MB MSI H510M PRO,0,1,UNIT,995000,0
Unassigned,,MB MSI H81M E33 HDMI,0,1,PCS,872000,0
Unassigned,,MB MSI INTEL H310M PRO - VDH,0,1,PCS,880000,0
Unassigned,,MB MSI INTEL H510M BOMBER,0,1,UNIT,1150000,0
Unassigned,,MB MSI INTEL H610M DDR4,0,1,PCS,1040000,0
Unassigned,,MB MSI INTEL PRO H510 B DDR4,0,1,PCS,995000,0
Unassigned,,MB MSI INTEL PRO H610M-E DDR4,1,1,PCS,1095000,1095000
Unassigned,,MB MSI INTEL PRO H610M-E DDR5,0,1,PCS,1180000,0
Unassigned,,MB MSI MAG B460 TORPEDO GAMING,0,1,PCS,2005000,0
Unassigned,,MB POWER MAX G41,2,1,PCS,317500,635000
Unassigned,,MB POWER MAX H61,0,1,PCS,303333.333333,0
Unassigned,,MB PRINTER G1010,0,1,PCS,309689.993861,0
Unassigned,,MB REDWOOD G41,0,1,PCS,322500,0
Unassigned,,MB SAVIO G41,0,1,PCS,375000,0
Unassigned,,MB VARRO H61,1,1,PCS,358252.104377,358252.104377
Unassigned,,MB X9Z H61 / B75,0,1,PCS,210000,0
Unassigned,,MEGAFONE,0,1,UNIT,400000,0
Unassigned,,MEJA PINGPONG TENIS MEJA POWER SPIN,0,1,UNIT,4800000,0
Unassigned,,MEMORY MICRO SD SANDISK 32GB EXTREME,0,1,PCS,115000,0
Unassigned,,MEMORY MICRO SD SANDISK 8GB (C4),0,5,PCS,40000,0
Unassigned,,MEMORY MICRO SD SANDISK ULTRA 16GB (C10),104,60,PCS,64660.034043,6724643.540472
Unassigned,,MEMORY MICRO SD SANDISK ULTRA 256GB CL 10 120MBPS A1,0,1,PCS,314611.111111,0
Unassigned,,MEMORY MICRO SD SANDISK ULTRA 32GB (C10),111,60,PCS,155319.543359,17240469.312849
Unassigned,,MEMORY MICRO SD SANDISK ULTRA 64GB (C10),48,40,PCS,117625.554917,5646026.636016
Unassigned,,MEMORY MICRO SD VGEN 4GB,1,1,PCS,33500,33500
Unassigned,,MEMORY MICRO SD VGEN 8GB TURBO,2,15,PCS,36500,73000
Unassigned,,MEMORY PS,0,1,PCS,23500,0
Unassigned,,MEMORY RAM KINGSTONE FURY BEAST DDR5 16GB 5600MT/S RGB,0,1,PCS,865000,0
Unassigned,,MEMORY SDHC 16GB SANDISK ULTRA (C10),70,35,PCS,66460.495559,4652234.68913
Unassigned,,MEMORY SDHC 32GB SANDISK (C10),178,35,PCS,69242.284402,12325126.623556001
Unassigned,,MEMORY SDHC 64GB SANDISK ULTRA (C10),107,20,PCS,113102.251407,12101940.900549
Unassigned,,MEMORY SDHC 8GB SANDISK,12,1,PCS,54000,648000
Unassigned,,MEMORY SDHC LEXAR 128GB 800X PRO SDXC,0,0,PCS,242000,0
Unassigned,,MERCUSYS MW150US N150 WIRLESS NANO USB ADAPTER,0,1,PCS,57000,0
Unassigned,,MERCUSYS SWITCH 8 PORT MS108G 10/100/1000 Mbps Destop,0,1,UNIT,164000,0
Unassigned,,MESIN ABSENSI FINGERSPOT REVO WF 206 BNC,0,1,UNIT,3000000,0
Unassigned,,MESIN HITUNG UANG KASSEN MC - 20,1,1,UNIT,830000,830000
Unassigned,,MESIN HITUNG UANG KONZURE MC-101,0,1,PCS,1000000,0
Unassigned,,MESIN HITUNG UANG KOZURE MC 101 + PLUS,1,1,PCS,1025000,1025000
Unassigned,,MESIN HOT PRESS 60 X 80,0,1,UNIT,11850000,0
Unassigned,,MESIN LAMINATING A3 330 BRIGHT OFFICE,2,1,UNIT,730000,1460000
Unassigned,,"MESIN LAMINATING BLUE PRINT LITE HOT AND COLD, A4 & F4 125A",1,1,UNIT,225000,225000
Unassigned,,MESIN POTONG RUMPUT,0,1,UNIT,3500000,0
Unassigned,,MESIN PRESS 5 IN 1,0,1,UNIT,4500000,0
Unassigned,,MIC CCTV,2,1,PCS,50000,100000
Unassigned,,MIC CLIP HOLLYLAND LARK M2,0,0,PCS,2000000,0
Unassigned,,MIC CLIP ON HOLLYLAND LARK M1,0,0,PCS,1000000,0
Unassigned,,MIC JETE C01,1,1,PCS,130000,130000
Unassigned,,MIC JETE C01 2 IN 1,2,1,PCS,190000,380000
Unassigned,,MIC JETE MX1 WIRELESS,1,1,PCS,360000,360000
Unassigned,,MIC MEJA HARDWELL CF - 8,0,0,UNIT,9200000,0
Unassigned,,MIC MTECH CM100,0,2,PCS,84000,0
Unassigned,,MIC RODE 90,0,1,PCS,990000,0
Unassigned,,MIC STAND 20,0,1,PCS,95000,0
Unassigned,,MIC TOA ZM260,1,1,PCS,225000,225000
Unassigned,,MIC WIRELESS CROMSON XTD ( 2 PCS ),0,1,UNIT,333333.333333,0
Unassigned,,MIC WIRLESS ADVANCE,0,1,PCS,135000,0
Unassigned,,MICRO SD 128GB A2 EXTREME SANDISK,1,1,PCS,399000,399000
Unassigned,,MICRO SD 128GB CL10 ULTRA SANDISK,3,1,PCS,309309.090909,927927.2727270001
Unassigned,,MICRO SD 256GB EXTREME SANDISK,0,1,PCS,420000,0
Unassigned,,MICRO SD 64GB CL10 EXTREME SANDISK,1,1,PCS,362000,362000
Unassigned,,MICRO SD LEXAR 128,1,1,PCS,251000,251000
Unassigned,,MICRO SD LEXAR 32GB,40,1,PCS,138689.75469,5547590.1876
Unassigned,,MICRO SD LEXAR 64GB,3,1,PCS,229000,687000
Unassigned,,MICROSOFT SURFACE PRO 7 PLUS + TYPE COVER PLATINUM I5 GEN 11TH 8GB 128GB,0,1,UNIT,14303750,0
Unassigned,,MICROSOFT SURFACE PRO 7 PLUS 7+ INTEL I7 GEN 11 16GB 256GB,0,1,UNIT,22850000,0
Unassigned,,MICROTIC RB 941-2nD (hAP-Lite),0,1,PCS,365000,0
Unassigned,,MIKA JILID  BENING TRANSPARANT,174,25,PCS,25798.614334,4488958.894116
Unassigned,,MIKA JILID BIRU MUDA,46,25,PCS,29586.206897,1360965.517262
Unassigned,,MIKA JILID BIRU TUA,153,25,PCS,29328.947368,4487328.947304
Unassigned,,MIKA JILID HIJAU MUDA,52,20,PCS,28500,1482000
Unassigned,,MIKA JILID HIJAU TUA,92,25,PCS,29031.563327,2670903.826084
Unassigned,,MIKA JILID KUNING,116,25,PCS,28752.10084,3335243.69744
Unassigned,,MIKA JILID MERAH MUDA,22,20,PCS,28500,627000
Unassigned,,MIKA JILID MERAH TUA,120,25,PCS,28701.496388,3444179.56656
Unassigned,,MIKA JILID ORANGE,46,20,PCS,28826.086957,1326000.000022
Unassigned,,MIKA JILID UNGU,0,1,PCS,32000,0
Unassigned,,MIKROSCOP BINOKULER,0,1,UNIT,3500000,0
Unassigned,,MIKROTIK RB 450GX4,0,1,UNIT,1860000,0
Unassigned,,MIKROTIK RB 941 - 2ND,0,1,UNIT,385000,0
Unassigned,,MIKROTIK RB-951Ui - 2nD (HAP),0,1,Buah,745000,0
Unassigned,,MIKROTIK RB-951Ui-2HnD,0,1,UNIT,970000,0
Unassigned,,MIKROTIK RB750G R3,1,1,UNIT,1045000,1045000
Unassigned,,MIKROTIK RB750r2,1,0,PCS,695000,695000
Unassigned,,MIKROTIK ROUTER RB1100AHX4 EK,0,1,UNIT,4950000,0
Unassigned,,MMR CORSAIR DDR4 PC1X16GB VENGEANCE RGB RS,0,1,PCS,990000,0
Unassigned,,MMR KINGSTONE FURY BEAST 16GB DDR 4 KF432C16BB1/16 PC 3200 BLACK,0,1,PCS,1020000,0
Unassigned,,MMR LEXAR DDR4 16GB 2x8GB Hades RGB PC3200,0,1,PCS,1495000,0
Unassigned,,MMR SERVER DELL 16GB ECC 3200,0,1,PCS,3700000,0
Unassigned,,MMR SERVER HPE 16GB (1X16GB) SINGLE RANK X4 DDR4 2933 EK,0,1,PCS,2300000,0
Unassigned,,MMR TEAM TC-T-CREATE EXPERT DDR4 16GB (2X8GB) PC3200MHZ,0,1,PCS,815000,0
Unassigned,,MODEM BLAZZ 4G,0,1,PCS,312000,0
Unassigned,,MODEM BOLD PORTABLE MIFI ROUTER 4G,1,1,PCS,427592.592593,427592.592593
Unassigned,,MODEM ORBIT H2,0,1,PCS,500000,0
Unassigned,,MODEM ORBIT H3,10,1,UNIT,420000,4200000
Unassigned,,MODEM ORBIT MIFI H1 E5576 #,0,1,UNIT,660000,0
Unassigned,,MODEM ORBIT N1 ANTENA,0,1,UNIT,640000,0
Unassigned,,MODEM ORBIT PRO HKM281,0,1,UNIT,1045000,0
Unassigned,,MODEM ORBIT PROHKM281 #,0,1,PCS,1045000,0
Unassigned,,MODEM ORBIT STAR 2 HUAWEI B312,0,1,UNIT,588000,0
Unassigned,,MODEM ORBIT STAR G1,1,1,UNIT,400000,400000
Unassigned,,MODEM ORBIT STAR N2,0,2,UNIT,520000,0
Unassigned,,MODEM TELKOMSEL ORBIT STAR LITE,0,1,UNIT,550000,0
Unassigned,,MODEM TELKOMSEL ORBIT STAR LITE LM,0,1,UNIT,480000,0
Unassigned,,MODEM USB 3G VODAFONE K4305,0,5,PCS,160000,0
Unassigned,,MODEM USB 4G KRX U300,0,1,PCS,360000,0
Unassigned,,MODEM USB HUAWEI E 3276 4G,1,2,PCS,320000,320000
Unassigned,,MODENA Chest Freezer - MD 130,0,1,UNIT,17700000,0
Unassigned,,MODULATOR CAR G7 BT / D-WINR,20,5,PCS,31169.683258,623393.66516
Unassigned,,MODULATOR HAVID,0,2,PCS,65000,0
Unassigned,,MODULATOR MP3,0,5,PCS,42500,0
Unassigned,,MODULATOR Q6,11,1,PCS,67000,737000
Unassigned,,"MONITOR ACER 21,5 EK221Q J0BI VA GHD (1920X1080) 120HZ 6MS TP",1,1,PCS,925000,925000
Unassigned,,MONITOR ACER NITRO VG270 27 IPS FHD (1920X1080),0,1,UNIT,2105000,0
Unassigned,,"MONITOR LED 19,5 ACER V206HQL",0,1,UNIT,1025000,0
Unassigned,,"MONITOR LED ACER EB192Q 18,5",0,1,PCS,1200000,0
Unassigned,,"MONITOR LED INFORCE 19"" HDMI",0,1,UNIT,1006234.82832,0
Unassigned,,"MONITOR LED LENOVO 18,5 D19-10 VGA HDMI",2,1,UNIT,875000,1750000
Unassigned,,"MONITOR LED LETAEC HB-1850 19""",0,1,UNIT,940000,0
Unassigned,,MONITOR LED LG 19M38H HDMI,0,13,UNIT,901476.205005,0
Unassigned,,MONITOR LED LG 20MK400A,0,2,PCS,887500,0
Unassigned,,MONITOR LED SPC SM - 19 HDMI,0,1,UNIT,880000,0
Unassigned,,"MONITOR LED VARRO 19"" HDMI",1,1,UNIT,837142.857143,837142.857143
Unassigned,,"MONITOR LED VARRO 20"" HDMI",0,1,UNIT,825000,0
Unassigned,,MONITOR LG 22MR410-B 21.45 FHD (1920X1080) 100HZ.5MS,0,1,UNIT,1015000,0
Unassigned,,"MONITOR MSI MAG 272QPF E20 27 IPS WQHD (2560 x 1440) 200Hz 0.5ms (GtG, Min) Gaming Black",0,1,UNIT,2775000,0
Unassigned,,MONITOR PHILIPS 163V5,0,3,PCS,761250,0
Unassigned,,MONITOR SKYWORTH H27G30Q 27 IPS (1440x2560) 180Hz,0,1,UNIT,2281000,0
Unassigned,,MOUSE ACER AMW 914 (ORI),5,20,PCS,28000,140000
Unassigned,,MOUSE APPLE,16,15,PCS,1189.94134,19039.06144
Unassigned,,MOUSE BLUETOOTH DYNABOOK T120 SILENT,1,1,PCS,154000,154000
Unassigned,,MOUSE BRANDED,441,150,PCS,16471.19131,7263795.367709999
Unassigned,,MOUSE CYBORG CMW 018,37,1,PCS,38000,1406000
Unassigned,,MOUSE GAMING FANTECH CRYPTO VX7 BLACK,0,1,PCS,87000,0
Unassigned,,MOUSE GAMING FANTECH THOR X9 BLACK,0,1,PCS,92000,0
Unassigned,,MOUSE GAMING FANTECH WIRELESS RAIGOR II WG10,0,1,PCS,0,0
Unassigned,,MOUSE GAMING HP PAV M200,0,1,PCS,125000,0
Unassigned,,MOUSE GAMING JETE MS X1,8,1,PCS,56071.428571,448571.428568
Unassigned,,MOUSE GAMING JETE MS X2,0,1,PCS,100000,0
Unassigned,,MOUSE GAMING JETE MS X3,0,1,PCS,130000,0
Unassigned,,MOUSE GAMING LENOVO LEGION M200,2,1,PCS,47500,95000
Unassigned,,MOUSE GAMING REXUS G23 / G20 / G10,0,1,PCS,91000,0
Unassigned,,MOUSE GENIUS WIRELESS NX-7000,13,0,PCS,89687.5,1165937.5
Unassigned,,MOUSE GENIUS WIRELESS NX-7005 / NX-7015,35,30,PCS,94721.420066,3315249.70231
Unassigned,,MOUSE JETE KABEL MO 01 / MO 02 / MO 03 #,94,1,PCS,29937.221869,2814098.855686
Unassigned,,MOUSE JETE M0106,13,1,PCS,30000,390000
Unassigned,,MOUSE JETE MO 101 / 201 / 202,43,1,PCS,27862.994162,1198108.748966
Unassigned,,MOUSE JETE MS205,0,1,PCS,70000,0
Unassigned,,MOUSE LD 303 SUNNY / HAPPY / JOY,187,1,PCS,30000,5610000
Unassigned,,MOUSE LOGITECH M187 WIRELESS,2,5,PCS,152383.09372,304766.18744
Unassigned,,MOUSE LOGITECH M221 SILENT WIRELESS,0,10,PCS,121500,0
Unassigned,,MOUSE LOGITECH M90,111,70,PCS,50189.631321,5571049.076631
Unassigned,,MOUSE LOGITECH WIRELESS M170,167,80,PCS,116750.607334,19497351.424778
Unassigned,,MOUSE LOGITECH WIRELESS M185,1,1,PCS,145584.623932,145584.623932
Unassigned,,MOUSE M256 WIRELESS DATAFAST SILENT BT + ON OFF,128,70,PCS,30028.085539,3843594.948992
Unassigned,,MOUSE TOSHIBA U20,17,20,PCS,42578.996897,723842.947249
Unassigned,,MOUSE VOTRE / VOXY,584,270,PCS,9485.241476,5539381.021984
Unassigned,,MOUSE WIRELESS AVAN,4,20,PCS,30000,120000
Unassigned,,MOUSE WIRELESS BANDA,19,30,PCS,29057.226032,552087.294608
Unassigned,,MOUSE WIRELESS DATAFAST,38,50,PCS,31007.377456,1178280.343328
Unassigned,,MOUSE WIRELESS DATAFAST RECHARGEABLE SILENT,124,70,PCS,31212.335288,3870329.575712
Unassigned,,MOUSE WIRELESS JETE MS 103 / MS 203,0,1,PCS,55000,0
Unassigned,,MOUSE WIRELESS JETE MS1/MS2/MS3,0,10,PCS,55363.725363,0
Unassigned,,MOUSE WIRELESS MICROKINGDOM BT 3000,6,1,PCS,28000,168000
Unassigned,,MOUSE WIRELESS N-TECH,0,1,PCS,90006.006006,0
Unassigned,,MOUSEPAD GAMING REXUS KVLAR T4,0,1,PCS,15000,0
Unassigned,,MOUSEPAD JETE BESAR,3,1,PCS,4000,12000
Unassigned,,MOUSEPAD JETE KECIL,12,1,PCS,3000,36000
Unassigned,,MOUSEPAD LOGITECH / MICROSOFT,2021,500,PCS,3413.100159,6897875.421339001
Unassigned,,MOUSEPAD RAZER,0,1,PCS,10000,0
Unassigned,,MOUSEPAD WARWOLF GAMING,3,5,PCS,35000,105000
Unassigned,,MSI GF63 9SCSR-9S7-16R412-882 Ci7-9750H 8GB 512GB SSD,0,1,UNIT,12710000,0
Unassigned,,MSI KATANA 15 B13VFK Ci7-13620H 2X8GB 1TB SSD RTX 4060 8GB WIN 11,0,1,UNIT,18469000,0
Unassigned,,MSI KATANA 17 B13UDXK - 1240ID INTEL CORE i7-13620H 2X8GB SSD RTX3050 6GB WIN11 HOME + OHS 2021 BLACK + MSI ESSENTIAL BACKPACK,0,1,UNIT,12640000,0
Unassigned,,MSI KATANA A15 AI B8VE AMD RYZEN 7 - 8845HS 16GB 512GB SSD RTX 4050 6GB WIN 11 #,0,1,UNIT,15125000,0
Unassigned,,MSI KATANA GF66 12UC CI7 12700H 8GB 512GB SSD RTX 3050 4GB,0,1,UNIT,16190000,0
Unassigned,,MSI MODERN 14 B11MO-9S7-14D312-069 Ci7-1165G7 8GB,0,1,UNIT,11540000,0
Unassigned,,MSI MODERN 14 C12MO Ci5-1235U 2X8GB 512GB SSD IRIS XE WIN 11 #,0,1,UNIT,8085000,0
Unassigned,,MSI MODRN 14 C11M-005ID i3-1115G4 8GB 512GB SSD WIN 11 RA,0,1,UNIT,5810000,0
Unassigned,,MSI PRESTIGE 13 AI EVO A1MG-098ID CORE ULTRA 7 155H 16GB 1TB SSD GEN4X4 INTEL ARC GRAPHICS WIN 11,0,1,UNIT,19395000,0
Unassigned,,MSI SUMMIT E14 A12MT-094 Ci7 1280P WIN 11,0,1,UNIT,15550000,0
Unassigned,,MSI SUMMIT E14FLIPEVOA13MT Ci7-1360P 16GB 1TB SSD GEN4X4 IRIS XE GRAPHICS WIN 11,0,1,UNIT,16370000,0
Unassigned,,MSI THIN 15 B13UCX-1465ID Ci5-13420H 8GB 512GB SSD RTX 2050 4GB WIN 11,0,1,UNIT,8720000,0
Unassigned,,MSI THIN A15 AMD RYZEN 7 2X8GB 512GB SSD RTX4060 8GB WIN 11 #,0,1,UNIT,16180000,0
Unassigned,,MSI Thin A15 B7UCX AMD Ryzen 5 7535HS 8GB 512GB SSD RTX2050 4GB W11,0,0,UNIT,8540000,0
Unassigned,,MULTI TESTER CAPIT,0,1,PCS,350000,0
Unassigned,,NACHI LAKBAN HITAM 35 X 12M,67,1,PCS,8658.484997,580118.494799
Unassigned,,NOTA NCR PAPERLINE 2 PLY (108X155MM),2595,50,PACK,2783.535509,7223274.645854999
Unassigned,,NOTA NCR PAPERLINE 2 PLY BESAR,352,20,PCS,4550,1601600
Unassigned,,NVR 4CHN POE H265 HIKVISION,0,1,UNIT,1545127.6,0
Unassigned,,NVR DAHUA 16CH,0,1,UNIT,1330000,0
Unassigned,,NVR DAHUA 8CH,1,1,UNIT,990000,990000
Unassigned,,NVR DAHUA DHI-NVR4116HS-4KS3 #,0,1,PCS,1495000,0
Unassigned,,NVR HIK 8CH,0,1,PCS,1120000,0
Unassigned,,OBENG MENARA,15,3,PCS,18000,270000
Unassigned,,OBENG TOOLKIT JACKLY 6032-A,1,1,SET,25000,25000
Unassigned,,ODNER FOLIO 75MM BENEX LAMI,477,150,PCS,16800,8013600
Unassigned,,ODNER FOLIO 75MM GEMA,177,1,PCS,15500,2743500
Unassigned,,ODNER KWT 75MM BENEX LAMI KECIL KWARTO,350,70,PCS,16916.653255,5920828.63925
Unassigned,,OJEK,34,1,JASA,128292.358804,4361940.199336
Unassigned,,OJEK DOMPU,0,1,JASA,150000,0
Unassigned,,OJEK TGL 05/11/20,0,1,Buah,100000,0
Unassigned,,OLIVETTI,33,30,PCS,54065.420405,1784158.873365
Unassigned,,ONGKIR JNE,6,1,JASA,85120.668707,510724.012242
Unassigned,,ONU G-EPON XPON GLOBAL GL-01,0,1,PCS,185000,0
Unassigned,,ONU XPON WIFI 4 LAN PORT,0,1,PCS,200000,0
Unassigned,,OPP 10 X 24,309,20,PCS,4412.233171,1363380.049839
Unassigned,,OPP 11,13,20,PCS,5000,65000
Unassigned,,"OPP 12,5",114,3,PCS,5800,661200
Unassigned,,OPP 13,87,1,PCS,6000,522000
Unassigned,,OPP 14,42,10,PCS,7000,294000
Unassigned,,"OPP 14,5 X 24",349,5,PCS,6540.043861,2282475.3074890003
Unassigned,,OPP 15 X 24,102,10,PCS,6370.511104,649792.1326080001
Unassigned,,"OPP 15,5 X 24",439,5,PCS,6492.908584,2850386.868376
Unassigned,,OPP 16 X 25,218,1,PCS,8383.908515,1827692.0562699998
Unassigned,,"OPP 16,5 X 25",127,10,PCS,7200,914400
Unassigned,,"OPP 17,5",158,10,PCS,10355.670103,1636195.8762740002
Unassigned,,OPP 18,12,1,PCS,15000,180000
Unassigned,,OPP 22 X 30 10R #,1307,1,PCS,12290.689105,16063930.660234999
Unassigned,,OPP 25 X 35,15,1,PCS,18000,270000
Unassigned,,OPP 30 X 40 PLASTIK A3,48,5,PCS,27661.016949,1327728.813552
Unassigned,,"OPP 9,5",138,20,PCS,4500,621000
Unassigned,,ORBIT STAR A1,0,1,UNIT,0,0
Unassigned,,OTG 5 PIN,7,5,PCS,19000,133000
Unassigned,,OTG IPHONE,0,1,PCS,75000,0
Unassigned,,OTG MICRO,62,5,PCS,4630.043418,287062.69191600004
Unassigned,,OTG TYPE C,180,30,PCS,6057.307791,1090315.40238
Unassigned,,OVER STEKER BROCO COLOKAN KAKI 3,131,1,PCS,15929.566423,2086773.201413
Unassigned,,OVERSTEKER LOYAL,31,0,PCS,8000,248000
Unassigned,,PABX PANASONIC 8 EXTENSION,0,1,UNIT,5130000,0
Unassigned,,PAKET BEL SEKOLAH AUTO,1,1,UNIT,2800000,2800000
Unassigned,,PAKET KEYBOARD MOUSE ALCATROZ,0,1,PCS,79130.434783,0
Unassigned,,PAKET KEYBOARD MOUSE BANDA WIRELESS,0,15,PCS,83174.603175,0
Unassigned,,PAKET KEYBOARD MOUSE GAMING BANDA KM 77 RGB,0,1,UNIT,130000,0
Unassigned,,PAKET KEYBOARD MOUSE LOGITECH MK200,0,1,PCS,180000,0
Unassigned,,PAKET KEYBOARD MOUSE PROLINK,0,1,PCS,100000,0
Unassigned,,PAKET KEYBOARD MOUSE RGB QUINTON T350,15,1,PAKET,63500,952500
Unassigned,,PAKET KEYBOARD MOUSE SPC,0,3,PCS,74991.491775,0
Unassigned,,PAKET KEYBOARD MOUSE WIRELESS HK 3800,0,1,PAKET,124000,0
Unassigned,,PAKET LAMPU STUDIO SOFTBOX,0,1,SET,2450000,0
Unassigned,,"PAKET PODCAST 4 ORANG, 4 MIC, STAND, SOUNDCARD, MIXER",0,1,PAKET,4290200,0
Unassigned,,PANASONIC BASIC CHARGER + ENELOOP AA 2 BIJI,1,1,PCS,235000,235000
Unassigned,,PAPER KLIP NO 3,861,50,KOTAK,1282.5,1104232.5
Unassigned,,PAPER KLIP NO 5,118,50,KOTAK,2612.5,308275
Unassigned,,PAPERLINE 1 PLY A3 CF B1,23,10,DUS,314974.398347,7244411.161981001
Unassigned,,PAPERLINE 1 PLY NCR,2,1,PCS,193671.5,387343
Unassigned,,PAPERLINE 2 PLY NCR,16,10,DUS,289110.935359,4625774.965744
Unassigned,,PAPERLINE 3 PLY NCR,72,10,PCS,442201.631485,31838517.466920003
Unassigned,,PAPERLINE CF K3 W PRS ( 3 PLY PRS ),21,10,DUS,484728.279868,10179293.877228001
Unassigned,,PAPERLINE NK K1 (NOTA KECIL 1 PLY),507,20,PCS,1732.816667,878538.050169
Unassigned,,PAPERLINE NK K2 (NOTA KECIL 2PLY),3295,1,PCS,2497.07363,8227857.61085
Unassigned,,PARFUM AF ANISA HIJAU TUA,14,1,PCS,19000,266000
Unassigned,,PARFUM AF BAMBOO HITAM,11,1,PCS,19000,209000
Unassigned,,PARFUM AF BLOOM DALE BIRU,12,1,PCS,19000,228000
Unassigned,,PARFUM AF CLASSIC NOVEMBER COKLAT,0,1,PCS,19000,0
Unassigned,,PARFUM AF FAIRY TALE WARNA PINK,27,1,PCS,19000,513000
Unassigned,,PARFUM AF LOVELY KUNING,11,1,PCS,19000,209000
Unassigned,,PARFUM AF MAGICAL DREAM WARNA UNGU,7,1,PCS,19000,133000
Unassigned,,PARFUM AF MYSTIC SPELL WARNA HIJAU,8,1,PCS,19000,152000
Unassigned,,PARFUM AF OVER DOSE ORANGE,16,1,PCS,19521.73913,312347.82608
Unassigned,,PARFUM AF RENALSSANCE MAROON,6,1,PCS,19000,114000
Unassigned,,PASANG SPEAKER BIMA,0,1,JASA,75000,0
Unassigned,,PASANG SPEAKER SAPE,0,1,JASA,100000,0
Unassigned,,PASTA PROCESSOR  BOTOL,24,35,PCS,5640.718818,135377.251632
Unassigned,,PASTA PROCESSOR  SUNTIK,18,28,PCS,4854.417608,87379.516944
Unassigned,,PASTA SUNTIK GREY 15GR GD900,3,1,PCS,46333.333333,138999.999999
Unassigned,,PATCHCORE OUTDOOR 2 METER UPC STEEL TYPE,5,1,PCS,14250,71250
Unassigned,,PB JETE 10000 A12 MAGSAFE BLACK,1,1,PCS,269900,269900
Unassigned,,"PC ASUS S340MC-I58400060T CORE I5 W10 LED ASUS VS207DF 19,5""",0,1,UNIT,7470000,0
Unassigned,,"PC BUILT UP ASUS EXPERT CENTRE P500 - P500MV - 38501WS INTEL CORE i3 - 1315U 8GB 512GB SSD WIN 11 LED ASUS 21,5""",0,1,UNIT,7175000,0
Unassigned,,"PC BUILT UP ASUS EXPERT CENTRE P500 P500SV INTEL CORE 3 100U 8GB 512GB SSD WIN 11 LED ASUS 21,5",0,1,UNIT,7925000,0
Unassigned,,"PC BUILT UP HP SLIM S01-PD0103L-7XD22AA CI3 8100 LED HP 18,5 19KA",0,1,SET,5640000,0
Unassigned,,"PC BUILTUP HP Ci7-13700 8GB 512GB SSD LED HP 21,45",0,1,UNIT,14050000,0
Unassigned,,PC BUILUP ACER CI7-11700 2X4GB 1TB GT 730 2GB WIN10,0,1,UNIT,12996000,0
Unassigned,,PC BUILUP ACER TC 1650 CI3-10105 4GB 1TB + SSD 256GB 19 INCS LED,0,1,UNIT,7849000,0
Unassigned,,"PC BUILUP ASUS S500MC CI3-10105 4GB 1TB 19,5 INCS",0,1,UNIT,7315000,0
Unassigned,,PC BUILUP ASUS S500TC CI3-10105 4GB 1TB HDD WIN10,0,1,UNIT,7135000,0
Unassigned,,"PC BUILUP ASUS S500TC INTEL G5905 4GB 1TB LED 19,5",0,1,UNIT,6225000,0
Unassigned,,"PC BUILUP HP 290-P0038L-3JV92AA LED HP 18,5"" 19KA",0,1,UNIT,4500000,0
Unassigned,,"PC BUILUP HP SLIM S01 PF1181D-22X83AA PENTIUM GOLD G6400 4GB 1TB HDD 19,5"" WIN10",0,1,UNIT,6228000,0
Unassigned,,PC BUILUP LENOVO i3 - 13100 4GB 256GB SSD LED 22 INCS,0,1,UNIT,7900000,0
Unassigned,,PC BUILUP LENOVO IC 3 07IAB7 CIRE I3-12100 3.30 DDR4 4GB 256GB SSD MONITOR LED 22INCS,0,1,PAKET,7550000,0
Unassigned,,PC BUILUP LENOVO IDEA CENTRE 5 i7-2700 8GB 512GB SSD DVD RW,0,1,UNIT,13270000,0
Unassigned,,"PC BUILUP LENOVO IDEACENTRE 5 CI5-10400 8GB 1TB LED 21,5",0,1,UNIT,8950000,0
Unassigned,,"PC BUILUP LENOVO IDEACENTRE Ci3-12100 4GB 256GB SSD LED 21,5",0,1,UNIT,8215000,0
Unassigned,,PC BUILUP NEO 50T I3 - 12100 DDR4 4GB 256GB SSD LED 18.5 INCS,0,1,SET,7350000,0
Unassigned,,"PC BUILUP P500MV i5 - 13420H DDR5 8GB 512GB SSD WIN 11 MONITOR 21,5 INCS",0,1,UNIT,8500000,0
Unassigned,,PC LENOVO IDEACENTRE MINI 5 CI3 10100T 4GB 1TB HDD,0,1,UNIT,6143000,0
Unassigned,,PC MINI INTEL NUC NUC11ATKC4000 INTEL N5105 8GB 256GB SSD EK,0,1,UNIT,2810000,0
Unassigned,,PC MINI RNUC1 4MNK1500000 - 8SW2 INTEL N150 8GB 256GBGB SSD NVME WIN 11,0,1,UNIT,3685000,0
Unassigned,,PC SERVER ASUS TS100 - E10 / PI4 8GB 1TB BLACK,0,1,UNIT,10085000,0
Unassigned,,PC SERVER ASUS TS100-10/PI4 16GB 1TB,0,1,UNIT,11290000,0
Unassigned,,PC SERVER DELL POWER EDGE T40,0,1,UNIT,9690000,0
Unassigned,,PC SERVER LENOVO THINGSYSTEM ST50 V2 XEON E-2324G 16GB 1TB HDD + KEY + MOUSE,0,1,UNIT,13490000,0
Unassigned,,PC SERVER LENOVO THINKSYSTEM ST50 V2 E2324G 16GB 1TB HDD + 480GB NHS SSD EK,0,1,UNIT,15700000,0
Unassigned,,PCI CARD USB 3.0,0,1,PCS,130000,0
Unassigned,,PEMANAS BROTHER DCP L2540 DW,1,0,PCS,775000,775000
Unassigned,,PEMBOLONG KERTAS NO 30 XL,33,1,PCS,12054,397782
Unassigned,,PEMBOLONG KERTAS NO 40,33,1,PCS,22000,726000
Unassigned,,PEMBOLONG KERTAS NO 85,17,1,PCS,60000,1020000
Unassigned,,PEMBOLONG KERTAS NO 85 ZRM,12,1,PCS,36000,432000
Unassigned,,PEMOTONG KERTAS A3,0,1,UNIT,230000,0
Unassigned,,PEMOTONG KERTAS KRISBOW S215,0,0,UNIT,700000,0
Unassigned,,PENGGARIS BESI 30 CM,37,2,PCS,5235,193695
Unassigned,,PENGGARIS BESI 40 CM,36,1,PCS,8900,320400
Unassigned,,PENGHANCUR KERTAS PROMAXI S290 PLUS,1,1,UNIT,1050000,1050000
Unassigned,,PESAWAT TELEPON DESK 1,0,1,UNIT,230000,0
Unassigned,,PICKUP KARET ROLLER CANON G SERIES,15,5,BIJI,25000,375000
Unassigned,,PIGTAIL INDOOR COLOUR UPC 3 METER,0,1,PCS,6500,0
Unassigned,,PIPA AC,0,1,PCS,175000,0
Unassigned,,PIPA INFUS PRINTER,70,10,PCS,500,35000
Unassigned,,PIPA KABEL,0,1,PCS,11000,0
Unassigned,,PIPA LISTRIK 10 BATANG,0,1,BATANG,121000,0
Unassigned,,PLASTIK CD,74,10,PCS,1500,111000
Unassigned,,PLASTIK KLIP,59,3,PCS,3500,206500
Unassigned,,PLASTIK KLIP 4 X 6,1103,5,PCS,1650,1819950
Unassigned,,PLASTIK KLIP 5 X 8,1079,1,PCS,1650,1780350
Unassigned,,PLASTIK KLIP 7 X 10,277,1,PCS,2897.560976,802624.390352
Unassigned,,"PLASTIK KLIP 8,7 X 13",6,1,PCS,4750,28500
Unassigned,,PLASTIK KRESEK 02 X 21 HITAM,20,1,PCS,5750,115000
Unassigned,,PLASTIK KRESEK 02 X 21 PUTIH,38,1,PCS,5750,218500
Unassigned,,PLASTIK KRESEK 02 X 28 HITAM,300,1,PCS,8625,2587500
Unassigned,,PLASTIK KRESEK 03 X 20 X 35,23,1,PCS,17333.333333,398666.666659
Unassigned,,PLASTIK KRESEK 03 X 21 SH,110,1,PCS,9042.553192,994680.8511199999
Unassigned,,PLASTIK KRESEK 03 X 28 HITAM (SH),755,5,PACK,12590.234052,9505626.70926
Unassigned,,PLASTIK KRESEK 03 X 28 MERAH,13,1,PCS,14500,188500
Unassigned,,PLASTIK LAMINATING BLUE PRINT F4,117,40,PCS,77396.078431,9055341.176427
Unassigned,,PLASTIK LAMINATING EPRINT A4,0,15,PCS,85440.648148,0
Unassigned,,PLASTIK LAMINATING EPRINT F4,3,30,PCS,89314.524444,267943.573332
Unassigned,,PLASTIK LAMINATING EPRINT KTP,49,30,PCS,11708.75,573728.75
Unassigned,,PLASTIK LAMINATING SAKURAI,0,40,PACK,92500,0
Unassigned,,"PLASTIK OPP 10,5 X 24",529,150,PCS,6467.567568,3421343.243472
Unassigned,,"PLASTIK OPP 11,5 X 24",2823,150,PCS,4912.595815,13868257.985745
Unassigned,,PLASTIK OPP 12 X 24,176,30,PCS,5124.718687,901950.488912
Unassigned,,"PLASTIK OPP 13,5 X 24",379,100,PCS,5823.867243,2207245.685097
Unassigned,,PLASTIK OPP 17 X 25,63,10,PCS,7400,466200
Unassigned,,PLASTIK UANG 015 X 36 X 85 ( ISI 50 ),30,1,PACK,142751.612903,4282548.38709
Unassigned,,PLAT SENG LX 310,4,1,PCS,20000,80000
Unassigned,,PLONG ID CARD,1,1,PCS,500000,500000
Unassigned,,POE DAHUA 4 PORT,0,1,PCS,465000,0
Unassigned,,POE DAHUA 8 PORT,0,1,PCS,660000,0
Unassigned,,POE HIKVISION 4 PORT,2,1,PCS,495000,990000
Unassigned,,POE HIKVISION 8 PORT,2,1,PCS,830000,1660000
Unassigned,,POE SPLITTER INJECTOR,3,1,PCS,9000,27000
Unassigned,,POE SWITCH GIGABIT HIK 8 PORT,0,1,UNIT,725000,0
Unassigned,,POLYTRON PAS PRO 15 F3,0,1,PCS,2950000,0
Unassigned,,POMPA AIR SHIMIZU JET PUMP 268 TP,0,1,UNIT,1900000,0
Unassigned,,POMPA PRINTER EPSON L4150,0,1,PCS,400000,0
Unassigned,,POMPA PURGE EPSON L3110 L3210 L3250,19,1,PCS,206992.462894,3932856.794986
Unassigned,,POWER BANK JETE 10.000,23,1,PCS,70562.099268,1622928.2831640001
Unassigned,,POWER BANK JETE 10000 A12 MAGSAFE,1,1,PCS,269900,269900
Unassigned,,POWER BANK JETE 20000 B3 BLACK,1,1,PCS,279900,279900
Unassigned,,POWER BANK JETE A11 MAGSAFE,1,1,PCS,249900,249900
Unassigned,,POWER BANK JETE A9,1,1,PCS,179900,179900
Unassigned,,POWER BANK JETE WIRELESS,1,1,PCS,249900,249900
Unassigned,,POWER BANK VGEN PLATINUM 10.000 MAH,1,1,PCS,0,0
Unassigned,,POWERBANK JETE B7 10.000MAH,0,1,PCS,250000,0
Unassigned,,POWERBANK JETE B8 10.000MAH,0,1,PCS,200000,0
Unassigned,,POWERBANK JETE C11 10.000MAH,0,1,UNIT,150000,0
Unassigned,,PRINT HEAD BLACK G2010 / 1020,2,20,PCS,425000,850000
Unassigned,,PRINT HEAD CATRIDGE BH 70 CANON G1020,3,1,PCS,439888.888889,1319666.666667
Unassigned,,PRINT HEAD CATRIDGE CH 70 CANON G1020,2,1,PCS,436583.49993,873166.99986
Unassigned,,PRINT TABLE CARD (ID CARD NO NAME),0,1,PCS,32000,0
Unassigned,,PRINTER BARCODE ZEBRA ZE220,0,1,UNIT,2800000,0
Unassigned,,PRINTER BLUEPRINT THERMAL BP-LITE80D1 BT,4,1,UNIT,637666.666667,2550666.666668
Unassigned,,PRINTER BLUEPRINT THERMAL BP-LITE80D1 BT TP,1,1,PCS,562804.370447,562804.370447
Unassigned,,PRINTER BROTHER DCP T520 WIRELESS INK TANK PSC,0,1,UNIT,2690000,0
Unassigned,,PRINTER BROTHER DCP T520W WIRELESS INK TANK PSC,0,1,UNIT,2635000,0
Unassigned,,PRINTER BROTHER DCP T710 WIRLESS PSC,0,1,PCS,3350000,0
Unassigned,,PRINTER BROTHER DCP T720DW WIRELESS INKTANK PSC,0,1,UNIT,3475000,0
Unassigned,,PRINTER BROTHER DCP T730DW,1,1,PCS,3710000,3710000
Unassigned,,PRINTER BROTHER MFC - T4500DW,0,1,UNIT,10450000,0
Unassigned,,PRINTER BROTHER MFC - T4500DW A3 MULTIFUNGSI,0,1,UNIT,10585000,0
Unassigned,,PRINTER BROTHER MFC L2700DW,0,1,UNIT,3475000,0
Unassigned,,PRINTER CANON E410,0,1,UNIT,620000,0
Unassigned,,PRINTER CANON G1010,15,35,UNIT,1053083.807337,15796257.110055
Unassigned,,PRINTER CANON G1020,0,15,UNIT,1400000,0
Unassigned,,PRINTER CANON G1730,1,20,UNIT,1007873.572011,1007873.572011
Unassigned,,PRINTER CANON G1737,0,1,UNIT,1025000,0
Unassigned,,PRINTER CANON G2010,0,25,UNIT,1598933.635843,0
Unassigned,,PRINTER CANON G2010 TP,1,0,PCS,1780000,1780000
Unassigned,,PRINTER CANON G2020 PSC,0,25,UNIT,1916581.77857,0
Unassigned,,PRINTER CANON G2730,0,35,UNIT,1487122.937854,0
Unassigned,,PRINTER CANON G2770,0,1,UNIT,1600000,0
Unassigned,,PRINTER CANON G3010 WIFI PSC,3,1,UNIT,2110000,6330000
Unassigned,,PRINTER CANON G3730,0,1,UNIT,2575000,0
Unassigned,,PRINTER CANON G3730 TP,0,0,UNIT,2200000,0
Unassigned,,PRINTER CANON G4010 PSC FAX,0,1,UNIT,3420000,0
Unassigned,,PRINTER CANON G4770,4,1,UNIT,3247785.714286,12991142.857144
Unassigned,,PRINTER CANON IX 6770,1,2,UNIT,3735000,3735000
Unassigned,,PRINTER CANON LASERJET LBP 6030,0,1,UNIT,1708000,0
Unassigned,,PRINTER EPSON L-14150 A3 PSC WIFI DUPLEX,0,1,UNIT,7585000,0
Unassigned,,PRINTER EPSON L11050 ECOTANK A3 WIFI,1,1,UNIT,6190000,6190000
Unassigned,,PRINTER EPSON L1110,0,1,UNIT,1830000,0
Unassigned,,PRINTER EPSON L121,5,25,UNIT,1455000,7275000
Unassigned,,PRINTER EPSON L121 TP,12,10,UNIT,1447840.909091,17374090.909092
Unassigned,,PRINTER EPSON L1210 ECOTANK (Print Only),0,1,UNIT,1940000,0
Unassigned,,PRINTER EPSON L1210 TP,0,1,UNIT,1929285.714286,0
Unassigned,,PRINTER EPSON L1251,0,1,UNIT,1959459.459459,0
Unassigned,,PRINTER EPSON L1300,0,1,PCS,6490000,0
Unassigned,,PRINTER EPSON L14150 A3 PSC WIFI,0,1,UNIT,7050000,0
Unassigned,,PRINTER EPSON L1455 A3 PSC WIFI DUPLEX,0,1,PCS,10400000,0
Unassigned,,PRINTER EPSON L1800 A3,0,1,UNIT,8125000,0
Unassigned,,PRINTER EPSON L18050,0,1,UNIT,8200000,0
Unassigned,,PRINTER EPSON L3210,0,40,UNIT,2150000,0
Unassigned,,PRINTER EPSON L3210 TP,0,5,UNIT,2020013.191657,0
Unassigned,,"PRINTER EPSON L3211 PRINT, SCAN COPY",0,40,UNIT,2050035.074218,0
Unassigned,,"PRINTER EPSON L3211 PRINT, SCAN COPY TP",21,40,UNIT,2047820.843753,43004237.718813
Unassigned,,PRINTER EPSON L3250 TP,0,1,UNIT,2437500,0
Unassigned,,"PRINTER EPSON L3250 WIFI (PRINT, SCAN, COPY)",0,1,UNIT,2425000,0
Unassigned,,PRINTER EPSON L3251 WIFI TKDN,5,1,UNIT,2441666.666667,12208333.333335
Unassigned,,PRINTER EPSON L3251 WIFI TP,1,1,UNIT,2430000,2430000
Unassigned,,PRINTER EPSON L4150 PSC WIFI,0,1,UNIT,3120994.101568,0
Unassigned,,PRINTER EPSON L4260 A4 WI-FI #,0,1,UNIT,3735000,0
Unassigned,,PRINTER EPSON L5190,0,1,PCS,4365000,0
Unassigned,,PRINTER EPSON L5290,0,1,UNIT,3760000,0
Unassigned,,PRINTER EPSON L5290 TP,1,0,PCS,3750000,3750000
Unassigned,,PRINTER EPSON L805,0,1,UNIT,4105000,0
Unassigned,,PRINTER EPSON L8050,0,1,UNIT,4375000,0
Unassigned,,PRINTER EPSON LQ 2190 @,0,1,UNIT,8515000,0
Unassigned,,PRINTER EPSON LQ 310 dot matrix,0,1,UNIT,3115000,0
Unassigned,,PRINTER EPSON LQ2190 dot matrix,0,1,UNIT,8750000,0
Unassigned,,PRINTER EPSON LX 310,2,1,PCS,2785000,5570000
Unassigned,,PRINTER EPSON M1120 EcoTank Monochrome Wi-Fi,0,1,UNIT,2045000,0
Unassigned,,PRINTER EPSON M1120 ECOTANK MONOCROE WIFI,0,1,UNIT,2045000,0
Unassigned,,PRINTER EPSON PLQ 35 PASSBOOK,0,1,UNIT,7125000,0
Unassigned,,Printer EPSON PLQ30 PASSBOOK,0,0,UNIT,7125000,0
Unassigned,,PRINTER EPSON TMT 82X - 441 USB SERIAL,1,1,UNIT,2215000,2215000
Unassigned,,PRINTER EPSON TMU 220B USB AUTO CUTTER,0,1,Buah,2500000,0
Unassigned,,PRINTER EPSON WF - C5390,0,1,UNIT,5300000,0
Unassigned,,PRINTER EPSON WF 100 #,0,1,UNIT,3850000,0
Unassigned,,PRINTER HP 419,0,1,PCS,0,0
Unassigned,,PRINTER HP COLOR 150A,0,1,UNIT,2985000,0
Unassigned,,PRINTER HP DESJET 2337 PSC PALM,0,1,PCS,670000,0
Unassigned,,PRINTER HP DESKJET 2337,0,1,UNIT,0,0
Unassigned,,"PRINTER HP INKTANK SMART 580 ( PRINT,SCAN,COPY,WIFI )",0,1,UNIT,2185000,0
Unassigned,,PRINTER HP LASERJET M183FW COLOUR,0,1,UNIT,6780000,0
Unassigned,,PRINTER HP MFP 179FNW,0,1,UNIT,5785000,0
Unassigned,,Printer id card Hiti cse200e,0,0,UNIT,12650000,0
Unassigned,,PRINTER LABEL THERMAL STIKER BP-ECO80BT,0,1,UNIT,577000,0
Unassigned,,PRINTER LABEL THERMAL STIKER BP-ECO80BT TP,0,1,UNIT,575000,0
Unassigned,,PRINTER LASERJET BROTHER HL - L3230CDN,0,1,UNIT,5100000,0
Unassigned,,PRINTER THERMAL BLUE PRINT LITE 80D BT,0,1,UNIT,862500,0
Unassigned,,PRINTER THERMAL BP - ECO80 BATERAI,2,1,UNIT,495000,990000
Unassigned,,PRINTER THERMAL BP-ECO58D LISTRIK,16,1,PCS,236363.636364,3781818.181824
Unassigned,,PRINTER THERMAL BP-ECO58D LISTRIK TP,0,1,PCS,245931.32154,0
Unassigned,,Printer Thermal Label ZEBRA ZD230t  (ZD23042 30PG00EZ),0,1,UNIT,2520000,0
Unassigned,,PRINTER THERMAL MATRIX,0,1,PCS,650000,0
Unassigned,,PROC AMD RYZEN 3 3200G BOX,0,1,PCS,1380000,0
Unassigned,,PROC AMD RYZEN 5 4500 BOX,0,1,PCS,1210000,0
Unassigned,,PROC AMD RYZEN 5 4600G INCLUD FAN,0,1,PCS,1520000,0
Unassigned,,PROC AMD RYZEN 5 5500 BOX INCLUDE FAN,0,1,PCS,1490000,0
Unassigned,,PROC AMD RYZEN 5 5500GT,0,1,PCS,1650000,0
Unassigned,,PROC AMD RYZEN 5 PRO 4650G,0,1,PCS,2275000,0
Unassigned,,PROC AMD RYZEN R7 5800X BOX,0,1,UNIT,5720000,0
Unassigned,,PROC I5 - 2400,0,1,PCS,210000,0
Unassigned,,PROC I7 12700 ALDER LAKE INCLUDE FAN,0,1,PCS,4275000,0
Unassigned,,PROC INTEL CORE - I3 12100 ALDER LAKE,0,1,PCS,1715000,0
Unassigned,,PROC INTEL CORE - i3 14100 RAPTOR LAKE,0,1,PCS,2325000,0
Unassigned,,PROC INTEL CORE - i3 6100,1,1,PCS,125000,125000
Unassigned,,PROC INTEL CORE - i5 6500 I5 GEN 6,0,1,PCS,465000,0
Unassigned,,PROC INTEL CORE I3 10105,0,1,PCS,1895000,0
Unassigned,,PROC INTEL CORE I3 GEN 2,2,1,PCS,92033.904908,184067.809816
Unassigned,,PROC INTEL CORE i5 - 11400 ROCKET LAKE include Fan,0,1,PCS,2065000,0
Unassigned,,PROC INTEL CORE I5 12400 ALDER LAKE,1,1,PCS,3050000,3050000
Unassigned,,PROC INTEL CORE i7 11700 ROCKET LAKE include fan,0,1,PCS,3940000,0
Unassigned,,PROC INTEL CORE I7 14700,0,1,PCS,6265000,0
Unassigned,,PROC INTEL CORE ULTRA 7 265KF Arrow Lake,0,1,PCS,5686000,0
Unassigned,,PROC INTEL G7400,0,1,PCS,1500000,0
Unassigned,,PROC INTEL I3 13100F RAPTOR LAKE,0,1,PCS,1990000,0
Unassigned,,PROC INTEL I5 - 7500,0,1,PCS,1430000,0
Unassigned,,PROC INTEL i5 10400F COMET LAKE,0,1,UNIT,1640000,0
Unassigned,,PROC INTEL I5 11400F ROCKET LAKE INCLUD FAN,0,1,UNIT,2250000,0
Unassigned,,PROC INTEL i5-12600 ALDER LAKE,0,1,PCS,4020000,0
Unassigned,,PROC INTEL i7 10700 COMET LAKE INCLUD FAN,0,1,UNIT,3620000,0
Unassigned,,PROC INTEL I7 10700F COMET LAKE,0,1,PCS,3505000,0
Unassigned,,PROC INTEL I7 12700F ALDER LAKE,0,1,PCS,4645000,0
Unassigned,,PROC INTEL I7 13700 RAPTOR LAKE INCLUD FAN,0,1,PCS,6400000,0
Unassigned,,PROC INTEL I7 4790,0,1,PCS,1650000,0
Unassigned,,PROC INTEL I7 7700,0,1,PCS,2150000,0
Unassigned,,PROC RYZEN 5 5600G,0,1,PCS,2040000,0
Unassigned,,PROCESSOR  AMD RYZEN 5 3400G,0,1,PCS,2900000,0
Unassigned,,PROCESSOR  AMD RYZEN R5 3600XT GEN3,0,1,PCS,4000000,0
Unassigned,,PROCESSOR  CORE 2 DUO 3.0 GHZ E8400 FAN,6,2,PCS,71528.268708,429169.612248
Unassigned,,PROCESSOR  I5 10400 COMET LAKE #,1,1,PCS,2140000,2140000
Unassigned,,PROCESSOR  INTEL I3 - 4130,0,1,PCS,570000,0
Unassigned,,PROCESSOR  INTEL I3 10100 COMET LAKE,0,1,PCS,1680000,0
Unassigned,,PROCESSOR  INTEL I5 GEN 4,0,1,PCS,287500,0
Unassigned,,PROCESSOR  INTEL i7 10700KF COMET LAKE,0,1,PCS,4820000,0
Unassigned,,PROCESSOR  INTEL I7 9700 (BOX),0,1,PCS,4200000,0
Unassigned,,PROCESSOR AMD RYZEN R5 3600 TRAY INCLUD FAN ORI,0,1,PCS,2770000,0
Unassigned,,"PROCESSOR CORE I5-4570 3,2GHZ",0,2,PCS,320000,0
Unassigned,,PROCESSOR INTEL CORE I5 4590,2,1,PCS,331666.666667,663333.333334
Unassigned,,"PROCESSOR INTEL I3 - 4150 3,5GHZ",0,1,PCS,322500,0
Unassigned,,PROCESSOR INTEL I3 - 4170,1,1,PCS,222982.890126,222982.890126
Unassigned,,"PROCESSOR INTEL I3-4160 3,6 GHZ",2,1,PCS,190000,380000
Unassigned,,PROCESSOR INTEL I5 - 4670,0,1,PCS,340000,0
Unassigned,,PROJECTOR ACER BS 020P DLP 4000 LUMENS + TAS,0,2,PCS,4650000,0
Unassigned,,PROJECTOR ACER BS 021 #,0,1,UNIT,4670000,0
Unassigned,,PROJECTOR ACER BS 021 TP,2,0,UNIT,4615000,9230000
Unassigned,,PROJECTOR ACER BS-120PV DLP XGA 4000 LUMENS,0,3,UNIT,4780000,0
Unassigned,,PROJECTOR ACER X1 DLP XGA 4000 LUMENS,0,1,UNIT,5115000,0
Unassigned,,PROJECTOR ACER X1123H,0,1,UNIT,4050000,0
Unassigned,,PROJECTOR BENQ MS550 SVGA 3600 LUMENS,0,1,UNIT,4995000,0
Unassigned,,PROJECTOR EPSON CO FH02,0,1,UNIT,9600000,0
Unassigned,,PROJECTOR EPSON EB - 972 XGA 3LCD 4100 LUMENS,0,1,PCS,9400000,0
Unassigned,,PROJECTOR EPSON EB - W53 4000 LUMENS WXGA #,0,1,UNIT,6950000,0
Unassigned,,PROJECTOR EPSON EB - X06 3600 LUMENS,0,1,UNIT,5435000,0
Unassigned,,PROJECTOR EPSON EB - X51 XGA,0,1,UNIT,6825000,0
Unassigned,,PROJECTOR EPSON EB 972,0,0,UNIT,9400000,0
Unassigned,,PROJECTOR EPSON EB E500 3300 LUMENS,0,1,UNIT,5175000,0
Unassigned,,PROJECTOR EPSON EB E600 XGA 3LCD 3.400 LUMENS TKDN,0,1,UNIT,6085000,0
Unassigned,,PROJECTOR EPSON EB S400,0,1,UNIT,4735000,0
Unassigned,,PROJECTOR EPSON EB X500 + TAS,0,1,UNIT,5585000,0
Unassigned,,PROJECTOR EPSON EB X600 XGA 3LCD TKDN #,0,1,UNIT,5550000,0
Unassigned,,PROJECTOR EPSON EB X600 XGA 3LCD TKDN TP,0,1,UNIT,5370000,0
Unassigned,,PROJECTOR EPSON EB-E01 XVGA 3LCD,2,1,UNIT,4990000,9980000
Unassigned,,PROJECTOR EPSON EB-E01 XVGA 3LCD TP,0,0,UNIT,5000000,0
Unassigned,,PROJECTOR EPSON EB-S41,0,1,UNIT,4840000,0
Unassigned,,PROJECTOR EPSON FH 52,0,1,UNIT,11550000,0
Unassigned,,PROJECTOR INFOCUS IN 114XV 3800 XGA LUMENS,0,1,PCS,4635000,0
Unassigned,,PROJECTOR PORTABLE VIEW SONIC M1 MINI PLUS,0,1,UNIT,3340000,0
Unassigned,,PROJECTOR VIEW SONIC PA500S-SVGA 3600 LUMENS + TAS,0,1,UNIT,3815000,0
Unassigned,,PROJECTOR VIEW SONIC PA503SE SVGA 4000 LEMENS,0,1,UNIT,4265000,0
Unassigned,,PROJECTOR VIEW SONIC SP3 SVGA 4800 ANSI LUMENS PORT HDMI #,2,1,UNIT,4420000,8840000
Unassigned,,PROJECTOR VIEW SONIC SP3 SVGA 4800 ANSI LUMENS PORT HDMI TP,0,0,PCS,4420000,0
Unassigned,,Projector Xiaomi Smart L1 200 ISO Lumens,0,1,UNIT,2615000,0
Unassigned,,PRONTO FILM ARROW SIGN HERE ( PEMBATAS KERTAS ),25,1,PCS,16405,410125
Unassigned,,PS 3 500GB SLIM 25 CFW + 2 STICK,0,1,UNIT,1775000,0
Unassigned,,PSU AEROCOOL LUX 550W BRONZE (dus putih),0,1,PCS,490000,0
Unassigned,,PSU AEROCOOL LUX 650W 80 PLUS BRONZE,0,1,PCS,620000,0
Unassigned,,PSU AEROCOOL LUX 750W 80 PLUS BRONZE,2,1,PCS,620625,1241250
Unassigned,,PSU AEROCOOL LUX RGB 550W BRONZE,1,1,PCS,570000,570000
Unassigned,,PSU AEROCOOL LUX RGB MODULAR 650W #,0,1,PCS,635000,0
Unassigned,,PSU AEROCOOL UNITED 500 W,0,1,PCS,410000,0
Unassigned,,PSU CANON 2770,0,1,PCS,80000,0
Unassigned,,PSU CCTV BOX 30A,7,7,PCS,275000,1925000
Unassigned,,PSU CCTV JARING 30A,58,1,PCS,130000,7540000
Unassigned,,PSU CCTV SN 120 20A (JARING),76,35,PCS,100898.219153,7668264.655627999
Unassigned,,PSU COOLER MASTER MWE BRONZE 550W V2 230V,0,1,PCS,760000,0
Unassigned,,PSU COOLER MASTER MWE BRONZE 650W V2,0,1,PCS,880000,0
Unassigned,,PSU COOLER MASTER MWE BRONZE 750W V2,0,1,PCS,1010000,0
Unassigned,,PSU CORSAIR 650 CXM 80+ BRONZE,0,1,UNIT,1155000,0
Unassigned,,PSU CORSAIR 750RM 750WATT GOLD,0,1,PCS,1785000,0
Unassigned,,PSU Corsair CX750 750Watt 80 PLUS BRONZE ATX,0,1,PCS,940000,0
Unassigned,,PSU CPU GAMING BIONIC 500 WATT,0,1,PCS,50000,0
Unassigned,,PSU CPU MAGIX,6,1,UNIT,126000,756000
Unassigned,,PSU CPU MURAGO,0,5,PCS,97000,0
Unassigned,,PSU DARKFLASH AIGO ID500W 500W BLACK,2,1,UNIT,215000,430000
Unassigned,,PSU DATAFAST 500W,1,17,PCS,108027.450981,108027.450981
Unassigned,,PSU DEEPCOOL GAMER STORM PF600X 600W 80+ 230V EU BRONZE,0,1,PCS,605000,0
Unassigned,,PSU DIGITAL ALLIANS 550W 80Plus,0,1,PCS,530000,0
Unassigned,,PSU DIGITAL ALLIANS 600W 80PLUS,0,1,PCS,535000,0
Unassigned,,PSU EYOTA 500 W,2,1,UNIT,116000,232000
Unassigned,,PSU G1010,1,1,PCS,258225,258225
Unassigned,,PSU HIK C8,15,1,PCS,180000,2700000
Unassigned,,PSU LUX 750W 80 PLUS BRONZE,0,1,PCS,625000,0
Unassigned,,PSU MSI MAG A550BN 550W 80 PLUS BRONZE,0,1,PCS,785000,0
Unassigned,,PSU MSI MAG A650BN 650W 80+ BRONZE,0,1,PCS,825000,0
Unassigned,,PSU PC COOLER KF450 450WATT ATX80 PLUS,0,1,PCS,410000,0
Unassigned,,PSU PC COOLER KF550 550 WATT ATX 80 PLUS 230V EU,0,1,PCS,460000,0
Unassigned,,PSU PC COOLER KF650 650WATT ATX 80 PLUS 230V EU,0,1,PCS,513000,0
Unassigned,,PSU PC COOLER PLUSES HW400 (400WATT),0,1,PCS,205000,0
Unassigned,,PSU PC COOLER PLUSES HW500-NP 500 WATT,5,1,PCS,229928.042763,1149640.213815
Unassigned,,PSU PCCOOLER KF650 650Watt ATX 80 Plus 230V EU,1,1,PCS,513000,513000
Unassigned,,PSU PCCOOLER KF750 750W ATX 80 PLUS 230V,1,1,PCS,580000,580000
Unassigned,,PSU PRINTER G3770 / G2770,0,1,PCS,350000,0
Unassigned,,PSU SANURPRO ATX 500 W,0,1,UNIT,155000,0
Unassigned,,PSU SIMBADDA 380 BOX,0,1,PCS,280000,0
Unassigned,,PSU SIMBADDA 380W,0,5,PCS,210000,0
Unassigned,,PSU SIMBADDA 400W BOX,5,1,PCS,223690.476191,1118452.380955
Unassigned,,PSU SIMBADDA 450W BOX,0,1,PCS,290000,0
Unassigned,,PSU SIMBADDA 480W BOX,1,1,UNIT,365083.368764,365083.368764
Unassigned,,PSU SIMBADDA COPOTAN,1,1,UNIT,200000,200000
Unassigned,,PSU SMILE,0,1,PCS,0,0
Unassigned,,PSU TT LITE POWER 650,0,1,PCS,635000,0
Unassigned,,PSU TT LITEPOWER 550,0,1,PCS,590000,0
Unassigned,,PSU TT TR2 S 700W,0,1,UNIT,770000,0
Unassigned,,PSU VARRO CHRONOS 500 W,0,1,PCS,140000,0
Unassigned,,PSU VOXY 500,17,1,PCS,115000,1955000
Unassigned,,PVC ID CARD BENEFIT ISI 50 SET,0,1,PACK,320000,0
Unassigned,,PVC PRINTER HITI,0,1,PACK,750000,0
Unassigned,,QUIK CHARGER HP TC JETE C12 TINY TYPE C CABLE,0,15,PCS,36912.982003,0
Unassigned,,RAM ADATA DDR4 XPG GAMMIX D35 8GB PC4 25600 SPEED 3200MHZ,0,1,PCS,240000,0
Unassigned,,RAM Apacer DDR4 TEX Gaming 16GB PC 3200,0,0,PCS,995000,0
Unassigned,,RAM APACER DDR5 NOX GAMING 32GB (2X16) PC 6000MHZ,0,1,PCS,2785000,0
Unassigned,,RAM CORSAIR DDR4 PC2X16GB VENGEANCE LPX,0,1,PCS,1160000,0
Unassigned,,RAM Corsair DDR5 PC 32GB (2X16GB) CMH32GX5M2B5200C40 CL40 VENGEANCE RGB Black,0,1,PCS,7395000,0
Unassigned,,RAM DDR 4 16GB PC 2666 PENDINGIN,0,1,PCS,770000,0
Unassigned,,RAM DDR4 8GB 1RX8 PC4 - 3200,0,1,UNIT,1900000,0
Unassigned,,RAM KINGSTON FURY BEAST DDR5 16GB 6000MT/S,0,1,PCS,1050000,0
Unassigned,,RAM KINGSTONE DDR4 FURY BEAST 16GB PC 3200,0,1,PCS,537000,0
Unassigned,,RAM KINGSTONE FURY BEAST DDR5 32GB (2X16GB) 6400MT/S BLACK,0,1,PCS,2495000,0
Unassigned,,RAM LEXAR SODIMM DDR5 8GB,1,0,PCS,415000,415000
Unassigned,,RAM PC  BULLDOZER / HYNIX DDR3 4GB,0,8,PCS,104279.931155,0
Unassigned,,RAM PC CORSAIR DDR4 8GB,0,1,PCS,675000,0
Unassigned,,RAM PC CORSAIR DDR4 PC 2X16GB VENGEANCE RGB PRO,0,1,PCS,2065000,0
Unassigned,,RAM PC CORSAIR DDR4 PC1X16GB,0,1,PCS,785000,0
Unassigned,,RAM PC CORSAIR DDR4 PC1X16GB VENGEANCE RGB RS NW,0,1,PCS,785000,0
Unassigned,,RAM PC DDR 3 4GB TAMMUZ,0,1,PCS,166950,0
Unassigned,,RAM PC DDR 3 EX-GEIL / SAMSUNG 8GB,0,1,PCS,180000,0
Unassigned,,RAM PC DDR 3 MAXELL 4GB,0,1,PCS,180000,0
Unassigned,,RAM PC HYNIX DDR 3 8GB PC 12800,0,1,PCS,185000,0
Unassigned,,RAM PC KINGSTON FURY BEAST 8GB DDR 4 PC 3200,1,1,UNIT,1095000,1095000
Unassigned,,RAM PC KINGSTON HYPERX FURRY 16GB DDR4,0,1,PCS,750000,0
Unassigned,,RAM PC KINGSTONE DDR3 4GB,3,5,PCS,130416.666667,391250.000001
Unassigned,,RAM PC KINGSTONE DDR3 8GB,7,1,PCS,222224.657065,1555572.5994550001
Unassigned,,RAM PC KINGSTONE DDR4 4GB,0,1,PCS,292500,0
Unassigned,,RAM PC KINGSTONE DDR4 8GB #,1,1,PCS,1237500,1237500
Unassigned,,RAM PC KINGSTONE HYPERX FURRY 16GB X 2 DDR4,0,1,PCS,2890000,0
Unassigned,,RAM PC LEXAR DDR 4 8GB,0,1,PCS,625000,0
Unassigned,,RAM PC NETAC BASIC DDR4 4GB,0,1,PCS,215000,0
Unassigned,,RAM PC TEAM ELITE DDR 3 8GB PENDINGIN,0,1,PCS,615000,0
Unassigned,,RAM PC TEAM ELITE DDR3 8GB PC 1600,0,1,PCS,395000,0
Unassigned,,RAM PC TEAM ELITE DDR4 4GB,0,1,PCS,310000,0
Unassigned,,RAM PC TEAM ELITE DDR4 8GB,0,1,PCS,370000,0
Unassigned,,RAM PC TEAM ELITE DDR5 8GB,0,1,PCS,415000,0
Unassigned,,RAM PC TEAM ELITE PLUS DDR4 16GB PC 3200 PENDINGIN,0,1,UNIT,510000,0
Unassigned,,RAM PC TEAM ELITE PLUS DDR4 4GB PC 2666 PENDINGIN,0,1,PCS,235000,0
Unassigned,,RAM PC TEAM ELITE PLUS DDR4 8GB PC 2666 PENDINGIN,0,1,PCS,447500,0
Unassigned,,RAM PC TEAM ELITE PLUS DDR4 8GB PC 3200 PENDINGIN,2,1,PCS,1017000,2034000
Unassigned,,RAM PC VISIPRO DDR3 8GB PC 12800,0,1,PCS,464073.089701,0
Unassigned,,RAM PNY DDR4 GAMING 8GB XLR8 3200 MHZ,0,1,PCS,345000,0
Unassigned,,RAM SKHYNIX SODIMM 4GB DDR4 3200,0,1,PCS,200000,0
Unassigned,,RAM TEAM ELITE PLUS DDR4 16GB PC 2666 PENDINGIN,0,1,PCS,540000,0
Unassigned,,REDMI PAD 2 RAM 4 / 128GB,0,1,UNIT,2000000,0
Unassigned,,REDMI PAD SE 4GB 128GB,0,1,UNIT,2050000,0
Unassigned,,REFILL PITA PRINTER EPRINT 8758,57,60,PCS,8822.488857,502881.864849
Unassigned,,REFILL PITA PRINTER PRINTECH 8758,63,20,PCS,10000,630000
Unassigned,,RELEASE PLATE KEPALA TRIPOT,1,1,PCS,55000,55000
Unassigned,,REPEATER SLR 5300,0,1,UNIT,42000000,0
Unassigned,,REXCO,65,1,PCS,47430.681611,3082994.304715
Unassigned,,RIBBON 110 X 300 UNTUK ZEBRA,0,1,PCS,60000,0
Unassigned,,RIBBON CATRIDGE EPSON LQ 310,29,20,PCS,57578.396509,1669773.4987609999
Unassigned,,RIBBON CATRIDGE EPSON LX 300,4,3,PCS,46000,184000
Unassigned,,RIBBON CATRIDGE EPSON LX310,118,60,PCS,44899.681551,5298162.423018
Unassigned,,RIBBON CATRIDGE EPSON PLQ 20,7,20,PCS,329446.428572,2306125.000004
Unassigned,,RIBBON CATRIDGE LQ 2090,5,1,PCS,50000,250000
Unassigned,,RIBBON CATRIDGE ORI EPSON LQ 2190,30,20,PCS,175000,5250000
Unassigned,,RIBBON CATRIDGE PRINTECH LQ 2190,6,5,PCS,71285.714286,427714.285716
Unassigned,,Ribbon HITI,0,0,PCS,1050000,0
Unassigned,,RIBBON MASK LX 310,14,1,PCS,16428.571429,230000.000006
Unassigned,,RIBBON PACK EPSON LQ 2190,19,2,PCS,59000,1121000
Unassigned,,RIBBON PACK EPSON LX 310 ( 8750 8755 8758 ),27,30,PCS,35253.946193,951856.5472110001
Unassigned,,RIBBON PRINTER HITI,0,1,PCS,1170000,0
Unassigned,,RIBBON STANDART CAT P7 / P8000,0,1,PCS,971250,0
Unassigned,,RJ11 1 PACK + PESAWAT TELPON WIRELESS 4 UNIT,0,1,PAKET,2650000,0
Unassigned,,RJ45 BELDEN,245,50,BIJI,1995.170512,488816.77544
Unassigned,,RJ45 CAT 5 PASS THROUGH ( TEMBUS ),14,1,PACK,63214.285714,884999.999996
Unassigned,,RJ45 MMP CAT 6 TUTUP BESI,2,1,PCS,4200,8400
Unassigned,,RJ45 TEMBUS,1228,1,BIJI,831.552102,1021145.981256
Unassigned,,ROBOT HUB USB 4 PORT H140-80 BLACK,0,10,PCS,39000,0
Unassigned,,ROBOT KEYBOARD MOUSE KM3100 WIRELESS,0,1,UNIT,132000,0
Unassigned,,ROBOT MOUSE M210,0,1,PCS,57000,0
Unassigned,,ROBOT POINTER PRESENTASI RLP01 LASER,5,0,PCS,57000,285000
Unassigned,,ROBOT SPEAKER RS 180,35,60,PCS,57000,1995000
Unassigned,,ROLLER ATAS EPSON,21,1,PCS,13362.068966,280603.448286
Unassigned,,ROLLER BAWAH EPSON,27,1,PCS,20000,540000
Unassigned,,ROSET 8 PCS,0,1,PAKET,60000,0
Unassigned,,ROUTER ASUS RT - AX1800HP DUAL BAND WIFI 6,0,1,UNIT,1075000,0
Unassigned,,ROUTER ASUS RT AX52 (AX1800) DUAL BAND WIFI 6,0,1,UNIT,775000,0
Unassigned,,ROUTER RUIJIE EW1200E,0,1,PCS,581000,0
Unassigned,,RUIJIE REYEE RG-RAP2200(F) AC1300 Dual Band Celling Mount Access Point,0,0,UNIT,700000,0
Unassigned,,RUIJIE REYEE ROUTER RG-EW1200 1200MBPS DUAL BAND WIRELESS,4,1,UNIT,330000,1320000
Unassigned,,RUIJIE REYEE ROUTER RG-EW1200G PRO 1300MBPS DUAL BAND GIGABIT WIRELESS,4,1,UNIT,545000,2180000
Unassigned,,SALMA ECO 1,3,1,PCS,26022.142857,78066.428571
Unassigned,,SALMA ECO 2,0,1,PCS,25889.418605,0
Unassigned,,SALMA ECO 3,3,1,PCS,25905.384615,77716.153845
Unassigned,,SALMA ECO 4,6,1,PCS,26265,157590
Unassigned,,SALMA ECO 5,0,1,PCS,26151.666667,0
Unassigned,,SALMA ECO 6,8,1,PCS,26204.285714,209634.285712
Unassigned,,SALMA ECO 7,0,1,PCS,26265,0
Unassigned,,SALMA ECO 8,0,1,PCS,26265,0
Unassigned,,SAMBUNGAN FIBER,58,1,PCS,1000,58000
Unassigned,,SAMBUNGAN HDMI,82,3,PCS,7717.156092,632806.7995440001
Unassigned,,SAMBUNGAN HDMI L,2,1,PCS,15000,30000
Unassigned,,SAMBUNGAN KABEL LAN RJ45 INDOOR,89,5,PCS,2000,178000
Unassigned,,SAMBUNGAN PIPA,0,1,PCS,2500,0
Unassigned,,SAMBUNGAN VGA,4,5,PCS,10000,40000
Unassigned,,SAMSUNG 24 LS24330GAEXXD 24 FHD IPS 100HZ,0,1,UNIT,1265000,0
Unassigned,,SAMSUNG 24 LS24C310EAXXD 24 FH IPS 1920 X1080 #,0,1,UNIT,1185000,0
Unassigned,,SAMSUNG SMART TV 55DU7000,0,0,UNIT,5350000,0
Unassigned,,SAMSUNG SMART TV 65DU7000,0,0,UNIT,7090000,0
Unassigned,,SAMSUNG SMART TV 65U8000F,0,1,UNIT,8050000,0
Unassigned,,SAMSUNG TAB A9+ 8 128GB,0,1,UNIT,4150000,0
Unassigned,,SAMSUNG TAB GALAXY A9+ 5G,0,1,UNIT,4000000,0
Unassigned,,SAMSUNG TAB S10 FE + KEYBOARD CASE,0,0,UNIT,7350000,0
Unassigned,,SAMSUNG TAB S10 FE 5G RAM 8GB 128GB,0,1,UNIT,6999000,0
Unassigned,,SAMSUNG TAB S8 PLUS,1,1,UNIT,16250000,16250000
Unassigned,,SAMSUNG TAB S9 FE+ 5G,0,1,UNIT,9900000,0
Unassigned,,SANDISK MICRO SD 128GB EXTREME PRO,0,1,PCS,271000,0
Unassigned,,SARAMONIC BLINK 500B2,0,1,UNIT,1835000,0
Unassigned,,SCANER BARCODE CODE SOFT 303ST,0,1,UNIT,390000,0
Unassigned,,SCANER BARCODE KASSEN KS-605,0,1,UNIT,400000,0
Unassigned,,SCANER CANON DR F120,0,1,PCS,5450000,0
Unassigned,,SCANER EPSON DS310,0,1,UNIT,3725000,0
Unassigned,,SCANER EPSON DS7500,0,1,UNIT,15550000,0
Unassigned,,SCANER FUJITSU S1300i / f4-Duplex,0,1,UNIT,3960000,0
Unassigned,,SCANER FUJITSU SP 1125,0,1,PCS,5535000,0
Unassigned,,SCANER FUJITSU SP 1130,0,1,PCS,7260000,0
Unassigned,,SCANER PLUSTEK PS 188,0,1,UNIT,5605000,0
Unassigned,,SCANNER BARCODE WIRELLES BT LITEEW2D,1,1,UNIT,437000,437000
Unassigned,,SCANNER BROTHER ADS 1700 W,0,1,UNIT,4295000,0
Unassigned,,SCANNER BROTHER ADS1300,0,1,UNIT,4065000,0
Unassigned,,SCANNER BROTHER DS - 640,0,1,UNIT,1890000,0
Unassigned,,SCANNER CANON 287,2,1,PCS,118571.428571,237142.857142
Unassigned,,SCANNER CANON DOCUMENT READER P215 II,0,1,UNIT,4160000,0
Unassigned,,SCANNER CANON LIDE 300,2,2,UNIT,930000,1860000
Unassigned,,SCANNER CANON LIDE 400,0,1,UNIT,1390000,0
Unassigned,,SCANNER EPSON DS 530 II,0,0,UNIT,7725000,0
Unassigned,,SCANNER EPSON DS 770 II,0,1,UNIT,11100000,0
Unassigned,,SCANNER EPSON DS410 #,1,1,UNIT,4825000,4825000
Unassigned,,SCANNER EPSON DS410 TP,0,0,PCS,4825000,0
Unassigned,,SCANNER EPSON L3110,0,1,PCS,500000,0
Unassigned,,SCANNER EPSON L3210 PART,0,1,PCS,700000,0
Unassigned,,SCANNER EPSON V39,0,1,UNIT,870000,0
Unassigned,,SCANNER FUJITSU SCANSNAP IX 1600,0,1,UNIT,10040000,0
Unassigned,,SCANNER FUJITSU SCANSNAP IX1300 BLACK,0,1,UNIT,6295000,0
Unassigned,,SCANNER FUJITSU SP-1130N NETWORKING,0,1,UNIT,6075000,0
Unassigned,,SCANNER FUJITSU SP1120N NETWORKING,0,1,UNIT,4385000,0
Unassigned,,SCANNER G2010,1,1,PCS,784500,784500
Unassigned,,SCANNER HP SCANJET PRO 3000 S4,0,1,UNIT,7000000,0
Unassigned,,SCANNER RICOH SCANSNAP IX1300,0,1,UNIT,5965000,0
Unassigned,,SCANNER RICOH SCANSNAP IX1400,0,1,UNIT,7885000,0
Unassigned,,SCANNER RICOH SCANSNAP IX1400 TP,0,1,UNIT,7885000,0
Unassigned,,SDHC 128GB CL 10 SANDISK,11,1,PCS,322727.272727,3549999.999997
Unassigned,,SDHC 32GB EXTREME SANDISK,1,1,PCS,295000,295000
Unassigned,,SDHC 64GB CL 10 EXTREME SANDISK,0,1,PCS,137000,0
Unassigned,,SDHC SANDISK EXTREME PRO 32GB,2,0,PCS,134000,268000
Unassigned,,SDHC SANDISK EXTREME PRO 64GB,1,0,PCS,475000,475000
Unassigned,,SDXC LEXAR 128GB 800X PRO SDXC UHS-1 U3-V30-4K (up to 150Mbps),0,1,PCS,238000,0
Unassigned,,SDXC SANDISK EXTREME 128GB 4K UHD,0,0,PCS,240666.666667,0
Unassigned,,SECURE MAXI 34-CCM - PENGHANCUR KERTAS,0,1,UNIT,2900000,0
Unassigned,,SECURE MAXI 34-CCM - PENGHANCUR KERTAS TP,0,1,UNIT,2850000,0
Unassigned,,SENSOR EPSON,18,1,PCS,32024.064171,576433.155078
Unassigned,,SENSOR KERTAS CANON 2770,8,1,PCS,24571.428571,196571.428568
Unassigned,,SENSOR KERTAS CANON G1020 G2020 G3020,0,1,PCS,63539.285078,0
Unassigned,,SEPAKER ADVANCE K1503,0,1,UNIT,1066666.666667,0
Unassigned,,SERVER DELL POWER EDGE R250 XEON E - 2314 2.80/DDR4 8GB DVDRW KEY+MOUSE,0,1,UNIT,27750000,0
Unassigned,,SIDU A3 70GSM,100,26,PCS,78600,7860000
Unassigned,,SIDU A3 75G,0,1,PCS,87476.72571,0
Unassigned,,SIDU A3 80 GSM,0,25,PCS,94534.578736,0
Unassigned,,SIDU A4  WARNA BIRU,100,25,PCS,56363.303744,5636330.3744
Unassigned,,SIDU A4 70,372,100,PCS,39225.970262,14592060.937464
Unassigned,,SIDU A4 80 GSM,82,25,PCS,47720.276283,3913062.655206
Unassigned,,SIDU A4 WARNA HIJAU,74,25,PCS,56450.415305,4177330.73257
Unassigned,,SIDU A4 WARNA KUNING,29,25,PCS,57091.828832,1655663.036128
Unassigned,,SIDU A4 WARNA MERAH,95,25,PCS,57212.234696,5435162.29612
Unassigned,,SIDU F4 70,1021,100,PCS,44332.832829,45263822.318408996
Unassigned,,SIDU F4 80 GSM,9,100,PCS,54045.63365,486410.70285
Unassigned,,SIDU F4 WARNA BIRU,61,25,PCS,65260.610248,3980897.2251279997
Unassigned,,SIDU F4 WARNA HIJAU,74,25,PCS,65974.171918,4882088.721932
Unassigned,,SIDU F4 WARNA KUNING,90,25,PCS,65906.073188,5931546.58692
Unassigned,,SIDU F4 WARNA MERAH MUDA,91,25,PCS,66056.83139,6011171.656490001
Unassigned,,SIKU RAK 12 X 14,0,1,PCS,12500,0
Unassigned,,SMART IQ JETE J2 SERIES (CHARGE MOBIL),22,15,PCS,32486.25074,714697.51628
Unassigned,,SMART TV LG 43UA7500,0,0,UNIT,3595000,0
Unassigned,,SMART TV POLYTRON 55 INCH,0,0,PCS,5645000,0
Unassigned,,SMART TV SAMSUNG HG65BU800,0,0,UNIT,10990000,0
Unassigned,,SMART WIFI SMOKE DETECTOR TUYA SMART ALRM HOME AUTOMATIC,0,1,UNIT,250000,0
Unassigned,,SODIMM ADATA DDR4 16GB,0,1,PCS,390000,0
Unassigned,,SODIMM ADATA DDR4 8GB PC 3200,0,1,PCS,310000,0
Unassigned,,SODIMM ADATA DDR5 8GB,0,1,PCS,430000,0
Unassigned,,SODIMM APACER DDR4 16GB PC 3200HZ,0,1,PCS,664000,0
Unassigned,,SODIMM Apacer DDR4 8GB PC 3200,0,0,PCS,360000,0
Unassigned,,SODIMM CORSAIR DDR 3L 4GB,0,1,PCS,397666.666667,0
Unassigned,,SODIMM CORSAIR DDR3L 8GB LOW VOLT,0,1,PCS,600000,0
Unassigned,,SODIMM CORSAIR DDR4 8GB,0,1,PCS,500000,0
Unassigned,,SODIMM CRUCIAL DDR5 8GB PC 5600 CL46,0,1,PCS,520000,0
Unassigned,,SODIMM DDR4 COPOTAN,0,1,PCS,150000,0
Unassigned,,SODIMM DDR5 16GB,0,1,PCS,800000,0
Unassigned,,SODIMM DIGITAL ALLIANCE DDR3L 4GB,0,1,PCS,145000,0
Unassigned,,SODIMM DIGITAL ALLIANCE DDR3L 8GB,0,1,PCS,180000,0
Unassigned,,SODIMM ELITE DDR4 16GB 3200,0,1,PCS,680000,0
Unassigned,,SODIMM KINGSTONE / HYNIX DDR3L 8GB,8,1,PCS,201358.024692,1610864.197536
Unassigned,,SODIMM KINGSTONE DDR3L 4GB,0,1,PCS,110000,0
Unassigned,,SODIMM KINGSTONE DDR4 16GB PC 3200 #,2,1,PCS,1120000,2240000
Unassigned,,SODIMM KINGSTONE DDR4 4GB KG,0,1,PCS,292057.613168,0
Unassigned,,SODIMM KINGSTONE DDR4 4GB PC3200,0,1,PCS,209231.673676,0
Unassigned,,SODIMM KINGSTONE DDR4 8GB KG,0,1,PCS,536111.111111,0
Unassigned,,SODIMM KINGSTONE DDR4 8GB PC 3200,0,1,PCS,727500,0
Unassigned,,SODIMM KINGSTONE DDR4 FURY 16GB PC 3200,1,1,PCS,2045000,2045000
Unassigned,,SODIMM KINGSTONE DDR4 FURY 8GB PC 3200,0,1,PCS,315000,0
Unassigned,,SODIMM LEXAR DDR 4 4GB PC4-2666,0,1,PCS,296000,0
Unassigned,,SODIMM LEXAR DDR4 4GB 3200,0,1,PCS,178281.25,0
Unassigned,,SODIMM LEXAR DDR4 8GB PC 3200,0,1,PCS,260000,0
Unassigned,,SODIMM NETAC BASIC DDR4 4GB PC 2666,0,1,PCS,225000,0
Unassigned,,SODIMM RX7 DDR3 8GB L,0,1,PCS,200000,0
Unassigned,,SODIMM SAMSUNG DDR4 4GB PC 3200,0,1,PCS,595000,0
Unassigned,,SODIMM SAMSUNG DDR5 8GB PC5 4800,0,1,PCS,400000,0
Unassigned,,SODIMM SKY HYNIX DDR4 4GB,0,1,PCS,0,0
Unassigned,,SODIMM TEAM ELITE DDR 4 4GB,0,1,PCS,170000,0
Unassigned,,SODIMM TEAM ELITE DDR3 4GB LOW VOLT,0,1,PCS,160000,0
Unassigned,,SODIMM TEAM ELITE DDR3 8GB LOW VOLT PC 1600,0,1,PCS,282500,0
Unassigned,,SODIMM TEAM ELITE DDR4 8GB @,0,1,PCS,370000,0
Unassigned,,SODIMM TEAM ELITE DDR5 16GB 5600MHZ,0,1,PCS,750000,0
Unassigned,,SODIMM TEAM ELITE DDR5 8GB 5600HZ,2,1,PCS,480000,960000
Unassigned,,SODIMM TRANSCEND 4GB DDR 4 3200 #,0,1,PCS,173000,0
Unassigned,,SODIMM VISIPRO  DDR4 16GB 3200MHZ,0,0,PCS,545000,0
Unassigned,,SODIMM VISIPRO DDR 3 4GB LOW VOLT,0,1,PCS,140000,0
Unassigned,,SODIMM VISIPRO DDR 3 8GB,0,1,PCS,312000,0
Unassigned,,SODIMM VISIPRO DDR4 4GB NW,0,1,PCS,305000,0
Unassigned,,SODIMM VISIPRO DDR4 8GB,0,1,PCS,475000,0
Unassigned,,SOFTWARE KASPERSKY ANTI VIRUS 1 (KAV 1),0,1,PCS,116000,0
Unassigned,,SOFTWARE KASPERSKY ANTI VIRUS 3 (KAV 3),0,1,UNIT,308000,0
Unassigned,,SOFTWARE MICROSOFT OFFICE 365 PERSONAL,0,1,PCS,720000,0
Unassigned,,SOFTWARE OFFICE 365 PERSONAL,0,1,PCS,770000,0
Unassigned,,SOLUTION ABSENSI X802 FACE,0,1,UNIT,3920000,0
Unassigned,,SOLUTION X601,0,1,PCS,3677900,0
Unassigned,,SONY FDR AX43A,0,1,UNIT,10845000,0
Unassigned,,SONY HVL F28 EXT FLASH SONY A7,0,1,UNIT,3850000,0
Unassigned,,SONY SHOULDER BAG,0,1,UNIT,190000,0
Unassigned,,SOUNDCARD MIXER V8,0,1,UNIT,98500,0
Unassigned,,SOUNDCARD USB 7.1,14,15,PCS,11712.487943,163974.831202
Unassigned,,SP24-013 Epson Program Rebate - EPR Sell In H1 FY24,-1,0,JASA,0,0
Unassigned,,SPEAKER ADVAN DUO 050,0,70,PCS,56812.903328,0
Unassigned,,SPEAKER ADVAN K881,0,1,PCS,710000,0
Unassigned,,SPEAKER ADVANCE BT CLS - 201BT 2.1 CHANNEL,0,1,UNIT,137000,0
Unassigned,,SPEAKER ADVANCE CLS 108,36,1,PCS,49560.616577,1784182.196772
Unassigned,,SPEAKER ADVANCE DUO 026,6,40,PCS,53000,318000
Unassigned,,SPEAKER ADVANCE H-24 A,0,1,PCS,215000,0
Unassigned,,SPEAKER ADVANCE H-24 BT,0,2,PCS,250000,0
Unassigned,,SPEAKER ADVANCE K1201,1,0,PCS,985000,985000
Unassigned,,SPEAKER ADVANCE K1212,0,1,PCS,1250000,0
Unassigned,,SPEAKER ADVANCE K1501,0,1,UNIT,950000,0
Unassigned,,SPEAKER ADVANCE K1502,0,1,UNIT,1225000,0
Unassigned,,SPEAKER ADVANCE K1506,0,1,UNIT,1250000,0
Unassigned,,SPEAKER ADVANCE K1512,0,1,PCS,1800000,0
Unassigned,,SPEAKER ADVANCE K1512E,0,1,UNIT,1625000,0
Unassigned,,SPEAKER ADVANCE K1512H,0,1,UNIT,1585000,0
Unassigned,,SPEAKER ADVANCE K1512K,1,1,UNIT,1625000,1625000
Unassigned,,SPEAKER ADVANCE K1812,0,1,UNIT,2350000,0
Unassigned,,SPEAKER ADVANCE KK1600,0,1,UNIT,3500000,0
Unassigned,,SPEAKER ADVANCE M10 BT,8,1,PCS,284000,2272000
Unassigned,,SPEAKER ADVANCE M8 BT,0,1,UNIT,237500,0
Unassigned,,SPEAKER BOX OVAL BOSTON,0,1,UNIT,200000,0
Unassigned,,SPEAKER BT A006,0,1,PCS,60000,0
Unassigned,,SPEAKER BT E1304 2.1,0,1,UNIT,143759.62361,0
Unassigned,,SPEAKER BT E2202 KY,1,1,UNIT,277604.790419,277604.790419
Unassigned,,SPEAKER BT J A005,1,1,PCS,40000,40000
Unassigned,,SPEAKER BT KCX M02,0,1,PCS,55000,0
Unassigned,,SPEAKER BT T5,6,5,PCS,40000,240000
Unassigned,,"SPEAKER DINDING 6,5",0,1,PAKET,800000,0
Unassigned,,SPEAKER GMC 886G / 886E,2,1,PCS,420000,840000
Unassigned,,SPEAKER INBOX GS 03,4,1,PCS,75000,300000
Unassigned,,SPEAKER INBOX GS 05,5,1,PCS,95000,475000
Unassigned,,SPEAKER JBL TG 143,2,3,PCS,90000,180000
Unassigned,,SPEAKER JBL TG 162,11,3,PCS,50000,550000
Unassigned,,SPEAKER JETE SQ1,3,1,PCS,270000,810000
Unassigned,,SPEAKER LAD 1030 RGB,0,1,PCS,50000,0
Unassigned,,SPEAKER LAD LD550 ( 2PCS ),0,1,UNIT,1750000,0
Unassigned,,SPEAKER LAPTOP INTERNAL,3,1,PCS,72222.222222,216666.66666599998
Unassigned,,SPEAKER LD 18 CHARLIE / BETA / ALPHA,75,1,PCS,99015.567766,7426167.58245
Unassigned,,SPEAKER LD 18 FAMILY,1,1,PCS,78000,78000
Unassigned,,SPEAKER LD 18 KTV,0,1,UNIT,195000,0
Unassigned,,SPEAKER LD 18 RAINBOW,1,1,PCS,98000,98000
Unassigned,,SPEAKER LD 18 SOUNDBAR,1,1,PCS,140000,140000
Unassigned,,SPEAKER MIKUSO SFK-049,15,20,UNIT,45000,675000
Unassigned,,"SPEAKER NOISE TYPE 899 15""",0,1,UNIT,1150000,0
Unassigned,,SPEAKER POLYTRON PAS PRO15F3,2,1,UNIT,2972500,5945000
Unassigned,,SPEAKER SIMBADDA CST700N PLUS,0,1,UNIT,805000,0
Unassigned,,SPEAKER TECKYO 778D / 778C / 778B,2,2,PCS,289021.164021,578042.328042
Unassigned,,SPEAKER USB K2053,3,1,PCS,43000,129000
Unassigned,,SPEAKER USB K2066,6,0,PCS,43000,258000
Unassigned,,SPEAKER WIRELESS BARETONE MAX15NB 15 INCS,0,1,UNIT,4530000,0
Unassigned,,SPEAKER WIRLESS 1201,0,1,UNIT,1020000,0
Unassigned,,SPEAKER WIRLESS ZUMBA,0,1,UNIT,1575000,0
Unassigned,,"SPEAKER, TRIPOT, AMPLI DAN MIC",0,1,SET,3500000,0
Unassigned,,SPEAKET LD MINI KTV,1,1,UNIT,155000,155000
Unassigned,,SPEED LITE GODOX,0,1,UNIT,1130000,0
Unassigned,,SPEED LITE GODOX TT 560 II,0,1,UNIT,700000,0
Unassigned,,SPEEDLITE CANON 340EX iii,0,1,UNIT,3790000,0
Unassigned,,SPEEDLITE YONGNUO III,0,1,PCS,850000,0
Unassigned,,SPEEDLITE YONGNUO YN 560,0,1,PCS,850000,0
Unassigned,,SPIDOL ARTLINE WHITE BOARD,114,10,KOTAK,62000,7068000
Unassigned,,SPIDOL PERMANENT ARTLINE,60,24,PCS,4166.6666,249999.99599999998
Unassigned,,SPIDOL PERMANENT SNOWMAN,721,1,PCS,4795.679012,3457684.5676519996
Unassigned,,SPIDOL SNOWMAN WHITE BOARD (WB-BG-12 HT),1380,100,PCS,6193.127428,8546515.850639999
Unassigned,,SPLITER RATIO 8 WAY UPS,0,1,PCS,85000,0
Unassigned,,SSD ADATA 1TB LEGEND 710 PCIE GEN 3X4 M.2 2280,0,1,PCS,1005000,0
Unassigned,,"SSD ADATA 1TB ULTIMATE SU650 3D NAND 2,5 SATA",1,1,PCS,805000,805000
Unassigned,,SSD ADATA 240GB ULTIMATE SU650 M2 2280 3D NAND SATA,0,1,PCS,300000,0
Unassigned,,SSD ADATA 256GB ULTIMATE SU650 3D NAND 2.5 SATA,0,1,PCS,325000,0
Unassigned,,SSD ADATA 512GB 3D NAND SATA,1,0,PCS,1045000,1045000
Unassigned,,SSD APACER 1TB AS350 PANTHER SATA III,0,1,PCS,1195000,0
Unassigned,,"SSD APACER 240GB AS340 PANTHER SATA 2,5",0,1,PCS,305000,0
Unassigned,,SSD APACER 240GB M.2 AST280,0,1,PCS,266666.666667,0
Unassigned,,SSD APACER 256GB M.2 2280 NVME,0,1,PCS,350000,0
Unassigned,,"SSD APACER 256GB SATA 2,5  #",2,20,PCS,290000,580000
Unassigned,,"SSD APACER 512GB AS350 PANTHER SATA III 2,5",0,1,PCS,795000,0
Unassigned,,SSD APACER 512GB M.2 2280 NVME AS2280P4,0,1,PCS,600000,0
Unassigned,,SSD COLORFUL 256GB M.2 NVME,0,1,PCS,610000,0
Unassigned,,SSD COLORFUL 480GB M.2 2280 KODE CN500,0,1,PCS,440000,0
Unassigned,,SSD COLOURFUL 256GB M.2 NVME KODE CN600,0,1,PCS,380000,0
Unassigned,,SSD COLOURFULL 250GB M.2 2280 KODE CN500,0,1,PCS,418750,0
Unassigned,,"SSD DIGITAL ALLIANCE 2,5"" SATA III 3D NAND 256GB",0,1,PCS,290000,0
Unassigned,,"SSD DIGITAL ALLIANCE 2,5"" SATA III 3D NAND 512GB",0,1,PCS,495000,0
Unassigned,,SSD DIGITAL ALLIANCE PRO M.2 2280 NVME PCIE GEN3X4 1TB,0,1,PCS,1525000,0
Unassigned,,SSD DIGITAL ALLIANCE PRO NVME M.2 3D NAND 256GB PCIE GEN3X4 HEATSINK,0,1,PCS,300000,0
Unassigned,,SSD DST SATA 256GB,2,1,PCS,550000,1100000
Unassigned,,SSD DURO 256GB M.2 NGFF,0,1,PCS,265000,0
Unassigned,,SSD EXT PORTBALE APACER HYPERSPEED AS723 1TB USB 3.2,0,1,PCS,1185000,0
Unassigned,,SSD EXTERNAL PORTABLE APACER AS723 512GB,0,1,PCS,853000,0
Unassigned,,SSD EXTERNAL PORTABLE SAMSUNG T7 USB 3.2 1TB,0,0,PCS,1075000,0
Unassigned,,SSD EXTERNAL PORTABLE SANDISK 1TB SDSSDE61 - 1T00 - G25,0,1,Buah,1710000,0
Unassigned,,SSD EXTERNAL SANDISK PORTABLE 1TB,1,1,PCS,1365000,1365000
Unassigned,,SSD GIGABYTE 1TB SATA,0,1,PCS,697500,0
Unassigned,,SSD GIGABYTE NVME M2.2280 256GB,0,1,PCS,645000,0
Unassigned,,"SSD KINGMAX 256GB SIV 2,5"" SATAIII",0,1,PCS,260000,0
Unassigned,,SSD KINGSTONE 120GB SA400S37,0,1,PCS,280000,0
Unassigned,,SSD KINGSTONE 1TB M2 NV2 PCIE 4.0 NVME,0,1,PCS,995000,0
Unassigned,,SSD KINGSTONE 240GB M2,0,3,PCS,505000,0
Unassigned,,"SSD KINGSTONE 240GB SATA 2,5"" NH",46,1,PCS,337358.490566,15518490.566035999
Unassigned,,SSD KINGSTONE 250GB M2 SATA NVME SA2000M8,0,1,PCS,526000,0
Unassigned,,SSD KINGSTONE 250GB NV2 PCIE 4.0 NVME,0,1,PCS,495000,0
Unassigned,,"SSD KINGSTONE 480GB SATA 2,5""",0,1,PCS,850000,0
Unassigned,,SSD KINGSTONE 500GB M.2 2280 NV3  PCIE 4.0 NVME,1,1,PCS,1645000,1645000
Unassigned,,SSD KINGSTONE 500GB NV2 PCIE 4.0 NVME,0,1,PCS,1595000,0
Unassigned,,"SSD LEXAR 1TB LNS100 SATA 2,5""",0,1,PCS,925000,0
Unassigned,,SSD LEXAR 1TB NM620 NVME PCIE GEN 3X4,0,1,PCS,1445000,0
Unassigned,,SSD LEXAR 1TB NQ700 M.2 2280 PCIE GEN 4X4 NVME 4500MB/s,0,1,PCS,945000,0
Unassigned,,SSD LEXAR 256GB LNS100 - 256RB VALUE 2.5 SATA,13,25,PCS,335227.566946,4357958.370298
Unassigned,,SSD LEXAR 256GB NM620 M.2 2280 NVME PCI GEN3X4,0,1,PCS,415000,0
Unassigned,,SSD LEXAR 2TB NM610 PRO M.2 2280 PCIE GEN3X4 NVME,0,1,PCS,1955000,0
Unassigned,,"SSD LEXAR 512GB LNS100-512RB VALUE 2,5 SATA",0,1,PCS,578333.333333,0
Unassigned,,SSD LEXAR 512GB NM620 M.2 2280 NVME PCIE GEN 3X4,0,1,PCS,635000,0
Unassigned,,SSD M.2 NGFF DURO 256GB,0,1,Buah,260000,0
Unassigned,,SSD M2 256GB NMVE BEKAS,0,2,PCS,450000,0
Unassigned,,SSD M2 LEXAR NM610 NVME 250GB,0,3,PCS,500000,0
Unassigned,,SSD M2 VISIPRO ULTRA 256GB,0,5,PCS,480000,0
Unassigned,,"SSD MCQUEST FALCON 256GB 2,5"" SATA",0,1,PCS,275000,0
Unassigned,,"SSD MCQUEST FALCON 512GB 2,5"" SATA",0,1,PCS,580000,0
Unassigned,,SSD MSI SPATIUM M371 1TB PCIE 3.0 X 4 NVME M.2,0,1,PCS,1095000,0
Unassigned,,SSD MSI SPATIUM M390 250GB PCIE 3.0 NVME M.2,0,1,PCS,505000,0
Unassigned,,SSD MSI SPATIUM M450 1TB PCIE 4.0 NVME M2,0,1,PCS,1180000,0
Unassigned,,"SSD MSI SPATIUM S270 240GB SATA 2,5",2,1,PCS,327500,655000
Unassigned,,SSD NVME M.2 COPOTAN,0,1,PCS,180000,0
Unassigned,,SSD OSCO 128GB,0,1,PCS,170000,0
Unassigned,,"SSD PNY 1TB 2,5"" SATA",0,1,PCS,770000,0
Unassigned,,"SSD PNY 250 2,5"" SATA",4,1,PCS,338750,1355000
Unassigned,,SSD PNY 256GB M.2 2280 NVME GEN3X4,0,1,PCS,340000,0
Unassigned,,"SSD PNY 500GB 2,5"" SATA",0,1,PCS,450000,0
Unassigned,,SSD PNY 500GB CS1031 M.2 NVME GEN3X4 #,0,1,PCS,655000,0
Unassigned,,SSD SAMSUNG 1TB 870,0,1,PCS,1505000,0
Unassigned,,SSD SAMSUNG 1TB 980 NVME,0,1,PCS,1460000,0
Unassigned,,SSD SAMSUNG 1TB 980 PRO NVME M.2,0,1,PCS,3230000,0
Unassigned,,SSD SAMSUNG 1TB 990 EVO PLUS PCIe 4.0 x4/ 5.0 x2 NVMe M.2 MZ-V9S1T0BW,0,1,PCS,2945000,0
Unassigned,,SSD SAMSUNG 250GB 970 EVO PLUS NVME M.2,0,1,PCS,715000,0
Unassigned,,SSD SAMSUNG 250GB 980 NVME,0,1,PCS,715000,0
Unassigned,,SSD SAMSUNG 500GB 870 EVO,0,1,PCS,975000,0
Unassigned,,SSD SAMSUNG 500GB 980 NVME,0,1,PCS,750000,0
Unassigned,,SSD SAMSUNG 500GB 980 PRO NVME M.2,0,1,PCS,1970000,0
Unassigned,,SSD SANDISK PLUS 240GB,3,25,PCS,295709.729944,887129.1898320001
Unassigned,,SSD SANDISK PLUS 480GB,0,1,PCS,870000,0
Unassigned,,SSD SANDISK ULTRA 1TB 3D,0,1,PCS,1280000,0
Unassigned,,SSD SANDISK ULTRA 500GB 3D,0,1,PCS,805000,0
Unassigned,,SSD SATA 256GB ETOPSO,80,1,PCS,614950.49505,49196039.604
Unassigned,,SSD SATA APACER 480GB PANTHER,0,1,PCS,490000,0
Unassigned,,SSD SATA BORY 256GB,0,1,PCS,690000,0
Unassigned,,SSD SATA BORY 512GB,3,1,PCS,890000,2670000
Unassigned,,SSD SATA GENUINE 256GB,10,1,PCS,563173.963134,5631739.63134
Unassigned,,SSD SATA GENUINE 512GB,0,1,PCS,675000,0
Unassigned,,SSD SATA HIKSEMI 256GB,1,1,PCS,506023.266857,506023.266857
Unassigned,,SSD SATA NTECH 512 GB,0,1,PCS,590000,0
Unassigned,,SSD SATA OSCOO 256GB,0,25,PCS,360000,0
Unassigned,,SSD SATA OSCOO 512GB,0,1,PCS,630000,0
Unassigned,,SSD SATA SONIX 256GB 2.5 INCH,1,1,PCS,536550,536550
Unassigned,,SSD SONIX 256GB M.2 NGFF,3,1,PCS,810000,2430000
Unassigned,,SSD SONIX 256GB NVME PCIE,2,1,PCS,838284.464374,1676568.928748
Unassigned,,SSD TEAM 1TB EX2 ELITE 3D NAND SATA III,0,1,PCS,995000,0
Unassigned,,SSD TEAM 256GB CX2 CLASSIC 3D NAND SATA III #,0,20,PCS,347350.295381,0
Unassigned,,SSD TEAM 256GB MP33 NVME M.2 2280,0,1,PCS,325000,0
Unassigned,,SSD TEAM 256GB MS30 M.2 SATA III,0,1,PCS,415277.777778,0
Unassigned,,SSD TEAM 256GB T-FORCE VULCAN Z SATA III #,7,1,PCS,296111.111111,2072777.777777
Unassigned,,"SSD TEAM 512GB CX2 CLASSIC 3D NAND SATA III 2,5"" #",0,1,PCS,540000,0
Unassigned,,SSD TEAM 512GB MS30 M.2 SATA III,0,1,PCS,705000,0
Unassigned,,SSD TEAM 512GB T-FORCE VULCAN Z SATA III #,0,1,PCS,505000,0
Unassigned,,SSD TRANSCEND 250GB SATA III,2,1,PCS,513888.888889,1027777.777778
Unassigned,,SSD TRANSCEND MTE112S 512GB NVME PCIE GEN 3X4,0,1,PCS,945000,0
Unassigned,,"SSD VGEN 256GB SATA 2,5""",0,15,PCS,458000,0
Unassigned,,SSD VGEN M2 NVME HYPER 256 GB,0,1,PCS,558000,0
Unassigned,,SSD WD BLACK 500GB GEN4 SN770 NVME M.2 2280 GEN4 5000MB/S,0,1,PCS,905000,0
Unassigned,,SSD WD BLUE 500GB 3D NAND,0,1,PCS,975000,0
Unassigned,,STABILO,79,1,PCS,7851.851852,620296.296308
Unassigned,,STAND BARCODE SCANNER,0,1,PCS,48500,0
Unassigned,,STARLINK STANDARD V4 DUAL WIFI SYSTEM W/2LAN PORTrj45 NP3,0,1,UNIT,6200000,0
Unassigned,,STAVOL 500,0,1,PCS,270000,0
Unassigned,,STAVOLT CALTECH,0,1,UNIT,475000,0
Unassigned,,STAVOLT MATSUNAGA 3000VA,0,1,UNIT,1050000,0
Unassigned,,STAVOLT MOTOR 1000VA SAMOTO,1,1,UNIT,480000,480000
Unassigned,,STAVOLT MOTOR 500VA,0,1,PCS,415000,0
Unassigned,,STAVOLT MOTOR M-NAGA 2000VA,1,1,UNIT,995000,995000
Unassigned,,STB INDIE HOME,0,1,PCS,200000,0
Unassigned,,STEKER 3 KE 2,9,1,PCS,10000,90000
Unassigned,,STEKER LISTRIK BULAT,0,1,PCS,8000,0
Unassigned,,STEKER LISTRIK THOYA,0,1,PCS,8000,0
Unassigned,,STEPLES DELI HD 10 E0224,10,1,PCS,7225,72250
Unassigned,,STEPLES DELI HD 50 24/6 E0325,6,1,PCS,15600,93600
Unassigned,,STEPLES JOYKO HD 50 CL NO 24,84,50,PCS,17424,1463616
Unassigned,,STEPLES KANGARO HS-45P,0,1,PCS,25000,0
Unassigned,,STEPLES KANGARO KECIL NO 10,232,1,PCS,12297.517564,2853024.074848
Unassigned,,STEPLES KANGARO TRENDY 35,52,1,PCS,20550,1068600
Unassigned,,STICK PS 2 HITAM,89,30,PCS,29495.02551,2625057.2703899997
Unassigned,,STICK PS 2 WARNA,88,30,PCS,34000,2992000
Unassigned,,STIKER CAMEL GLOSSY A3 ISI 100,65,10,PCS,117395.348837,7630697.674405
Unassigned,,STIKER CAMEL GLOSSY F4 CAST COAT,281,70,PCS,58416.614033,16415068.543273
Unassigned,,STIKER CAMEL HVS f4,70,100,PCS,48555.289847,3398870.28929
Unassigned,,STIKER NAMA UNDANGAN MOTIF KEMBANG 103,2016,100,PCS,2400,4838400
Unassigned,,STIKER NAMA UNDANGAN POLOS (103),0,1000,PCS,2200.060758,0
Unassigned,,STYLUS ST2 UNIVERSAL,3,1,PCS,119900,359700
Unassigned,,SUNTIKAN SPUIT 10 ML,181,10,PCS,1233.333333,223233.333273
Unassigned,,SWITCH FRONT PANEL CPU ( TOMBOL POWER CASING ),28,2,PCS,4371.428571,122399.99998800001
Unassigned,,SWITCH LAN 8 PORT GIGABIT DLINK DGS 108 #,0,1,PCS,296000,0
Unassigned,,SWITCH LAN 8 PORT POE TPLINK TL SF1008P,0,1,PCS,560000,0
Unassigned,,SWITCH LAN TPLINK 5 PORT LS105G 10/100/1000Mbps,2,1,PCS,165600,331200
Unassigned,,SWITCH LAN TPLINK GIGABITE 16 PORT,0,1,PCS,1230000,0
Unassigned,,SWITCH PRINTER 1 - 4 AUTO,2,1,UNIT,137555.555556,275111.111112
Unassigned,,SWITCH PRINTER 4 PORT,25,3,PCS,42857.586259,1071439.656475
Unassigned,,TAB SAMSUNG A9 LTE,0,1,UNIT,2500000,0
Unassigned,,TABLET INFINIX XPAD 20,0,1,UNIT,2516000,0
Unassigned,,TABLET LENOVO MOTOPAD LITE 10.1 4GB 128GB SKY GREY,1,1,UNIT,0,0
Unassigned,,TABLET REDMI PAD 2,0,1,PCS,2200000,0
Unassigned,,TABUNG INFUS 4 WARNA,211,5,PCS,18228.745646,3846265.331306
Unassigned,,TABUNG INFUS 5 WARNA,33,3,PCS,44090.909091,1455000.000003
Unassigned,,TALI BELT L210,27,1,PCS,25913.429054,699662.584458
Unassigned,,TALI CAMERA,15,2,Buah,38571.428571,578571.428565
Unassigned,,TALI DADA ID CARD,42,5,PCS,2000,84000
Unassigned,,TALI FD,44,5,PCS,1500,66000
Unassigned,,TALI RAFIAH,61,1,KG,14000,854000
Unassigned,,TALI TIS,25,2,PACK,31910.324424,797758.1106
Unassigned,,TANG CRIMPING ANTI GAGAL,6,1,PCS,70000,420000
Unassigned,,TANG CRIMPING EZ 7028,2,1,UNIT,284546.396396,569092.792792
Unassigned,,TANG CRIMPING GAINTECH,0,2,PCS,65000,0
Unassigned,,TANG CRIMPING RJ45 BIASA,50,20,PCS,30500,1525000
Unassigned,,TANG CRIMPING TOOL DOUBLE HT-500R,0,1,PCS,73000,0
Unassigned,,TANG CRIMPING TOOL VENTION MULTI-FUNCTION,0,5,PCS,92555.555556,0
Unassigned,,TAS BRANDED POLOS 14 INCH,286,1,PCS,22520.922658,6440983.880187999
Unassigned,,TAS CAMERA,24,10,PCS,27096.153846,650307.692304
Unassigned,,TAS CAMERA EOS,59,10,PCS,40000,2360000
Unassigned,,TAS CAMERA EOS KOTAK BESAR,2,1,PCS,110000,220000
Unassigned,,TAS CAMERA POCKET HARD CASE,4,3,PCS,22000,88000
Unassigned,,TAS CAMERA XTECH,9,2,PCS,30000,270000
Unassigned,,TAS LAPTOP ACER,29,1,PCS,59236.111111,1717847.2222189999
Unassigned,,TAS LAPTOP HP,18,1,PCS,57500,1035000
Unassigned,,TAS RANSEL ACER,56,1,PCS,58607.820258,3282037.934448
Unassigned,,TAS RANSEL ASUS,150,1,PCS,57500,8625000
Unassigned,,TAS ULTIMATE,87,10,PCS,84619.663108,7361910.690396
Unassigned,,TAXI,0,1,JASA,230000,0
Unassigned,,TEMPAT ID CARD B1,35,5,PCS,2500,87500
Unassigned,,TEMPAT ID CARD B3,36,5,PCS,1500,54000
Unassigned,,TEMPAT ID CARD B4,4,5,PCS,1250,5000
Unassigned,,TEMPAT ID CARD MIKA,16,5,PCS,1000,16000
Unassigned,,TEMPAT ID CARD PLASTIK,13,5,PCS,1000,13000
Unassigned,,TENDA AC10U AC1200 MU-MIMO DUAL BAND GIGABIT WIFI,0,1,UNIT,556000,0
Unassigned,,TENDA SWITCH 5 PORT TEG1005D ( GIGABIT HUB LAN ),0,1,UNIT,168000,0
Unassigned,,TENDA SWITCH 8 PORT SG108 GIGABIT,0,1,PCS,260000,0
Unassigned,,TERMINAL 4 LUBANG,0,1,PCS,50000,0
Unassigned,,TERMINAL LISTRIK 2 LUBANG,0,1,PCS,13000,0
Unassigned,,TERMINAL LISTRIK 2 LUBANG CAHAYA,0,1,PCS,9000,0
Unassigned,,THERMAL 80 X 50,389,40,PCS,5733.248889,2230233.8178210002
Unassigned,,THERMAL PAPER ROLL BP LITE 80 X 80,149,130,PCS,12561.239625,1871624.704125
Unassigned,,THERMO GUN,0,1,PCS,140000,0
Unassigned,,TIMBANGAN DUDUK NEWTECH NT 15E,0,0,PCS,1011500,0
Unassigned,,TINTA ART PAPER KOREA BLACK,0,3,PCS,100103.096919,0
Unassigned,,TINTA ART PAPER KOREA CYAN,0,3,PCS,101413.205282,0
Unassigned,,TINTA ART PAPER KOREA LIGHT CYAN,5,1,PCS,100612.698413,503063.492065
Unassigned,,TINTA ART PAPER KOREA LIGHT MAGENTA,3,1,PCS,100800.223215,302400.669645
Unassigned,,TINTA ART PAPER KOREA MAGENTA,0,3,PCS,100067.881835,0
Unassigned,,TINTA ART PAPER KOREA YELLOW,0,3,PCS,100070.412518,0
Unassigned,,TINTA BROTHER BT5000C CYAN,8,1,PCS,96648.148148,773185.185184
Unassigned,,TINTA BROTHER BT5000M MAGENTA,9,1,PCS,96810.10101,871290.90909
Unassigned,,TINTA BROTHER BT5000Y YELLOW,10,1,PCS,96359.89011,963598.9010999999
Unassigned,,TINTA BROTHER BT6000BK BLACK,8,1,PCS,93859.375,750875
Unassigned,,TINTA BROTHER D100 BLACK,2,1,PCS,95000,190000
Unassigned,,TINTA BROTHER D100 CYAN,2,1,PCS,95000,190000
Unassigned,,TINTA BROTHER D100 MAGENTA,2,0,PCS,95000,190000
Unassigned,,TINTA BROTHER D100 YELLOW,2,1,PCS,95000,190000
Unassigned,,TINTA CANON ORI 71 BLACK NON PACK,0,1,PCS,38000,0
Unassigned,,TINTA CANON ORI 71 CYAN NON PACK,0,1,PCS,50000,0
Unassigned,,TINTA CANON ORI 71 MAGENTA NON PACK,0,0,PCS,19000,0
Unassigned,,TINTA CANON ORI 71 YELLOW NON PACK,0,1,PCS,50000,0
Unassigned,,TINTA CANON ORI 790 BLACK,43,80,PCS,97281.396241,4183100.038363
Unassigned,,TINTA CANON ORI 790 BLACK NON PACK,3,1,PCS,35375,106125
Unassigned,,TINTA CANON ORI 790 CYAN,35,40,PCS,100431.372549,3515098.0392150003
Unassigned,,TINTA CANON ORI 790 CYAN NON PACK,6,1,PCS,36444.444444,218666.66666400002
Unassigned,,TINTA CANON ORI 790 MAGENTA,36,40,PCS,100461.538462,3616615.384632
Unassigned,,TINTA CANON ORI 790 MAGENTA NON PACK,24,1,PCS,33867.303396,812815.2815040001
Unassigned,,TINTA CANON ORI 790 YELLOW,44,40,PCS,100141.935484,4406245.161296
Unassigned,,TINTA CANON ORI 790 YELLOW NON PACK,4,1,PCS,35189.663292,140758.653168
Unassigned,,TINTA CANON ORI GI - 71 BLACK,43,25,PCS,104000,4472000
Unassigned,,TINTA CANON ORI GI - 71 C,8,35,PCS,93690.454681,749523.637448
Unassigned,,TINTA CANON ORI GI - 71 M,0,35,PCS,101735.491071,0
Unassigned,,TINTA CANON ORI GI - 71 Y,0,35,PCS,90884.806285,0
Unassigned,,TINTA CANON ORI GI 71S BK,4,75,PCS,41001.836894,164007.347576
Unassigned,,TINTA CANON ORI GI 71S C,39,1,PCS,0,0
Unassigned,,TINTA CANON ORI GI 71S M,36,1,PCS,0,0
Unassigned,,TINTA CANON ORI GI 71S Y,37,1,PCS,0,0
Unassigned,,TINTA EPRINT CANON 100ML BK,159,50,PCS,27920.085642,4439293.617078
Unassigned,,TINTA EPRINT CANON 100ML C,167,50,PCS,26971.428571,4504228.571357
Unassigned,,TINTA EPRINT CANON 100ML M,210,50,PCS,27573.396264,5790413.2154399995
Unassigned,,TINTA EPRINT CANON 100ML Y,134,50,PCS,27517.628282,3687362.189788
Unassigned,,TINTA EPSON 001 BLACK,1,1,PCS,181000,181000
Unassigned,,TINTA EPSON 001 CYAN,5,1,PCS,114428.571429,572142.857145
Unassigned,,TINTA EPSON 001 MAGENTA,4,1,PCS,114428.571429,457714.285716
Unassigned,,TINTA EPSON 001 YELLOW,8,1,PCS,113455.840456,907646.723648
Unassigned,,TINTA EPSON 003 BLACK,340,300,PCS,79545.616124,27045509.48216
Unassigned,,TINTA EPSON 003 CYAN,44,180,PCS,79374.725842,3492487.937048
Unassigned,,TINTA EPSON 003 MAGENTA,20,180,PCS,79424.973287,1588499.46574
Unassigned,,TINTA EPSON 003 YELLOW,24,180,PCS,79357.265974,1904574.383376
Unassigned,,TINTA EPSON 005 BLACK,4,3,PCS,143000,572000
Unassigned,,TINTA EPSON 008 BLACK,3,1,PCS,268200,804600
Unassigned,,TINTA EPSON 008 CYAN,2,1,PCS,218850,437700
Unassigned,,TINTA EPSON 008 MAGENTA,2,1,PCS,208200,416400
Unassigned,,TINTA EPSON 008 YELLOW,4,1,PCS,207000,828000
Unassigned,,TINTA EPSON 664 BLACK,184,270,PCS,79356.359062,14601570.067408001
Unassigned,,TINTA EPSON 664 CYAN,102,120,PCS,79411.215828,8099944.014456
Unassigned,,TINTA EPSON 664 MAGENTA,88,120,PCS,79349.384949,6982745.875512
Unassigned,,TINTA EPSON 664 YELLOW,74,120,PCS,79381.846735,5874256.6583899995
Unassigned,,TINTA EPSON 673 BLACK,17,10,PCS,130356.143425,2216054.438225
Unassigned,,TINTA EPSON 673 CYAN,18,10,PCS,128185.934097,2307346.813746
Unassigned,,TINTA EPSON 673 LC,13,10,PCS,132688.82701,1724954.7511300002
Unassigned,,TINTA EPSON 673 LM,10,10,PCS,133121.212121,1331212.12121
Unassigned,,TINTA EPSON 673 MAGENTA,17,10,PCS,130310.627835,2215280.6731950003
Unassigned,,TINTA EPSON 673 YELLOW,14,10,PCS,131032.08734,1834449.22276
Unassigned,,TINTA EPSON 774,2,10,PCS,167000,334000
Unassigned,,TINTA HP  GT 52 MAGENTA,22,3,PCS,83556.360708,1838239.9355759998
Unassigned,,TINTA HP GT 52 CYAN,15,3,PCS,85199.302536,1277989.53804
Unassigned,,TINTA HP GT 52 YELLOW,10,3,PCS,86106.958466,861069.5846599999
Unassigned,,TINTA HP GT 53 BLACK,7,10,PCS,91250,638750
Unassigned,,TINTA REFFIL BROTHER BTD60BK BLACK,14,1,PCS,95000,1330000
Unassigned,,TINTA SPIDOL PERMANENT,53,5,PCS,12163.461538,644663.461514
Unassigned,,TINTA SPIDOL SNOWMAN PERMANEN MIG-20 HITAM,471,10,PCS,8250,3885750
Unassigned,,TINTA SPIDOL SNOWMAN WBI-20 HT ( WHITE BOARD ),140,100,PCS,13085.09388,1831913.1432
Unassigned,,TINTA STEMPEL YAMURA,43,10,PCS,2737.337972,117705.53279599998
Unassigned,,TINTA TRODAT BIRU,3,1,PCS,36632.8125,109898.4375
Unassigned,,TINTA TRODAT HIJAU,0,2,PCS,38500,0
Unassigned,,TINTA TRODAT HITAM,0,3,PCS,40050,0
Unassigned,,TINTA TRODAT KUNING,0,3,PCS,36000,0
Unassigned,,TINTA TRODAT MERAH,2,3,PCS,36056.818182,72113.636364
Unassigned,,TINTA TRODAT UNGU,0,3,PCS,36625,0
Unassigned,,TOA AMPLIFIER ZA-230W,0,1,PCS,801075,0
Unassigned,,TOA CEILING SPEAKER ROUND ZS-646R,0,1,PCS,230000,0
Unassigned,,TOA MICROPHONE ZM-380-AS,0,1,PCS,707025,0
Unassigned,,TONER KYOCERA,0,1,PCS,180000,0
Unassigned,,TPLINK ARCHER A6 AC1200 WIRLESS MU-MIMO GIGABYTE ROUTER VER 4.0,0,1,UNIT,540000,0
Unassigned,,TPLINK Archer AX12 AX1500 6 Router,0,0,PCS,416000,0
Unassigned,,TPLINK ARCHER AX23 AX1800 DUAL BAND WIFI 6 ROUTER,0,1,UNIT,779000,0
Unassigned,,TPLINK ARCHER AX53 AX3000 DUAL BAND GIGABIT WI-FI 6 ROUTER,2,1,UNIT,879500,1759000
Unassigned,,TPLINK ARCHER C54,1,1,PCS,265000,265000
Unassigned,,TPLINK ARCHER C64 AC1200 WIFI ROUTER DUAL BAND FULL GIGABYTE,0,1,UNIT,404000,0
Unassigned,,TPLINK ARCHER T2U PLUS AC600 HIGH GAIN WIRELESS DUAL BAND USB ADAPTER,0,1,PCS,163000,0
Unassigned,,TPLINK ARCHER TX3000E AX3000 WIFI 6 BT 5.0 PCIE ADAPTER,0,1,PCS,660000,0
Unassigned,,TPLINK CPE610 OUTDOOR,0,1,PCS,655000,0
Unassigned,,TPLINK MR 3420,2,2,PCS,330000,660000
Unassigned,,TPLINK PRINT SERVER TL-PS110P,0,1,UNIT,450000,0
Unassigned,,TPLINK PRINT SERVER WPS510 USB WIFI,1,1,PCS,620000,620000
Unassigned,,TPLINK ROUTER TL WR840N,108,50,PCS,137037.037037,14799999.999996
Unassigned,,TPLINK ROUTER TL-MR6400 300 MBPS WIRELESS,0,1,PCS,775000,0
Unassigned,,TPLINK ROUTER TL-WR941HP POWER,0,1,UNIT,665000,0
Unassigned,,TPLINK SF1005 SWITCH LAN 5 PORT ( HUB LAN 5 PORT B),45,40,PCS,86517.884902,3893304.82059
Unassigned,,TPLINK SG1048 HUB SWITCH 48 PORT GIGABIT,0,0,UNIT,3800000,0
Unassigned,,TPLINK SWITCH 16 PORT TL-SG1016D GIGABIT DEKSTOP RACKMOUT @,3,1,PCS,735000,2205000
Unassigned,,TPLINK SWITCH 24 PORT TL-SF1024D (HUB 24 PORT),0,1,UNIT,421000,0
Unassigned,,TPLINK SWITCH 24 PORT TL-SF1024M 10/100MBPS DESKTOP VES2.0 ( HUB LAN 24 PORT ),1,1,UNIT,421000,421000
Unassigned,,TPLINK SWITCH 5 PORT LS1005 ( HUB LAN 5 PORT K ),35,40,UNIT,65612.423907,2296434.836745
Unassigned,,TPLINK SWITCH 5 PORT TL-SG1005D GIGABIT #,2,1,PCS,155000,310000
Unassigned,,TPLINK SWITCH 8 PORT GIGABIT + POE VER 6.0,0,1,PCS,625000,0
Unassigned,,TPLINK SWITCH 8 PORT LS1008 (HUB LAN 8 PORT K),37,40,PCS,82504.022224,3052648.822288
Unassigned,,TPLINK SWITCH 8 PORT SG1008D ( GIGABIT HUB LAN ),9,1,UNIT,266000,2394000
Unassigned,,TPLINK SWITCH 8 PORT TL SF1008D HUB ( HUB LAN 8 PORT B ),90,40,PCS,107378.221535,9664039.93815
Unassigned,,TPLINK TL WR844N,73,25,UNIT,137925.926299,10068592.619827
Unassigned,,TPLINK TL-SF1016D SWITCH 16 PORT (HUB LAN 16 PORT),2,1,PCS,226000,452000
Unassigned,,TPLINK TL-WA855RE,0,1,UNIT,208000,0
Unassigned,,TRIPOD CAMERA BEIKE Q 999H PROFESIONAL QZSD,0,0,PCS,925000,0
Unassigned,,TRIPOD KINGJOY VT1500,0,0,PCS,930000,0
Unassigned,,TRIPOT CAMERA EXCELL PROMOS,0,1,PCS,190000,0
Unassigned,,TRIPOT CAMERA GMX L-140,16,1,UNIT,141939.393939,2271030.303024
Unassigned,,TRIPOT CAMERA TAKARA,0,5,PCS,198000,0
Unassigned,,TRIPOT HP 3120A #,32,5,PCS,57592.991491,1842975.727712
Unassigned,,TRIPOT HP GMC 01,1,5,PCS,64000,64000
Unassigned,,TRIPOT HP KECIL,13,1,PCS,10000,130000
Unassigned,,TRIPOT HP WEIFENG 3110,0,1,UNIT,34000,0
Unassigned,,TRIPOT LAYAR PROJECTOR 70 TP,0,1,UNIT,450000,0
Unassigned,,"TRIPOT LAYAR PROJECTOR 70"" 172cm x 172cm SCREEN PROJECTOR",6,5,PCS,355267.045455,2131602.2727300003
Unassigned,,"TRIPOT SCREEN 84""",0,1,PCS,1100000,0
Unassigned,,TRIPOT SOMITA ST 3520,2,1,UNIT,203181.818182,406363.636364
Unassigned,,TRIPOT TAKARA ECO 183 A,0,1,UNIT,150000,0
Unassigned,,TRIPOT TAKARA LEGACY 234,0,1,UNIT,241358.283522,0
Unassigned,,TRIPOT TAKARA ROVER 66,0,1,UNIT,625000,0
Unassigned,,TUTUP LENSA CANON DSLR,0,2,PCS,20000,0
Unassigned,,TV AQUA 70AQT6700,0,1,UNIT,9000000,0
Unassigned,,TV COMBO GADMEI 5830,0,3,PCS,185000,0
Unassigned,,TV LED SHARP 24 INCS,0,1,UNIT,1375000,0
Unassigned,,TV LED SMART POLYTRON 40 INCS,1,1,UNIT,2550000,2550000
Unassigned,,"TV LG 43"" SMART",0,1,UNIT,3850000,0
Unassigned,,TV POLYTRON 32 SMART ANDROID,0,1,UNIT,2550000,0
Unassigned,,TV SAMSUNG 32 INCS,0,1,UNIT,1825000,0
Unassigned,,"TV SAMSUNG 32"" SMART TV",0,1,UNIT,2550000,0
Unassigned,,TV SAMSUNG 55AU7000,0,1,UNIT,6050000,0
Unassigned,,TV SAMSUNG SMART 43 INCS,0,1,UNIT,3495000,0
Unassigned,,TV SHARP 50 INCS SMART TV,0,1,UNIT,5875000,0
Unassigned,,TV TUNER CORAL STAR,0,1,UNIT,190000,0
Unassigned,,TWS JETE CS6,1,1,PCS,135000,135000
Unassigned,,UBNT LITE BEAM LBE-M5-23 5GHZ 100 + MBPS,0,1,PCS,925000,0
Unassigned,,UBNT NANO STATION LOCO M2 OUTDOOR ACCES POINT,0,1,UNIT,735000,0
Unassigned,,UBNT UBIQUITI U6-LITE + U-POE-AT-EU,0,1,PCS,2090000,0
Unassigned,,UBNT UBIQUITI UNIFI AP AC LITE,0,1,UNIT,1315000,0
Unassigned,,UBNT UNIFI AP AC LITE ( UAP-AC-LITE ),0,1,PCS,1265000,0
Unassigned,,UFD SANDISK 64 GB ULTRA DUAL DRIVE LUXE USB TYPE C,0,1,PCS,152000,0
Unassigned,,UGREEN LASER POINTER,9,1,PCS,111824.943652,1006424.4928680001
Unassigned,,UNDANGAN AVIS 103,0,3,PACK,25500,0
Unassigned,,UNDANGAN AVIS 105,12,3,PCS,25500,306000
Unassigned,,UNDANGAN AVIS 117,0,1,PCS,29750,0
Unassigned,,UNDANGAN AVIS 118,0,1,PCS,29750,0
Unassigned,,UNDANGAN AVIS 119,10,1,PCS,29750,297500
Unassigned,,UNDANGAN AVIS 120,0,1,PCS,29750,0
Unassigned,,UNDANGAN AVIS 92,0,5,PCS,29750,0
Unassigned,,UNDANGAN AVIS 93,1,1,PCS,29750,29750
Unassigned,,UNDANGAN AVIS 96,0,5,PCS,29750,0
Unassigned,,UNDANGAN FALAH 100,2,5,PCS,37825,75650
Unassigned,,UNDANGAN FALAH 109,0,2,PCS,25500,0
Unassigned,,UNDANGAN FALAH 110,0,2,PCS,25500,0
Unassigned,,UNDANGAN FALAH 111,3,3,PACK,25500,76500
Unassigned,,UNDANGAN FALAH 112,0,2,PACK,31450,0
Unassigned,,UNDANGAN FALAH 113,0,2,PCS,31450,0
Unassigned,,UNDANGAN FALAH 114,2,3,PCS,31450,62900
Unassigned,,UNDANGAN FALAH 120,0,5,PCS,25500,0
Unassigned,,UNDANGAN FALAH 121,0,5,PCS,25500,0
Unassigned,,UNDANGAN FALAH 93,0,2,PCS,25500,0
Unassigned,,UNDANGAN FALAH 97,9,5,PCS,25500,229500
Unassigned,,UNDANGAN HC 155,13,5,PCS,28000,364000
Unassigned,,UNDANGAN HC 159,0,5,PCS,29750,0
Unassigned,,UNDANGAN HC 163,1,5,PCS,29612.903226,29612.903226
Unassigned,,UNDANGAN HC 164,0,5,PCS,25500,0
Unassigned,,UNDANGAN HC 165,0,1,PCS,29750,0
Unassigned,,UNDANGAN HC 166,2,5,PCS,29612.903226,59225.806452
Unassigned,,UNDANGAN HC 168,0,1,PCS,29750,0
Unassigned,,UNDANGAN HC 169,0,1,PCS,29750,0
Unassigned,,UNDANGAN HC 178,0,1,PCS,29750,0
Unassigned,,UNDANGAN HC 185,0,1,PCS,29750,0
Unassigned,,UNDANGAN HC 186,14,1,PCS,29750,416500
Unassigned,,UNDANGAN HC 187,0,1,PCS,29750,0
Unassigned,,UNDANGAN HC 188,5,1,PCS,29750,148750
Unassigned,,UNDANGAN HC 189,1,1,PCS,29750,29750
Unassigned,,UNDANGAN JAGO 41,1,1,PCS,25500,25500
Unassigned,,UNDANGAN JAGO 45,0,1,PCS,25500,0
Unassigned,,UNDANGAN JAGO 46,1,1,PCS,25500,25500
Unassigned,,UNDANGAN JAGO 47,0,1,PCS,25500,0
Unassigned,,UNDANGAN JAGO 49,8,1,PCS,25500,204000
Unassigned,,UNDANGAN JAGO 50,3,1,PCS,25500,76500
Unassigned,,UNDANGAN JAGO 51,0,5,PCS,33150,0
Unassigned,,UNDANGAN JAGO 54,1,5,PCS,33150,33150
Unassigned,,UNDANGAN LIBRA 11 HIJAU,180,50,PCS,12750,2295000
Unassigned,,UNDANGAN LIBRA 12 HIJAU,105,50,PCS,12750,1338750
Unassigned,,UNDANGAN LIBRA 13 HIJAU,34,50,PCS,12750,433500
Unassigned,,UNDANGAN LIBRA 14 COKLAT,146,50,PCS,12750,1861500
Unassigned,,UNDANGAN LIBRA 15 COKLAT,183,50,PCS,12750,2333250
Unassigned,,UNDANGAN LIBRA 16 COKLAT,63,50,PCS,12750,803250
Unassigned,,UNDANGAN LIBRA 17 BIRU,106,50,PCS,12750,1351500
Unassigned,,UNDANGAN LIBRA 18 BIRU,112,50,PCS,12750,1428000
Unassigned,,UNDANGAN LIBRA 19 BIRU,52,50,PCS,12750,663000
Unassigned,,UNDANGAN MALIQ 69,0,5,PCS,29750,0
Unassigned,,UNDANGAN MALIQ 72,0,1,PCS,29750,0
Unassigned,,UNDANGAN MALIQ 76,0,1,PCS,31450,0
Unassigned,,UNDANGAN MALIQ 77,1,1,PCS,31450,31450
Unassigned,,UNDANGAN MALIQ 78,0,5,PCS,33575,0
Unassigned,,UNDANGAN SALMA 165,7,5,PCS,39100,273700
Unassigned,,UNDANGAN SALMA 176,13,5,PCS,25500,331500
Unassigned,,UNDANGAN SALMA 179,0,5,PCS,25500,0
Unassigned,,UNDANGAN SALMA 181,0,5,PCS,31450,0
Unassigned,,UNDANGAN SALMA 182,0,5,PCS,31450,0
Unassigned,,UNDANGAN SALMA 184,0,3,PCS,31450,0
Unassigned,,UNDANGAN SALMA 185,0,3,PCS,31450,0
Unassigned,,UNDANGAN SALMA 186,0,5,PCS,31450,0
Unassigned,,UNDANGAN SALMA 187,0,2,PCS,31450,0
Unassigned,,UNDANGAN SALMA 189,0,3,PCS,31450,0
Unassigned,,UNDANGAN SALMA 195,6,5,PCS,31450,188700
Unassigned,,UNDANGAN SALMA 197,32,5,PCS,30815.714286,986102.857152
Unassigned,,UPPER ROLL BROTHER L2540 DW,5,1,PCS,67000,335000
Unassigned,,"UPS ACERALTOS 2000VA, 1200W",0,1,UNIT,1660000,0
Unassigned,,UPS APC 3000VA SRV3KI-E,0,1,UNIT,13000000,0
Unassigned,,UPS APC BACK BX1600MI - MS 230V,0,1,PCS,2870000,0
Unassigned,,UPS APC BACK BX2200MI-MS 230V,0,1,UNIT,3295000,0
Unassigned,,UPS APC BLACK BX2200MI-MS 230V,0,1,UNIT,3580000,0
Unassigned,,UPS APC BVX 900 VA AVR,0,1,UNIT,950000,0
Unassigned,,UPS APC BVX1200LI - MS,0,1,UNIT,1470000,0
Unassigned,,UPS ICA CT1082B - 2000VA,0,1,UNIT,3170000,0
Unassigned,,UPS PROLINK 2000VA PRO2000SFCU super fast charging,0,1,UNIT,2525000,0
Unassigned,,UPS PROLINK PRO 1210 (1200VA),10,12,PCS,1088115.209029,10881152.09029
Unassigned,,UPS PROLINK PRO 700 (650 VA),9,15,PCS,576657.758063,5189919.822567
Unassigned,,USB BLUETOOTH 2.0,3,3,PCS,22000,66000
Unassigned,,USB BLUETOOTH AUDIO MUSIC RECEIVER  3.5 MM,104,15,PCS,11823.291856,1229622.353024
Unassigned,,USB BLUETOOTH V5,0,15,PCS,13820.948982,0
Unassigned,,USB BLUETOOTH VERSI 5.1,13,1,PCS,15000,195000
Unassigned,,USB LAN 3.0 GIGABIT,53,1,PCS,35490.665774,1881005.286022
Unassigned,,USB LAN TYPE C 3.0 GIGABIT,8,1,PCS,30000,240000
Unassigned,,USB TO ETHERNET ADAPTER (USB LAN),59,30,PCS,28405.522156,1675925.807204
Unassigned,,USB WIFI + ANTENA,7,1,PCS,20500,143500
Unassigned,,USB WIFI TOTOLINK N160USM,0,1,PCS,66000,0
Unassigned,,USB WIFI TPLINK TL WN725N NANO SIZE,27,50,PCS,70088.266419,1892383.1933130003
Unassigned,,USB WIFI TPLINK WN 722,15,20,PCS,97000,1455000
Unassigned,,USB WIFI WIRELESS,0,1,PCS,16500,0
Unassigned,,VGA ASROCK INTEL ARC B580 STEEL LEGEND 12GB OC GDDR6 192 BIT 3 FAN,0,1,PCS,4935000,0
Unassigned,,VGA ASROCK RX 6650 XT STEEL LEGEND 8GB OC,0,1,PCS,3970000,0
Unassigned,,VGA ASUS AUTO EXTREAME DUAL RTX 3050 8GB V2 OC GDDR6,0,1,PCS,3895000,0
Unassigned,,VGA ASUS AUTO EXTREME DUAL GTX1650 04GD6 EVO OC GDDR6,0,1,PCS,2295000,0
Unassigned,,VGA ASUS DUAL RTX3060 12G OC,0,1,PCS,4725000,0
Unassigned,,VGA ASUS ROG STRIX RX5500XT OC 8GB GAMING,0,1,PCS,4065000,0
Unassigned,,VGA CARD ASUS GT 730 2GB GDDR5,0,1,PCS,855000,0
Unassigned,,VGA CARD COLORFUL GEFORCE GT 710 2GB DDR3,0,1,PCS,555000,0
Unassigned,,VGA CARD DIGITAL ALIANCE GT 730 4GB DDR3 128 BIT,0,1,PCS,510000,0
Unassigned,,VGA CARD DIGITAL ALIANCE GT730 4GB DDR3 128BIT,0,0,PCS,470000,0
Unassigned,,VGA CARD GIGABYTE GV-N1030D5 2GL DDR5,0,1,UNIT,1335000,0
Unassigned,,VGA CARD MSI GTX 1650 VENTUS XS 4GB OC,0,1,PCS,2320000,0
Unassigned,,VGA CARD MSI RTX 3050 VENTUS 2X E 6G OC GDDR6,0,0,PCS,2775000,0
Unassigned,,VGA CARD NVIDIA GT 210,0,1,PCS,377500,0
Unassigned,,VGA COLORFUL GT710 2GD3-V,1,1,PCS,665000,665000
Unassigned,,VGA COLORFUL GTX 1050TI 4GB V,0,1,UNIT,2190000,0
Unassigned,,VGA COLOURFUL GT 1030 2GB V5 - V,0,1,UNIT,1350000,0
Unassigned,,VGA COLOURFUL GT 1030 4GB - V,0,1,UNIT,1420000,0
Unassigned,,VGA COLOURFUL GT 710 2GD3-V,0,1,PCS,550000,0
Unassigned,,VGA COLOURFUL GTX 1650 SUPER NB 4GB VDDR5 (2 FAN),0,1,PCS,2495000,0
Unassigned,,VGA DIGITAL ALIANCE GT730 2GB DDR3 128BIT,0,1,PCS,600000,0
Unassigned,,VGA DIGITAL ALIANCE GT740 4GB DDR3 128BIT,0,1,PCS,600000,0
Unassigned,,VGA GIGABYTE GV-N1030D4-2GL DDR4,0,1,UNIT,1475000,0
Unassigned,,VGA GIGABYTE RTX 3050 WINDFORCE V2 6GB DDR6,1,1,UNIT,3395000,3395000
Unassigned,,VGA GIGABYTE RTX 5060 Ti WINDFORCE OC 16GB GDDR7 128bit (2 Fan ),0,1,PCS,10435000,0
Unassigned,,VGA MSI GT 1030 AERO ITX 2GB OC,0,1,PCS,1445000,0
Unassigned,,VGA MSI GT 710 2 GB DDR3  2 Gd3h lp  64 bit,0,1,UNIT,530000,0
Unassigned,,VGA MSI GT N730K 2GD3H/LPV1,0,1,PCS,925000,0
Unassigned,,VGA MSI GTX 1660 SUPER GAMIG X 6GB DDR6 ( 2 FAN ),0,1,PCS,3780000,0
Unassigned,,VGA MSI GTX 1660 SUPER GAMING X DDR6 6GB,0,1,PCS,4600000,0
Unassigned,,VGA MSI RTX 3050 GAMING X 8GB DDR6,0,1,UNIT,3690000,0
Unassigned,,VGA MSI RTX 3060 VENTUS 2X 12GB OC GDDR6 192 BIT,1,1,PCS,4780000,4780000
Unassigned,,VGA MSI RTX 5070 12GB SHADOW 2X OC GDDR7 192BIT 2 FAN,0,1,PCS,10940000,0
Unassigned,,VGA SPLITER 4 PORT,14,2,PCS,75238.715278,1053342.013892
Unassigned,,VGA SWITCH 4 PORT,21,1,PCS,60476.190476,1269999.999996
Unassigned,,VOXY GAMEPAD DOUBLE WIRELESS TURBO,8,1,PCS,150000,1200000
Unassigned,,VOXY GAMEPAD SINGLE WIRELESS TURBO,0,1,PCS,85000,0
Unassigned,,VOXY MOUSE WIRELESS E24 CHARGER,14,1,PCS,30062.5,420875
Unassigned,,VOXY MOUSE WIRELESS W800,0,1,PCS,30000,0
Unassigned,,VOXY PSU ZEUS 550W,19,1,PCS,115000,2185000
Unassigned,,"WALL SCREEN 70""",0,1,PCS,415000,0
Unassigned,,WALL SCREEN 84,1,1,UNIT,966000,966000
Unassigned,,"WALL SCREEN 84"" FOCUS MOTORIZES + REMOT",1,1,PCS,2085000,2085000
Unassigned,,WEBCAM HD 1080P #,26,13,PCS,110000,2860000
Unassigned,,WEBCAM JETE GROUP 2,0,1,UNIT,10999000,0
Unassigned,,WEBCAM JETE MINI GROUP (PTZ 3X + SPEAKER),1,1,UNIT,4949000,4949000
Unassigned,,WEBCAM JETE W1 480P,0,2,PCS,175000,0
Unassigned,,WEBCAM JETE W7 1080P,11,2,PCS,150000,1650000
Unassigned,,WEBCAM LOGITECH C270 HD 720P/30FPS,0,1,PCS,254000,0
Unassigned,,WEBCAM LOGITECH C922 PRO,0,1,PCS,1300000,0
Unassigned,,WEBCAM UGREEN 15728 CM678 USB HD 1080P,1,1,UNIT,305000,305000
Unassigned,,"XIAOMI REDMIBOOK 15 CI3 1115G4 8GB 512GB SSD 15,6 FHD",0,1,UNIT,4825000,0
Unassigned,,YOYO ID CARD,10,5,PCS,1500,15000
