Kode Produk,Nama Produk,Stok di tangan,Batas Minimum,Satuan,Harga Rata-rata,Nilai
,*  BLUEPRINT PRINTER THERMAL BP - LITE 58X,0,1,PCS,"232,432.43",0.00
,*  BLUEPRINT SCANNER BARCODE OMNI 2D,2,1,PCS,"573,873.87","1,147,747.75"
,"* ACER 3 A314 - 35 N5100 4GB 256GB SSD 14""",0,15,UNIT,"4,011,326.79",0.00
,* ACER 3 A314 22 AMD 3020E 4GB 256GB SSD,0,15,UNIT,"3,547,991.82",0.00
,* ACER 3 A314 22 AMD ATHLON SILVER 3050U 4GB SSD 256GB WIN 11,0,1,UNIT,"3,761,261.26",0.00
,* ACER 3 A314 23M RYZEN 5 7520U 8GB 512GB SSD WIN 11 PURE SILVER,0,1,UNIT,"5,932,432.43",0.00
,"* ACER 3 A314-22-R2C4 AMD RYZEN TM 3 3250U 4GB SSD 256GB 14""",0,1,UNIT,"4,819,350.60",0.00
,"* ACER 3 SLIM A314 35 INTEL N6000 4GB 256GB SSD 14 "" (KS)",0,1,UNIT,"3,918,918.92",0.00
,* ACER 5 A514 - 54 - 3427-Ci3-1115G4 4GB 512GB SSD WIN 10,0,1,UNIT,"6,875,757.58",0.00
,"* ACER 5 A514 - 54G - 32GJ Ci3-1115G4 8GB 512GB SSD MX 350 2GB WIN 11 14""",0,1,UNIT,"5,747,604.59",0.00
,* ACER 5 A514 - 55 Ci5 - 1235U 8GB 512GB SSD WIN 11,0,1,UNIT,"8,280,180.18",0.00
,* ACER 5 A514 I7-1255U 8GB 512GB SSD WIN11,0,1,UNIT,"10,639,639.64",0.00
,* ACER 5 A514-54 Ci5-1135G7 8GB 512GB SSD VGA IRIS XE,0,1,UNIT,"8,752,252.25",0.00
,* ACER 5 A514-54G-78MW Ci7-1165G7 8GB 512GB SSD VGA,0,1,UNIT,"11,248,863.64",0.00
,* ACER 5 SLIM A514 -54 CI3-1115G4 4GB 512GB SSD W11,0,1,UNIT,"5,591,591.59",0.00
,"* ACER 5 SLIM A514 54  I3-1115G4 4GB 256 SSD 14""",0,1,UNIT,"5,315,315.32",0.00
,* ACER 5 SPIN 14 A5SP14 - 51MTN Ci7 1355U 16GB 512GB SSD INTEL IRIS XE WIN 11,0,1,UNIT,"12,045,045.05",0.00
,* ACER A514 56P I5-1335U 8GB SSD 512GB WIN 11 #,0,1,UNIT,"7,725,225.23",0.00
,* ACER AL14-31P INTEL N100 8GB 512GB WIN 11 #,0,40,UNIT,"4,278,032.19",0.00
,* ACER ASPIRE 14 A14 51M CORE 7 150U 16GB 512GB SSD WIN 11 #,0,1,UNIT,"10,896,396.40",0.00
,"* ACER ASPIRE 14"" A14-51M CORE 5 120U 16GB 512GB SSD WIN 11",0,1,UNIT,"8,594,594.59",0.00
,"* ACER ASPIRE 14"" AI A14-51GM Ci5 13420H 8GB 512GB SSD RTX 2050 4GB WIN 11 #",0,1,UNIT,"8,630,630.63",0.00
,* ACER ASPIRE 3 SPIN 14A3SP14-31PT Ci3-N305 8GB 512GB SSD WIN 11 TOUCH EK,0,1,UNIT,"7,103,603.60",0.00
,"* ACER ASPIRE 5 A514-53-36N5 BLACK i3 1005G1 WIN10 (14""FHD/UMA/512GB SSD/4GB)",0,1,UNIT,"5,900,000.00",0.00
,"* ACER ASPIRE 5 A514-53-36N5 SILVER i3 1005G1 WIN10 (14"" FHD/UMA/512GB SSD/4GB)",0,1,UNIT,"5,900,000.00",0.00
,"* ACER ASPIRE 7 PRO A715 i5-12450H 8GB 512GB SSD WIN 11 15,6"" RTX 3050 6GB",0,1,UNIT,"8,909,909.91",0.00
,* ACER ASPIRE 7 PRO A715-59G INTEL CORE i5 - 12450H 16GB DDR4 512GB SSD RTX 3050 6GB WIN 11,0,1,UNIT,"9,090,090.09",0.00
,* ACER ASPIRE GO 14 AG14-72P INTEL CORE 5 120U 8GB DDR4 512GB SSD WIN 11,3,1,UNIT,"7,180,180.18","21,540,540.54"
,* ACER ASPIRE LITE 14 AL14 i3 N355 8GB 256GB SSD WIN 11,31,1,UNIT,"4,742,213.64","147,008,622.91"
,* ACER ASPIRE LITE AL1 14 Ci3 1215 8GB 512GB WIN 11 RS,0,0,PCS,"5,286,286.29",0.00
,* ACER ASPIRE LITE AL14 51M Ci5 1235U 8GB 512GB SSD WIN 11 #,0,1,UNIT,"7,319,819.82",0.00
,* ACER ASPIRE LITE AL14 52M Ci5 1334U 16GB 512GB SSD WIN 11,0,0,UNIT,"7,286,036.04",0.00
,* ACER ASPIRE LITE AL14 52M Ci5 1334U 8GB 512GB SSD WIN 11 #,0,1,UNIT,"7,450,450.45",0.00
,* ACER ASPIRE LITE AL14 N150 8GB 256GB SSD WIN 11 #,37,1,UNIT,"4,141,953.68","153,252,286.33"
,* ACER ASPIRE LITE AL14 N150 8GB 512GB SSD WIN 11,34,1,UNIT,"4,352,510.41","147,985,353.77"
,* ACER ASPIRE LITE AL14-31P INTEL CEL N100 8GB 256GB SSD WIN 11 #,0,1,UNIT,"4,057,057.06",0.00
,* ACER ASPIRE LITE AL14-32P-3S16 INTEL CORE 3 N355 16GB DDR5 512GB SSD WIN 11,1,1,UNIT,"5,536,036.04","5,536,036.04"
,"* ACER ASPIRELITE AL14 - 32 Ci3 N355 8GB 512GB SSD 14"" WIN 11",6,1,UNIT,"5,110,715.98","30,664,295.87"
,* ACER EXTENSA 15 EX215-31  INTEL N4020 4GB SSD 256GB,0,1,UNIT,"4,477,272.73",0.00
,* ACER GO ASPIRE 14 AG14-31P-34GM Ci3-N305 8GB 512GB SSD WIN 11 #,0,1,UNIT,"5,157,657.66",0.00
,"* ACER LITE AL14 51M 14"" Ci3 1215U 16GB 256GB SSD WIN 11",0,1,UNIT,"5,576,576.58",0.00
,"* ACER LITE AL14 51M 14"" Ci3 1215U 8GB 256GB SSD WIN 11 #",0,1,UNIT,"5,193,693.69",0.00
,* ACER LITE AL14-51M i5-1235U 16GB 512GB SSD WIN 11 SILVER #,0,1,UNIT,"8,600,000.00",0.00
,* ACER MATE 14 AM1 INTEL CORE i5 - 1235U 16GB DDR4 512GB SSD WIN 11 + OHS,0,1,UNIT,"6,936,936.94",0.00
,* ACER NITRO 5 AN515-57-52BQ CI5-11400H 8GB 512GB SSD RTX 3050 4GB W11 NW,0,1,UNIT,"12,087,387.39",0.00
,* ACER NITRO V15 ANV15 - 51 Ci7-13620H 2X8GB DDR5  512SSD RTX 2050 4GB GDDR6 WIN 11 #,0,1,UNIT,"12,117,117.12",0.00
,* ACER NITRO V15 ANV15 51 542G Ci5 - 13420H 8GB 512GB SSD RTX 2050 4GB WIN 11,0,1,UNIT,"9,270,270.27",0.00
,* ACER PREDATOR NITRO 5 AN515 - 58 Ci5-12500H 8 512 SSD RTX 3050 WIN 11 #,0,1,UNIT,"10,585,585.59",0.00
,* ACER SPIN 3 i3 - N305 8GB SSD 512GB WIN 11 #,0,1,UNIT,"7,364,873.87",0.00
,* ACER SWIFT 14 SF14-71T Ci7-13700H 16GB 1TB SSD IRIS XE GRAPHICHS 96 EU WIN 11 #,0,1,UNIT,"15,126,126.13",0.00
,* ACER SWIFT GO OLED 14 SFG14 CORE ULTRA 7 155H 16GB 512GB SSD WIN 11 #,0,1,UNIT,"13,279,279.28",0.00
,* ACER SWIFT X SFX14 72G CORE ULTRA 7 155H 32GB 1TB SSD RTX 4050 6GB WIN 11 *,0,1,UNIT,"21,617,117.12",0.00
,"* ACER TRAVEL MATE TMP214-52 CI3-10110 4GB 512GB SSD 14""",0,1,UNIT,"5,354,327.54",0.00
,* ACER TRAVELMATE P214 CORE I7 1335U 8GB 512GB SSD WIN 11 VGA 4GB WIN 11,0,1,UNIT,"14,562,162.16",0.00
,"* ACER VERO AV15-51-547X CI5 1155G7 8GB SSD 512GB VGA IRIS XE 15,6""",0,1,UNIT,"9,576,576.58",0.00
,* ADAPTOR ACER 12V 2A (1410),9,1,PCS,"67,567.57","608,108.11"
,* ADAPTOR ACER 19V 2.1A (TO),10,1,PCS,"58,558.56","585,585.59"
,* ADAPTOR ACER 19V 3.0*1.1 SWIFT,11,1,PCS,"67,567.57","743,243.24"
,* ADAPTOR ACER OR 19V 3.42A (KUNING),12,1,PCS,"67,567.57","810,810.81"
,* ADAPTOR ASUS 1.75A (USB),5,1,PCS,"72,072.07","360,360.36"
,* ADAPTOR ASUS 19V 3.42A (KT),15,1,PCS,"67,567.57","1,013,513.51"
,"* ADAPTOR ASUS 19V 3.42A CL VIVO 4,5 X 3.0",13,1,PCS,"67,567.57","878,378.38"
,* ADAPTOR ASUS 3.42A (A407),15,1,PCS,"67,567.57","1,013,513.51"
,* ADAPTOR AXIOO HYPE 1 12V 2A,2,1,PCS,"67,567.57","135,135.14"
,* ADAPTOR AXIOO HYPE 10,1,1,PCS,"67,567.57","67,567.57"
,* ADAPTOR HP 19V 3.5A (BUNDAR JARUM),10,1,PCS,"61,261.26","612,612.61"
,* ADAPTOR HP BIRU 19.5V 3.33A,14,1,PCS,"52,252.25","731,531.53"
,* ADAPTOR LENOVO 20V 3.25A (S),14,1,PCS,"67,567.57","945,945.95"
,* ADAPTOR LENOVO TYPE C 20V 3.25A,5,1,PCS,"90,090.09","450,450.45"
,* ADAPTOR ORI ACER 20 V 3.25 USB TYPE C,6,1,PCS,"109,309.31","655,855.86"
,* ADAPTOR TOSHIBA (ORI),15,1,PCS,"52,252.25","783,783.78"
,* ADAPTOR UNIVERSAL,4,1,PCS,"56,756.76","227,027.03"
,* AIO ACER C22 - 1650 CI3-1115G4 4GB 1TB WIN10,0,1,UNIT,"6,577,272.73",0.00
,* AIO ACER C22 - 1650 Ci3-1115G4 4GB 512GB SSD WIN 10,0,1,UNIT,"7,128,787.88",0.00
,* AIO ACER C22 - 1650 Ci5-1135G7 4GB 512GB SSD WIN11 (BL),0,1,UNIT,"8,369,369.37",0.00
,* AIO ACER C22 - 1700 Ci5-1235U 8GB 512GB SSD INTEL IRIS XE WIN 11,0,1,UNIT,"9,013,513.51",0.00
,* AIO ACER C24-1650 CI3-1115G4 4GB 512GB SSD WIN 11,0,1,UNIT,"7,422,727.27",0.00
,* AIO ASUS A302WBAK Ci3 1215U 8GB 512GB SSD WIN 11 HOME #,0,1,UNIT,"5,977,477.48",0.00
,* AIO ASUS A3202 Ci5-1235U 8GB 512GB SSD WIN 11 #,0,1,UNIT,"8,256,756.76",0.00
,* AIO ASUS A3202WBAK I3-1215U 8GB 256GB SSD WIN 11 #,0,1,UNIT,"5,900,900.90",0.00
,"* AIO ASUS A3202WBAK INTEL 7305 8GB 256GB SSD 21,5"" WIN 11",0,1,UNIT,"4,367,117.12",0.00
,* AIO ASUS A3202WVAK Ci3-1315U 8GB 512GB SSD WIN 11,0,1,UNIT,"7,000,000.00",0.00
,"* AIO ASUS E3402WVAK i7-1355U 8GB 512GB SSD 23'8"" WIN 11",0,1,UNIT,"11,621,621.62",0.00
,"* AIO ASUS E402WBAK CORE I7 1255U 8GB 512GB SSD 23,8"" #",0,1,UNIT,"11,396,396.40",0.00
,* AIO ASUS EXPERTCENTER P400 P440VAT INTEL CORE i5 - 13420H 8GB DDR5 512GB SSD WIN 11 TOUCH,0,1,UNIT,"10,130,630.63",0.00
,* AIO ASUS ExpertCenter P440VAK W5151WS intel Core i5 13420H 16GB 512GB W11,0,0,UNIT,0.00,0.00
,"* AIO ASUS P440VAK i3 - 1315U 8GB DDR5 512GB SSD 23,8"" WIN 11",1,1,UNIT,"6,328,828.83","6,328,828.83"
,"* AIO ASUS V222FAK CI3 10110U 4GB 1TB 21'5"" NW",0,1,UNIT,"5,693,693.69",0.00
,* AIO ASUS V222FAK CI3-10110U 4GB 256GB SSD WIN 11 NW,0,1,UNIT,"6,031,531.53",0.00
,* AIO ASUS V222FAK-BA3411T Ci3-10110U 4GB 1TB + 128GB SSD,0,1,UNIT,"6,409,909.91",0.00
,* AIO ASUS V222GAK INTEL J4025 4GB 1TB HDD WIN 11 NW,0,1,UNIT,"4,243,243.24",0.00
,* AIO ASUS V222GAK INTEL J4025 4GB 256GB SSD #,1,1,UNIT,"4,566,385.14","4,566,385.14"
,* AIO ASUS V241EAK - BA785W Ci7-1165G7 8GB 512GB SSD,0,1,UNIT,"12,000,000.00",0.00
,"* AIO ASUS V241EPT 23.8"" INTEL I7 -1165G7 / NVIDIA MX 330 2GB / 16GB DDR 4 / 1TB HDD + 256GB SSD",0,1,UNIT,"15,227,272.73",0.00
,* AIO AXIOO HYPE FLEX 5 + INTEL CORE i5 - 12450H 16GB 512GB SSD DOS,0,1,UNIT,"6,432,432.43",0.00
,* AIO HP 22 DF0145D 1V7D8AA INTEL J4025 4GB 1TB,0,1,UNIT,"5,193,693.69",0.00
,* AIO HP 24 Ci5 1235U 8GB 512GB SSD WIN11,0,1,UNIT,"9,432,432.43",0.00
,* AIO HP 24 CR1126D ULTRA 7 155U 16GB 512GB SSD INTEL IRIS XE GRAPHICS WIN 11 *,0,1,UNIT,"13,918,918.92",0.00
,* AIO LENOVO A100 INTEL N100 8GB DDR4 512GB SSD WIN 11,0,1,UNIT,"4,324,324.32",0.00
,* AIO LENOVO A100-F0J6005EID Intel Core i3-N305 8GB DDR4 512GB SSD Cloud Grey,0,1,UNIT,"5,675,675.68",0.00
,* AIO LENOVO IDEACENTRE 27IRH9 Ci5-13420H 8GB 512GB SSD WIN 11,0,1,UNIT,"9,846,846.85",0.00
,* AIO LENOVO IDEACENTRE 3 22ITL6 Ci3 - 1115G4 4GB 256GB SSD WIN 11 WHITE,0,1,UNIT,"6,569,369.37",0.00
,* AIO LENOVO IDEACENTRE A340 CI3-10110U 4GB 1TB HDD,0,1,UNIT,"6,309,090.91",0.00
,* AIO LENOVO IDEACENTRE A340-24IWL CI3-10110U 4GB 512GB SSD,0,1,UNIT,"6,486,363.64",0.00
,* ALFA INK ART PAPER BLACK,50,1,PCS,"75,630.63","3,781,531.53"
,* ALFA INK KERTAS FOTO STIKER GLOSSY LITE 125GSM,187,50,PCS,"11,261.26","2,105,855.86"
,* ALFA INK KERTAS THERMAL 80 X 80,944,1,PCS,"9,009.01","8,504,504.50"
,* ALFA INK L SERIES EPSON BLACK,186,1,PCS,"29,549.55","5,496,216.22"
,* ALFA INK TINTA STEMPEL FLASH 10 ML,143,1,PCS,"6,729.73","962,351.24"
,* ALL IN ONE ACER C22 1700 Ci3 1215U 8GB 512GB WIN 11,0,1,UNIT,"6,387,387.39",0.00
,* ALL IN ONE LENOVO IDEACENTRE 3 22IAP7 Ci3-1215U 8GB 256GB SSD #,0,1,UNIT,"6,099,099.10",0.00
,* AMPLOP PAPER LINE ( LEM ),10,1,PCS,"15,025.23","150,252.25"
,* APC SRC1KI,0,1,UNIT,"4,234,234.23",0.00
,* APC SRT6KXLI,0,1,UNIT,"40,090,090.09",0.00
,* APPLE MACBOOK AIR 13 M2 8GB 256GB SPACE GREY,0,1,UNIT,"15,846,846.85",0.00
,* APPLE MACBOOK AIR 13 M4 CHIP WITH 10-CORE CPU AND 8-CORE GPU 16GB 256GB SSD,0,1,UNIT,"14,117,117.12",0.00
,* ASUS A1402ZA-IPS552 CI5-1235U 8GB 512GB SSD WIN 11 #,0,1,UNIT,"7,657,657.66",0.00
,"* ASUS A1502ZA Ci5-1235U 8GB 512GB WIN 11 15"" TOUCH",0,1,UNIT,"8,065,765.77",0.00
,"* ASUS A416EPO CI5 - 1135G7 8GB 512GB SSD MX 330 NVIDIA 14""",0,1,UNIT,"8,509,009.01",0.00
,"* ASUS A416FA-FHD CI3-10110U  4GB 256GB SSD 14"" #",0,1,UNIT,"4,792,792.79",0.00
,* ASUS A416J CI5-1035G1 4GB 512GB SSD WIN 11 NW,0,1,UNIT,"7,657,657.66",0.00
,"* ASUS A416JAO CI3-1005G1 4GB 256GB SSD 14""",0,6,UNIT,"4,857,786.36",0.00
,"* ASUS A416JAO CI5-1035G1 4GB 256GB SSD 14""",0,1,UNIT,"7,387,387.39",0.00
,* ASUS A416JP0 CI5 1035G1 8GB 512GB SSD MX 330,0,1,UNIT,"9,559,090.91",0.00
,"* ASUS A416JPO CI5 1035G1 8GB 512GB SSD MX 330 2GB 14""",0,1,UNIT,"9,216,216.22",0.00
,"* ASUS A416MAO INTEL N4020 4GB 256GB SSD 14""",0,1,UNIT,"3,845,472.10",0.00
,"* ASUS A516EPO - VIPS752 CI7-1165G7 8GB 512GB SSD MX 330 2GB 14""",0,1,UNIT,"10,644,144.14",0.00
,* ASUS A516JAO-VIPS527 CI5-1035G1 4GB 256GB SSD,0,1,UNIT,"6,792,792.79",0.00
,"* ASUS A516KA - FHD INTEL N4500 4GB 256GB SSD 15""",0,1,UNIT,"3,707,207.21",0.00
,* ASUS A516MAO INTEL N4020 4GB 256GB SSD,0,1,UNIT,"3,414,795.23",0.00
,* ASUS B1402CBA Ci7-1255U 16GB 512GB SSD WIN 11 EK,0,1,UNIT,"13,666,666.67",0.00
,* ASUS E210MAO INTEL N4020 4GB 256GB SSD,0,1,UNIT,"3,468,468.47",0.00
,* ASUS E210MAO INTEL N4020 8GB 512GB SSD #,0,1,UNIT,"3,490,990.99",0.00
,* ASUS E410MA INTEL N4020 4GB 512GB SSD,0,1,UNIT,"3,780,085.71",0.00
,* ASUS EXPERTBOOK B1402CBA Ci3 -1215U 8GB 512GB SSD WIN 11,0,1,UNIT,"5,270,270.27",0.00
,* ASUS EXPERTBOOK P1 P1403CVA INTEL CORE i3 - 1315U 8GB 512GB SSD WIN 11 + OHS,0,1,UNIT,"5,666,666.67",0.00
,* ASUS EXPERTBOOK P1411CJA CI3 1005G1 4GB 512GB SSD 14 INCS,0,1,UNIT,"5,045,045.05",0.00
,"* ASUS EXPERTBOOK P2451FA - EK3420T CI3-10110U 4GB 256GB SSD 14""",0,1,UNIT,"4,448,198.20",0.00
,* ASUS Gaming K16 K3605VC Core i5 13420H 8GB DDR4 512GB SSD RTX 3050 4GB W11,1,1,UNIT,"8,436,936.94","8,436,936.94"
,* ASUS M3401QC OLED 759 AMD RYZEN 7 - 5800H 8GB 512GB SSD RTX 3050 4GB WIN 11,0,1,UNIT,"11,711,711.71",0.00
,"* ASUS M415DAO-FHD351 RYZEN 3 3250U 14"" FHD 8GB SSD 512GB PS",0,1,UNIT,"5,540,540.54",0.00
,"* ASUS N7400PC-OLED714 SILVER Ci7 11370H WIN11 (14"" 2.8K OLED / RTX 3050 / 1TB SSD / 16GB) CREATOR",0,1,UNIT,"15,045,045.05",0.00
,"* ASUS P1411CMA N4020 4GB 256GB SSD 14 "" (KS)",0,1,UNIT,"3,963,963.96",0.00
,"* ASUS P1412CEA CI3-1115G4 4GB SSD 256GB WIN 11 14""",0,1,UNIT,"4,774,774.77",0.00
,* ASUS TUF A15 FA506IEB AMD RYZEN 7 4800H 2X8GB 512GB SSD RTX3050Ti 4GB WIN 11,0,1,UNIT,"13,243,243.24",0.00
,* ASUS TUF A15 FA506IHRB AMD RYZEN 5 4600H 8GB 512GB SSD GTX 1650 4GB WIN 11,0,1,UNIT,"10,009,009.01",0.00
,* ASUS TUF DASH F15 FX517ZM Ci7-12650H 2X8GB 1TB SSD RTX 3060 6GB WIN 11 #,0,1,UNIT,"16,189,189.19",0.00
,* ASUS TUF F15 FX506HCB - I7 11600H 16GB 512GB SSD RTX 3050 4GB,0,1,UNIT,"15,668,181.82",0.00
,* ASUS TUF F15 FX506LH - I565B6T -O11 CI5-10300H 8GB 512GB SSD VGA GTX 1650 4GB W11,0,1,UNIT,"9,783,783.78",0.00
,* ASUS TUF FX506HC Ci5-11400H 8GB 512GB SSD RTX 3050 4GB WIN 11,0,1,UNIT,"11,522,522.52",0.00
,* ASUS VIVOBOOK 14 A1404VA VIP Ci5 - 1335U 8 512GB SSD WIN 11,2,1,UNIT,"7,207,207.21","14,414,414.41"
,* ASUS VIVOBOOK 14 A1404VAP - VIPS INTEL CORE 5 120U 16GB 512GB SSD WIN 11,2,1,UNIT,"7,671,171.17","15,342,342.34"
,* ASUS VIVOBOOK 14 A1404VAP - VIPS INTEL CORE 5 120U 8GB 512GB SSD WIN 11,1,1,UNIT,"7,314,189.19","7,314,189.19"
,* ASUS VIVOBOOK 14 E410KA N4500 8GB 256GB SSD WIN 11,3,1,UNIT,"3,993,321.68","11,979,965.03"
,* ASUS VIVOBOOK 14 E410KA N4500 8GB 256GB SSD WIN 11 KS,5,1,UNIT,"3,981,981.98","19,909,909.91"
,* ASUS VIVOBOOK 14 M1405YA VIPS751 AMD RYZEN 7 - 7730U 16GB 512GB SSD WIN 11 #,0,1,UNIT,"8,684,684.68",0.00
,"* ASUS VIVOBOOK 14"" A1404VA Ci7 - 1355U 16GB 1TB SSD WIN 11",0,1,UNIT,"10,486,486.49",0.00
,"* ASUS VIVOBOOK 14"" A1404VA PROC Ci7 1355U 8GB 512GB SSD WIN 11 #",0,1,UNIT,"9,635,135.14",0.00
,"* ASUS VIVOBOOK 14"" A1404ZA CI5 1235U 8GB 512GB SSD WIN 11 #",0,1,PCS,"7,288,288.29",0.00
,"* ASUS VIVOBOOK 14"" A1404ZA VIPS I5-1235U 16GB 512GB SSD WIN 11",0,1,UNIT,"7,654,654.65",0.00
,* ASUS VIVOBOOK 14X K3405VF - VIPS551 Ci5-13500H 8GB 512GB SSD RTX2050 4GB WIN 11 #,0,1,UNIT,"10,360,360.36",0.00
,* ASUS VIVOBOOK FLIP T3300KA-OLED622 INTEL N6000 8GB 256GB SSD W11,0,1,UNIT,"7,752,252.25",0.00
,* ASUS VIVOBOOK FLIP TP1400KA HD421 INTEL N4500 4GB 256GB SSD WIN 11,0,1,UNIT,"4,995,495.50",0.00
,* ASUS VIVOBOOK FLIP TP340VA-OLEDS752 Ci7-13700H 16GB 512GB SSD INTEL IRIS XE WIN 11 TOUCH SCREEN,0,1,UNIT,"14,027,027.03",0.00
,* ASUS VIVOBOOK GO 14 E1404FA - FHD AMD RYZEN 3 7320U 8GB 512GB SSD WIN 11 #,2,1,UNIT,"5,229,729.73","10,459,459.46"
,* ASUS VIVOBOOK GO 14 E1404FA AMD RYZEN 5 7520U 16GB 512GB SSD WIN 11,2,1,UNIT,"6,801,801.80","13,603,603.60"
,* ASUS VIVOBOOK GO 14 E1404FA FHD AMD RYZEN 3 7320U 8 256GB SSD WIN 11 #,4,1,UNIT,"4,922,522.52","19,690,090.09"
,* ASUS VIVOBOOK GO 14 E1404FA FHD AMD RYZEN 5 7520U 8 512GB SSD WIN 11 #,3,1,UNIT,"6,286,036.04","18,858,108.11"
,* ASUS VIVOBOOK GO 14 E1404GA Ci3-N305 8GB 512GB SSD WIN 11 #,1,1,UNIT,"5,288,288.29","5,288,288.29"
,* ASUS VIVOBOOK GO 14 E1404GA FHD Ci3 N305 8GB 256GB SSD WIN 11 #,3,1,UNIT,"5,075,075.08","15,225,225.23"
,* ASUS VIVOBOOK GO 14 E410KA FHD N4500 8GB 512GB SSD WIN 11,2,1,UNIT,"4,367,117.12","8,734,234.23"
,"* ASUS X441MAO INTEL N4020 4GB 1TB 14""",0,1,UNIT,"3,427,927.93",0.00
,* ASUS ZENBOOK FLIP 13 UX 363EA - EM501TS CI5-1135G7 8GB 512GB SSD (JT),0,1,UNIT,"13,409,909.91",0.00
,* ASUS ZENBOOK S13 OLED UX5304MA OLED 712 CORE ULTRA 7 155U 32GB 1TB SSD WIN 11 *,0,1,UNIT,"19,950,450.45",0.00
,* AUTO SHEET FEEDER FOR G1010 / G2010,17,1,UNIT,"197,460.08","3,356,821.32"
,* AUTO SHEET FEEDER UNIT G1020 / 2020,3,1,PCS,"509,729.73","1,529,189.19"
,* AV15-51 I5-1155G7 8GB 512GB SSD 15INCS FHD AM,0,1,UNIT,"9,568,181.82",0.00
,* AXIOO HYPE 1 N4020 8GB 256,0,1,UNIT,"2,432,432.43",0.00
,* AXIOO HYPE 10 INTEL N4020 8 256 #,12,1,UNIT,"2,532,862.08","30,394,344.98"
,* AXIOO HYPE 3 (G11) INTEL CORE i3 -  1125G4 8GB 256GB SSD,1,1,UNIT,"3,590,090.09","3,590,090.09"
,* AXIOO HYPE 5 RYZEN 5 3500 8GB 256GB @,3,1,UNIT,"3,513,513.51","10,540,540.54"
,* AXIOO MAYBOOK HYPE 5 Ci5-1035G4 8 512GB SSD,0,1,UNIT,"4,211,711.71",0.00
,"* AXIOO MYBOOK 11G GREY DC N4020 11,6 4GB 256GB SSD",0,1,UNIT,"2,099,099.10",0.00
,"* AXIOO MYBOOK 14E INTEL N4000 4GB 256GB SSD 14""",0,1,UNIT,"1,955,855.86",0.00
,* AXIOO MYBOOK HYPE 3 Ci3-1005G1 8GB 256GB SSD,0,1,UNIT,"3,599,099.10",0.00
,* AXIOO MYBOOK HYPE 5 AMD X3 RYZEN 5 3500U 8 256GB SSD WIN 11 #,0,1,UNIT,"3,900,900.90",0.00
,* BALLPOINT SNOWMAN V1 PCS,132,1,PCS,"1,202.70","158,756.76"
,* BARCODE MK7120 HONEYWELL,0,1,PCS,"1,486,363.64",0.00
,* BATERAI ABC ALKALINE AA,80,1,PCS,"3,659.91","292,792.79"
,* BATERAI ABC ALKALINE AAA,40,1,PCS,"3,659.91","146,396.40"
,* BATERAI AXIOO 14E,2,1,PCS,"198,198.20","396,396.40"
,* BATERAI AXIOO A587578 IB,0,1,PCS,"198,198.20",0.00
,* BATERAI AXIOO MYBOOK 11G,0,1,PCS,"198,198.20",0.00
,* BATERAI AXIOO MYBOOK 11G C,0,1,PCS,"198,198.20",0.00
,* BATOK TC JETE E11 35W USB + C,2,1,PCS,"108,018.02","216,036.04"
,* BATOK TC JETE E31 TYPE C + USB 20W,2,1,PCS,"53,963.96","107,927.93"
,* BERRY LAKBAN HITAM 36 X 12M,19,1,PCS,"7,297.30","138,648.65"
,* BINDER CLIP NO 155,118,1,PCS,"5,032.43","593,827.03"
,* BINDER CLIP NO. 111,163,1,PCS,"3,575.68","582,835.14"
,* BINDER CLIP NO. 200,57,1,PCS,"8,696.40","495,694.59"
,* BINDER CLIP NO. 260,24,1,PCS,"13,110.81","314,659.46"
,* BLUEPRINT ADAPTOR LITE80L,1,1,PCS,"117,117.12","117,117.12"
,* BLUEPRINT CANON BLACK (100ML),18,1,PCS,"34,234.23","616,216.22"
,* BLUEPRINT CANON CYAN (100ML),20,1,PCS,"34,234.23","684,684.68"
,* BLUEPRINT CANON KOTAK  WARNA ( SUNTIK ),20,1,PCS,"21,621.62","432,432.43"
,* BLUEPRINT CANON KOTAK HITAM ( SUNTIK ),19,1,PCS,"21,621.62","410,810.81"
,* BLUEPRINT CANON YELLOW (100ML),320,1,PCS,"34,234.23","10,954,954.95"
,* BLUEPRINT CATRIDGE TONER HP 285A,15,1,PCS,"315,315.32","4,729,729.73"
,* BLUEPRINT DOUBLE SIDED PHOTO PAPER,1,1,PCS,"27,027.03","27,027.03"
,* BLUEPRINT KERTAS FOTO A3,1,1,PCS,"39,639.64","39,639.64"
,* BLUEPRINT KERTAS FOTO MATAHARI 230GR,1,1,PCS,"20,270.27","20,270.27"
,* BLUEPRINT KERTAS FOTO STIKER A4,1,1,PCS,"22,072.07","22,072.07"
,* BLUEPRINT KERTAS INKJET PAPER ( ISI 50 ),1,1,PCS,"19,369.37","19,369.37"
,* BLUEPRINT KERTAS THERMAL 80 X 40,50,1,PCS,"3,603.60","180,180.18"
,* BLUEPRINT PLASTIK LAMINATING A4,70,1,PCS,"56,306.31","3,941,441.44"
,* BLUEPRINT PRINTABLE CARD (KERTAS ID CARD),4,1,PCS,"38,288.29","153,153.15"
,* BLUEPRINT PRINTER ECO BP-ECO58 (BATERAI),5,1,PCS,"296,396.40","1,481,981.98"
,* BLUEPRINT PRINTER THEMAL BP -  LITE80L,3,1,UNIT,"734,234.23","2,202,702.70"
,* BLUEPRINT SCANNER BARCODE WIRELLES BT LITEEW2D,2,1,PCS,"393,693.69","787,387.39"
,* BLUEPRINT TRANSFER PAPER DASAR HITAM,9,1,PCS,"52,252.25","470,270.27"
,* BLUEPRINT TRANSFER PAPER DASAR PUTIH,20,1,PCS,"27,027.03","540,540.54"
,* BLUEPRINT TRANSPARANT FILM STIKER WATER RESISTANT A4,20,1,PCS,"27,027.03","540,540.54"
,* BP CASH DRAWER 405X420X98/112MM,1,1,UNIT,"382,882.88","382,882.88"
,* BRAKET GANTUNG PROJECTOR,10,1,UNIT,"76,576.58","765,765.77"
,* BROTHER DCP L2540 DW,2,1,UNIT,"2,711,711.71","5,423,423.42"
,* BUKU HARD COVER FOLIO (ISI 100),25,1,PCS,"12,648.65","316,216.22"
,* BUKU HARD COVER ISI 100 OKTAVO,25,1,PCS,"4,145.95","103,648.65"
,* CAM CCTV EZVIZ C6N #,9,1,UNIT,"238,738.74","2,148,648.65"
,* CAM CCTV EZVIZ H7C DUAL 2K + DUAL LENS PAN WIFI,0,1,PCS,"558,558.56",0.00
,* CAM CCTV EZVIZ OUTDOOR H8C #,6,1,PCS,"454,954.95","2,729,729.73"
,* CAM DAHUA HFW1230S1-A,0,1,PCS,"445,945.95",0.00
,* CAM HIK DS-2CE16D0T-EXLPF OUTDOOR #,0,1,PCS,"243,243.24",0.00
,* CAM HIK DS-2CE76D0T-EXLPF INDOOR #,0,1,PCS,"220,720.72",0.00
,* CAMERA CANON EOS R100 KIT 18 -45 #,0,1,UNIT,"5,939,639.64",0.00
,* CAMERA CANON M50 MARK ii KIT,0,1,UNIT,"10,211,711.71",0.00
,* CAMERA CCTV SPC INDOOR UVC7741PN TKDN,0,1,PCS,"446,846.85",0.00
,* CAMERA CCTV SPC OUTDOOR uvc77B41pn TKDN,0,1,PCS,"446,846.85",0.00
,* CAMERA LOGITECH PTZ PRO 2,0,1,PCS,"9,909,090.91",0.00
,* CAMERA SONY ZV - E10L BLACK,0,1,UNIT,"8,612,612.61",0.00
,* CAMERA SONY ZV E10 II KIT 16 - 50MM,0,1,UNIT,"15,612,612.61",0.00
,* CARD READER 6 SLOT MTECH,2,1,PCS,"30,630.63","61,261.26"
,* CARRIAGE TUBE ( RUMAH CATRIDGE ),2,1,PCS,"287,162.16","574,324.32"
,* CASING ALCATROZ FUTURA BLACK N3000,0,1,UNIT,"306,306.31",0.00
,* CASING AXIOO,0,1,PCS,0.00,0.00
,* CASING DA GAMING UNICORN X3,0,1,PCS,"281,818.18",0.00
,* CASING DARKFLASH C275P TEMPERED GLASS,0,1,PCS,"301,801.80",0.00
,"* Casing ENLIGHT EN220 + PSU 300V Mini-ITX, Micro-ATX BLACK",0,1,PCS,0.00,0.00
,"* CASING HDD 2,5"" TRANSPARAN 3.0",4,1,PCS,"75,675.68","302,702.70"
,"* CASING HDD 3,5",1,1,PCS,"122,522.52","122,522.52"
,* CASING INFINITY NEBULA V7,0,1,PCS,0.00,0.00
,* CASING INFINITY NOIR,0,1,PCS,"270,270.27",0.00
,* CASING INFINITY PRIME ATX,0,1,PCS,"324,324.32",0.00
,* CASING INFINITY VESTA V3,0,1,PCS,"387,387.39",0.00
,* CASING MONTECH X2 MESH ATX,0,1,PCS,"468,468.47",0.00
,* CASING PARADOX GAMING BELIAL BLACK,0,1,PCS,"409,090.91",0.00
,* CASING PARADOX GAMING GALASHIELS PREINSTALLD 1 X 120MM,0,1,PCS,"345,454.55",0.00
,* CASING PARADOX GAMING LUXY V100 BLACK,0,1,PCS,"279,279.28",0.00
,* CASING PARADOX GAMING SAKA / LUXY U200W,0,1,PCS,"336,711.71",0.00
,* CASING PC COOLER PLATINUM LM300 ARGB BLACK,0,1,PCS,"405,405.41",0.00
,* CASING PC COOLER PLATINUM MM200 MESH BLACK,0,1,PCS,"346,846.85",0.00
,* CASING PC VENOM RX ROCKSTAR ATX INCLUDE 3 FAN,1,1,PCS,"373,873.87","373,873.87"
,* CASING SIMBADDA SIM - V 380 WATT,16,1,PCS,"324,324.32","5,189,189.19"
,* CASING VENOM RX FOX ESPORT INCLUD 3 FAN,2,1,PCS,"315,315.32","630,630.63"
,* CASING VENOM RX ZERO SKY,1,1,PCS,"363,063.06","363,063.06"
,* CATRIDGE CANON 810 BLACK,85,1,PCS,"192,342.34","16,349,099.10"
,* CATRIDGE CANON BH7,4,1,PCS,"307,577.10","1,230,308.38"
,* CATRIDGE CANON CA 92 / CH 7,2,1,UNIT,"357,638.60","715,277.21"
,* CATRIDGE EPSON LQ 2190 #,10,10,PCS,"150,450.45","1,504,504.50"
,* CATRIDGE EPSON PLQ 20 #,27,20,PCS,"147,574.10","3,984,500.71"
,* CATRIDGE PRINTER HP GT 52 (COLOUR),2,1,PCS,"139,639.64","279,279.28"
,* CCTV CAM DAHUA HAC - B1A51 5MP,0,1,UNIT,"359,090.91",0.00
,* CCTV CAM DAHUA HAC B1A21 IR BULLET (OUTDOOR),28,1,PCS,"157,657.66","4,414,414.41"
,* CCTV CAM DAHUA HAC-T1A21 IR BULLET (INDOOR),40,1,PCS,"148,648.65","5,945,945.95"
,* CCTV CAM DAHUA IPC B1A51P 5MP,0,1,PCS,"345,454.55",0.00
,* CCTV CAM HIK DS-2CE16HOT-ITPF EXIR BULLET,0,1,PCS,"340,909.09",0.00
,* CCTV CAM HIK DS-2CE56HOT-ITPF DOME,0,1,PCS,"318,181.82",0.00
,* CCTV DVR DAHUA 8CH XVR1B08-1 (MH),15,1,PCS,"590,090.09","8,851,351.35"
,* CCTV DVR DAHUA DH-XVR1B04-I 4CH,5,1,PCS,"445,945.95","2,229,729.73"
,* CCTV DVR DAHUA XVR1B16H 16CH,4,1,PCS,"1,193,693.69","4,774,774.77"
,* CCTV DVR DAHUA XVRS116HS-12,0,1,UNIT,"2,200,000.00",0.00
,* CCTV DVR HIK DS-7232HQHI-K2 ( TURBO HD DVR ),0,1,PCS,"3,681,818.18",0.00
,* CIS UNIT G2020 / 3020,1,1,PCS,"386,957.39","386,957.39"
,* CONNECTOR RJ45 BELDEN CAT5E (PACK),10,1,PCS,"76,576.58","765,765.77"
,* CONVERTER DP TO VGA NYK,0,1,PCS,"30,000.00",0.00
,* CONVERTER HDMI TO VGA (KABEL),5,1,PCS,"27,027.03","135,135.14"
,* CONVERTER USB TO HDMI,0,1,PCS,"101,801.80",0.00
,* CONVERTER USB TO VGA,1,1,PCS,"77,477.48","77,477.48"
,* COOLINGPAD BIG FAN KONE X850,5,1,PCS,"39,639.64","198,198.20"
,* COOLINGPAD NC 32 1FAN BESAR,2,1,PCS,"35,135.14","70,270.27"
,* CUTTER L500,22,1,PCS,"4,848.50","106,666.97"
,* DELI CALCULATOR C868C CHECK 120 STEPS 12 DIGIT,2,1,PCS,"88,367.12","176,734.23"
,* DELI CALCULATOR E1654C CHECK 112 STEPS 12 DIGIT,2,1,PCS,"78,828.83","157,657.66"
,* DELI CALCULATOR W868 12 DIGIT,2,1,PCS,"59,414.41","118,828.83"
,* DELL VOSTRO V3510 I7-1165G7 8GB 512GB SSD MX 350 2GB WIN 11,0,1,UNIT,"12,517,117.12",0.00
,* DHI NVR4116HS 4KS2/L,0,1,PCS,"1,295,495.50",0.00
,* DJI DRO MAVIC 3 COMBO,0,1,UNIT,"29,728,828.83",0.00
,* DJI DRONE MAVIC AIR 3S COMBO ( RC2 ),0,1,UNIT,"20,626,126.13",0.00
,* DJI MINI 5 PRO FLY MORE COMBO (RC2),0,1,UNIT,"14,827,027.03",0.00
,* DLINK SWITCH 8 PORT DGS-1008A GIGABIT #,0,1,PCS,"229,729.73",0.00
,* DOUBLE TAPE TIPIS NACHI 24MM 5 METER,12,1,PCS,"4,054.05","48,648.65"
,* DVR HIK 8CH iDS-7208HQHI-M1/E #,0,1,UNIT,"1,121,621.62",0.00
,* DVR SPC 8CH DVR7TF08EH-D100 TKDN,0,1,PCS,"2,479,279.28",0.00
,* EARPHONE JETE HX1,1,1,PCS,"40,854.95","40,854.95"
,* EARPHONE JETE TWS CE1,1,1,PCS,"80,990.99","80,990.99"
,* EARPHONE JETE TWS CE2,1,1,PCS,"80,990.99","80,990.99"
,* EPRINT CANON 200ML BLACK,19,1,PCS,"43,743.24","831,121.62"
,* EPRINT CANON 200ML CYAN,20,1,PCS,"43,743.24","874,864.86"
,* EPRINT CANON 200ML MAGENTA,13,1,PCS,"43,743.24","568,662.16"
,* EPRINT CANON 200ML YELLOW,20,1,PCS,"43,743.24","874,864.86"
,* EPSON 001 BK,20,5,PCS,"123,423.42","2,468,468.47"
,* EPSON 001 C,6,5,PCS,"79,279.28","475,675.68"
,* EPSON 001 M,5,5,PCS,"79,279.28","396,396.40"
,* EPSON 001 Y,0,5,PCS,"79,279.28",0.00
,* EPSON 003 BK,72,300,PCS,"71,769.47","5,167,402.07"
,* EPSON 003 C,51,180,PCS,"71,621.62","3,652,702.70"
,* EPSON 003 M,109,180,PCS,"71,621.62","7,806,756.76"
,* EPSON 003 Y,144,180,PCS,"71,621.62","10,313,513.51"
,* EPSON 005 BK,2,5,PCS,"125,225.23","250,450.45"
,* EPSON 008 BK,0,1,PCS,"228,828.83",0.00
,* EPSON 008 C,0,1,PCS,"184,684.68",0.00
,* EPSON 008 M,0,1,PCS,"184,684.68",0.00
,* EPSON 008 Y,1,1,PCS,"184,609.61","184,609.61"
,* EPSON 664 BK,136,200,PCS,"71,621.62","9,740,540.54"
,* EPSON 664 C,81,30,PCS,"71,621.62","5,801,351.35"
,* EPSON 664 M,40,30,PCS,"71,621.62","2,864,864.86"
,* EPSON 664 Y,34,30,PCS,"71,621.62","2,435,135.14"
,* EPSON 673 BK,1,5,PCS,"115,765.77","115,765.77"
,* EPSON 673 C,3,5,PCS,"115,765.77","347,297.30"
,* EPSON 673 LC,1,5,PCS,"115,765.77","115,765.77"
,* EPSON 673 LM,17,4,PCS,"115,765.77","1,968,018.02"
,* EPSON 673 M,3,5,PCS,"115,765.77","347,297.30"
,* EPSON 673 Y,0,5,PCS,"115,765.77",0.00
,* Epson L1110,0,10,UNIT,"1,772,727.27",0.00
,* Epson L120,0,5,UNIT,"1,568,884.18",0.00
,* Epson L3110,0,27,UNIT,"2,250,492.50",0.00
,* Epson L4150,0,1,UNIT,"2,863,636.36",0.00
,* Epson L5190,0,1,UNIT,"4,090,909.09",0.00
,* EXHAUST FAN MASPION MV 200 NEX,0,1,UNIT,"256,756.76",0.00
,"* FAN CASING CPU TRANSPARAN 12""",5,1,PCS,"19,819.82","99,099.10"
,"* FAN CASING CPU TRANSPARAN 8""",5,1,PCS,"16,216.22","81,081.08"
,* FAN CASING RGB PCCOOLER FX-120-3W,2,1,PCS,"31,531.53","63,063.06"
,* FAN PROC COOLER MASTER HYPER H410R,0,1,PCS,"254,545.45",0.00
,* FAN PROC DEEP COOL CK11508,3,1,PCS,"63,063.06","189,189.19"
,* FAN PROC DEEPCOOL ALTA9 LGA 1700,2,1,PCS,"72,072.07","144,144.14"
,* FD KINGSTONE 64GB EXODIA USB 3.2,6,1,PCS,"62,162.16","372,972.97"
,* FD LEXAR JUMP DRIVE V40 64GB,9,1,PCS,"49,549.55","445,945.95"
,* FD U2 JETE 16GB,94,1,PCS,"33,783.78","3,175,675.68"
,* FD U2 JETE 32GB,59,1,PCS,"39,549.55","2,333,423.42"
,* GAMEPAD DOUBLE BLACK MTECH,3,1,PCS,"66,666.67","200,000.00"
,* GAMEPAD DOUBLE TRANSPARANT MTECH,3,1,PCS,"71,171.17","213,513.51"
,* GUNTING STAINLESS STEEL 6.0,19,1,PCS,"2,867.86","54,489.43"
,* HANDYCAM SONY HXR - MC 2500,0,1,PCS,"9,045,454.55",0.00
,"* HDD EXTERNAL 2TB  SEAGATE 2,5""",1,1,PCS,"1,067,567.57","1,067,567.57"
,"* HDD EXTERNAL 500GB 2,5 OSMOUS EXPANSION",2,1,PCS,"319,819.82","639,639.64"
,* HDD EXTERNAL TOSHIBA BASIC 1 TB,1,1,PCS,"799,549.55","799,549.55"
,* HDD EXTERNAL TRANSCEND 1TB 25M3 RUBBER,0,1,PCS,"677,272.73",0.00
,"* HDD EXTERNAL WD 1TB PASSPORT 2,5 #",0,1,UNIT,"824,324.32",0.00
,* HDD PC SEAGATE SATA 500 GB PI,20,1,PCS,"180,180.18","3,603,603.60"
,* HDD PC WD PURPLE 4TB,0,1,PCS,"1,200,000.00",0.00
,* HDD WD PURPLE 1TB,0,1,PCS,"738,738.74",0.00
,* HDMI SPLITER 4 PORT,10,1,PCS,"76,576.58","765,765.77"
,* HDMI SWITCH 1 - 3 MTECH + remote + adaptor,1,1,PCS,"49,549.55","49,549.55"
,* HF JETE GAMING GS1,1,1,PCS,"90,000.00","90,000.00"
,* HP 14 EP0269TU INTEL CORE i3 - 1315U 8GB DDR4 512GB SSD WIN 11,0,1,UNIT,"5,441,441.44",0.00
,"* HP 14S DC N4500 14"" 4GB 512GB SSD WIN 11",2,1,UNIT,"3,950,450.45","7,900,900.90"
,* HP 14S DQ3040TU N4500 8GB 512GB SSD WIN 11 #,0,1,UNIT,"4,148,648.65",0.00
,* HP 14S I3-1115G4 4GB 512GB SSD WIN 11 NW,0,1,UNIT,"5,265,765.77",0.00
,* HP 14S INTEL N4120 4GB SSD 256GB WIN 10 #,0,1,UNIT,"3,941,441.44",0.00
,* HP 14S INTEL N4500 4GB 256GB SSD WIN 11,0,1,UNIT,"3,887,387.39",0.00
,* HP 14S INTEL N4500 8GB 256GB SSD WIN 11 #,0,1,UNIT,"3,949,887.39",0.00
,* HP 15 - FD CORE ULTRA 5 125H 16GB 512GB SSD WIN 11 #,0,1,UNIT,"9,500,000.00",0.00
,"* HP 15S-DU3577TU SILVER I3 1115G4 WIN11 (15,6""/UMA/512GB SSD/8GB)",0,1,UNIT,"6,863,636.36",0.00
,* HP 240 G8 526H3PA CI3-1115G4 4GB 256GB SSD NW,0,1,UNIT,"4,675,675.68",0.00
,* HP 240 G9 SILVER Ci3-1215U 8GB 512GB SSD WIN 11 #,0,1,UNIT,"5,113,738.74",0.00
,* HP 240 i3-1115G4 8GB 256GB WIN 11 #,0,1,UNIT,"4,860,360.36",0.00
,* HP 245 G10 - 9J053PT AMD RYZEN 5 7520U 8GB 512GB SSD WIN 11 #,0,1,UNIT,"5,851,351.35",0.00
,* HP 245 G8 AMD ATHLON 3050U 8GB 512GB SSD,0,1,UNIT,"4,042,792.79",0.00
,"* HP 245 G8-61G55PA AMD 3050U 4GB 256GB SSD 14""",0,1,UNIT,"3,819,819.82",0.00
,"* HP 250 G8 3V356PA 15,4"" Ci3 1115G4 4GB 512GB SSD WIN 10 BLACK",0,1,UNIT,"6,063,636.36",0.00
,* HP ENVY X360 13-BD0062TU-2U3R6PA CI5-1135G7 8GB 512GB SSD WIN10 + OHS 2019,0,1,UNIT,"14,954,545.45",0.00
,* HP ENVY X360 14 INCS 2-IN-1 14-FA088AU AMD RYZEN 7 8840HS 32GB 1TB SSD WIN 11,0,0,UNIT,"16,414,414.41",0.00
,* HP ENVY X360 Ci7-1250U 16GB 1TB SSD INTEL IRIS XE DP,0,1,UNIT,"15,306,306.31",0.00
,* HP PAVILION X360 2 IN 1 14EK233TU CORE 5 120U 16GB 512GB SSD WIN 11,0,1,UNIT,"12,328,828.83",0.00
,"* INFINIX INBOOK X2 BLUE METAL I3 1005G1 WIN11 (14"" FHD IPS/UMA/256GB SSD/4GB)",0,1,UNIT,"3,918,918.92",0.00
,* ISI STEPLES DELI  NO 24,40,1,PCS,"1,639.64","65,585.59"
,* JOYCO BALLPOINT MEJA / PENSTAND PSBP-177,24,1,PCS,"3,243.24","77,837.84"
,* JOYCO CALCULATOR CC - 15A 12 DIGIT,2,1,PCS,"41,072.07","82,144.14"
,* JOYCO CALCULATOR CC - 26 12 DIGIT,2,1,PCS,"36,702.70","73,405.41"
,* JOYCO CALCULATOR CC - 27 12 DIGIT,2,1,PCS,"62,918.92","125,837.84"
,* JOYCO CALCULATOR CC - 30 12 DIGIT,2,1,PCS,"65,540.54","131,081.08"
,* JOYCO CALCULATOR CC - 34 BIG 14 DIGIT,2,1,PCS,"65,540.54","131,081.08"
,* JOYCO CALCULATOR CC - 8A 12 DIGIT,2,1,PCS,"33,207.21","66,414.41"
,* JOYCO INDEX & MEMO IM-42 SIGN HERE,24,1,PCS,"6,576.58","157,837.84"
,* JOYCO ISI CUTTER BLADE L-150MH,24,1,PCS,"3,963.96","95,135.14"
,* JOYCO PUNCH 30 ( PEMBOLONG KERTAS ),6,1,PCS,"10,594.59","63,567.57"
,* JOYCO PUNCH 40 ( PEMBOLONG KERTAS ),6,1,PCS,"20,482.88","122,897.30"
,* KABEL AUDIO 1 - 1,24,1,PCS,"8,558.56","205,405.41"
,* KABEL AUDIO 1 - 2,24,1,PCS,"9,009.01","216,216.22"
,* KABEL CCTV SINOVISION / PROVIEW RG 59 + POWER,2,1,DUS,"576,576.58","1,153,153.15"
,* KABEL CCTV SPECTRA  RG 59 + POWER,0,1,DUS,"622,727.27",0.00
,"* KABEL DATA 5 PIN 1,5M UGREEN",2,1,PCS,"20,720.72","41,441.44"
,* KABEL DATA HDD EXTERNAL 3.0,4,1,PCS,"18,018.02","72,072.07"
,* KABEL DATA HDD SATA,1,1,PCS,"5,405.41","5,405.41"
,* KABEL DATA JETE CX12 TYPE C TO C,10,1,PCS,"44,954.95","449,549.55"
,"* KABEL DATA PRINTER 1,5 METER",86,1,PCS,"9,633.13","828,449.50"
,* KABEL DATA PRINTER 3 METER,29,1,PCS,"20,720.72","600,900.90"
,* KABEL DATA PRINTER 5 METER,22,1,PCS,"28,091.73","618,018.02"
,* KABEL DATA TYPE C JETE CX 5,5,1,PCS,"26,842.34","134,211.71"
,* KABEL FIBER OPTIK GLOBAL 1KM 1000M CORE 3 SELING SPECIAL TYPE,5,1,DUS,"697,500.00","3,487,500.00"
,"* KABEL HDMI 1,5 METER",9,1,PCS,"13,513.51","121,621.62"
,* KABEL HDMI 10M 4K,2,1,PCS,"65,765.77","131,531.53"
,* KABEL HDMI 15 METER 4K,3,1,PCS,"89,189.19","267,567.57"
,* KABEL HDMI 20 METER 4K,4,1,PCS,"120,720.72","482,882.88"
,* KABEL HDMI 25 METER 4K,5,1,PCS,"149,549.55","747,747.75"
,* KABEL HDMI 3 IN 1 UNIVERSAL,2,1,PCS,"28,828.83","57,657.66"
,* KABEL HDMI 3 METER,55,1,PCS,"19,529.07","1,074,099.10"
,* KABEL HDMI 5 METER,5,1,PCS,"27,027.03","135,135.14"
,* KABEL LAN BELDEN USA CAT 5 / 300M,2,1,DUS,"1,454,954.95","2,909,909.91"
,* KABEL POWER CPU HOWELL / HYDRA / DF / NYK,10,1,PCS,"15,315.32","153,153.15"
,* KABEL POWER LAPTOP HOWELL / HYDRA / DF / NYK,5,1,PCS,"14,414.41","72,072.07"
,* KABEL POWER PRINTER HYDRA / SANURPRO / NYK,23,1,PCS,"18,543.54","426,501.50"
,* KABEL RCA 3 - 3 (5 METER),25,1,PCS,"20,720.72","518,018.02"
,"* KABEL USB EXTENDER 1,5 METER",10,1,PCS,"10,810.81","108,108.11"
,* KABEL USB EXTENDER 3 METER,0,1,PCS,"17,117.12",0.00
,* KABEL USB EXTENDER 5 METER,2,1,PCS,"23,423.42","46,846.85"
,"* KABEL VGA 1,5 METER HQ",5,1,PCS,"21,621.62","108,108.11"
,* KABEL VGA 10 METER HQ,5,1,PCS,"62,162.16","310,810.81"
,* KABEL VGA 15 METER HQ,5,1,PCS,"86,486.49","432,432.43"
,* KABEL VGA 20 METER HQ,1,1,PCS,"195,495.50","195,495.50"
,* KABEL VGA 25 METER HQ,2,1,PCS,"171,171.17","342,342.34"
,* KABEL VGA 3 METER HQ,2,1,PCS,"27,927.93","55,855.86"
,* KABEL VGA 30 METER HQ,1,1,PCS,"200,900.90","200,900.90"
,* KABEL VGA 5 METER HQ,5,1,PCS,"38,738.74","193,693.69"
,* KERTAS BUFFALO PUTIH,158,1,PCS,"17,695.05","2,795,818.46"
,* KERTAS FOTO SPECTRA GLOSSY 260,73,1,PCS,"47,747.75","3,485,585.59"
,* KERTAS JASMINE PUTIH,104,1,PCS,"38,828.83","4,038,198.20"
,* KERTAS LINEN 200 GR F4,104,1,PCS,"33,108.11","3,443,243.24"
,* KERTAS NCR WHITE CB (TOP),49,1,PCS,"55,374.77","2,713,363.96"
,* KERTAS NCR WHITE CFB (MIDDLE),50,1,PCS,"54,756.76","2,737,837.84"
,* KERTAS THERMAL 57 X 38 MM (EDC),1498,1,PCS,"2,144.14","3,211,927.93"
,* KEY AXIOO 14E + COVER,0,1,PCS,"180,180.18",0.00
,* KEY MOUSE LOGITECH MK 220,1,1,PCS,"239,639.64","239,639.64"
,* KEYBOARD AXIOO 11G,1,1,PCS,"180,180.18","180,180.18"
,* KEYBOARD AXIOO HYPE 1,1,1,PCS,"225,225.23","225,225.23"
,* KEYBOARD AXIOO MY BOOK 14F,4,1,PCS,"182,496.78","729,987.13"
,* KEYBOARD LOGITECH USB K120,19,1,PCS,"91,891.89","1,745,945.95"
,* KEYBOARD MINI BANDA / MURAGO,13,1,PCS,"44,629.24","580,180.18"
,* KEYBOARD MTECH MULTIMEDIA 03,14,1,PCS,"32,432.43","454,054.05"
,* KEYBOARD NUMERIC (ANGKA),3,1,PCS,"31,531.53","94,594.59"
,* KEYBOARD ROBOT + MOUSE COMBO KM 3500 WIRELESS,5,1,UNIT,"94,272.07","471,360.36"
,* KEYBOARD YAMAHA PSR-SX600,0,1,UNIT,"9,909,909.00",0.00
,* LAKBAN BENING EDS - ON OPP 48MMX90Y CW,360,1,PCS,"4,954.95","1,783,783.78"
,* LAKBAN HITAM BESAR 46MM X 12MM,20,1,PCS,"10,864.86","217,297.30"
,* LAN CARD TPLINK TG-3468 (MINI PCI),2,1,PCS,"96,396.40","192,792.79"
,* LAN TESTER,10,1,PCS,"37,837.84","378,378.38"
,* LAN TESTER ETHERNET RJ45 RJ11 VENTION KEFB0,2,1,PCS,"70,270.27","140,540.54"
,* LASER LEVEL MARCDAVIS AEL 288,0,1,UNIT,"4,954,954.95",0.00
,* LCD AXIOO 14F,2,1,PCS,"1,216,216.22","2,432,432.43"
,* LCD CLEANER KIT 4 IN 1,9,1,PCS,"27,027.03","243,243.24"
,* LCD PANEL FHD 14.1 MYBOOK 14 +,0,1,PCS,"990,990.99",0.00
,* LED ACER 19 K192HQL,0,5,PCS,"1,016,726.91",0.00
,"* LED ACER 21,5 EK221QE3BI IPS FHD",0,0,PCS,"810,810.81",0.00
,* LED ASUS VP227HF 22 EYE CARE GAMING FHD (1920X1080) 100HZ 1MS MPRT,2,1,UNIT,"887,387.39","1,774,774.77"
,* LED ASUS VZ24EHF 23.8 IPS (1920x1080) 100Hz 1ms (90LM07C0-B01420),0,1,UNIT,"1,148,648.65",0.00
,"* LED LENOVO 21,5 L22e-40 VA(1920X1080) 75Hz",1,1,UNIT,"874,774.77","874,774.77"
,"* LED LG 18,5 19M38H-B HDMI",0,1,PCS,"743,243.24",0.00
,"* LED LG 18.5"" 19 M38A",0,1,PCS,"923,423.42",0.00
,* LED LG 20MK400H - B.ATI 20 HDMI *TKDN*,0,1,PCS,"842,342.34",0.00
,"* LED LG 24"" 24MR400-B FHD IPS (1920 X 1080) 100HZ 5ms #",0,1,PCS,"1,031,531.53",0.00
,* LED LG 24MK430H-B HDMI - IPS,0,1,UNIT,"1,945,454.55",0.00
,* LED LG 24MS500 -B 24 FHD 100HZ #,1,1,UNIT,"1,022,522.52","1,022,522.52"
,* LED LG 24U411A-B 23.8 IPS FHD (1920X1080) 120HZ,0,1,UNIT,"1,063,063.06",0.00
,"* LED MONITOR ACER K202HQL BI 19,5 INCS",0,1,UNIT,"954,954.95",0.00
,* LED MSI PRO MP225V 22 FHD 100HZ,0,1,UNIT,"815,315.32",0.00
,"* LED PHILIP 19,5 203V5LHSB2/70 VGA+HDMI",0,1,UNIT,"1,627,272.73",0.00
,* LED PHILIPS 272V8A/70 27 FHD (1920 X 1080),0,1,PCS,"1,774,774.77",0.00
,"* LED SAMSUNG 22"" FLAT LS22F350FHEXXD HDMI",0,1,PCS,"1,131,818.18",0.00
,"* LED SAMSUNG LS19A330NHEXXD 18,5 HDMI",0,1,PCS,"801,801.80",0.00
,* LED SAMSUNG LS27C310EAEXXD 27 FHD IPS,0,1,PCS,"1,531,531.53",0.00
,* LED TV XIAOMI L43MA-AFID 43 A 2025 FHD,0,1,UNIT,"2,463,963.96",0.00
,* LED VIEWSONIC 19 VA1903H-2 TN WXGA (1366x768) 5ms,0,1,PCS,"729,729.73",0.00
,* LEM STICK JOYCO 15GR GS - 15,24,1,PCS,"2,702.70","64,864.86"
,* LEM STICK JOYCO 8GR GS - 09,24,1,PCS,"1,711.71","41,081.08"
,* LENOVO  THINKBOOK 13S G2 ITL-20V900HQID Ci5-1135G7 16GBGB 512GB SSD INTEL IRIS XE GRAPHICS W11,0,1,UNIT,"13,878,378.38",0.00
,"* LENOVO IDEAPAD 3 14"" Ci3 - 1215U 8GB 256GB SSD WIN 11 #",0,1,UNIT,"5,053,153.15",0.00
,* LENOVO IDEAPAD 3 14ALC6-82KT00HMID AMD RYZEN 7 5700U 2X4GB 612GB SSD WIIN 11,0,1,UNIT,"9,184,684.68",0.00
,"* LENOVO IDEAPAD 3 14IGL05 INTEL N4020 4GB 256GB SSD 14"" NW",0,1,UNIT,"3,404,601.03",0.00
,"* LENOVO IDEAPAD 3 14IML05 CI3-10110U 4GB 256GB SSD 14""",0,1,UNIT,"4,945,945.95",0.00
,* LENOVO IDEAPAD 3 14ITL6 - 82H70152ID CI7-1165G7 8GB 512GB SSD MX 450 2GB NW,0,1,UNIT,"11,513,513.51",0.00
,* LENOVO IDEAPAD FLEX 5 14U7-82R70027ID Ci3-1215U 8GB 512GB SSD WIN11,0,1,UNIT,"8,932,432.43",0.00
,* LENOVO IDEAPAD GAMING 3 AMD RYZEN 5 4600H 8GB 512GB SSD VGA GTX 1650 TI,0,1,UNIT,"10,806,306.31",0.00
,* LENOVO IDEAPAD IP1 -14IGL7 INTEL N4020 8GB 256GB SSD #,0,1,UNIT,"3,740,471.24",0.00
,"* LENOVO IDEAPAD IP1-11IGL05-05ID INTEL N4020 4GB SSD 256GB 11,6"" NW",0,1,UNIT,"2,828,828.83",0.00
,"* LENOVO IDEAPAD IP3 14IRH8 Ci7 13620H 16 512GB SSD WIN 11 14""",0,1,UNIT,"9,729,729.73",0.00
,* LENOVO IDEAPAD S145-14IWL-81MU00P1ID CI5-8265U VGA,0,1,UNIT,"6,309,090.91",0.00
,* LENOVO IdeaPad Slim 3 14IRU8  Intel Core i3-1315U 8GB 512GB SSD W11,0,0,UNIT,"6,050,000.00",0.00
,* LENOVO IDEAPAD SLIM 3 AMD RYZEN 5 7530U 8GB 512GB SSD WIN 11 #,0,1,UNIT,"7,063,063.06",0.00
,* LENOVO IDEAPAD SLIM 3 CI5 12450H 16GB 512GB SSD WIN 11 ABYSS BLUE #,0,1,UNIT,"7,693,693.69",0.00
,"* LENOVO IDEAPAD SLIM 3i 14IGL05 INTEL N4020 4GB SSD 256GB 14"" WIN10",0,1,UNIT,"5,227,272.73",0.00
,* LENOVO IDEPAD FLEX 5 14IAU7 CI3-1215U 8GB 512GB SSD,0,1,UNIT,"9,090,090.09",0.00
,"* LENOVO IP D330 N4020 8GB eMMC 128GB 10.1""HD IPS TOUCH",0,1,UNIT,"3,063,063.06",0.00
,"* LENOVO V14 AMD ATHLON 3020E 8GB 256GB SSD 14""",0,1,UNIT,"4,228,828.83",0.00
,"* LENOVO V14 G2 AMD RYZEN 3 5300U 2X4GB 512GB SSD 14""",0,1,UNIT,"6,706,306.31",0.00
,"* LENOVO V14 G2 AMD RYZEN 5 5500U 8GB 512GB SSD 14""",0,1,UNIT,"8,185,585.59",0.00
,* LENOVO V14 G3 Ci3 1215U 8 256GB SSD WIN11 #,0,1,UNIT,"4,896,396.40",0.00
,* LENOVO YOGA SLIM 7 OLED 14IMH9 CORE ULTRA 5 125H 16GB 512GB SSD WIN 11 TOUCH #,0,1,UNIT,"13,099,099.10",0.00
,* LOGIC BOARD FOR G2010,1,1,PCS,"493,000.00","493,000.00"
,* LOGIC BOARD IX 6770,1,1,PCS,"626,126.13","626,126.13"
,* LYNKSYS E1700-AP (N300 Router),0,1,PCS,"650,000.00",0.00
,* MAIN PCB ASSY G1010,1,1,PCS,"279,279.28","279,279.28"
,* MAINBOARD G2730,2,0,UNIT,"743,750.00","1,487,500.00"
,* MAINTENAN BOX EPSON T04D1,1,1,PCS,"130,630.63","130,630.63"
,* MAINTENANCE BOX L15150,1,1,PCS,"477,477.48","477,477.48"
,* MAINTENANCE BOX MCG 04,38,1,PCS,"90,990.99","3,457,657.66"
,* MAINTENANCE CATRIDGE MC-G02 F,1,1,PCS,"97,756.76","97,756.76"
,* MB AXIOO MYBOOK 14E,0,1,PCS,"1,126,126.13",0.00
,* MB FAST H81 NVME,3,1,PCS,"338,588.59","1,015,765.77"
,* MB GIGABYTE H410MH V2 comet lake,0,1,PCS,"922,727.27",0.00
,* MB GIGABYTE INTEL B560M DS3H V2 REV 1.1,0,1,PCS,"1,518,018.02",0.00
,* MB GIGABYTE INTEL B860 DS3H DDR5,0,1,PCS,"2,527,027.03",0.00
,* MB GIGABYTE INTEL H410MH V2 REV 1.4,0,1,UNIT,"959,459.46",0.00
,* MB GIGABYTE INTEL H610M K DDR4,1,1,PCS,"887,387.39","887,387.39"
,* MB MSI H410M PRO-VH,0,1,UNIT,"886,363.64",0.00
,* MB MSI H510M PRO,0,1,PCS,"855,855.86",0.00
,* MB MSI H610 BOMBER DDR 4,0,1,PCS,"945,945.95",0.00
,* MB MSI INTEL H510M - A PRO,2,1,PCS,"815,315.32","1,630,630.63"
,* MB MSI INTEL PRO B760M-P DDR5,0,1,PCS,"1,824,324.32",0.00
,* MB MSI INTEL PRO H610M - E DDR4,0,1,PCS,"986,486.49",0.00
,* MB MSI INTEL PRO H610M - E DDR5,1,1,PCS,"1,063,063.06","1,063,063.06"
,* MB MSI PRO H410M - B,0,1,PCS,"886,363.64",0.00
,* MB PRINTER CANON G1020,1,1,PCS,"437,069.82","437,069.82"
,* MB PRINTER CANON G1730,1,1,PCS,"493,000.00","493,000.00"
,* MB PRINTER CANON G2010 (QM5 3529 000 999),2,1,PCS,"509,996.25","1,019,992.49"
,* MB PRINTER CANON G2020,1,1,PCS,"467,500.00","467,500.00"
,* MB PRINTER G1010,3,1,PCS,"393,243.24","1,179,729.73"
,* MB PRINTER G2770,1,1,PCS,"527,000.00","527,000.00"
,* MB X9Z H61 / B75,4,1,PCS,"206,398.71","825,594.83"
,* MEMORY MICRO SD SANDISK ULTRA 64GB (C10),4,1,PCS,"84,684.68","338,738.74"
,"* MESIN LAMINATING BLUE PRINT LITE HOT AND COLD, A4 & F4 125A",2,1,PCS,"193,693.69","387,387.39"
,* MIC HOLLYLAND LARK M2,0,1,UNIT,"1,593,693.69",0.00
,* MICRO SD 128GB CL10 ULTRA SANDISK,3,1,PCS,"146,846.85","440,540.54"
,* MICROPHONE WIRLESS TOA ZW-G810CU,0,1,PCS,"5,909,090.91",0.00
,* MIKA JILID  BENING TRANSPARANT,4,1,PCS,"24,774.77","99,099.10"
,* MIKA JILID BIRU TUA,5,1,PCS,"28,378.38","141,891.89"
,* MIKA JILID HIJAU TUA,5,1,PCS,"28,378.38","141,891.89"
,* MIKA JILID KUNING,5,1,PCS,"28,378.38","141,891.89"
,* MIKA JILID MERAH TUA,5,1,PCS,"28,378.38","141,891.89"
,* MIKA JILID UNGU,5,1,PCS,"28,378.38","141,891.89"
,* MIKROTIK RB750G R3 #,1,1,UNIT,"860,360.36","860,360.36"
,* MMR KINGSTONE DDR4 4GB PC KVR26N19S6/4G PC2666,0,1,PCS,"254,545.45",0.00
,* MMR SODDIM SAMSUNG DDR4 4GB PC4 3200 (BL),0,1,UNIT,"261,261.26",0.00
,* MMR SODIMM TEAM ELITE DDR4 4GB/2666 (BL),0,1,UNIT,"261,261.26",0.00
,"* MONITOR LED LENOVO 18,5 D19-10 VGA HDMI",0,1,UNIT,"1,225,225.23",0.00
,* MOUSE LOGITECH M90,17,1,PCS,"45,945.95","781,081.08"
,* MOUSE VOTRE / SANURPRO,23,1,PCS,"10,810.81","248,648.65"
,* MOUSE WIRELESS JETE MS 103 / MS 203,16,1,PCS,"56,216.22","899,459.46"
,* MOUSE WIRLESS M170 LOGITECH,13,1,PCS,"102,727.27","1,335,454.55"
,* MOUSEPAD LOGITECH / MICROSOFT,1008,1,PCS,"2,512.33","2,532,432.43"
,* MSI CLAW A1M CORE ULTRA 7 155H 16GB 512GB SSD WIN 11 #,0,1,UNIT,"7,738,738.74",0.00
,* NACHI LAKBAN HITAM 35 X 12M,20,1,PCS,"8,148.65","162,972.97"
,* NUC 10i3FNH2 ( BAREbone),0,1,UNIT,"3,956,363.64",0.00
,* OBENG MTECH KIT 6032 32 IN 1,2,1,PCS,"26,126.13","52,252.25"
,* PAKET PC ASUS BUILUP DG PENYUSUN SBB: PAKET PC CORE I3,0,1,SET,"5,672,727.27",0.00
,* PAKET PC LENOVO BUIL UP DG PENYUSUN SBB: PAKET PC,0,1,SET,"6,831,818.18",0.00
,* Paket PC Lenovo Built UP,0,1,SET,"7,072,727.27",0.00
,"* PANEL LCD HD 11,6 IPS MYBOOK 11G",0,1,PCS,"585,585.59",0.00
,* PANEL UNIT G2020,0,1,PCS,"255,000.00",0.00
,* PAPER FEED ENCODER PCB,1,1,PCS,"49,549.55","49,549.55"
,* PAPER KLIP NO 3,50,1,PCS,"1,441.44","72,072.07"
,* PAPER KLIP NO 5,50,1,PCS,"3,873.87","193,693.69"
,* PASTA PROCESSOR  BOTOL,10,1,PCS,"8,108.11","81,081.08"
,* PASTA PROCESSOR  SUNTIK,10,1,PCS,"3,153.15","31,531.53"
,"* PC ACER VERITION M CORE I7 (VM/0032) [GBB] VERTION M, CORE-I7 13700, 166GB DDR5, 1TB SSD, VGA 2GB, 21,5 INCS LCD WIN 11 HOME, LAN, WIFI+BLUETOOTH, DVDRW, 500W PSU",0,1,UNIT,"17,432,432.43",0.00
,"* PC ASUS BUILUP S500MC CI3-10105 4GB 1TN WIN10 LED 19,5",0,1,UNIT,"6,577,272.73",0.00
,"* PC ASUS D425MC R3220G017T AMD RYZEN 3 2200G 4GB DDR4 HDD 1TB VS207DF 19,5 INCS",0,1,UNIT,"5,000,000.00",0.00
,* PC ASUS S641MD-I38410000T CORE I3 W10 DESTOP BLACK,0,1,UNIT,0.00,0.00
,* PC BUILUP ACER TC 1650 CI7 11700 2X4GB 1TB GT 730 2GB  LED ACER  21.5,0,1,UNIT,"11,608,108.11",0.00
,"* PC BUILUP ASUS D340MC CI5-8400 8GB 1TB HDD LED 19,5",0,1,UNIT,"7,545,454.55",0.00
,"* PC BUILUP ASUS S500TC INTEL G5905 4GB 1TB LED 19,5",0,1,UNIT,"5,763,636.36",0.00
,* PC BUILUP CI3 PC ASUS S500TC Ci3-10105 4GB 1TB HDD W11 LED 19 INCS,0,1,PAKET,"6,783,783.78",0.00
,"* PC BUILUP LENOVO THINK CENTRE NEO 50T CORE I3 12100 4GB 256GB SSD LED 21,5 DVD RW",0,1,UNIT,"6,801,801.80",0.00
,"* PC CI3 ASUS S300TA CI3 - 10100 4GB 1TB HDD LED 19,5 WIN 10",0,1,UNIT,"6,059,090.91",0.00
,* PC LENOVO THINK CENTRE M90N-1 NANO -11ADS07E00 CI3,0,1,UNIT,0.00,0.00
,* PC SERVER ASUS TS100-E11/PI4 16GB x 2 1TB DVDRW Black,0,1,UNIT,"14,684,684.68",0.00
,* PC SERVER DELL Power Edge T40,0,1,UNIT,"9,765,765.77",0.00
,* PC SERVER DELL POWER EDGE T40 XEON E-2224G 16GB 1TB,0,1,UNIT,"12,432,432.43",0.00
,* PEDAL SUSTAIN KEYBOARD,1,1,UNIT,"135,137.00","135,137.00"
,* PLASTIK LAMINATING BLUE PRINT F4,10,1,PCS,"60,810.81","608,108.11"
,* PLUSTEK E-SCAN A350,0,1,UNIT,"10,227,272.73",0.00
,* PLUSTEK MOBILE OFFICE AD470,0,1,UNIT,"3,387,387.39",0.00
,* PLUSTEK MOBILE OFFICE S410,0,1,UNIT,"1,613,513.51",0.00
,* PLUSTEK PN30U,0,1,PCS,"5,850,000.00",0.00
,* PLUSTEK SMART OFFICE PS3150U,0,1,UNIT,"6,918,918.92",0.00
,* PLUSTEK SMART OFFICE PS3180U,0,1,UNIT,"7,207,207.21",0.00
,* POE SWITCH HIK DS - 3E0510P-E/M PL,0,1,PCS,"678,590.99",0.00
,* POWER BANK JETE 10.000,3,1,PCS,"90,000.00","270,000.00"
,* POWER SUPLAY G-1010/2010/3010,0,1,PCS,"251,983.48",0.00
,* POWER SUPLAY G3770,2,1,PCS,"315,315.32","630,630.63"
,* PRINT HEAD BLACK G2020 / G1020 / BH 70,3,1,UNIT,"360,120.12","1,080,360.36"
,* PRINT HEAD COLOR G2020 / G1020 / CH 70,0,1,UNIT,"372,132.13",0.00
,* PRINTER CANON G1010,18,1,UNIT,"872,205.54","15,699,699.70"
,* PRINTER CANON G1020,0,1,UNIT,"1,351,351.35",0.00
,* PRINTER CANON G2010 PSC,0,1,UNIT,"1,603,603.60",0.00
,* PRINTER CANON G2020 PSC,0,1,UNIT,"1,783,783.78",0.00
,* PRINTER CANON G2730,7,1,UNIT,"1,265,765.77","8,860,360.36"
,* PRINTER CANON G2770,9,1,UNIT,"1,438,669.44","12,948,024.95"
,* PRINTER CANON G3010 Wifi PSC (BL),0,1,UNIT,"2,036,036.04",0.00
,* PRINTER CANON G3730,1,1,UNIT,"1,900,900.90","1,900,900.90"
,* PRINTER EPSON L11050,0,1,UNIT,"5,810,810.81",0.00
,* PRINTER EPSON L121,9,25,UNIT,"1,302,096.57","11,718,869.11"
,* PRINTER EPSON L1210,2,1,UNIT,"1,752,924.25","3,505,848.51"
,* PRINTER EPSON L1250,0,1,UNIT,"1,936,936.94",0.00
,* PRINTER EPSON L1300,0,1,UNIT,"5,495,495.50",0.00
,* PRINTER EPSON L14150,0,1,UNIT,"6,486,486.49",0.00
,* PRINTER EPSON L1455,0,1,UNIT,"9,227,272.73",0.00
,* PRINTER EPSON L15150 A3 Wi-Fi (PSC ),0,1,UNIT,"11,261,261.26",0.00
,* PRINTER EPSON L1800,0,1,UNIT,"7,297,297.30",0.00
,* PRINTER EPSON L18050,0,1,UNIT,"7,567,567.57",0.00
,* PRINTER EPSON L3210,0,40,UNIT,"1,834,469.53",0.00
,"* PRINTER EPSON L3211 PRINT, SCAN COPY",0,40,UNIT,"1,854,556.89",0.00
,* PRINTER EPSON L3250 WIFI PRINT SCAN COPY,-1,1,UNIT,"2,190,476.19","-2,190,476.19"
,* PRINTER EPSON L3251 WIFI PSC TKDN,0,1,UNIT,"2,319,819.82",0.00
,* PRINTER EPSON L3550,0,1,UNIT,"2,882,882.88",0.00
,"* PRINTER EPSON L4260 A4 WIFI (PRINT, SCAN, COPY)",1,1,UNIT,"3,423,423.42","3,423,423.42"
,* PRINTER EPSON L5290,1,1,UNIT,"3,397,897.90","3,397,897.90"
,* PRINTER EPSON L6260,0,1,UNIT,"4,099,099.10",0.00
,* PRINTER EPSON L6270,0,1,UNIT,"4,301,801.80",0.00
,* PRINTER EPSON L805,0,1,UNIT,"3,603,603.60",0.00
,* PRINTER EPSON L8050,0,1,UNIT,"3,941,441.44",0.00
,* PRINTER EPSON LQ 2190 DOT MATRIX,0,1,UNIT,"8,027,027.03",0.00
,* PRINTER EPSON LQ 310 DOT MATRIX HIGH SPEED,0,1,UNIT,"2,747,747.75",0.00
,* PRINTER EPSON LQ2190 Dot matrix,0,1,UNIT,"7,815,315.32",0.00
,* PRINTER EPSON LX 310,1,1,UNIT,"2,518,018.02","2,518,018.02"
,* PRINTER EPSON M1100,0,1,UNIT,"1,800,000.00",0.00
,* PRINTER EPSON PLQ 30,0,1,UNIT,"6,472,972.97",0.00
,* PRINTER EPSON TMT 82X - 441 USB SERIAL,0,1,UNIT,"2,068,181.82",0.00
,* PRINTER EPSON TMU 220D - 776 USB MANUAL,0,1,UNIT,"1,923,423.42",0.00
,* PRINTER EPSON WORKFORCE WF 100,0,1,UNIT,"3,181,818.18",0.00
,* PRINTER HP 315 PSC INK TANK,0,1,UNIT,"1,441,441.44",0.00
,* PRINTER THERMAL BP-ECO58D LISTRIK,5,1,PCS,"234,234.23","1,171,171.17"
,* PROC AMD RYZEN 5 5600,0,1,PCS,"1,391,891.89",0.00
,* PROC I7 10700F COMET LAKE,0,1,PCS,"2,898,648.65",0.00
,* PROC INTEL CORE - I5 12400,1,1,PCS,"2,234,234.23","2,234,234.23"
,* PROC INTEL CORE - I5 14400 RAPTOR LAKE,0,1,PCS,"2,500,000.00",0.00
,* PROC INTEL CORE - i7 14700K RAPTOR LAKE,0,1,PCS,"5,328,828.83",0.00
,* PROC INTEL CORE I3 - 10105 COMET LAKE,0,1,UNIT,"1,540,540.54",0.00
,* PROC INTEL CORE I3 GEN 2,9,1,PCS,"87,984.43","791,859.91"
,* PROC INTEL CORE i5 11400 ROCKET LAKE,0,1,PCS,"1,860,360.36",0.00
,* PROC INTEL CORE i5 11400F ROCKET LAKE #,0,1,PCS,"1,459,459.46",0.00
,* PROC INTEL CORE I7 12700 ALDER LAKE,0,1,PCS,"3,936,936.94",0.00
,* PROC INTEL CORE ULTRA 7 265K,0,1,PCS,"4,851,351.35",0.00
,* PROC INTEL I3 10100 COMET LAKE INCLUD FAN,0,1,PCS,"1,626,126.13",0.00
,* PROC INTEL I5 10400 COMET LAKE INCLUD FAN (ONBOARD VGA),2,1,UNIT,"1,772,727.27","3,545,454.55"
,* PROC INTEL I5 10600KA comet lake (onboard VGA),0,1,PCS,"3,190,909.09",0.00
,* PROC INTEL I7 11700K ROCKET LAKE,0,1,PCS,"6,172,727.27",0.00
,* PROC INTEL I7 12700F ALDER LAKE #,0,1,PCS,"3,626,126.13",0.00
,* PROCESSOR INTEL CORE I5 4590,1,1,PCS,"297,297.30","297,297.30"
,* PROJECTOR ACER BS 020P DLP 4000 Lumens + TAS,0,6,UNIT,"4,102,347.51",0.00
,* PROJECTOR ACER BS 021A 4800 LUMENS,2,8,UNIT,"4,162,939.39","8,325,878.79"
,* PROJECTOR ACER BS 120 DLP XVGA 4000 LUMENS,0,1,UNIT,"4,260,023.76",0.00
,* PROJECTOR ACER X1 DLP XGA 4000 LUMENS TKDN,0,1,UNIT,"4,689,189.19",0.00
,* PROJECTOR EB 972 #,0,1,UNIT,"8,738,738.74",0.00
,* PROJECTOR EPSON CO-FH01 FULL HD 3000 LUMENS,0,1,UNIT,"6,657,657.66",0.00
,* PROJECTOR EPSON CO-FH02 FULL HD #,0,1,UNIT,"9,009,009.01",0.00
,* PROJECTOR EPSON EB - FH52 3LCD 4000 LUMENS + TAS,0,1,UNIT,"11,788,288.29",0.00
,* PROJECTOR EPSON EB E500 XVGAVGA HDMI,0,2,UNIT,"5,405,405.41",0.00
,* PROJECTOR EPSON EB E600 XGA 3LCD 3400 LUMENS,0,1,UNIT,"5,481,981.98",0.00
,* PROJECTOR EPSON EB W51,0,1,UNIT,"8,018,018.02",0.00
,* PROJECTOR EPSON EB-E01 3 LCD,4,1,UNIT,"4,539,817.60","18,159,270.38"
,* PROJECTOR EPSON X06,0,1,UNIT,"5,270,270.27",0.00
,* PROJECTOR VIEW SONIC SP3 SVGA 4800 ANSI LUMENS,2,1,UNIT,"3,974,774.77","7,949,549.55"
,* PSU AEROCOOL LUX 550W BRONZE,1,1,PCS,"472,972.97","472,972.97"
,* PSU AEROCOOL LUX RGB 650 WATT 80 PLUS,1,1,PCS,"558,558.56","558,558.56"
,* PSU CCTV JARING 30A,9,1,PCS,"121,621.62","1,094,594.59"
,* PSU CCTV SN 120 20A (JARING),9,1,PCS,"103,603.60","932,432.43"
,* PSU COOLER MASTER ELITE NEX PN600,0,1,PCS,"536,036.04",0.00
,* PSU COOLER MASTER ELITE V3 P500 500W,0,1,PCS,"427,927.93",0.00
,* PSU COOLER MASTER ELITE V4 600W BOX WHITE,0,1,PCS,"612,612.61",0.00
,* PSU CORSAIR CX650 650 WATT 80 PLUS BRONZE ATX,0,1,PCS,"765,765.77",0.00
,* PSU DEEPCOOL DE530 400W 80 +,0,1,PCS,"377,272.73",0.00
,* PSU HIK C8,3,1,PCS,"144,144.14","432,432.43"
,* PSU PC COOLER KF650 650WATT ATX 80 PLUS 230V EU,0,1,PCS,"454,954.95",0.00
,* PSU PC COOLER PLUSES HW400 (400WATT),3,1,PCS,"184,684.68","554,054.05"
,* PSU PCCOOLER KF450 450 WATT ATX 80 PLUS,0,1,PCS,"360,360.36",0.00
,* PSU PCCOOLER KF750 750W ATX 80 PLUS 230V,1,1,PCS,"495,495.50","495,495.50"
,* PSU PCCOOLER PLUSESHW500-NP 500WATT,0,1,PCS,"207,207.21",0.00
,* PSU PRINTER G1020 / G2020,3,1,PCS,"263,754.47","791,263.42"
,* PSU PRINTER G3770 / G2770,0,1,PCS,"297,500.00",0.00
,* PSU SIMBADDA 400 W BOX,0,1,PCS,"211,818.18",0.00
,* QUIK CHARGER HP TC JETE C82 TINY3 MICRO KABEL,3,1,PCS,"27,027.03","81,081.08"
,* QUIK CHARGER HP TC JETE C82 TINY3 TYPE C,4,1,PCS,"31,531.53","126,126.13"
,* RAM ADATA DDR4 XPG GAMMIX D35 8GB PC4-25600 speed 3200MHz (AX4U32008G16A-SBKD35) CL16 - BLACK,0,1,PCS,"216,216.22",0.00
,* RAM APACER DDR4 PHANTER GAMING 8GB,2,1,PCS,"477,477.48","954,954.95"
,* RAM CORSAIR DDR4 PC 1X8GB VENGEANCE LPX,0,1,PCS,"382,882.88",0.00
,* RAM CORSAIR DDR4 PC1X16GB CMK16GX4M1A2666C16,0,1,PCS,"684,684.68",0.00
,* RAM CORSAIR DDR5 PC 16GB 5600MHZ,1,1,PCS,"1,247,747.75","1,247,747.75"
,* RAM CORSAIR DDR5 PC RGB 32GB (2X16GB) 6600MT/S BLACK,0,1,PCS,"2,333,333.33",0.00
,* RAM CORSAIR DDR5 PC32GB 2X16GB 5200HZ CMK32GXM2B5200C40W 5200MT/s CL40 VENGEANCE WHITE,0,1,PCS,"1,364,864.86",0.00
,* RAM GSKILL DDR4 8GB,0,1,PCS,"463,963.96",0.00
,* RAM KINGSTONE DDR4 FURY BEAST 16GB PC 3200,0,1,PCS,"483,783.78",0.00
,* RAM KINGSTONE DDR4 FURY BEAST RGB 8GB PC3200,0,1,PCS,"405,405.41",0.00
,* RAM KINGSTONE FURY BEAST DDR5 16GB 5600MT/S CL36,0,1,PCS,"716,216.22",0.00
,* RAM KINGSTONE FURY BEAST DDR5 16GB 6000MT/S AD,0,1,PCS,"1,094,594.59",0.00
,* RAM KINGSTONE FURY BEAST DDR5 8GB 6000MT/S,2,1,PCS,"509,009.01","1,018,018.02"
,* RAM PC DDR 4 SERVER ECC 8GB,0,1,PCS,"1,171,171.17",0.00
,* RAM PC KINGSTON FURY BEAST 8GB DDR4 PC2666,0,1,PCS,"663,636.36",0.00
,* RAM PC KINGSTONE DDR3 4GB,1,1,PCS,"85,585.59","85,585.59"
,* RAM PC KINGSTONE DDR3 8GB,8,1,PCS,"189,189.19","1,513,513.51"
,* RAM PC KINGSTONE DDR4 8GB,0,1,PCS,"369,369.37",0.00
,* RAM PC KINGSTONE HYPERX FURY 16GB DDR4,0,1,PCS,"1,254,545.45",0.00
,* RAM PC LEXAR DDR 4 8GB PC4-2666,0,1,PCS,"418,181.82",0.00
,* RAM TEAM ELITE PLUS DDR4 16GB PC 3200 PENDINGIN #,0,1,PCS,"459,459.46",0.00
,* RAM VISIPRO DDR4 SERVER ECC 32GB PC2666MHZ,0,1,PCS,"2,860,360.36",0.00
,* REFILL PITA PRINTER EPRINT 8758,9,1,PCS,"7,986.49","71,878.38"
,* RIBBON CATRIDGE EPSON LX310,14,25,PCS,"38,540.01","539,560.15"
,* RIBBON CATRIGDE EPSON LX 300,4,1,PCS,"38,738.74","154,954.95"
,* RIBBON PACK EPSON LX310 #,70,25,PCS,"31,531.53","2,207,207.21"
,* ROBOT HUB USB H140-80,32,1,PCS,"32,960.65","1,054,740.71"
,* ROBOT KEY + MOUSE KM3100 WIRELESS,11,1,PAKET,"120,360.36","1,323,963.96"
,* ROBOT KEY MOUSE KM4000 WIRELESS SILENT KEY,0,1,UNIT,"165,454.55",0.00
,* ROBOT KEYBOARD RK20,17,1,PCS,"68,297.10","1,161,050.68"
,* ROBOT MOUSE M130 WIRED MOUSE COLORFUL LED,6,1,PCS,"33,906.71","203,440.28"
,* ROBOT Mouse Wireless M210S Silent Click,0,1,PCS,"51,351.35",0.00
,* ROBOT MOUSE WIRELESS M370 SILENT,5,1,PCS,"53,153.15","265,765.77"
,* ROBOT RB290 SOUNDBAR BT,0,1,UNIT,"117,722.63",0.00
,* ROBOT RB680 SPEAKER BT,3,1,UNIT,"182,425.15","547,275.44"
,* ROBOT RS180 MULTIMEDIA SPEAKER,26,1,UNIT,"48,526.89","1,261,699.04"
,* ROTATING LASER LEVEL TOPCON RL-H5A,0,1,UNIT,"17,567,567.57",0.00
,* ROUTER ASUS RT AX1800HP DUAL BAND WIFI 6,0,1,UNIT,"968,468.47",0.00
,* RUIJIE REYEE ROUTER RG-EW1800GX PRO AX1800 MESH GIGABIT DUAL BAND WIFI 6,0,1,PCS,"747,747.75",0.00
,* SAMBUNGAN KABEL LAN BARREL RJ54,20,1,PCS,"2,702.70","54,054.05"
,* SAMSUNG GALAXY TAB 8 X205 LTE 4 / 128GB,0,1,UNIT,"3,873,873.87",0.00
,* SAMSUNG GALAXY TAB S10+ WIFI ONLY 12GB 256GB,0,1,UNIT,"14,600,000.00",0.00
,* SCANNER BROTHER DS-640,0,1,UNIT,"1,718,181.82",0.00
,* SCANNER CANON LIDE 300,3,1,UNIT,"837,837.84","2,513,513.51"
,* SCANNER EPSON DS - 530 II,0,1,UNIT,"7,049,549.55",0.00
,* SCANNER EPSON DS 1630,0,1,UNIT,"5,360,360.36",0.00
,* SCANNER EPSON DS 310,1,1,UNIT,"3,963,963.96","3,963,963.96"
,* SCANNER EPSON DS 730N,0,1,UNIT,"8,378,378.38",0.00
,* SCANNER EPSON DS 770 II,0,1,UNIT,"10,315,315.32",0.00
,* SCANNER EPSON DS C330,0,1,UNIT,"3,873,873.87",0.00
,* SCANNER EPSON DS-780N,0,1,Buah,"11,036,036.04",0.00
,* SCANNER EPSON DS410,1,1,UNIT,"4,378,378.38","4,378,378.38"
,* SCANNER EPSON ES60W,0,1,UNIT,"1,914,414.41",0.00
,* SCANNER EPSON V 39,0,1,UNIT,"781,818.18",0.00
,* SCANNER EPSON WORKFORCE DS - 360W,0,1,UNIT,"4,054,054.05",0.00
,* SCANNER EPSON WORKFORCE DS 6500,0,1,UNIT,"13,693,693.69",0.00
,* SCANNER Fujitsu Fast Image Fi-7140,0,1,UNIT,"12,480,180.18",0.00
,* SCANNER FUJITSU SP 1130N,0,1,UNIT,"5,990,990.99",0.00
,* SCANNER PLUSTEK OPTIC SLIM 1180,0,1,UNIT,"3,531,531.53",0.00
,* SCANNER PLUSTEK OpticSlim 1680,0,1,UNIT,"4,230,630.63",0.00
,* SCANNER PLUSTEK PS396 PLUS,0,1,UNIT,"6,802,702.70",0.00
,* SCANNER PLUSTEK SMART OFFICE PS 283,0,1,UNIT,"3,459,459.46",0.00
,* Scanner Plustek Smart Office PS186,0,1,PCS,"4,135,135.14",0.00
,* SCANNER PLUSTEK SMART OFFICE PS286 PLUS,0,1,UNIT,"4,540,540.54",0.00
,* SCANNER PLUSTEK SMART OFFICE PT2160,0,1,UNIT,"9,636,036.04",0.00
,"* SEAGATE EXT 1 TB 2,5"" EXPANSION",1,1,PCS,"836,363.64","836,363.64"
,* SIDU A4 70,267,1,PCS,"34,234.26","9,140,547.93"
,* SIDU F4 70,269,1,PCS,"39,144.77","10,529,943.51"
,* SODIMM KINGSTONE DDR3L 4GB,2,1,PCS,"94,594.59","189,189.19"
,* SODIMM KINGSTONE DDR4 8GB,3,1,PCS,"360,360.36","1,081,081.08"
,* SODIMM LEXAR DDR4 8GB PC 3200,1,1,PCS,"459,459.46","459,459.46"
,* SODIMM TEAM ELITE DDR5 8GB 5600MHZ #,0,1,PCS,"450,450.45",0.00
,* SOUNDCARD USB 7.1,2,1,PCS,"16,216.22","32,432.43"
,* SPEAKER ADVANCE K1512K,1,1,UNIT,"1,481,981.98","1,481,981.98"
,* SPIDOL PERMANENT SNOWMAN,144,1,PCS,"4,701.02","676,946.59"
,* SPIDOL SNOWMAN WHITE BOARD (WB-BG-12 HT),144,1,PCS,"5,537.16","797,351.35"
,* SSD ADATA 256GB ULTIMATE SU650 3D NAND 2.5 SATA,0,1,PCS,"351,351.35",0.00
,* SSD ADATA 512GB XPG SX6000 PRO M.2 2280 PCIE GEN 3X4,0,1,PCS,"463,963.96",0.00
,* SSD APACER 256GB AS350 PANTHER SATA III,0,1,PCS,"346,846.85",0.00
,* SSD APACER 256GB M.2 2280 NVME,2,1,PCS,"387,387.39","774,774.77"
,"* SSD APACER 512GB AS350 PANTHER SATA III 2,5",1,1,PCS,"572,072.07","572,072.07"
,* SSD EXT PORTABLE WD MY PASSPORT 1TB,0,1,PCS,"1,558,558.56",0.00
,* SSD EXTERNAL PORTABLE APACER AS723 512GB,2,1,PCS,"770,270.27","1,540,540.54"
,* SSD GIGABYTE NVME M.2 2280 256GB,0,1,PCS,"346,846.85",0.00
,* SSD GIGABYTE NVME M2. 2280 512GB,0,1,PCS,"477,477.48",0.00
,* SSD KINGSTONE 250GB NVME M2 NV1,0,1,PCS,"463,636.36",0.00
,* SSD LEXAR 1TB NM620 NVME PCIE GEN3X4 3500MB/S read 3500MB/s writeLNM620X001T-RNNNG,0,1,PCS,"914,414.41",0.00
,* SSD LEXAR 1TB NM710  M.2 2280 PCIE GEN4X4  NVME,0,1,PCS,"788,288.29",0.00
,"* SSD LEXAR 256GB LNS100 - 256RB VALUE 2,5 SATA",0,1,PCS,"265,765.77",0.00
,* SSD LEXAR 256GB NM620 M.2 2280 NVME PCIE GEN3X4,1,1,PCS,"373,873.87","373,873.87"
,* SSD LEXAR 512 NM620 M.2 2280 NVME PCIE GEN3X4,0,1,PCS,"612,612.61",0.00
,"* SSD MSI SPATINUM S270 240GB SATA 2,5 #",0,1,PCS,"261,261.26",0.00
,* SSD MSI SPATIUM M371 500GB OCIE 3.0 X 4 NVME M.2,0,1,PCS,"554,054.05",0.00
,* SSD SAMSUNG 500GB 870 EVO,0,1,PCS,"666,666.67",0.00
,* SSD SAMSUNG 500GB 980 NVME MZ - V8V500BW,0,1,PCS,"666,666.67",0.00
,* SSD SEAGATE BARRACUDA Q5 M.2 NVME 500GB,0,1,PCS,"913,636.36",0.00
,* SSD WD BLACK 500GB SN770 NVME M.2 2280 GEN4 5000 MB/S AD,0,1,PCS,"873,873.87",0.00
,* SSD WD BLUE 500GB M.2 SN550 Nvme,0,1,PCS,"890,909.09",0.00
,* SSD WD BLUE BLUE 250GB,0,1,PCS,0.00,0.00
,* STAND KEYBOARD DOUBLE TARIK,1,1,UNIT,"247,747.74","247,747.74"
,* STAVOLT MATSUNAGA 3000W,0,1,UNIT,"1,050,000.00",0.00
,* STEPLES DELI HD 10 E0224,23,1,PCS,"6,655.41","153,074.32"
,* STEPLES DELI HD 50 24/6 E0325,24,1,PCS,"14,369.37","344,864.86"
,* STIKER NAMA UNDANGAN MOTIF KEMBANG 103,1600,1,PCS,"2,252.25","3,603,603.60"
,* STIKER NAMA UNDANGAN POLOS (103),2400,1,PCS,"1,981.98","4,756,756.76"
,* Tablet Axioo MYTAB 8G,0,1,PCS,"1,409,090.91",0.00
,* TANDON PENGUIN TBSK STAINLESS 1000 LITER,0,1,UNIT,"4,108,108.11",0.00
,* TANG CRIMPING RJ45 BIASA,5,1,PCS,"50,450.45","252,252.25"
,* TANG CRIMPING TOOL VENTION MULTI-FUNCTION,2,1,PCS,"78,378.38","156,756.76"
,* TINTA CANON ORI 790 BLACK,10,1,PCS,"90,090.09","900,900.90"
,* TINTA CANON ORI GI - 71 BLACK,27,1,PCS,"92,792.79","2,505,405.41"
,* TINTA EPRINT CANON 100ML BK,20,1,PCS,"25,337.84","506,756.76"
,* TINTA EPRINT CANON 100ML C,20,1,PCS,"25,337.84","506,756.76"
,* TINTA EPRINT CANON 100ML M,18,1,PCS,"25,337.84","456,081.08"
,* TINTA EPRINT CANON 100ML Y,20,1,PCS,"25,337.84","506,756.76"
,* TINTA EPSON 774 BLACK,7,1,PCS,"144,144.14","1,009,009.01"
,* TINTA SPIDOL SNOWMAN PERMANEN MIG-20 HITAM,144,1,PCS,"7,432.43","1,070,270.27"
,* TINTA SPIDOL SNOWMAN WBI-20 HT ( WHITE BOARD ),360,1,PCS,"11,980.72","4,313,060.81"
,* TOA COLUMN SPEAKER 20 WATT ZS-202C,0,1,UNIT,"809,658.18",0.00
,* TOP CASE AXIOO,0,1,PCS,"72,072.07",0.00
,* TPLINK 725 USB WIFI,4,1,PCS,"63,063.06","252,252.25"
,* TPLINK ROUTER TL WR840N,100,1,PCS,"133,333.33","13,333,333.33"
,* TPLINK SWITCH 16 PORT TL-SG1016(UN) GIGABIT RACKMOUNT,0,1,UNIT,"1,022,727.27",0.00
,* TPLINK SWITCH 16 PORT TL-SG1016D GIGABIT VER 11.0,0,1,UNIT,"701,801.80",0.00
,* TPLINK SWITCH 5 PORT LS1005 ( HUB LAN 5 PORT K ),5,1,PCS,"59,459.46","297,297.30"
,* TPLINK SWITCH 8 PORT LS1008 (HUB LAN 8 PORT K),5,1,PCS,"72,972.97","364,864.86"
,* TPLINK TL WR844N,5,1,PCS,"126,126.13","630,630.63"
,* TPLINK TL-SF1016D SWITCH 16 PORT (HUB LAN 16 PORT),1,1,PCS,"203,603.60","203,603.60"
,"* TRIPOT LAYAR PROJECTOR 70 """,4,1,UNIT,"352,185.52","1,408,742.08"
,"* TRIPOT SCREEN 84"" PIXEL SCREEN XT84",0,1,UNIT,"842,342.34",0.00
,* UGREEN LASER POINTER,2,1,PCS,"99,099.10","198,198.20"
,* UPS APC 5000VA SRT5KXLI,0,1,UNIT,"33,227,272.73",0.00
,"* UPS APC PRO BR900MI, BR900VA, 6 OUTLETS, AVR, LCD",0,1,UNIT,"2,809,090.91",0.00
,* UPS PROLINK PRO 1210 SFC,0,1,PCS,"890,909.09",0.00
,* UPS PROLINK PRO 700 SFC,0,1,PCS,"550,000.00",0.00
,* USB LAN 3.0 GIGABIT,2,1,PCS,"68,468.47","136,936.94"
,* USB TO ETHERNET ADAPTER (USB LAN),1,1,PCS,"27,927.93","27,927.93"
,* USB WIFI TPLINK WN 722,0,1,PCS,"87,387.39",0.00
,* VGA CARD MSI GTX 1650 D6 VENTUS XS 4GB OCV3 EDITION,0,1,PCS,"1,927,927.93",0.00
,* VGA CARD MSI RTX 3050 VENTUS 2X E 6G OC GDDR6,1,1,PCS,"2,500,000.00","2,500,000.00"
,* VGA COLOURFUL GT710 2GD3-V,1,1,PCS,"459,459.46","459,459.46"
,* VGA COLOURFUL RTX 3050 NB DUO 8GB V2 GDDR6 128 BIT,1,1,PCS,"3,193,693.69","3,193,693.69"
,* VGA MSI GTX 1660 SUPER VENTUS XS OC 6GB DDR 6 (2 FAN),0,1,PCS,"3,405,405.41",0.00
,* VGA MSI RTX 3050 VENTUS 2X XS 8G OC GDDR6 2 FAN,0,1,PCS,"3,225,225.23",0.00
,* VOXY MOUSE WIRELESS E24,100,1,PCS,"24,000.00","2,400,000.00"
,* VOXY MOUSE WIRELESS W800,149,1,PCS,"28,000.00","4,172,000.00"
,"* WALL SCREEN 120"" PIXEL SCREEN XH120 HANGING UP ROLL",0,1,UNIT,"923,423.42",0.00
,* WALL SCREEN 70 #,0,1,PCS,"337,837.84",0.00
,"* WALL SCREEN 84"" MYSCREEN FOCUS MOTORIZED + REMOT",0,1,UNIT,"2,288,288.29",0.00
,* WEBCAM JETE W7 1080P,3,1,PCS,"135,045.05","405,135.14"
,* WEBCAM LOGITECH C310 HD 720/30fps (BL),0,1,UNIT,"337,837.84",0.00
,*Acer Aspire Go 14 AG14 Core 5 120U 16GB(2x8) DDR4  512GB SSD W11,0,1,UNIT,"7,608,108.11",0.00
,*Acer Aspire Lite AL14 Core i5 13500H 16GB 512GB SSD W11,1,1,UNIT,"7,414,414.41","7,414,414.41"
,*ACER Swift Go 14 SFG14 Intel Core i5 13500H 16GB 512GB SSD W11 (Touch),0,0,UNIT,"11,899,000.00",0.00
,*ADAPTOR CHARGER AXIOO HYPE 5,2,0,PCS,"112,612.61","225,225.23"
,*AIO Acer Aspire C22 1800 i3 1305U 8GB 512GB 21.5 FHD W11,0,1,UNIT,0.00,0.00
,*AIO ASUS EXPERT CENTER P400 P440VAK INTEL CORE i7 - 13620H 8GB DDR5 512GB SSD WIN 11,0,1,UNIT,0.00,0.00
,*AIO ASUS ExpertCenter P400 P440VAK Core i5 13420H 8GB DDR5 512GB SSD W11 Home,0,0,PCS,"8,711,711.71",0.00
,*AIO LENOVO ThinkCentre neo Gen 5 Core i7 13620H 16GB 1TB SSD W11,0,1,UNIT,0.00,0.00
,*ASUS Vivobook 14 A1404VA Intel Core i5 1335U 16GB DDR4 512GB SSD W11,0,0,UNIT,0.00,0.00
,*ASUS Vivobook 14 A1404ZA Intel Core i5-1235U 16GB 512GB SSD W11,0,0,UNIT,"7,058,558.56",0.00
,*ASUS VIVOBOOK A1404VA INTEL I3 1315U 8GB 512GB SSD W11,0,1,UNIT,"6,387,387.39",0.00
,*BATERAI AXIOO SERI 14F,2,0,PCS,"198,198.20","396,396.40"
,*BRACKET BRATECK KL31 22T,3,1,UNIT,"56,756.76","170,270.27"
,*BRACKET LCD PROJECTOR XB65,1,1,UNIT,"135,135.14","135,135.14"
,*BRACKET OXIMUS TL220,1,1,UNIT,"51,351.35","51,351.35"
,*HDD PC OSMOUS CCTV 1TB 5400RPM,0,1,PCS,"590,090.09",0.00
,*HDD PC OSMOUS CCTV 2TB 5400RPM,0,1,PCS,"603,603.60",0.00
,*HDD PC SEAGATE CCTV 1TB SKYHAWK,1,1,PCS,"905,405.41","905,405.41"
,*KEYBOARD AXIOO HYPE 5,0,0,UNIT,"360,360.36",0.00
,*LED LG 24G411A 24 UltraGear G4 FHD IPS (1920X1080) 120Hz,0,1,UNIT,"1,184,684.68",0.00
,*LED SAMSUNG 24 INCH LS24F320GAEXXD 24 Essential S3 S32GF IPS FHD,1,1,PCS,"1,018,018.02","1,018,018.02"
,"*LED SAMSUNG LS24F320GAEXXD 24 Essential S3 S32GF IPS FHD (1,920 x 1,080) 120Hz 5 (GTG)",0,0,PCS,"1,220,720.72",0.00
,*MB MSI AMD A520 M PRO,0,0,UNIT,"779,279.28",0.00
,*Microphone Condenser Mtech CM100,2,0,UNIT,"75,675.68","151,351.35"
,*MODEM ORBIT STAR H2,1,0,PCS,"472,972.97","472,972.97"
,*PROCESSOR AMD RYZEN 5 5600 Tray,0,1,PCS,0.00,0.00
,*RAM Apacer DDR4 TEX Gaming 16GB PC 3200,1,1,PCS,"896,396.40","896,396.40"
,*SODIMM KINGSTON DDR4 8GB pc3200,1,0,PCS,"468,468.47","468,468.47"
,*SSD ADATA 500GB LEGEND 860 PCIe Gen4x4 M.2 2280,1,0,PCS,"666,666.67","666,666.67"
,"*SSD APACER 240GB AS340 PANTHER SATA 2,5",9,1,PCS,"351,351.35","3,162,162.16"
,*SSD APACER 512GB M.2 2280 NVME AS2280P4,2,1,PCS,"675,675.68","1,351,351.35"
,*SSD LEXAR 1TB NM790 M.2 2280 PCIe Gen4x4 NVMe,0,1,PCS,"1,575,000.00",0.00
,*TINTA HP GT 53 BLACK,5,1,PCS,"74,774.77","373,873.87"
,*UPS APC 3000VA SRV3KI-E,0,0,PCS,0.00,0.00
,*UPS APC BVX1200LI MS 230V,0,1,UNIT,"1,470,000.00",0.00
,*VGA COLORFUL RTX 3050 DDR6 128BIT,0,1,PCS,0.00,0.00
,1 SET CATRIDGE HP 933,0,1,SET,"1,465,000.00",0.00
,A516JA - Ci3 1005G1 - 4GB - 256GB SSD W10,0,1,UNIT,"7,000,000.00",0.00
,ABSENSI FACE ISOLUTION X606 - S,0,1,PCS,"1,550,000.00",0.00
,AC PANASONIC 1 PK,0,1,UNIT,"3,740,000.00",0.00
,AC POLYTRON 1 PK,0,1,UNIT,"3,200,000.00",0.00
,AC POLYTRON 1 PK DY,0,1,UNIT,"6,500,000.00",0.00
,AC SHARP 1/2 PK + PASANG,0,1,UNIT,"3,300,000.00",0.00
,AC SHARP 1PK,1,1,UNIT,"3,750,000.00","3,750,000.00"
,AC SHARP 2 PK + PASANG,0,1,UNIT,"7,050,000.00",0.00
,AC SHARP AH-A09ZVY 1 PK TP,0,1,UNIT,"5,544,150.00",0.00
,ACER 3 A311 C67G CEL N4020 4GB 500GB W10 (STONE BLUE),0,1,UNIT,"3,799,000.00",0.00
,ACER 3 A311 CEL 4GB 500GB W10 (BLACK),0,1,UNIT,"3,875,000.00",0.00
,ACER 3 A314 21 49WC AMD A4 9120E WIN10 HDD 1TB,0,1,UNIT,"3,620,000.00",0.00
,ACER 3 A314 32 C4WL CEL N4120 4GB 1TB W10 (OXIDANT RED),0,1,UNIT,"4,580,000.00",0.00
,ACER 3 A314 32 CEL N4120 4GB 1TB W10 (BLACK),0,1,UNIT,"4,720,000.00",0.00
,ACER 3 A314 36M Ci3-N305 8GB 512GB SSD WIN 11,0,12,UNIT,"6,000,000.00",0.00
,ACER 3 A314-32-C3WF CEL N4120 4GB 1TB WIN10 (BLUE),0,1,UNIT,"4,747,045.45",0.00
,"ACER 3 SLIM A314 - 35 INTEL N6000 4GB 256GB SSD 14""",0,1,UNIT,"4,930,000.00",0.00
,"ACER 5 A514 - 54  - Ci3-1115G4 4GB 512GB SSD 14""",0,1,UNIT,"6,300,000.00",0.00
,ACER 5 A514 - 54G Ci7-1165G7 8GB 512GB SSD VGA,0,1,UNIT,"11,625,000.00",0.00
,"ACER 5 A514 - 55G i5-1235U 8GB 512GB SSD MX 550 2GB 14""",0,1,UNIT,"9,256,000.00",0.00
,ACER 5 A514 -53-331L CI3-1005G1 4GB 512GB SSD WIN10,0,1,UNIT,"7,400,000.00",0.00
,ACER 5 A514 52G 547A CI5 10210U 4GB 512GB SSD VGA (BLUE),0,1,UNIT,"8,900,000.00",0.00
,ACER 5 A514 52G 59RA CI5-10210U 4GB HDD 1TB VGA X 250,0,1,UNIT,"8,240,000.00",0.00
,ACER 5 A514 CI3-1115G4 8gb 512GB SSD MX 350 2GB WIN 11,0,1,UNIT,"6,509,285.71",0.00
,ACER 5 A514 CI7-1255U 8GB 512GB SSD WIN 11,0,1,UNIT,"11,810,000.00",0.00
,ACER 5 A514-53-381H SLIM CI3-1005G1 4GB 1TB HDD W10,0,1,UNIT,"6,235,625.00",0.00
,ACER 5 A514-54 Ci5-1135G7 8GB 512GB SSD VGA IRIS XE,0,1,UNIT,"9,670,000.00",0.00
,ACER 5 A514-54G-50PL CI5-1135G7 8GB 512GB SSD MX 350 WIN10,0,1,UNIT,"10,600,000.00",0.00
,ACER 5 SPIN 14 A5SP14 i5-1335U 16GB 512GB SSD INTEL IRIS XE WIN 11 AR,0,1,UNIT,"11,445,000.00",0.00
,ACER A314 35 INTEL N5100 8GB 512GB SSD WIN 11,1,1,UNIT,"4,825,032.36","4,825,032.36"
,ACER A314 35 N5100 8GB SSD 256GB,0,0,UNIT,"4,800,000.00",0.00
,ACER A314 36M Ci3-N305 8GB 256GB SSD WIN 11 #,0,1,UNIT,"5,700,000.00",0.00
,ACER A314-32 CEL N4120 4GB SSD 256GB RED,0,1,UNIT,"4,720,058.56",0.00
,ACER A314-35-C2T9 N5100 4GB 256GB SSD #,0,15,UNIT,"4,511,666.67",0.00
,ACER A514 - 55 - 537X CI5 - 1235U 8GB 512GB SSD WIN 11,0,1,UNIT,"9,191,000.00",0.00
,ACER A514 - 56P I5-1335U 8GB 512GB SSD WIN 11,0,1,UNIT,"8,365,000.00",0.00
,ACER A514 52G 517N CI5 10210U 4GB 512GB SSD VGA (BLACK),0,1,UNIT,"8,625,000.00",0.00
,ACER A514 53 34VP 1005G1 CI3/4GB/SSD 256GB P,0,2,PCS,"6,100,000.00",0.00
,ACER A514 53G 52SR 1035G1 CI5/4GB/1TB P,0,1,UNIT,"8,100,000.00",0.00
,ACER A514 I3-1005G1/4GB/512+32/W10,0,1,UNIT,"7,500,000.00",0.00
,ACER A514-53-34ZY i3-1005G1 4GB DDR4 1TB ( PI ),0,1,UNIT,"6,050,000.00",0.00
,"ACER A514-54 14"" Ci3-1115G4 4GB SSD 256GB",0,1,UNIT,"5,850,000.00",0.00
,"ACER A515-56G Ci5-1135G7 8GB 512GB SSD NVIDIA MX 450 15,6""",0,1,UNIT,"7,500,000.00",0.00
,ACER ASPIRE 14 A14 - 51M CORE 5 - 120U 16GB 512GB SSD WIN 11,0,1,UNIT,"9,320,000.00",0.00
,ACER ASPIRE 14 A14-51M CORE 7 150U 16GB 512GB SSD WIN 11,0,1,UNIT,"12,290,000.00",0.00
,ACER ASPIRE 14 AI A14-51GM Ci5-13420H 8GB 512GB SSD RTX 2050 4GB WIN 11 #,0,1,UNIT,"9,580,000.00",0.00
,"ACER ASPIRE 3 A314 AMD ATHLON 3050 4GB SSD 256 14"" NW",0,1,UNIT,"4,500,000.00",0.00
,"ACER ASPIRE 3 SLIM A314-22 ATHLON 3050U 4GB 512GB 14"" FHD WIN10 OHS",0,1,UNIT,"6,066,666.67",0.00
,ACER ASPIRE 5 14 A514 - 56 Ci7-1355U 16GB 512GB SSD IRIS XE GRAPHICS WIN 11,0,1,UNIT,"12,385,000.00",0.00
,ACER ASPIRE 5 SLIM A514 56P Ci5-1335U 16GB 512GB SSD WIN 11 irisXe Graphics,0,1,UNIT,"8,815,000.00",0.00
,ACER ASPIRE 5 SPIN 14 A5SP14 CI5 1335U 16GB 512GB SSD WIN 11 #,0,1,UNIT,"11,195,000.00",0.00
,ACER ASPIRE 5 SPIN 14 A5SP14 Ci5-1335U 16GB 512GB SSD INTEL IRIS XE 80 EU WIN 11 TOUCH,0,1,UNIT,"10,895,000.00",0.00
,ACER ASPIRE 5 SPIN 14 A5SP14 Ci7-1355U 16GB 512GB SSD WIN 11 #,0,1,UNIT,"12,970,000.00",0.00
,ACER ASPIRE 7 PRO A715 - 59G - 56K7 INTREL CORE I5 - 12450H 8GB 512GB SSD RTX 3050 6GB WIN 11 TP,0,1,UNIT,"9,890,000.00",0.00
,ACER ASPIRE 7 PRO A715-59G-77WV INTEL CORE i7-13620H 16GB 512GB SSD RTX 3050 6GB WIN 11,0,1,UNIT,"12,070,000.00",0.00
,ACER ASPIRE AL14-32P INTEL CORE 3 N355 8GB DDR5 512GB SSD WIN 11 TP,0,1,UNIT,"5,750,000.00",0.00
,ACER ASPIRE GO SPIN 14 AGSP14 31PT CORE 3 N355 8GB 512GB SSD WIN 11,0,1,UNIT,"8,170,000.00",0.00
,ACER ASPIRE LITE 14 AL1 - 14M INTEL Ci3-1215U 8GB 256GB SSD WIN 11 @,0,1,UNIT,"5,318,913.04",0.00
,ACER ASPIRE LITE 14 AL14-71M-71E2 Core i7-12650H 16GB 1TB SSD WIN 11,0,1,UNIT,"10,890,000.00",0.00
,ACER ASPIRE LITE AL1 14 Ci3 1215 8GB 512GB WIN 11 RS #,0,10,UNIT,"5,990,000.00",0.00
,ACER ASPIRE LITE AL1 14 Ci3 1215 8GB 512GB WIN 11 RS TP,0,1,UNIT,"5,895,000.00",0.00
,ACER ASPIRE LITE AL14 51M Ci5 1235U 8GB 512GB SSD WIN 11 #,0,1,UNIT,"8,025,000.00",0.00
,ACER ASPIRE LITE AL14 52M Ci5 1334U 16GB 512GB SSD WIN 11 #,0,1,UNIT,"8,200,000.00",0.00
,Acer Aspire Lite AL14 52M Intel Core i5 1334U 16GB 512GB W11 Home TP,0,0,UNIT,0.00,0.00
,ACER ASPIRE LITE AL14 i5 12450H 16GB 512GB SSD WIN 11 @,0,1,UNIT,"7,880,000.00",0.00
,ACER ASPIRE LITE AL14 N150 8GB 256GB SSD WIN 11,0,1,UNIT,"4,580,000.00",0.00
,ACER ASPIRE LITE AL14 N150 8GB 512GB SSD WIN 11,0,0,UNIT,"4,850,000.00",0.00
,ACER ASPIRE LITE AL14-31P INTEL N100 8GB 256GB SSD WIN 11 #,0,30,UNIT,"4,431,811.85",0.00
,ACER ASPIRE LITE AL14-31P INTEL N100 8GB 512 TP,0,5,UNIT,"4,661,008.23",0.00
,ACER ASPIRE LITE AL14-31P SILVER INTEL N100 8GB 512GB WIN 11 #,2,45,UNIT,"4,775,000.00","9,550,000.00"
,ACER ASPIRE LITE AL14-32P INTEL CORE 3 N355 8GB DDR5 256GB SSD WIN 11,26,1,UNIT,"5,257,532.05","136,695,833.33"
,ACER ASPIRE LITE AL14-32P INTEL CORE 3 N355 8GB DDR5 512GB SSD WIN 11,0,1,UNIT,"5,622,356.77",0.00
,ACER ASPIRE LITE AL14-32P INTEL N150 8GB DDR5 256GB SSD WIN 11 TP,0,1,UNIT,"4,628,333.33",0.00
,ACER ASPIRE LITE AL14-32P INTEL N150 8GB DDR5 512GB SSD WIN 11 TP,0,1,UNIT,"4,850,000.00",0.00
,ACER ASPIRE LITE AL14-32P-3S16 INTEL CORE 3 N355 16GB DDR5 512GB SSD WIN 11,0,1,UNIT,"6,090,000.00",0.00
,ACER ASPIRE LITE AL14-51M Ci3-1215U 8GB 256GB SSD WIN 11 TP,0,0,PCS,"5,447,000.00",0.00
,ACER ASPIRE LITE AL14-51M Ci5-1235U 16GB 512GB SSD WIN 11,0,1,UNIT,"8,550,000.00",0.00
,ACER ASPIRE SPIN 14 ASP14-51MTN-59EF INTEL CORE 5 120U 16GB 512GB SSD WIN 11,0,1,UNIT,"11,370,000.00",0.00
,ACER Aspire Vero AV14-52P-53ED Ci5-1335U 16GB 512GB SSD Iris Xe Graphics W11 Home + OHS 2021,0,1,UNIT,"9,615,000.00",0.00
,ACER AV14 52P i5-1335U 16GB 512GB SSD IRIS 14FHD WIN 11 RA,0,1,UNIT,"9,300,000.00",0.00
,ACER EX215-51G-550A CORE I5-10210U 8GB SSD 512GB VGA MX 230 2GB WIN 10,0,1,UNIT,"7,850,000.00",0.00
,ACER EXTENSA 15 EX215-31 INTEL N4020 4GB SSD 256GB WIN 10,0,1,UNIT,"4,443,478.26",0.00
,ACER GO ASPIRE 14 AG14 Ci3 N305 8GB 256GB SSD WIN 11 @,0,1,UNIT,"4,900,000.00",0.00
,ACER GO ASPIRE AG14-21P AMD RYZEN 3 7320U 8GB 512GB SSD WIN 11 @,0,1,UNIT,"5,800,000.00",0.00
,ACER GO ASPIRE AG14-21P AMD RYZEN 3 7320U 8GB 512GB SSD WIN 11 TP,0,0,PCS,"5,700,000.00",0.00
,ACER GO ASPIRE AG14-31P Ci3-N305 8GB 512GB SSD WIN 11 #,0,1,UNIT,"5,400,000.00",0.00
,ACER LITE AL14 52M Ci5 1334U 8GB 512GB WIN 11 @,0,1,UNIT,"7,768,125.00",0.00
,ACER MATE 14 AM1 INTEL CORE i5 - 1235U 16GB DDR4 512GB SSD WIN 11 + OHS,0,1,UNIT,"7,540,000.00",0.00
,Acer Mate 14 AM1 intel Core i5 1235U 8GB 512GB SSD W11,0,1,UNIT,"7,190,000.00",0.00
,ACER NITRO 5 AN515 INTEL i9 12900H  16GB 512GB SSD RTX3060 6GB,0,1,UNIT,"18,400,000.00",0.00
,ACER NITRO 5 AN515-57 Ci9-11900H 16GB 512GB SSD RTX3060 6GB WIN 11 #,0,1,UNIT,"14,999,000.00",0.00
,ACER NITRO 5 AN515-57-52BQ CI5-11400H 8GB SSD 512GB RTX 3050 NW,0,1,UNIT,"12,385,000.00",0.00
,ACER NITRO ANV15 - 41 - R9SX RYZEN 5 - 6600H 8GB 512GB SSD RTX 2050 4GB WIN 11,0,1,UNIT,"9,300,000.00",0.00
,ACER NITRO LITE NL16-71G-74MV INTEL CORE i7-13620H 16GB DDR5 512GB SSD RTX 2050 4GB WIN 11,0,1,UNIT,"12,445,000.00",0.00
,ACER NITRO V 15 ANV15-51 - 77DG INTEL CORE I7 - 13620H 2X8GB DDR5 512GB SSD RTX 2050 4GB GDDR6 WIN 11,0,1,UNIT,"12,950,000.00",0.00
,ACER NITRO V 15 ANV15-51 Ci7-13620H 2X8GB 512GB SSD RTX 4050 6GB WIN 11 #,0,1,UNIT,"16,394,000.00",0.00
,ACER NITRO V 16 ANV16 - 71 - 79NR Ci7 - 14650HX 2X8GB 512GB SSD RTX 4050 6GB WIN 11,0,1,UNIT,"16,725,000.00",0.00
,ACER NITRO V I5-13420H 8GB 512GB SSD RTX 2050 4GB WIN 11 #,0,1,UNIT,"9,241,476.34",0.00
,ACER NITRO V15 ANV15-51-542G Ci5-13420H 8GB 512GB SSD RTX 2050 4GB WIN 11 #,1,1,UNIT,"10,445,000.00","10,445,000.00"
,acer notebook,0,1,UNIT,0.00,0.00
,ACER SF314 - 511 - 501B I5 1135G7 16GB SSD 512GB WIN 11 ( PI ),0,1,UNIT,"8,250,000.00",0.00
,"ACER SF314 551 i5 1135G7 8GB 512GB SSD 14""",0,0,UNIT,"7,700,000.00",0.00
,ACER SPIN 14ASP14 - 51MTN CORE 7 150U 16GB 512GB SSD WIN 11 TOUCH #,0,1,UNIT,"13,290,000.00",0.00
,ACER SPIN 3 ACTIVE SP313-51N-58RG I5 1135G7 8 GB SSD 512GB,0,1,UNIT,"13,100,000.00",0.00
,ACER SPIN 3 SP314 2in1 TOUCH I3 1005G1 8GB 512GB SSD W10,0,1,UNIT,"9,300,000.00",0.00
,ACER SPIN 3 SP314 I5 1035G4 IRIS XE 8GB 512GB SSD,0,1,UNIT,"11,815,000.00",0.00
,ACER SWIFT 3 SF314 -511 CI5-1135G7 16GB 512GB SSD,0,1,UNIT,"12,004,000.00",0.00
,ACER SWIFT 3 SF314 57G 54J4 I5 1035G1/4GB/SSD 512GB,0,1,UNIT,"8,808,333.33",0.00
,"ACER SWIFT 3 SF314-511 CI7-1165G7 16GB SSD 512GB 14""",0,1,UNIT,"13,250,000.00",0.00
,ACER SWIFT 3 SF314-56G-78FB CI7 VGA WIN 10 SILVER,0,1,UNIT,"11,450,000.00",0.00
,ACER SWIFT GO 14 AI SFG14 - 72 ULTRA 7 115H 16GB 1TB SSD WIN 11,0,1,UNIT,"13,940,000.00",0.00
,ACER SWIFT GO 14 SFG14 41 AMD RYZEN 5 7530U 16GB 512GB SSD WIN 11 #,0,1,UNIT,"8,670,000.00",0.00
,ACER SWIFT GO 14 SFG14-71 INTEL I7-13700H 16GB 1TB SSD INTEL IRIS XE GRAPHICS 96 EU WIN 11,0,1,UNIT,"14,770,000.00",0.00
,ACER SWIFT GO OLED 14 SFG14 71 Ci5 - 13500H 16GB 512GB SSD WIN 11 #,0,1,UNIT,"12,090,000.00",0.00
,ACER SWIFT GO OLED 14 SFG14 73 CORE ULTRA 7 155H 16GB 512GB SSD W11 HOME PURE SILVER + SLEEVE CASE,0,1,UNIT,0.00,0.00
,ACER V15-51 CI5 1155G7 16GB 512GB SSD WIN 11 PI,0,1,UNIT,"8,550,000.00",0.00
,ACER Z3-451 AMD A8 4GB 500GB DVD,0,5,UNIT,"4,970,000.00",0.00
,ADAPTER MEMORY,185,5,PCS,"2,292.32","424,078.72"
,ADAPTOR / PSU EPSON L3110,3,1,PCS,"147,740.27","443,220.80"
,ADAPTOR 12V SANURPRO,0,10,PCS,"31,000.00",0.00
,ADAPTOR 5V #,7,1,PCS,"29,774.57","208,421.99"
,ADAPTOR 5V 2A 3.5mm (LUBANG KECIL),2,0,PCS,"37,000.00","74,000.00"
,ADAPTOR 9V,1,1,PCS,"32,000.00","32,000.00"
,ADAPTOR 9V 2A LUBANG BESAR,2,0,PCS,"30,000.00","60,000.00"
,ADAPTOR 9V 2A LUBANG KECIL,7,1,PCS,"24,214.38","169,500.63"
,ADAPTOR ACER 12 - 3A 3.5 X 1.35 N100,1,1,PCS,"175,000.00","175,000.00"
,ADAPTOR ACER 12V 2A (1410),57,20,PCS,"74,310.22","4,235,682.77"
,ADAPTOR ACER 19V 2.15A L,15,3,PCS,"82,500.00","1,237,500.00"
,ADAPTOR ACER 19V 2.1A (TO),32,20,PCS,"64,393.13","2,060,580.28"
,"ADAPTOR ACER 19V 2.37A 5,5*1,7 LG",47,1,PCS,"70,187.50","3,298,812.50"
,ADAPTOR ACER 19V 3.0*1.1 SWIFT,45,25,PCS,"92,720.93","4,172,441.77"
,ADAPTOR ACER 19V 4.74A 5.5 X 1.7 mm,1,0,UNIT,"100,000.00","100,000.00"
,ADAPTOR ACER 19V 7.1A 5.5 X 1.7 GM,5,1,PCS,"250,000.00","1,250,000.00"
,ADAPTOR ACER AL14 12V 3A 3.5 X 1.35 CL,2,1,PCS,"170,000.00","340,000.00"
,"ADAPTOR ACER NITRO 19,5 9.23A 5.5 X 1.7",0,1,PCS,"320,000.00",0.00
,ADAPTOR ACER OR 19V 3.42A (KUNING),92,70,PCS,"57,459.04","5,286,232.10"
,ADAPTOR ACER TYPE C,2,0,PCS,"130,000.00","260,000.00"
,ADAPTOR ACER Z476,25,20,PCS,"70,808.25","1,770,206.35"
,ADAPTOR ASUS 1.75A (ASUS X200),12,5,PCS,"80,052.67","960,632.08"
,ADAPTOR ASUS 1.75A (USB),14,5,PCS,"80,046.58","1,120,652.17"
,ADAPTOR ASUS 19V 2.1A (JARUM KECIL N),5,2,PCS,"67,000.00","335,000.00"
,ADAPTOR ASUS 19V 2.37A (X441),104,70,PCS,"72,580.36","7,548,357.42"
,ADAPTOR ASUS 19V 2.37A CL 4.5X30 VIVO,0,1,PCS,"110,000.00",0.00
,ADAPTOR ASUS 19V 3.42A (KT),39,40,PCS,"82,752.90","3,227,363.27"
,"ADAPTOR ASUS 19V 3.42A CL VIVO 4,5 X 3.0",7,1,PCS,"100,000.00","700,000.00"
,ADAPTOR ASUS 19V 4.745A 4.5 X 3.0 AIO VIVO,4,1,PCS,"170,000.00","680,000.00"
,ADAPTOR ASUS 19V 4.74A 5.5X25 AIO,2,1,PCS,"140,208.33","280,416.67"
,ADAPTOR ASUS 19V 6.32A 4.5 X 30 AIO VIVOBOOK,0,1,UNIT,"265,000.00",0.00
,ADAPTOR ASUS 19V 6.32A 4.5X3.0 BR,0,1,PCS,"300,000.00",0.00
,ADAPTOR ASUS 19V 6.32A 5.5 X 2.5,0,1,PCS,"265,000.00",0.00
,ADAPTOR ASUS 20V 3.25A USB-C,0,1,PCS,"170,000.00",0.00
,ADAPTOR ASUS 20V 325A CL TYPE C,14,1,PCS,"130,000.00","1,820,000.00"
,ADAPTOR ASUS 3.42A (A407),28,30,PCS,"83,632.11","2,341,699.17"
,ADAPTOR ASUS GAMING 20V 9A 6.0 X 3.7,1,1,PCS,"350,000.00","350,000.00"
,ADAPTOR ASUS KW,42,3,PCS,"75,000.00","3,150,000.00"
,ADAPTOR ASUS TUF 20V 7.5A,1,1,PCS,"265,000.00","265,000.00"
,ADAPTOR CCTV LG / SAMSUNG / DF12V #,33,20,PCS,"36,791.39","1,214,115.96"
,ADAPTOR CCTV SAMSUNG 12V 5 A,3,1,PCS,"71,680.56","215,041.67"
,ADAPTOR DATAFAST 12V 5 A,30,1,PCS,"45,000.00","1,350,000.00"
,"ADAPTOR DELL 19,5 3.34A 4.5 X 3.0",2,1,PCS,"100,000.00","200,000.00"
,"ADAPTOR DELL 19,5 3.34A 7.4X5.0 BS",0,1,PCS,"90,000.00",0.00
,"ADAPTOR DELL 19,5V 2.31A",0,1,PCS,"95,000.00",0.00
,"ADAPTOR DELL 19,5V 3.34A 4.5*3.0 K",0,1,PCS,"95,000.00",0.00
,"ADAPTOR DELL 19,5V 3.34A 7.4*5.0 B",1,1,PCS,"120,000.00","120,000.00"
,"ADAPTOR HP 19,5 - 6.15A 7.4X5.0 120W",0,1,PCS,"230,000.00",0.00
,"ADAPTOR HP 19,5V 615A 7.4X5.0 PS",0,1,UNIT,"310,000.00",0.00
,ADAPTOR HP 19V 3.5A (BUNDAR JARUM),36,15,PCS,"66,513.64","2,394,490.95"
,ADAPTOR HP BIRU 19.5V 3.33A,39,20,PCS,"68,039.39","2,653,536.23"
,"ADAPTOR HP BUNDAR JARUM 19,5V 3.33A  7.4 X 5.0",0,1,PCS,"85,000.00",0.00
,ADAPTOR HP MINI,0,1,PCS,"80,000.00",0.00
,"ADAPTOR LENOVO 19,5V - 6.15A USB KM",0,1,PCS,"210,000.00",0.00
,ADAPTOR LENOVO 20V 3.25A (S),49,20,PCS,"75,071.88","3,678,522.16"
,ADAPTOR LENOVO 20V 4.5 USB,0,1,PCS,"120,000.00",0.00
,ADAPTOR LENOVO 20V 4.5A 7.9*6.6 (BULAT BESAR KUNING) JB,16,1,PCS,"75,000.00","1,200,000.00"
,ADAPTOR LENOVO 20V 6A USB,0,1,PCS,"250,000.00",0.00
,ADAPTOR LENOVO TYPE C 20V 3.25A,10,1,PCS,"130,000.00","1,300,000.00"
,ADAPTOR LENOVO USB 20V - 3.25A #,24,10,PCS,"72,104.28","1,730,502.80"
,ADAPTOR MONITOR LG,29,6,PCS,"116,151.93","3,368,406.09"
,ADAPTOR MONITOR SAMSUNG,2,1,PCS,"286,000.00","572,000.00"
,ADAPTOR NVR,1,1,PCS,"110,000.00","110,000.00"
,ADAPTOR PRINTER BLUE PRINT LITE 80L,0,1,PCS,"130,000.00",0.00
,ADAPTOR PRINTER CANON G SERIES,1,1,PCS,"285,000.00","285,000.00"
,ADAPTOR PRINTER EPSON L360 / L120,8,1,PCS,"60,602.22","484,817.78"
,"ADAPTOR SAMSUNG 12V 2,5A",21,1,PCS,"36,000.00","756,000.00"
,ADAPTOR SAMSUNG 19V,0,1,PCS,"75,000.00",0.00
,ADAPTOR SONY,2,1,PCS,"100,000.00","200,000.00"
,ADAPTOR SWICTH LAN TPLINK 5V 0.6A,2,1,PCS,"30,000.00","60,000.00"
,ADAPTOR TOSHIBA (ORI),71,50,PCS,"55,318.20","3,927,592.16"
,ADAPTOR TOSHIBA / ASUS  (K),0,10,PCS,"60,000.00",0.00
,ADAPTOR UNIVERSAL,53,20,PCS,"55,401.25","2,936,266.35"
,ADF UNIT L5290,0,1,PCS,"1,250,000.00",0.00
,ADVAN WORKPLUS H1 - I5AD2 INTEL CORE i5-12600H 24GB 512GB SSD INTEL IRIS XE GRAPHICS WIN 11,0,1,UNIT,"7,130,000.00",0.00
,ADVANCE WORK PLUS WINDOWS RYZEN 5 6600H 16GB 512GB SSD #,0,1,UNIT,"6,390,000.00",0.00
,AIO Acer Aspire C22-1800 i3 1305U 8GB 512GB 21.5 FHD W11 @,2,0,UNIT,"6,735,000.00","13,470,000.00"
,AIO ACER C20 830 INTEL CEL J4005 NO DVD WIN10,0,1,UNIT,"4,763,125.00",0.00
,AIO ACER C22 1700 Ci3-1215U 8GB 512GB SSD WIN 11,0,1,UNIT,"6,990,000.00",0.00
,AIO ACER C22 1700 Ci5 - 1235U 8GB 512GB SSD INTEL IRIS XE W11,0,1,UNIT,"9,175,000.00",0.00
,AIO ACER C22 960 CORE I3 1005G1 4GB 1TB W10,0,1,UNIT,"6,740,000.00",0.00
,AIO ACER C22-1650 Ci3-1115G4 4GB 1TB WIN10,0,1,UNIT,"7,316,000.00",0.00
,AIO ACER C22-1800 Intel Core i3-1305U 8GB 512GB TP,0,0,PCS,"6,735,000.00",0.00
,AIO ACER C24 - 1650 CI3 1115G4 4GB 512GB SSD,0,1,UNIT,"7,390,000.00",0.00
,AIO ACER C24 1751 CI7 - 1260P 8GB 512GB SSD MX 550 2GB WIN 11 #,0,1,UNIT,"12,895,000.00",0.00
,AIO ACER C24 960 INTEL CORE I3 1011U W10,0,1,UNIT,"6,640,000.00",0.00
,AIO ACER C24 Ci7-1260P 8GB 512GB SSD MX 550 2GB WIN 11 TOUCH SCREEN #,0,1,UNIT,"16,245,000.00",0.00
,AIO ACER C24-1650 Ci5-1135G7 8GB 1TB HDD WIN10,0,1,UNIT,"10,200,000.00",0.00
,AIO ACER C24-1800 Ci3-1306U 8GB 512GB SSD WIN 11,0,1,UNIT,"7,945,000.00",0.00
,AIO ASUS A3202 Ci3-1215U 8GB 256GB SSD WIN 11 #,0,1,UNIT,"6,670,000.00",0.00
,AIO ASUS A3202 Ci3-1215U 8GB 256GB SSD WIN 11 DY,0,1,UNIT,"6,700,000.00",0.00
,AIO ASUS A3202 CI5 1235U 8GB 512GB SSD 21.5 WIN 11 #,0,1,UNIT,"9,150,000.00",0.00
,AIO ASUS A3202WBAK Ci3-1215U 8GB 512GB SSD WIN 11 #,0,1,UNIT,"6,800,000.00",0.00
,"AIO ASUS A3202WBAK CI3-1215U 8GB 512GB SSD WIN 11 21,5 INCS",0,1,UNIT,"6,735,000.00",0.00
,"AIO ASUS A3202WBAK INTEL 7305 8GB 256GB SSD 21,5"" WIN 11 #",1,1,UNIT,"4,720,000.00","4,720,000.00"
,AIO ASUS A3202WBAK INTEL 7305 8GB 256GB SSD WIN 11 TP,0,1,UNIT,"4,995,000.00",0.00
,AIO ASUS A320WBAK CI5-1235U 8GB 512GB SSD WIN 11 #,0,1,UNIT,"10,100,000.00",0.00
,AIO ASUS A3402 Ci5-1235U 2X8GB 512GB SSD WIN 11 #,0,1,UNIT,"9,770,900.00",0.00
,"AIO ASUS E3202WVAK i3 - 1315U 16GB 512GB 21,5 WIN 11",0,1,UNIT,"8,600,000.00",0.00
,AIO ASUS E3402WVAK CORE I7 1335U 8GB 512GB 24 INCH W11,0,0,UNIT,"12,900,000.00",0.00
,"AIO ASUS E3402WVAK i5-1335U 512GB SSD 23,8",0,1,UNIT,"9,750,000.00",0.00
,"AIO ASUS E402WBAK CORE I7 1255U 8GB 512GB SSD 23,8"" #",0,1,UNIT,"12,600,000.00",0.00
,"AIO ASUS ETAA3402WVAK Ci3 - 1315U 8GB 512GB SSD 23,8"" WIN 11 #",0,1,UNIT,"7,710,000.00",0.00
,AIO ASUS EXPERT CENTER P400 P440VAK INTEL CORE i7 - 13620H 8GB DDR5 512GB SSD WIN 11,0,1,UNIT,"12,870,000.00",0.00
,AIO ASUS EXPERT CENTER P400 P440VAK INTEL CORE i7 - 13620H 8GB DDR5 512GB SSD WIN 11 TP,0,1,UNIT,"12,870,000.00",0.00
,AIO ASUS EXPERT CENTRE P400 P440VAK INTEL CORE i3 - 1315U 8GB DDR5 256GB SSD WIN 11,0,1,UNIT,"6,825,000.00",0.00
,AIO ASUS EXPERT CENTRE P400 P440VAK INTEL CORE i3-1315U 8GB DDR5 512GB SSD WIN 11  #,0,1,UNIT,"7,012,500.00",0.00
,AIO ASUS ExpertCenter P400 P440VAK-B3850WS-90PT03X5-M01390 Intel Core i3-1315U 8GB 512SSD W11 Home + OHS 2024 + Microsoft 365 Black,0,1,UNIT,"7,410,000.00",0.00
,AIO ASUS M241 DAK AMD RYZEN,0,1,UNIT,"6,665,000.00",0.00
,AIO ASUS V222FAK BA341T CI3 4GB 1TB WIN10 (BLACK),0,1,UNIT,"6,410,000.00",0.00
,AIO ASUS V222FAK CI3-10110U 4GB 256GB SSD US,0,1,UNIT,"6,675,000.00",0.00
,AIO ASUS V222FAK-BA3411W Ci3-10110U 4GB 1TB HDD + 128GB SSD,0,1,UNIT,"7,365,000.00",0.00
,AIO ASUS V222FAK-BA341T CI3 -10110U 4GB 1TB W10 BLACK,0,1,UNIT,"6,570,000.00",0.00
,AIO ASUS V222FAK-WA341T CI3 - 10110U 4GB 1TB W10 WHITE,0,1,UNIT,"6,440,000.00",0.00
,AIO ASUS V222FBK BA541T CI5 10210U 4GB 1TB VGA MX 110,0,1,UNIT,"8,800,000.00",0.00
,AIO ASUS V222FBK WA541T CI5 10210U 4GB 1TB VGA MX 110,0,1,UNIT,"8,800,000.00",0.00
,AIO ASUS V222GAK INTEL J4025 4GB 256GB SSD #,-2,1,UNIT,"5,065,000.00","-10,130,000.00"
,AIO ASUS V22FAK CI5-10210U 4GB 256GB SSD WIN 11 DK,0,1,UNIT,"8,885,000.00",0.00
,AIO ASUS V241FAK-WA541T-90PT0291 CI5-8265U,0,3,UNIT,"8,640,000.00",0.00
,AIO ASUS V241FAT-WA341T-90PT0291-M07510 Ci3-8145U,0,1,UNIT,"8,100,000.00",0.00
,AIO ASUS V241FFK WA541T 90PT02A1 CI 5 8265U,0,1,UNIT,"9,005,000.00",0.00
,AIO ASUS V241FTT-BA7811TS Ci7-8565U 8GB 1TB HDD + 128GB SSD WIN10,0,1,UNIT,"15,315,000.00",0.00
,"AIO ASUS V440VAT-I7U7W5W-HM i7 13650H WIN 11 23.8"" FHD",1,1,UNIT,"16,675,000.00","16,675,000.00"
,AIO DELL INSPIRON 5400 Ci5-1135G7 8GB 256GB SSD + 1TB,0,1,UNIT,"11,110,000.00",0.00
,"AIO HP 200 PRO G4 CI3 10110U 4GB 1TB 21,5 INCS",0,1,UNIT,"6,345,000.00",0.00
,AIO HP 205 G3 AMD A4 - 9125 / 500GB / DDR4 4GB / DVD / WIN10,0,1,UNIT,"4,450,000.00",0.00
,AIO HP 22 - df0145d - 1V7D8AA INTEL J4025 4GB 1TB HDD W10,0,1,UNIT,"5,365,000.00",0.00
,AIO HP 22 DD2010D CI3-1215U 4GB 512GB SSD WIN 11,0,1,UNIT,"7,890,000.00",0.00
,AIO HP 22 DF0144D 1V7D7A CEL J4025 4GB 1TB HDD W10 NW,0,1,UNIT,"5,600,000.00",0.00
,AIO HP 22 INTEL J4025 4GB 256GB SSD DVD RW WIN 11 #,0,1,UNIT,"5,550,000.00",0.00
,AIO HP 22 N100 8GB 512GB SSD WIN 11,0,1,UNIT,"6,095,000.00",0.00
,AIO HP 24 Ci5-1135G7 8GB 512GB SSD INTEL IRIS XE DVDRW WIN 11 #,0,1,UNIT,"9,445,000.00",0.00
,AIO HP 24 CI5-1235U 8GB 512GB SSD WIN 11 ID,0,1,UNIT,"10,940,000.00",0.00
,AIO HP 24 CR1125D ULTRA 5 125U 16GB 512GB SSD WIN 11 TOUCH,0,1,UNIT,"13,980,000.00",0.00
,AIO HP ENVY MOVE 24-CS003D INTEL CORE i5 - 1335U 16GB 1TB SSD WIN 11 TOUCH,0,1,UNIT,"14,790,000.00",0.00
,AIO HP PRO 205 G4-1M9P7PA AMD ATHLON SILVER 3050U 4GB 1TB,0,1,UNIT,"5,970,000.00",0.00
,AIO LENOVO 330 201GM CEL J4025 4GB 500GB HDD W10 WHITE,0,1,UNIT,"4,049,624.06",0.00
,AIO LENOVO A100 INTEL N100 8GB 512GB SSD 24 INCS WIN 11,2,1,UNIT,"5,285,000.00","10,570,000.00"
,"AIO LENOVO A100 INTEL N100 8GB DDR4 512GB SSD 24"" TP",0,1,UNIT,"4,490,000.00",0.00
,AIO LENOVO A100-F0J6005EID Intel Core i3-N305 8GB DDR4 512GB SSD Cloud Grey,0,1,UNIT,"5,940,000.00",0.00
,AIO LENOVO A340-22IWL-F0EB00DCID Ci3-10110U,0,1,UNIT,"6,415,000.00",0.00
,"AIO LENOVO I3-10110U 4GB 1TB 21,5""",0,1,UNIT,"6,415,000.00",0.00
,AIO LENOVO IDEACENTRE 24IRH9 Ci5 13420H 8GB DDR5 512GB SSD WIN 11,0,1,UNIT,"9,800,000.00",0.00
,AIO LENOVO IDEACENTRE 3  24 INCS Ci3-1215U 8GB 512GB SSD #,0,1,UNIT,"6,490,000.00",0.00
,AIO LENOVO IDEACENTRE 3 22IAP7 CI3-1215U 8GB 256GB SSD #,0,1,UNIT,"6,650,000.00",0.00
,AIO LENOVO IDEACENTRE 3 22IAP7 Ci5-12450H 8GB 512GB SSD,0,1,UNIT,"8,580,000.00",0.00
,AIO LENOVO IDEACENTRE 3 22IAP7 CORE I5 - 12450H 8GB 512GB SSD,0,1,UNIT,"8,380,000.00",0.00
,AIO LENOVO IDEACENTRE 3 24IMB05 CI5-10400T 2X 4GB 512GB SSD,0,1,UNIT,"10,395,000.00",0.00
,AIO LENOVO IDEACENTRE 3 AMD 3020 4GB 1TB DVD RW,0,1,UNIT,"5,480,000.00",0.00
,AIO LENOVO IDEACENTRE 3 AMD 3020E 8GB 256GB SSD WIN 11,0,1,UNIT,"5,490,000.00",0.00
,AIO LENOVO IDEACENTRE 3 AMD ATHLON SILVER 3050U 2X4GB 512GB SSD WIN 11,0,1,UNIT,"6,020,000.00",0.00
,AIO LENOVO IDEACENTRE 3 CI3-1115G4 4GB 256GB SSD WIN11,0,1,UNIT,"7,330,000.00",0.00
,AIO LENOVO IDEACENTRE 3 CI3-1115G4 4GB 512GB SSD DVDRW,0,1,UNIT,"7,325,000.00",0.00
,AIO LENOVO IDEACENTRE 3 CI5 - 12450H 8GB 512GB SSD INTEL IRIS XE,0,1,UNIT,"9,535,000.00",0.00
,AIO LENOVO IDEACENTRE 3 Ci5 - 1245H 8GB + 4GB 512GB SSD,0,1,UNIT,"9,425,000.00",0.00
,AIO LENOVO IDEACENTRE 3 Ci7-13620H 8GB 512GB SSD DVD RW WIN 11,0,1,UNIT,"13,695,000.00",0.00
,AIO LENOVO IDEAPAD CENTRE 3 22ADA05-F0EX0055ID AMD RYZEN 3 3250 8GB 1TB HDD W10 HOME,0,1,UNIT,"7,574,000.00",0.00
,AIO LENOVO IDEAPAD CENTRE 3 CI5-1135G7 4GB 512GB SSD INTEL IRIS XE WHITE EN,0,1,UNIT,"9,698,000.00",0.00
,AIO LENOVO THINK CENTRE NEO 30A 24-12CEA03NID Ci7-1260P 8GB 512GB SSD DVD RW WIN 11 DY,0,1,UNIT,"11,895,000.00",0.00
,AIO LENOVO ThinkCentre neo Gen 5 Core i7 13620H 16GB 1TB SSD W11,5,1,UNIT,"13,600,000.00","68,000,000.00"
,"AIO LENOVO V130-201GM J4025 1TB 4GB DVDRW 19.5""",0,1,UNIT,"4,118,452.38",0.00
,AIO LENOVO V30A-22IIL CI5 - 1035G1 8GB 1TB HDD DVD RW WIN 11,0,1,UNIT,"8,975,000.00",0.00
,AIO LENOVO V50A 22IMB-11FN009TIA CI5-10400T 8GB 1TB,0,1,UNIT,"8,240,000.00",0.00
,AIO LENOVO V50A 24IMB i5-10400T 8GB 512GB SSD WIN 10 PRO RAVEN BLACK (TOUCHSCREEN) UT,0,1,UNIT,"9,495,000.00",0.00
,ALAT PRES MUG,0,1,UNIT,"1,000,000.00",0.00
,ALAT PRES MUG DAN TUMBLER,0,1,UNIT,"1,450,000.00",0.00
,ALAT PRES PIN 2 MULDING PAKET,0,1,UNIT,"3,300,000.00",0.00
,ALAT PRES TOPI,0,1,UNIT,"2,200,000.00",0.00
,ALAT TEMBAK CATRIDGE,3,1,PCS,"28,023.40","84,070.20"
,ALBUM DLB 10 H,87,1,PCS,"56,000.00","4,872,000.00"
,ALBUM DLB LUBANG B,0,1,PCS,"59,000.00",0.00
,ALBUM DLBT BESAR,21,1,PCS,"80,000.00","1,680,000.00"
,ALBUM DLK LUBANG  K,13,1,PCS,"55,000.00","715,000.00"
,ALBUM LNB 10 - LUBANG NW,0,1,PCS,"67,000.00",0.00
,ALBUM PHOTO LULU (26X32CM),0,1,PCS,"59,559.06",0.00
,ALFA INK ART PAPER BLACK,6,5,PCS,"83,950.00","503,700.00"
,ALFA INK ART PAPER CYAN,17,5,PCS,"83,950.00","1,427,150.00"
,ALFA INK ART PAPER MAGENTA,18,5,PCS,"83,950.00","1,511,100.00"
,ALFA INK ART PAPER YELLOW,15,5,PCS,"83,950.00","1,259,250.00"
,ALFA INK BLACK TONER 150 GRAM HP,3,1,PCS,"57,000.00","171,000.00"
,ALFA INK BLACK TONER HP 70 GR,1,20,PCS,"22,050.00","22,050.00"
,ALFA INK CANON 250ML BLACK,2,1,PCS,"59,450.00","118,900.00"
,ALFA INK CANON 250ML CYAN,0,1,PCS,"59,450.00",0.00
,ALFA INK CANON 250ML MAGENTA,2,1,PCS,"59,450.00","118,900.00"
,ALFA INK CANON 250ML YELLOW,2,1,PCS,"59,450.00","118,900.00"
,ALFA INK CANON BLACK 100CC,657,500,PCS,"27,496.34","18,065,092.91"
,ALFA INK CANON CYAN 100CC,707,300,PCS,"27,473.14","19,423,512.00"
,ALFA INK CANON GI 71 BLACK,131,30,PCS,"33,500.00","4,388,500.00"
,ALFA INK CANON GI 71 CYAN,43,30,PCS,"33,500.00","1,440,500.00"
,ALFA INK CANON GI 71 MAGENTA,42,30,PCS,"33,500.00","1,407,000.00"
,ALFA INK CANON GI 71 YELLOW,45,30,PCS,"33,500.00","1,507,500.00"
,ALFA INK CANON MAGENTA 100CC,880,300,PCS,"27,417.83","24,127,688.19"
,ALFA INK CANON YELLOW 100CC,830,300,PCS,"27,443.31","22,777,949.93"
,ALFA INK CATRIDGE TONER 285A,0,5,PCS,"264,818.18",0.00
,ALFA INK ECO TANK EPSON BLACK,210,50,PCS,"37,496.08","7,874,176.95"
,ALFA INK ECO TANK EPSON CYAN,370,50,PCS,"37,096.07","13,725,544.32"
,ALFA INK ECO TANK EPSON LC,8,5,PCS,"37,500.00","300,000.00"
,ALFA INK ECO TANK EPSON LM,5,5,PCS,"37,500.00","187,500.00"
,ALFA INK ECO TANK EPSON MAGENTA,241,50,PCS,"37,361.91","9,004,219.21"
,ALFA INK ECO TANK EPSON YELLOW,192,50,PCS,"37,474.64","7,195,131.63"
,ALFA INK EPSON SUBLIM BLACK 100ML,3,5,PCS,"69,000.00","207,000.00"
,ALFA INK EPSON SUBLIM CYAN 100ML,7,5,PCS,"65,500.00","458,500.00"
,ALFA INK EPSON SUBLIM MAGENTA 100ML,6,5,PCS,"57,383.84","344,303.03"
,ALFA INK EPSON SUBLIM YELLOW 100ML,4,5,PCS,"58,222.22","232,888.89"
,ALFA INK KERTAS FOTO GLOSSY LITE A4 210 GSM,114,50,PCS,"12,500.00","1,425,000.00"
,ALFA INK KERTAS FOTO RC GLOSY 4R,0,3,PCS,"76,000.00",0.00
,ALFA INK KERTAS FOTO RC SATIN 260G,102,50,PCS,"37,765.93","3,852,125.26"
,ALFA INK KERTAS FOTO RC SILKY A3,0,5,PCS,"89,000.00",0.00
,ALFA INK KERTAS FOTO SILKY GLOSSY,235,1,PCS,"42,359.68","9,954,524.63"
,ALFA INK KERTAS FOTO STIKER GLOSSY LITE 125GSM,1,50,PCS,"17,900.77","17,900.77"
,ALFA INK KERTAS THERMAL 80 X 80,0,1,PCS,"10,000.00",0.00
,ALFA INK L SERIES EPSON BLACK,145,65,PCS,"32,492.48","4,711,410.00"
,ALFA INK L SERIES EPSON CYAN,226,50,PCS,"32,136.51","7,262,850.36"
,ALFA INK L SERIES EPSON MAGENTA,178,50,PCS,"32,204.25","5,732,356.30"
,ALFA INK L SERIES EPSON YELLOW,229,50,PCS,"32,178.56","7,368,889.50"
,ALFA INK LEM KERTAS PVAC PUTIH 150 GR,96,30,PCS,"6,212.06","596,357.59"
,ALFA INK PAPER  THERMAL 57 X 47,10,1,PCS,0.00,0.00
,ALFA INK PAPER THERMAL 57 X 30,3810,1,PCS,"1,389.44","5,293,774.90"
,ALFA INK PAPER THERMAL PERMIUM 57 X 30,2,1,PCS,0.00,0.00
,ALFA INK PAPER THERMAL PERMIUM 57 X 47,2,1,PCS,0.00,0.00
,ALFA INK PARFUM,7,1,PCS,"19,000.00","133,000.00"
,ALFA INK PARFUM BIRU GLITER SAPPHIRE ANGEL,4,1,PCS,"25,520.00","102,080.00"
,ALFA INK PARFUM HIJAU GLITER EMERALD FOREST,62,1,PCS,"26,000.00","1,612,000.00"
,ALFA INK PARFUM KUNING GLITER GOLDEN SUNSET,22,1,PCS,"26,000.00","572,000.00"
,ALFA INK PARFUM PINK GLITER RUBY ACE,18,1,PCS,"25,636.36","461,454.55"
,ALFA INK PRINTER THERMAL BLUETOOTH,0,1,PCS,"375,000.00",0.00
,ALFA INK TABUNG INFUS CLASSIC,138,20,PCS,"71,936.19","9,927,194.42"
,ALFA INK TINTA REFILL KIT CANON BLACK,0,1,PCS,"23,350.00",0.00
,ALFA INK TINTA REFILL KIT CANON COLOR,0,1,PCS,"23,350.00",0.00
,ALFA INK TINTA STEMPEL FLASH 10 ML,113,20,PCS,"7,073.59","799,315.64"
,ALFA INK TINTA STEMPEL PERMANENT PLASTIK WOOD 5 ML,164,1,PCS,"11,184.00","1,834,176.00"
,ALFA INK TONER 100 GRAM HP,38,1,PCS,"35,340.00","1,342,920.00"
,ALFA INK TONER BROTHER 500 GRAM,104,40,PCS,"155,775.00","16,200,600.10"
,ALFA INK TONER HP 500 GRAM,1,5,PCS,"162,000.00","162,000.00"
,ALL IN ONE ACER C22 1700 Ci3 1215U 4GB 512GB SSD WIN 11,0,1,UNIT,"6,795,000.00",0.00
,ALL IN ONE ASUS A3202WBAK Ci3-1215U 8GB 256GB SSD WIN 11 #,0,1,UNIT,"7,495,000.00",0.00
,ALL IN ONE ASUS E3402WVAK I5 1335U 16GB 512GB SSD,0,0,UNIT,0.00,0.00
,ALL IN ONE ASUS V222GAK INTEL J4025 4GB 256GB SSD WIN 11,0,2,UNIT,"5,215,982.14",0.00
,AMPLI FC A2060,1,1,UNIT,"1,250,000.00","1,250,000.00"
,AMPLI LAD,0,0,PCS,"1,350,000.00",0.00
,AMPLI SD USB BT RADIO REMOT AC 6907 699 ACOUSTUC,0,1,UNIT,"275,000.00",0.00
,AMPLOP CD,38,5,PACK,"17,500.00","665,000.00"
,AMPLOP KERTAS J PLUS,49,5,PACK,"55,000.00","2,695,000.00"
,AMPLOP KERTAS KIJANG,0,1,PACK,"55,000.00",0.00
,AMPLOP PANJANG POLOS MAMBO,400,1,PCS,"11,595.20","4,638,079.23"
,AMPLOP PAPER LINE ( LEM ),89,2,KOTAK,"17,775.14","1,581,987.55"
,AMPLOP UNDANGAN,4,5,KOTAK,"15,922.20","63,688.79"
,ANTENA AVANTI VHF,0,1,UNIT,"5,500,000.00",0.00
,ANYCAST M4,0,5,PCS,"112,750.00",0.00
,ANYCAST M9,56,10,PCS,"89,788.41","5,028,150.78"
,APARD PEMADAM,0,1,UNIT,"1,090,000.00",0.00
,Apple MacBook Air 13 M3 8-core CPU and 10-core GPU 24GB 512GB SSD,0,1,UNIT,"22,590,000.00",0.00
,Apple MacBook Air 13 M4 10 core CPU and 10 core GPU 16GB 512GB SSD,0,1,UNIT,"19,040,000.00",0.00
,Apple MacBook Air 13 M4 10 core CPU and 8 core GPU 16GB 256GB SSD,0,0,UNIT,"15,740,000.00",0.00
,APPLE MACBOOK AIR13 M1 8GB 256GB SPACE GREY,0,1,UNIT,"11,240,000.00",0.00
,"APPLEMAC AIR 13"" 2020 128GB SPACE GREY",0,1,UNIT,"11,000,000.00",0.00
,arashi amd 02bc,0,0,UNIT,"1,261,261.26",0.00
,ART PAPER KOREA BK 70ML,18,3,PCS,"75,000.00","1,350,000.00"
,ART PAPER KOREA C 70ML,17,3,PCS,"74,980.95","1,274,676.19"
,ART PAPER KOREA M 70ML,16,3,PCS,"75,000.00","1,200,000.00"
,ART PAPER KOREA Y 70ML,16,3,PCS,"75,000.00","1,200,000.00"
,ASUS A1400EA - VIPS551 I5-1135G7 8GB 512GB SSD WIN11,0,1,UNIT,"8,537,500.00",0.00
,ASUS A1400EA Ci3-1115G4 8GB 256GB SSD WIN 11 #,0,1,UNIT,"5,626,323.39",0.00
,ASUS A1400EA FHD I3 - 1115G4 4GB 256GB SSD WIN 11,0,1,UNIT,"5,437,055.56",0.00
,ASUS A1400EA I3-1115G4 8GB 512GB SSD WIN 11,0,1,UNIT,"5,832,748.60",0.00
,ASUS A1400KA FHD N4500 4GB 256GB SSD WIN 11,0,5,UNIT,"4,485,521.98",0.00
,ASUS A1402ZA IPS751 CI7-1260P 8GB 512GB SSD WIN 11,0,1,UNIT,"10,735,000.00",0.00
,ASUS A1402ZA-IPS551 CI5-1235U 8GB 512GB SSD,0,1,UNIT,"8,662,500.00",0.00
,ASUS A1403ZA OLED Ci7-12700H 8GB 512GB SSD WIN 11 RM,0,1,PCS,"13,490,000.00",0.00
,ASUS A1403ZA OLEDS735 CI7-12700H 2X8GB 512GB SSD INTEL IRIS XE WIN 11,0,1,UNIT,"13,890,000.00",0.00
,ASUS A1405ZA Ci3-1215U 8GB 512GB SSD WIN 11,0,1,UNIT,"7,100,000.00",0.00
,ASUS A1502ZA CI3 - 1215U 4GB 512GB SSD WIN 11 #,0,1,UNIT,"7,590,000.00",0.00
,ASUS A1502ZA VIPS Ci3-1215U 2X4 512GB SSD WIN 11 TOUCH SCREEN,0,1,UNIT,"8,225,000.00",0.00
,ASUS A1502ZA-VIPS552 CI5-1235U 8GB 512GB SSD INTEL IRIS XE WIN 11 (TOUCH),1,1,UNIT,"8,374,000.00","8,374,000.00"
,ASUS A409FA I3 - 10110U 4GB 256GB SSD WIN10,0,1,UNIT,"6,940,000.00",0.00
,ASUS A409J I3-1005G1 4GB 512GB SSD,0,1,UNIT,"7,390,000.00",0.00
,ASUS A409JA BV311T I3 1005G1 4GB 1TB WIN10 (SILVER),0,1,UNIT,"7,100,000.00",0.00
,ASUS A409JA BV312T I3 1005G1 4GB 1TB WIN10 (GREY),0,1,UNIT,"7,100,000.00",0.00
,ASUS A409JP EK501T CI5-1035G1 4GB 1TB HDD VGA MX330 (SILVER),0,1,UNIT,"8,190,000.00",0.00
,ASUS A409JP EK502T CI5-1035G1 4GB 1TB HDD VGA MX330 (GREY),0,1,UNIT,"8,190,000.00",0.00
,ASUS A409MA-BV422TS INTEL CEL-N4020 4GB 256GB SSD W10,0,1,UNIT,"5,580,000.00",0.00
,ASUS A412FL-EK711T CI7-10510U 8GB 1TB VGA MX 250 2GB,0,1,UNIT,"11,700,000.00",0.00
,ASUS A413EP - VIPS751 Ci7-1165G7 8GB 512GB SSD VGA,0,1,UNIT,"12,570,000.00",0.00
,ASUS A416EA-FHD522 Ci5-1135G7 4GB 256GB SSD W10,0,1,UNIT,"8,597,197.37",0.00
,ASUS A416EP -FHD551 CI5-1135G7 4GB 512GB SSD VGA,0,1,UNIT,"10,315,000.00",0.00
,ASUS A416EPO - FHD551 CI5-1135G7 8GB 512GB SSD MX 330 2GB,0,1,UNIT,"10,610,000.00",0.00
,ASUS A416EPO-VIPS751 CI7-1165G7 8GB 512GB SSD MX 330 MN,0,1,UNIT,"12,570,000.00",0.00
,ASUS A416FA CI3-10110U 4GB 256GB SSD NW,0,1,UNIT,"5,135,000.00",0.00
,ASUS A416J I3 1005G1 8GB SSD 256GB WIN 11,0,1,UNIT,"5,270,000.00",0.00
,"ASUS A416J I3-1005G /4GB / 512GB SSD 14"" WIN 10",0,1,UNIT,"7,485,000.00",0.00
,"ASUS A416J I3-1005G1 4GB SSD 512GB 14"" WIN 10",0,1,UNIT,"7,670,000.00",0.00
,ASUS A416JA CI5-1035G1 4GB SSD 256GB NW,0,1,UNIT,"7,690,000.00",0.00
,ASUS A416JA-FHD321 CI3-1005G1 4GB 256GB SSD W10,0,1,UNIT,"7,100,000.00",0.00
,ASUS A416JAO CI3 1005G1 2X4GB 2X256 SSD WIN 11,0,1,UNIT,"6,775,000.00",0.00
,ASUS A416JAO CI3-1005G1 4GB 256GB SSD W11 NW,0,1,UNIT,"5,612,551.89",0.00
,ASUS A416JAO CI3-1005G1 4GB SSD 512GB NW,0,1,UNIT,"5,907,222.22",0.00
,ASUS A416JAO CI3-1005G1 8GB 512GB SSD WIN 11 DY,0,1,UNIT,"6,419,000.00",0.00
,ASUS A416JAO CI5-1035G1 4GB 512GB SSD WIN 11 NW,0,1,UNIT,"8,575,000.00",0.00
,ASUS A416JAO I5 CI5-1035G1 4GB 256GB SSD,0,1,UNIT,"8,190,000.00",0.00
,ASUS A416JF I3-1005G1 4GB 1TB VGA GFORCE,0,1,UNIT,"6,600,000.00",0.00
,ASUS A416JP I5-1035G1 4GB 512GB SSD VGA,0,1,UNIT,"10,000,000.00",0.00
,ASUS A416JP-VIPS551 Ci5-1035G1 8GB 512GB SSD VGA MX 330 2GB W10 NW,0,1,UNIT,"10,565,000.00",0.00
,ASUS A416M INTEL CEL N4020 8GB 512GB SSD WIN 11 #,0,8,UNIT,"4,704,935.90",0.00
,ASUS A416M N4020 8GB 256GB SSD #,1,10,UNIT,"4,376,230.39","4,376,230.39"
,ASUS A416MAO INTEL N4020 4GB 256GB SSD #,2,1,UNIT,"4,054,466.53","8,108,933.06"
,ASUS A509FA - Ci3 - 10110U - 4GB- SSD 256GB,0,1,Buah,"7,130,000.00",0.00
,ASUS A509MA N4020 4GB 256GB SSD WIN10,0,1,UNIT,"6,100,833.33",0.00
,ASUS A516 I3 1005G1 4GB SSD 256GB MX 330,0,1,UNIT,"7,600,000.00",0.00
,"ASUS A516 I3-1005G1 512GB SSD 4GB 15,6"" WIN10",0,1,UNIT,"7,475,000.00",0.00
,ASUS A516EPO-VIPS754 CI7-1165G7 8GB 512GB SSD MX 330 2GB W11,0,1,UNIT,"11,865,000.00",0.00
,ASUS A516JAO - Ci3 - 1005G1 - 4GB - SSD 256 GB,0,1,PCS,"7,275,000.00",0.00
,"ASUS A516JAO CI3 1005G1 4GB 512GB SSD INTEL OPTANE 14"" #",0,1,UNIT,"6,520,000.00",0.00
,ASUS A516JAO CI3 1005G1 4GB 512GB SSD WIN11,0,1,UNIT,"6,859,555.80",0.00
,"ASUS A516JAO I5-1035G1 4GB 256GB SSD 15,6""",0,1,UNIT,"7,725,000.00",0.00
,"ASUS A516KA  INTEL N4500 4GB 256GB SSD 15,6""",0,1,UNIT,"3,935,000.00",0.00
,"ASUS A516M N4020 4GB SSD 256GB 15"" #",0,1,UNIT,"3,790,000.00",0.00
,ASUS BR1100CKA INTEL N4500 4GB 128GB eMMC WIN 11,0,1,UNIT,"3,440,000.00",0.00
,ASUS E203M CEL N4000 4GB 500GB,0,1,UNIT,"4,500,000.00",0.00
,ASUS E203MAH CEL N4000 2GB WIN 10 (WHITE),0,1,UNIT,"3,785,000.00",0.00
,ASUS E203MAH FD011T CEL N4000 2GB WIN10 (GREY),0,7,UNIT,"4,144,000.00",0.00
,ASUS E203MAH FD013T CEL N4000 2GB W10 (PINK),0,1,UNIT,"3,600,000.00",0.00
,ASUS E210MAO INTEL N4020 8GB 512GB SSD WIN 11 #,0,1,UNIT,"3,900,000.00",0.00
,ASUS E402YA AMD 4GB 1TB WHITE,0,1,UNIT,"4,330,000.00",0.00
,ASUS E402YA GA302T AMD 4GB 256GB SSD BLUE,0,1,UNIT,"4,482,857.14",0.00
,ASUS ExpertBook B1402CBA CI3 1215U 8GB 512GB SSD WIN 11 #,0,1,UNIT,"6,040,000.00",0.00
,ASUS EXPERTBOOK B1402CBA Ci5-1235U 8GB 512GB SSD WIN 11 #,0,1,UNIT,"8,145,000.00",0.00
,ASUS EXPERTBOOK BG1409CVA INTEL CORE i7 - 1355U 2X8GB DDR5 1TB SSD WIN11 TKDN TP,0,1,UNIT,"14,990,000.00",0.00
,ASUS EXPERTBOOK P1 P1403CVA INTEL CORE i3 - 1315U 8GB 512GB SSD WIN 11 + OHS,0,1,UNIT,"6,290,000.00",0.00
,ASUS EXPERTBOOK P1 P1403CVA INTEL CORE i3 - 1315U 8GB 512GB SSD WIN 11 + OHS TP,0,0,UNIT,"6,290,000.00",0.00
,ASUS Gaming K16 K3605VC Core i5 13420H 16GB(2x8) DDR4 512GB SSD RTX 3050 4GB W11 TP,0,0,UNIT,"9,810,000.00",0.00
,ASUS K3402ZA OLEDS556 CI5-12500H 4GB+8gb 512gb ssd intel iris xe win 11,0,1,UNIT,"12,335,000.00",0.00
,ASUS K413EA-AM351TS CI3-1115G4 8GB 512GB SSD W10,0,1,UNIT,"8,475,000.00",0.00
,ASUS K413EA-AM5551IPS CI5-1135G7 8GB 512 SSD WIN 10,0,1,UNIT,"10,320,000.00",0.00
,ASUS K413EQ Ci5-1135G7 8GB 512GB SSD VGA,0,1,UNIT,"11,015,000.00",0.00
,ASUS K413JQ Ci5-1035G1 8GB 512GB SSD VGA,0,1,UNIT,"10,665,000.00",0.00
,ASUS K513EA OLED I3 1115G4 4GB 512GB SSD WIN 11,0,1,UNIT,"7,710,000.00",0.00
,ASUS K513EA OLED552 Ci5-1135G7 2X4 512GB SSD WIN 11,0,1,UNIT,"8,120,000.00",0.00
,ASUS M1403QA - VIPS752 AMD RYZEN 7 5800H 2X8GB 512GB SSD WIN 11 DP,0,1,UNIT,"9,475,000.00",0.00
,ASUS M1403QA OLEDS751 AMD RYZEN 7 - 5800H 2X8GB 512GB SSD WIN 11 DP,0,1,UNIT,"11,365,000.00",0.00
,ASUS M1403QA-OLEDS751 AMD Ryzen 7-5800H 2x8GB 512GB W11,0,1,UNIT,"10,295,000.00",0.00
,ASUS M1403QA-VIPS AMD Ryzen 5 5600H 8GB 512GB SSD W11 Home + OHS 2021 #,0,1,UNIT,"7,265,000.00",0.00
,ASUS M1405YA AMD RYZEN 7 - 7730U 16GB 512GB SSD WIN 11 #,0,1,UNIT,"9,210,000.00",0.00
,ASUS M409 AMD A4 4GB 1TB,0,1,UNIT,"4,640,000.00",0.00
,ASUS M409 AMD A4 4GB SSD 256,0,1,UNIT,"4,700,000.00",0.00
,ASUS M513UA AMD RYZEN 5 5500U 8GB 512GB SSD,0,1,UNIT,"10,710,000.00",0.00
,ASUS M6500QC OLEDS551 AMD RYZEN 5 5600H 16GB 512GB SSD RTX 3050 4GB WIN 11,0,1,UNIT,"13,790,000.00",0.00
,ASUS M7400QE - OLED713 AMD Ryzen75800H 16GB 1TB SSD RTX 3050Ti 4GB WIN 11,0,1,UNIT,"15,810,000.00",0.00
,"ASUS P1411CJA CI3 1005G1 4GB 512GB SSD 14""",0,1,UNIT,"5,799,000.00",0.00
,ASUS P1412CEA - EK3420W CI3-1115G4 4GB 256GB SSD W11,0,1,UNIT,"5,040,000.00",0.00
,"ASUS P1512CEA INTEL I5 1135G7 8GB 256GB SSD 15""",0,1,UNIT,"8,100,000.00",0.00
,ASUS PRO B1400CEAE CI5-1135G7 8GB 512GB SSD INTEL IRIS XE,0,1,UNIT,"9,650,000.00",0.00
,ASUS PRO P1440FA CI3 1005G1 4GB 256GB SSD WIN10,0,1,UNIT,"6,493,625.00",0.00
,ASUS ROG GAMING ZEPHYRUS G14 RYZEN 7 8GB 512GB SSD VGA 1660 GTX,0,1,UNIT,"19,540,000.00",0.00
,ASUS ROG GAMING ZEPHYRUS GA502IU-R966B8T AMD RYZEN,0,1,UNIT,"19,700,000.00",0.00
,ASUS ROG SRIX-G G512LI-I75TB6T CI7-1075H 8GB 512GB,0,1,UNIT,"16,735,000.00",0.00
,ASUS ROG STRIX G G512LI I565B6T CI5 10300H 8GB 512GB,0,1,UNIT,"14,992,500.00",0.00
,ASUS ROG STRIX-G G12LI- I75TB6T CI7-10750H 8GB 512GB,0,1,UNIT,"16,750,000.00",0.00
,ASUS T3304GA OLED321,3,1,UNIT,"11,125,000.00","33,375,000.00"
,ASUS TP3304GA OLED 321 I3 N300 8GB 256GB SSD WIN 11,2,1,UNIT,"11,200,000.00","22,400,000.00"
,ASUS TP3402VA OLEDS552 I5-13500H 8GB 512GB SSD WIN 11 RD,0,1,UNIT,"13,450,000.00",0.00
,ASUS TP3402VA OLEDS752 I7 13700H / 16GB / SSD 512GB WIN 11 #,0,1,UNIT,"15,695,000.00",0.00
,ASUS TUF A15 FA506IHRB-R565B6T-O11 AMD Ryzen 5 4600H 8GB 512GB SSD GTX1650 4GB W11 Home + OHS 2021 Graphite Black + TUF Gaming backpaK,0,1,UNIT,"11,110,000.00",0.00
,ASUS TUF A15 FA606I AMD RYZEN 7 4800H 8GB 512GB SSD RTX 3050 4GB WIN 11,0,1,UNIT,"11,585,000.00",0.00
,ASUS TUF DASH F15 FX517ZE-I7R5B7T-O CI7-12650H 2x8GB 1TB SSD RTX 3050 Ti 4GB W11 Home + OHS 2021 Off Black + Tuf  Gaming Backpack include Inside Box,0,1,UNIT,"15,800,000.00",0.00
,ASUS TUF DASH F15 FX517ZM I7-12650H RTX 3060 6GB / 16GB / 1TB SSD WIN 11 144HZ,0,1,UNIT,"17,500,000.00",0.00
,ASUS TUF F15 FX506 CI5-10300H 8GB 512GB SSD GTX 1650 4GB NW,0,1,UNIT,"9,700,000.00",0.00
,ASUS TUF F15 FX506HCB-I735B6G CI7-11800H 8GB 512GB SSD RTX3050 4GB WIN10,0,1,UNIT,"17,235,000.00",0.00
,ASUS TUF F15 FX506HM I736B6G CI7-11800H 8GB 512GB SSD RTX 3060 6GB,0,1,UNIT,"16,665,000.00",0.00
,ASUS TUF F15 FX507ZC4 Ci512500H 8GB 512GB SSD RTX 3050 4GB WIN 11 @,0,1,UNIT,"11,620,000.00",0.00
,ASUS TUF FX506HC CI5-11400H 8GB 512GB SSD RTX 3050 4GB #,0,1,UNIT,"11,220,000.00",0.00
,ASUS TUF FX506HF Ci5 11400H 8GB 512GB SSD RTX2050 4GB #,0,1,UNIT,"10,850,000.00",0.00
,ASUS TUF FX507ZC4 Ci5-12500H 8GB 512GB SSD RTX 3050 4GB WIN 11 DD,0,1,UNIT,"12,990,000.00",0.00
,ASUS TUF GAMING A15 FA506NC AMD RYZEN 5 7535HS 8GB 512GB SSD RTX 3050 4GB WIN 11 #,0,1,UNIT,"10,480,000.00",0.00
,ASUS TUF Gaming A15 FA506NCG AMD Ryzen 7 7445HS 16GB DDR5 512GB RTX3050 4GB W11,0,1,UNIT,"12,315,000.00",0.00
,ASUS TUF GAMING A15 FA506NCR AMD RYZEN 7 7435H 16GB 512GB SSD RTX3050 4GB WIN 11 WG,0,1,UNIT,"11,205,000.00",0.00
,ASUS TUF GAMING A15 FA506NF AMD RYZEN 5 7535HS 16GB 512GB SSD RTX2050 4GB WIN 11 #,0,1,UNIT,"11,080,000.00",0.00
,ASUS TUF GAMING A15 FA506NF AMD RYZEN 5 7535HS 8GB 512GB SSD RTX 2050 4GB WIN 11,0,1,UNIT,"9,705,000.00",0.00
,ASUS TUF GAMING A15 FA506NFR AMD RYZEN 7 - 7435HS 8GB 512GB SSD RTX 2050 4GB WIN 11 #,0,1,UNIT,"9,220,000.00",0.00
,ASUS TUF GAMING A15 FA507 AMD RYZEN 9 8945H 16GB 1TB SSD RTX 4060 8GB WIN 11 #,0,1,UNIT,"22,495,000.00",0.00
,ASUS TUF GAMING A15 FA507NUR AMD RYZEN 7 7435HS 16GB 512GB SSD RTX 4050 6GB WIN 11 EK,0,1,UNIT,"16,020,000.00",0.00
,ASUS TUF Gaming A15 FA507NUR-R745K6M-OM AMD Ryzen 7 7435HS 16GB 512GB SSD RTX 4050 6GB W11 Home + OHS 2021 Microsoft 365 MechaGray + TUF Gaming backpack include Inside Box TP,0,1,UNIT,"14,325,000.00",0.00
,ASUS TUF GAMING A15 FA507NVR R746K6M OM AMD RYZEN 7 7435HS 16GB 512GB SSD RTX 4060 8GB WIN 11,0,1,UNIT,"15,940,000.00",0.00
,ASUS TUF GAMING A15 FA507RM AMD Ryzen 7-6800H 2x8GB 512GB SSD RTX3060 6GB W11 Home + OHS 2021,0,1,UNIT,"14,645,000.00",0.00
,ASUS TUF GAMING A15 FA507UV AMD RYZEN 9 8945H 16GB 1TB SSD RTX 4060 8GB WIN 11  #,0,1,UNIT,"22,495,000.00",0.00
,ASUS TUF GAMING A15 FX506II R55TB6T AMD RYZEN 5,0,1,UNIT,"13,285,000.00",0.00
,ASUS TUF GAMING F15 FX506HF Ci5-11400H 2X8GB 512GB SSD RTX 2050 4GB WIN 11 #,0,1,UNIT,"11,590,000.00",0.00
,ASUS TUF GAMING F15 FX506LH-I565B6T CI5-10300H 8GB,0,1,UNIT,"12,435,000.00",0.00
,ASUS TUF GAMING F15 FX506LI-I75TB6T Ci7-10870H 8GB FH,0,1,UNIT,"15,110,000.00",0.00
,ASUS TUF GAMING F15 FX506LU-I766B6T-0 Ci7-10870H 8GB,0,1,UNIT,"14,790,000.00",0.00
,ASUS UX3402ZA OLEDS551 CI5-1240P 16GB 512GB SSD INTEL IRIS XE WIN 11 RH,0,1,UNIT,"15,280,000.00",0.00
,ASUS UX435EAL - 1WIPS711 CI7-1165G7 16GB 1TB SSD INTEL IRIS XE  (AG),0,1,UNIT,"17,390,000.00",0.00
,ASUS VIVOBOOK 14 A1400K FHD N4500 8GB 256GB SSD WIN 11 #,1,8,UNIT,"4,573,977.25","4,573,977.25"
,ASUS VIVOBOOK 14 A1404VA Ci7-1355U 16GB 1TB SSD WIN 11 #,0,1,UNIT,"11,316,666.67",0.00
,ASUS VIVOBOOK 14 A1404VA Ci7-1355U 8GB 512GB SSD WIN 11 #,0,1,UNIT,"9,920,000.00",0.00
,ASUS VIVOBOOK 14 A1404VA INTEL Ci5 - 1334U 16GB DDR4 512GB SSD WIN 11 TP,0,1,UNIT,"8,349,166.67",0.00
,ASUS VIVOBOOK 14 A1404VA INTEL CORE i5 - 1334U 8GB DDR4 512GB SSD WIN 11 TP,0,1,UNIT,"7,900,000.00",0.00
,ASUS VIVOBOOK 14 A1404VA VIP Ci7-1355U 16GB 512GB SSD WIN 11 #,1,1,UNIT,"10,305,000.00","10,305,000.00"
,ASUS VIVOBOOK 14 A1404VA VIPS INTEL CORE i7 - 1355U 8GB 512GB SSD WIN 11 TP,0,1,UNIT,"9,875,000.00",0.00
,ASUS Vivobook 14 A1404VA-VIPS5852M Intel Core i5-1334U 16GB(2x8) DDR4 512GB SSD W11 Home + OHS 2024 Microsoft 365 Basic Terra Cotta + Backpack  Included in the Box,0,1,UNIT,"8,240,000.00",0.00
,ASUS VIVOBOOK 14 A1404VAP INTEL CORE 5 120U 16GB(2X8) 512GB SSD WIN 11,0,1,UNIT,"8,515,000.00",0.00
,ASUS VIVOBOOK 14 A1404VAP INTEL CORE 5 120U 8GB 512GB SSD WIN 11,1,1,UNIT,"8,145,000.00","8,145,000.00"
,ASUS VIVOBOOK 14 A1404VAP INTEL CORE 5 120U 8GB 512GB SSD WIN 11 TP,0,1,UNIT,"8,145,000.00",0.00
,ASUS VIVOBOOK 14 A1404ZA Ci3-1215U 8GB 512GB SSD WIN 11,0,1,UNIT,"6,595,000.00",0.00
,ASUS VIVOBOOK 14 A1404ZA Ci5-1235U 16GB 512GB SSD WIN 11 #,0,1,UNIT,"7,835,000.00",0.00
,ASUS VIVOBOOK 14 A1404ZA Ci5-1235U 8GB 512GB SSD WIN 11 #,0,1,UNIT,"7,705,833.33",0.00
,ASUS Vivobook 14 A1405VA Intel Core i5 13420H 16GB(2X8GB) 512GB SSD W11 Home,0,1,UNIT,"8,715,000.00",0.00
,ASUS VIVOBOOK 14 FLIP TP3407SA - OLED5151M INTEL CORE ULTRA 5 226V 16GB 512GB SSD WIN 11 TP,0,1,UNIT,"15,340,000.00",0.00
,ASUS VIVOBOOK 14 M1405YA AMD RYZEN 7-7730U 16GB 512GB SSD WIN 11,0,1,UNIT,"9,290,000.00",0.00
,ASUS VIVOBOOK 14X K3405VF Ci5 13500H 8GB 512 SSD RTX 2050 4GB WIN 11 #,0,1,UNIT,"12,280,000.00",0.00
,ASUS VIVOBOOK 15 A1504VA VIPS Ci7-1355U 2x8GB 512GB SSD WIN 11 LB,0,1,UNIT,"10,925,000.00",0.00
,ASUS VIVOBOOK 15 A1504VAP VIPS5504M CORE 5 120U 16GB 512GB SSD WIN 11 TOUCH #,0,1,UNIT,"9,270,000.00",0.00
,ASUS VIVOBOOK 15 A1504VAP VIPS5504M CORE 5 120U 16GB 512GB SSD WIN 11 TOUCH TP,0,1,UNIT,"9,270,000.00",0.00
,ASUS VIVOBOOK 16X K3605VC CORE I7 13620H 16GB 512GB RTX3050 4GB W11,0,0,UNIT,"12,020,000.00",0.00
,ASUS VIVOBOOK A1404VA Ci5-1335U 8GB 512GB SSD WIN 11 @,0,1,UNIT,"7,900,000.00",0.00
,ASUS VIVOBOOK A1404VA INTEL CORE I5 1335U 16GB 512GB SSD W11 @,0,1,UNIT,"8,390,000.00",0.00
,ASUS VIVOBOOK FLIP T330GA OLED i3-N300 8GB 256GB SSD WIN 11 #,0,1,UNIT,"10,988,000.00",0.00
,ASUS VIVOBOOK FLIP TP1400KA INTEL N4500 4GB 256GB SSD WIN 11,0,1,UNIT,"6,220,000.00",0.00
,ASUS Vivobook Flip TP1400KA-VIPS451 CEL-N4500 8GB 512GB SSD W11 + OHS 2021 Quiet Blue (Touch),0,1,UNIT,"6,395,000.00",0.00
,ASUS VIVOBOOK FLIP TP470EZ-VIPS551 CI5-1135G7 8GB 512GB SSD INTEL IRIS XE,0,1,UNIT,"13,315,000.00",0.00
,ASUS VIVOBOOK GO 14 E1404FA  AMD RYZEN 3 7320U 8GB 512GB SSD WIN 11 #,0,3,UNIT,"5,837,500.00",0.00
,ASUS VIVOBOOK GO 14 E1404FA - FHD AMD RYZEN 3 7320U 8GB 512GB SSD WIN 11 TP,0,1,UNIT,"5,727,400.79",0.00
,ASUS VIVOBOOK GO 14 E1404FA FHD AMD RYZEN 3 7320U 8GB 256GB SSD WIN 11,0,3,UNIT,"5,572,244.08",0.00
,ASUS VIVOBOOK GO 14 E1404FA FHD AMD RYZEN 5 7520U 16GB 512GB SSD WIN 11 #,1,1,UNIT,"7,550,000.00","7,550,000.00"
,ASUS VIVOBOOK GO 14 E1404GA - FHD INTEL CORE i3 - N305 8GB 256GB SSD WIN 11 TP,0,1,UNIT,"5,541,666.67",0.00
,ASUS VIVOBOOK GO 14 E1404GA Ci3-N305 8GB 512GB SSD WIN 11 #,0,7,UNIT,"5,970,000.00",0.00
,ASUS VIVOBOOK GO 14 E1404GA Ci3-N305 8GB 512GB SSD WIN 11 TP,1,0,UNIT,"5,815,000.00","5,815,000.00"
,ASUS VIVOBOOK GO 14 E1404GA FHD Ci3 - N305 8GB 256GB SSD WIN 11 #,0,3,UNIT,"5,620,000.00",0.00
,ASUS VIVOBOOK GO 14 E410KA FHD N4500 8GB 256GB SSD WIN 11 #,5,1,UNIT,"4,420,000.00","22,100,000.00"
,ASUS VIVOBOOK GO 14 E410KA FHD N4500 8GB 512GB SSD WIN 11,0,1,UNIT,"4,852,000.00",0.00
,ASUS VIVOBOOK GO 14 E410KA N4500 4GB 256GB SSD WIN 11 #,10,1,UNIT,"3,750,000.00","37,500,000.00"
,ASUS VIVOBOOK GO 14 E410KA N4500 8GB 256GB SSD WIN 11 TP,0,1,UNIT,"4,395,000.00",0.00
,ASUS VIVOBOOK GO 15 E1504FA OLED AMD RYZEN 5 7520U 16GB 512GB SSD WIN 11 #,0,1,UNIT,"8,935,000.00",0.00
,ASUS VIVOBOOK GO E1404FA AMD RYZEN 5 7520U 8GB 512GB SSD WIN 11 #,0,1,UNIT,"6,987,500.00",0.00
,ASUS VIVOBOOK GO E1404FA R3 7320U 8GB 256GB SSD WIN 11 TP,0,1,UNIT,"5,535,000.00",0.00
,ASUS VIVOBOOK GO E1504FA RYZEN 3 7320 16GB 512GB SSD W11 TP,0,0,UNIT,"6,670,000.00",0.00
,ASUS VIVOBOOK K413FQ EK701T CI7-10510U 8GB 512GB SSD,0,1,UNIT,"12,015,000.00",0.00
,ASUS VIVOBOOK S 14 FLIP TN3402QA AMD RYZEN 7 - 5800H 8GB 512GB SSD WIN 11 #,0,1,UNIT,"9,917,000.00",0.00
,ASUS VIVOBOOK S 14 FLIP TN3402YA AMD RYZEN 5 7430U 16GB 512GB SSD WIN 11 TOUCH,2,1,UNIT,"10,370,000.00","20,740,000.00"
,ASUS VIVOBOOK S 14 FLIP TP3402VA OLED Ci7-13700H 16GB 512GB SSD INTEL IRIS XE WIN 11 #,0,1,UNIT,"20,690,000.00",0.00
,ASUS VIVOBOOK S 14 S5406MA - OLED 714 INTEL CORE ULTRA 7 155H 16GB 1TB SSD WIN 11,0,1,UNIT,"14,695,000.00",0.00
,ASUS VIVOBOOK S14 S3407CA - VIPS7111M INTEL CORE ULTRA 7 255H 16GB DDR5 1TB SSD WIN 11 TP,0,1,UNIT,"13,830,000.00",0.00
,ASUS VIVOBOOK S14 S3407CA INTEL CORE ULTRA 5 225H 16GB DDR5 1TB SSD W11,0,0,PCS,0.00,0.00
,ASUS Vivobook S14 S3407CA-VIPS7112M Intel Core Ultra 7 255H 16GB DDR5 1TB SSD W11 Home+ OHS 2024 Microsoft 365 Basic Cool Silver + Backpack Included in the Box,0,1,UNIT,"14,790,000.00",0.00
,"ASUS X541SA N3000 15,6"" 4GB 500GB W10",0,1,UNIT,"3,675,000.00",0.00
,ASUS ZENBOOK 14 OLED UM3406HA OLED AMD RYZEN 7 - 8840HS 16GB 512GB SSD WIN 11 #,0,1,UNIT,"14,195,000.00",0.00
,ASUS Zenbook 14 OLED UM3406KA OLED AMD Ryzen AI 7 350 32GB 1TB SSD W11,0,1,UNIT,"18,240,000.00",0.00
,ASUS Zenbook 14 OLED UX3405CA-OLEDS9311TM Intel Core Ultra 9 285H 32GB LPDDR5X 1TB SSD W11 Home + OHS 2024 + Microsoft 365 Basic Ponder Blue + only SLEEVE include inside box TP,0,1,UNIT,"22,140,000.00",0.00
,ASUS ZENBOOK 14 OLED UX3405MA CORE ULTRA 5 125H 16GB 1TB WIN 11,0,1,UNIT,"16,695,000.00",0.00
,ASUS ZENBOOK CLASSIC UX325EA-EG551TS CI5-1135G7 8GB,0,1,UNIT,"13,500,000.00",0.00
,ASUS ZENBOOK FLIP UN5401QA - OLEDS913 AMD RYZEN 9 5900HX 16GB 1TB SSD WIN 11,0,1,UNIT,"16,570,000.00",0.00
,ASUS ZENBOOK UM325UA OLED712 AMD RYZEN 7 5700U 16GB 1TB SSD,0,1,UNIT,"15,985,000.00",0.00
,ASUS ZENBOOK UX425EA-IPS751 CI7-1165G7 16GB 512GB SSD WIN10,0,1,UNIT,"16,575,000.00",0.00
,AUDIOBANK WIRELESS MIC WMX 177,0,1,UNIT,"770,600.00",0.00
,AUTO SHEET FEEDER FOR G,0,1,PCS,"235,363.21",0.00
,AUTO SHEET FEEDER G2020 / G1020 (MEKANIK ROL),0,1,PCS,"579,419.99",0.00
,AVARO DOOR LOCK FINGER PRINT,0,1,UNIT,"600,000.00",0.00
,AVITA SATUS S101 INTEL N4020 8GB 256GB SSD,0,1,UNIT,"3,685,000.00",0.00
,"AXIOO 11G N4000/4GB/256GB SSD/11,6""",0,1,UNIT,"2,030,000.00",0.00
,"AXIOO 11G N4020/4GB/128GB SSD/11,6"" YS",0,1,UNIT,"2,825,000.00",0.00
,"AXIOO 13,3"" N4020 4GB SSD 256GB",0,1,UNIT,"3,800,000.00",0.00
,"AXIOO 14E N4000/4GB/128GB SSD/14""",0,1,UNIT,"2,785,000.00",0.00
,AXIOO 14F INTEL N4020 6GB 256GB SSD FHD #,0,5,UNIT,"2,650,000.00",0.00
,"AXIOO 14F N4020/4GB/256GB SSD/13.3""",0,5,UNIT,"2,451,893.94",0.00
,"AXIOO 14F N4020/8GB/256GB SSD/13'3"" YS",0,1,UNIT,"3,810,000.00",0.00
,"AXIOO HYPE 1 N4020 4GB 128GB WIN 11 14"" #",0,1,UNIT,0.00,0.00
,AXIOO HYPE 1 N4020 8GB 256 TP,1,10,UNIT,"2,650,000.00","2,650,000.00"
,AXIOO HYPE 10 INTEL N4020 8 256 #,12,25,UNIT,"2,900,000.00","34,800,000.00"
,AXIOO HYPE 10 INTEL N4020 8 256 TP,0,1,UNIT,"2,625,000.00",0.00
,AXIOO HYPE 5 R5 5500 16GB 256GB,0,1,UNIT,"5,700,000.00",0.00
,AXIOO HYPE 5 RYZEN 5 3500 8 256 #,4,1,UNIT,"4,023,676.31","16,094,705.23"
,AXIOO HYPE 5 RYZEN 5 3500 8GB 256GB TP,0,1,UNIT,"3,925,000.00",0.00
,AXIOO HYPE 7 AMD X8 RYZEN 7 6800H 16GB 512GB SSD WIN 11,0,1,UNIT,"7,440,000.00",0.00
,AXIOO HYPE R3 INTEL CORE i3 - 1215U LPDDR5 256GB SSD,0,1,UNIT,"5,160,000.00",0.00
,AXIOO MAYBOOK HYPE 7 AMD X8 RYZEN 7 6800H 16GB 512GB SSD,0,1,UNIT,"7,525,000.00",0.00
,AXIOO MYBOOK 11G N4000 6GB 256GB SSD #,0,1,UNIT,"2,135,000.00",0.00
,AXIOO MYBOOK 14E INTEL N4000 4GB SSD 256GB #,0,6,UNIT,"2,162,316.99",0.00
,AXIOO MYBOOK HYPE 1 INTEL N4020 4GB 256GB SSD WIN 11,0,5,UNIT,"2,500,000.00",0.00
,AXIOO MYBOOK HYPE 1 INTEL N4020 8 GB 256GB SSD WIN 11,0,1,UNIT,"2,700,000.00",0.00
,AXIOO MYBOOK HYPE 3 (G11) Ci3-1125G4 8GB 256GB SSD,2,1,UNIT,"4,265,000.00","8,530,000.00"
,AXIOO MYBOOK HYPE 5 AMD RYZEN 5 5500U 8 256GB,0,1,UNIT,"5,045,277.78",0.00
,AXIOO Mybook HYPE 5 AMD X6 AMD Ryzen 5 6600H 16GB 512GB W11 PRO,0,0,UNIT,0.00,0.00
,AXIOO MYBOOK HYPE 5 AMD X6 RYZEN 5 6600H 16GB 512GB SSD WIN 11,0,1,UNIT,"6,390,000.00",0.00
,AXIOO MYBOOK HYPE 5 Ci5 - 1035G1 8GB 512GB SSD,0,1,UNIT,"5,200,000.00",0.00
,AXIOO MYBOOK HYPE7 AMD RYZEN 7 5700 16GB 512GB SSD FHD,0,1,UNIT,"6,500,000.00",0.00
,AXIOO MYBOOK Z6 Ci3-1215U 8GB 256GB SSD,0,1,UNIT,"4,645,000.00",0.00
,AXIOO PONGO 725 INTEL CORE I7 12650H 16GB 512GB SSD RTX 2050 4GB 15.6 FHD WIN 11,0,1,UNIT,"9,450,000.00",0.00
,AXIOO PONGO 760 V2 Ci7-13620H 16GB 512GB SSD RTX 4060 8GB WIN 11,0,1,UNIT,"15,795,000.00",0.00
,"AXIOO PONGO 775 Intel Core i7-13620H 16GB 512GB SSD RTX 5070 8GB DDR6 15.6"" FHD Win 11",0,0,UNIT,"20,440,000.00",0.00
,AXIOO Z10 METAL I5-1235U 2X8GB 512GB SSD YS,0,1,UNIT,0.00,0.00
,AXIOO Z6 METAL I3-1215U 8GB 256GB SSD YS,0,1,UNIT,"6,550,000.00",0.00
,BACKGROUND FOTO,2,1,PCS,"250,000.00","500,000.00"
,BALLPOINT BP 7,839,1,PCS,"1,459.00","1,224,101.00"
,BALLPOINT PILOT BALINER BL - 5M HITAM,837,50,PCS,"12,916.67","10,811,250.00"
,BALLPOINT PILOT BALINER BL - 5M MERAH,852,50,PCS,"12,916.67","11,005,000.00"
,BALLPOINT PILOT BALINER BL5M BIRU,402,50,PCS,"12,916.67","5,192,500.00"
,BALLPOINT SNOWMAN V1,0,2,PACK,"17,000.00",0.00
,BALLPOINT SNOWMAN V1 PCS,5206,100,PCS,"1,472.22","7,664,388.89"
,BALLPOINT UNGU SARASA CLIP JJB - 15 GEL PEN 07M,240,1,PCS,"13,500.00","3,240,000.00"
,BANTAL STEMPEL,42,1,PCS,"7,193.50","302,126.90"
,BARCODE HONEYWELL MK 7120,0,1,UNIT,"1,777,500.00",0.00
,BARCODE SCANNER IWARE BS-2100WL 2D WIRELESS BLACK GREY + STAND,0,1,UNIT,"784,000.00",0.00
,BARCODE SCANNER IWARE OS-930 2D USB BLACK,0,1,UNIT,"640,000.00",0.00
,BATERAI 1220,59,1,PCS,"11,958.33","705,541.67"
,BATERAI 1616,61,1,PCS,"12,500.00","762,500.00"
,BATERAI 1632,15,1,BIJI,"11,500.00","172,500.00"
,BATERAI 2025,14,1,PCS,"8,000.00","112,000.00"
,BATERAI A 23,19,3,PCS,"14,965.23","284,339.44"
,BATERAI A 27,77,1,PCS,"14,801.75","1,139,734.55"
,BATERAI AA ENELOOP PRO,8,1,PCS,"68,875.00","551,000.00"
,BATERAI ACER  V5 431 (AL12A32),3,1,PCS,"205,588.83","616,766.49"
,BATERAI ACER 4732Z,0,1,PCS,"220,000.00",0.00
,BATERAI ACER 4741 OR,5,1,PCS,"204,636.39","1,023,181.94"
,BATERAI ACER A314 35 AP16M5J #,0,1,PCS,"280,000.00",0.00
,BATERAI ACER A514 A515 AP20CBL,0,0,PCS,"490,000.00",0.00
,BATERAI ACER AC 13C34 OR,0,1,PCS,"385,000.00",0.00
,Baterai ACER Ac14b18j,0,0,PCS,"370,000.00",0.00
,BATERAI ACER AL12B32 SLIM,3,1,PCS,"285,396.83","856,190.48"
,BATERAI ACER AL14B18J,2,1,PCS,"375,000.00","750,000.00"
,BATERAI ACER AP 16M5J ORI,0,1,PCS,"480,000.00",0.00
,BATERAI ACER AP18B18J (A314-33),0,1,PCS,"390,000.00",0.00
,BATERAI ACER AP18C4K,1,0,PCS,"310,000.00","310,000.00"
,BATERAI ACER AP18C8K,0,1,PCS,"371,875.00",0.00
,BATERAI ACER AP19B8K,3,1,PCS,"493,333.33","1,480,000.00"
,BATERAI ACER AS07A41,0,1,PCS,"210,000.00",0.00
,BATERAI ACER ASPIRE 5 314 (AP19B8K),2,1,PCS,"380,000.00","760,000.00"
,BATERAI ACER ASPIRE 5 A314 PS,0,1,PCS,"435,000.00",0.00
,BATERAI ACER ASPIRE 5 A515 - 45 AG,0,1,PCS,"360,000.00",0.00
,BATERAI ACER E5 471 (AL14A32),-1,1,PCS,"278,750.00","-278,750.00"
,BATERAI ACER E5 475,0,1,PCS,"255,000.00",0.00
,BATERAI ACER ES1 131 AC14818J / AC14813J,0,1,PCS,"370,000.00",0.00
,BATERAI ACER ES1 432 AS16A8K / AS16A5K,2,0,PCS,"224,350.46","448,700.92"
,BATERAI ACER TRAVELMATE AC17A8M,0,0,UNIT,"350,000.00",0.00
,BATERAI ACER Z476,3,1,PCS,"273,434.38","820,303.13"
,BATERAI ASUS A32 AG,0,1,PCS,"220,000.00",0.00
,BATERAI ASUS A32-1015,0,1,PCS,"210,000.00",0.00
,BATERAI ASUS A32-K / K 53,0,1,PCS,"205,000.00",0.00
,BATERAI ASUS A409,0,0,PCS,"390,000.00",0.00
,BATERAI ASUS A41-X550A,0,1,PCS,"220,000.00",0.00
,BATERAI ASUS A41N 1421 RH,0,1,PCS,"300,000.00",0.00
,BATERAI ASUS A442,1,1,PCS,"245,000.00","245,000.00"
,BATERAI ASUS A456U,0,1,PCS,"380,000.00",0.00
,BATERAI ASUS B31N1912 #,0,1,PCS,"400,000.00",0.00
,BATERAI ASUS B31N1912 E410,1,1,PCS,"362,500.00","362,500.00"
,BATERAI ASUS K401U,0,1,PCS,"400,000.00",0.00
,BATERAI ASUS UM 431 ZENBOOK,0,1,PCS,"520,000.00",0.00
,BATERAI ASUS X200CA,3,1,PCS,"200,000.00","600,000.00"
,BATERAI ASUS X201,1,1,PCS,"337,866.31","337,866.31"
,BATERAI ASUS X456,0,1,PCS,"250,000.00",0.00
,BATERAI ASUS X550,0,1,PCS,"230,000.00",0.00
,BATERAI CAMELION CR2016,108,1,BIJI,"4,375.00","472,500.00"
,BATERAI CAMERA CANON LP E10,1,1,PCS,"95,000.00","95,000.00"
,BATERAI CAMERA CANON LP E5,0,1,PCS,"200,000.00",0.00
,BATERAI CAMERA CANON LP E8,0,1,PCS,"110,000.00",0.00
,BATERAI CANON LP E12,0,1,PCS,"250,000.00",0.00
,BATERAI CMOS CR2032,17,30,PCS,"5,259.38","89,409.42"
,BATERAI COMPAQ CQ 42,0,1,PCS,"245,000.00",0.00
,BATERAI CR1620,110,1,PCS,"12,224.55","1,344,700.66"
,BATERAI CR2016,48,1,PCS,"8,125.00","390,000.00"
,BATERAI DELL 10DXOR,0,1,PCS,"550,000.00",0.00
,BATERAI DELL INSP 13-7000,0,1,PCS,"430,000.00",0.00
,BATERAI DRONE MAVIC 2 PRO,0,1,PCS,"1,715,000.00",0.00
,BATERAI ENELOOP AAA,4,0,PCS,"55,000.00","220,000.00"
,BATERAI ENELOOP PRO AAA 950MAH BP4,2,0,BIJI,"60,000.00","120,000.00"
,BATERAI EVEREADY 9V,9,5,PCS,"15,203.36","136,830.23"
,BATERAI HP 14-CE HT03XL AG,2,1,PCS,"262,135.42","524,270.83"
,BATERAI HP AD03XL YK,0,1,PCS,"500,000.00",0.00
,BATERAI HP COMPAQ CQ 42,0,1,PCS,"245,000.00",0.00
,BATERAI HP HS 04 BM,0,1,PCS,"270,000.00",0.00
,BATERAI HP JC 04 ORI,1,1,PCS,"200,000.00","200,000.00"
,BATERAI HP JC C4,0,1,PCS,"225,000.00",0.00
,BATERAI HP PAVILION 14-AF,0,1,PCS,"200,000.00",0.00
,BATERAI HP PAVILION 14-D,0,1,PCS,"190,000.00",0.00
,BATERAI HP TX 03 XL,2,1,PCS,"363,333.33","726,666.67"
,BATERAI HP X360 14-M,0,1,PCS,"340,000.00",0.00
,BATERAI LAPTOP ACER 725 SLIM (AL121332),0,1,PCS,"235,000.00",0.00
,BATERAI LAPTOP ACER AP 18 C4K,1,1,PCS,"430,000.00","430,000.00"
,BATERAI LAPTOP ACER AP16M5J ACER A314,1,1,PCS,"300,000.00","300,000.00"
,BATERAI LAPTOP ACER D260 AL10B31,0,1,PCS,"280,000.00",0.00
,BATERAI LAPTOP ACER E5 - 473 (AL15A32),6,1,PCS,"268,668.72","1,612,012.35"
,BATERAI LAPTOP ACER L1410,0,1,PCS,"450,000.00",0.00
,BATERAI LAPTOP ACER V5-122 (AC13C34),4,1,PCS,"333,721.81","1,334,887.22"
,BATERAI LAPTOP ACER Z1401 #,2,1,PCS,"275,000.00","550,000.00"
,BATERAI LAPTOP ACER Z1402,6,1,PCS,"259,176.56","1,555,059.38"
,BATERAI LAPTOP ASUS A32 K53 PS,0,1,PCS,"240,000.00",0.00
,BATERAI LAPTOP ASUS A407,0,1,PCS,"220,000.00",0.00
,BATERAI LAPTOP ASUS A412D,0,1,PCS,"305,000.00",0.00
,BATERAI LAPTOP ASUS A416,0,1,PCS,"370,000.00",0.00
,BATERAI LAPTOP ASUS A454W,0,1,PCS,"265,000.00",0.00
,BATERAI LAPTOP ASUS B21N1505-1,0,1,PCS,"440,000.00",0.00
,BATERAI LAPTOP ASUS C3INI905,0,1,PCS,"500,000.00",0.00
,BATERAI LAPTOP ASUS E203,0,1,PCS,"450,000.00",0.00
,BATERAI LAPTOP ASUS E410M,0,1,PCS,"500,000.00",0.00
,BATERAI LAPTOP ASUS X441,1,1,PCS,"231,250.00","231,250.00"
,BATERAI LAPTOP ASUS X450,0,1,PCS,"285,000.00",0.00
,BATERAI LAPTOP ASUS X451,0,1,PCS,"190,000.00",0.00
,BATERAI LAPTOP ASUS X453,3,1,PCS,"109,250.00","327,750.00"
,BATERAI LAPTOP ASUS X550E,0,1,PCS,"225,000.00",0.00
,BATERAI LAPTOP AXIOO 14F,0,1,PCS,"220,000.00",0.00
,BATERAI LAPTOP DELL INSP 13 700 BG,0,1,PCS,"425,000.00",0.00
,BATERAI LAPTOP DELL INSP 15-5568 AG,0,1,PCS,"326,239.23",0.00
,BATERAI LAPTOP HP CQ 42,1,1,PCS,"212,000.00","212,000.00"
,BATERAI LAPTOP HP PAVILION 14-AF (HS04),0,1,PCS,"210,000.00",0.00
,BATERAI LAPTOP HP PAVILION 14-D (OA04),0,1,PCS,"190,000.00",0.00
,BATERAI LAPTOP HP PAVILION 14-N AG,0,1,PCS,"285,000.00",0.00
,BATERAI LAPTOP LENOVO 100-80QQ L15M4A01 AS,1,1,PCS,"390,000.00","390,000.00"
,BATERAI LAPTOP LENOVO 110 - 141BR PS,0,1,PCS,"370,000.00",0.00
,BATERAI LAPTOP LENOVO 320 AG,0,1,PCS,"380,000.00",0.00
,BATERAI LAPTOP LENOVO G40,0,1,PCS,"290,000.00",0.00
,BATERAI LAPTOP LENOVO G400S,1,1,PCS,"284,500.00","284,500.00"
,BATERAI LAPTOP LENOVO G41 - 35,0,1,PCS,"265,000.00",0.00
,BATERAI LAPTOP LENOVO L12M4E01,0,1,PCS,"330,000.00",0.00
,BATERAI LAPTOP MSI BTY - M6K,0,1,PCS,"375,000.00",0.00
,BATERAI LAPTOP SONY BPS 35,0,0,PCS,"205,000.00",0.00
,BATERAI LAPTOP SONY BPS26,0,1,PCS,"435,000.00",0.00
,BATERAI LAPTOP TOSHIBA L40,0,1,PCS,"330,000.00",0.00
,BATERAI LAPTOP TOSHIBA PA 5185 U,0,1,PCS,"300,000.00",0.00
,BATERAI LAPTOP TOSHIBA PA5107U,0,1,PCS,"360,000.00",0.00
,BATERAI LAPTOP TOSHIBA PA5184U,2,1,PCS,"220,000.00","440,000.00"
,BATERAI LENOVO 100 14IBD L15L4401,0,1,PCS,"300,000.00",0.00
,BATERAI LENOVO 470 LS,0,1,PCS,"385,000.00",0.00
,BATERAI LENOVO AL12L4E01,1,1,PCS,"292,500.00","292,500.00"
,BATERAI LENOVO B40-45 AJ,0,1,PCS,"265,000.00",0.00
,BATERAI LENOVO B41 HRS,0,1,PCS,"300,000.00",0.00
,BATERAI LENOVO G430 AG,0,0,PCS,"390,000.00",0.00
,BATERAI LENOVO IDEAPAD 110-14IBR,0,1,UNIT,"325,000.00",0.00
,BATERAI LENOVO L12 L4E01,0,1,PCS,"320,000.00",0.00
,BATERAI LENOVO L14M3P21 PS,0,1,PCS,"470,000.00",0.00
,BATERAI LENOVO L15L3A02,0,0,PCS,"370,000.00",0.00
,BATERAI LENOVO L15S4A02,0,1,PCS,"390,000.00",0.00
,BATERAI LENOVO L17C2PB1 PS,0,1,PCS,"430,000.00",0.00
,BATERAI LENOVO L19M3PD6@,0,1,PCS,"560,000.00",0.00
,BATERAI LENOVO LI6L2PB3,0,1,PCS,"400,000.00",0.00
,BATERAI LENOVO S110,0,1,PCS,"220,000.00",0.00
,BATERAI LENOVO X240 AG,0,1,PCS,"310,000.00",0.00
,BATERAI LENOVO X240 K2450,0,1,Buah,"385,000.00",0.00
,BATERAI PANASONIC / ABC ALKALINE AAA,68,10,PCS,"4,062.50","276,250.00"
,BATERAI PANASONIC / ENR POWER/ ABC  ALKALINE AA,72,10,PCS,"4,062.50","292,500.00"
,BATERAI PANASONIC ENELOOP,0,1,PCS,"65,000.00",0.00
,BATERAI PANASONIC ENELOOP AA,0,0,Buah,"65,000.00",0.00
,BATERAI PANASONIC PRIMA / EVR MERAH AAA,67,10,PCS,"2,380.00","159,460.00"
,BATERAI SONY BPS22 BLACK,1,1,PCS,"470,000.00","470,000.00"
,BATERAI TOSHIBA C40 PA5109U,0,1,PCS,"205,000.00",0.00
,BATERAI TOSHIBA C640 OR (PA3817U),2,1,PCS,"212,222.22","424,444.44"
,BATERAI TOSHIBA PA 5107 TANAM,0,0,PCS,"370,000.00",0.00
,BATERAI TOSHIBA PA3634,0,1,PCS,"220,000.00",0.00
,BATERAI TOSHIBA PA5024U (C800),1,1,PCS,"212,500.00","212,500.00"
,BATERAI UPS 12V 7 AH KIJO,11,2,PCS,"145,000.00","1,595,000.00"
,BATERAI UPS 12V SOLANA,0,1,PCS,0.00,0.00
,BATERAI UPS CENTRO 12V 7AH,1,1,UNIT,"147,500.00","147,500.00"
,BATERAI UPS KENIKA 12V/7.0 AH,9,1,PCS,"159,814.81","1,438,333.33"
,BATERAI UPS SANURPRO 12V 7 AH,0,1,PCS,"152,000.00",0.00
,BERRY LAKBAN HITAM 36 X 12M,80,1,PCS,"7,857.00","628,560.00"
,BINDER CLIP NO. 111,0,10,KOTAK,"5,000.00",0.00
,BINDER CLIP NO. 200,138,20,KOTAK,"8,510.42","1,174,437.50"
,BINDER CLIP NO. 260,13,1,KOTAK,"13,167.13","171,172.65"
,BINGKAI FOTO 10R,21,10,PCS,"18,488.00","388,248.00"
,BINGKAI FOTO 12R,27,1,PCS,"25,311.66","683,414.86"
,BINGKAI FOTO 20X30 (10R JUMBO),1187,30,PCS,"16,514.83","19,603,101.16"
,BINGKAI FOTO 30X45 (12R JUMBO),35,5,PCS,"27,247.52","953,663.08"
,BINGKAI FOTO PLASTIK STAR ONE,7,1,PCS,"14,000.00","98,000.00"
,BLUEPRINT CANON BLACK (100ML),322,450,PCS,"37,863.75","12,192,128.39"
,BLUEPRINT CANON CYAN (100ML),199,250,PCS,"36,024.85","7,168,945.71"
,BLUEPRINT CANON KOTAK  WARNA ( SUNTIK ),253,100,PCS,"24,196.54","6,121,724.60"
,BLUEPRINT CANON KOTAK HITAM ( SUNTIK ),380,100,PCS,"24,321.23","9,242,068.18"
,BLUEPRINT CANON MAGENTA (100ML),325,250,PCS,"36,410.45","11,833,397.11"
,BLUEPRINT CANON YELLOW (100ML),201,250,PCS,"36,110.14","7,258,137.63"
,BLUEPRINT CASH DRAWER 405X420X98/112MM,0,1,UNIT,"425,000.00",0.00
,BLUEPRINT CATRIDGE TONER 12 A,6,3,PCS,"360,000.00","2,160,000.00"
,BLUEPRINT CATRIDGE TONER 12A,8,1,UNIT,"355,000.00","2,840,000.00"
,BLUEPRINT CATRIDGE TONER 17A,9,1,PCS,"355,000.00","3,195,000.00"
,BLUEPRINT CATRIDGE TONER 283A,9,5,PCS,"355,000.00","3,195,000.00"
,BLUEPRINT CATRIDGE TONER 35A,16,1,PCS,"370,000.00","5,920,000.00"
,BLUEPRINT CATRIDGE TONER HP 285A,0,35,PCS,"349,999.52",0.00
,BLUEPRINT DOUBLE SIDED PHOTO PAPER,46,1,PCS,"30,013.39","1,380,616.07"
,BLUEPRINT EPSON BLACK (100ML),78,20,PCS,"35,000.00","2,730,000.00"
,BLUEPRINT EPSON CYAN (100ML),139,10,PCS,"35,000.00","4,865,000.00"
,BLUEPRINT EPSON MAGENTA (100ML),102,5,PCS,"35,000.00","3,570,000.00"
,BLUEPRINT EPSON YELLOW (100ML),165,20,PCS,"35,000.00","5,775,000.00"
,BLUEPRINT HP BLACK,9,1,PCS,"35,000.00","315,000.00"
,BLUEPRINT HP CYAN,3,1,PCS,"35,000.00","105,000.00"
,BLUEPRINT HP MAGENTA,5,1,PCS,"35,000.00","175,000.00"
,BLUEPRINT HP YELLOW,3,1,PCS,"35,000.00","105,000.00"
,BLUEPRINT KERTAS FOTO A3,18,1,PCS,"43,997.37","791,952.61"
,BLUEPRINT KERTAS FOTO MATAHARI 230GR,258,160,PCS,"22,499.88","5,804,968.98"
,BLUEPRINT KERTAS FOTO SILKY,0,1,PCS,"50,000.00",0.00
,BLUEPRINT KERTAS FOTO STIKER A4,360,200,PCS,"24,500.00","8,820,000.36"
,BLUEPRINT KERTAS FOTO TULIP 230 GSM,43,1,PCS,"22,500.00","967,500.00"
,BLUEPRINT KERTAS INKJET PAPER ( ISI 50 ),194,1,PCS,"21,509.12","4,172,768.71"
,BLUEPRINT KERTAS SUBLIM,78,5,PCS,"37,500.00","2,925,000.00"
,BLUEPRINT KERTAS THERMAL 80 X 40,170,200,PCS,"4,000.00","680,000.00"
,BLUEPRINT PLASTIK LAMINATING A4,27,20,PCS,"63,674.32","1,719,206.66"
,BLUEPRINT PRINTABLE CARD (KERTAS ID CARD),310,150,PCS,"41,891.28","12,986,297.44"
,BLUEPRINT PRINTER A300,0,1,UNIT,"1,670,000.00",0.00
,BLUEPRINT PRINTER ECO BP-ECO58 (BATERAI),13,5,UNIT,"250,805.87","3,260,476.28"
,BLUEPRINT PRINTER LITE 58X,0,1,UNIT,"258,000.00",0.00
,BLUEPRINT PRINTER LITE DEKSTOP USB - LITE80L,2,1,UNIT,"815,439.56","1,630,879.11"
,BLUEPRINT PRINTER LITE TMU58D BLUETOOTH,0,5,UNIT,"306,520.00",0.00
,BLUEPRINT PRINTER LITE80X,0,1,UNIT,"739,000.00",0.00
,BLUEPRINT PRINTER TMU80,0,1,UNIT,"1,000,000.00",0.00
,BLUEPRINT SCANNER BARCODE 2D,0,1,UNIT,"253,000.00",0.00
,BLUEPRINT SCANNER BARCODE BP UC200 2D,1,1,PCS,"467,500.00","467,500.00"
,BLUEPRINT SCANNER BARCODE OMNI,0,2,PCS,"637,000.00",0.00
,BLUEPRINT SCANNER BARCODE WIRELESS TC100,0,1,UNIT,"410,000.00",0.00
,BLUEPRINT STARTER PACK 4 WARNA CANON ( SUNTIK ),95,10,PCS,"24,006.17","2,280,585.70"
,BLUEPRINT STIKER FOTO GLOSSY LITE A4 105 GSM,237,1,PCS,"13,430.00","3,182,910.00"
,BLUEPRINT TINTA CANON  250ML BLACK,5,2,PCS,"58,000.00","290,000.00"
,BLUEPRINT TINTA CANON 250ML CYAN,2,1,PCS,"57,500.00","115,000.00"
,BLUEPRINT TINTA CANON 250ML MAGENTA,1,1,PCS,"57,500.00","57,500.00"
,BLUEPRINT TINTA CANON 250ML YELLOW,0,1,PCS,"57,500.00",0.00
,BLUEPRINT TRANSFER PAPER DASAR HITAM,192,40,PCS,"57,500.00","11,040,000.00"
,BLUEPRINT TRANSFER PAPER DASAR PUTIH,223,30,PCS,"35,351.19","7,883,315.48"
,BLUEPRINT TRANSPARANT FILM STIKER WATER RESISTANT A4,132,50,PCS,"30,279.10","3,996,840.89"
,BLUEPRINT TRANSPARENT FILM CLEAR,171,5,PCS,"37,279.74","6,374,834.80"
,BLUEPRINT TRANSPARENT FILM STIKER,0,1,PCS,"25,510.23",0.00
,BOLA BASKET,0,1,PCS,"350,000.00",0.00
,BOX FILE KERANJANG,69,1,PCS,"10,000.00","690,000.00"
,BRACKET STANDING TV BESAR,0,0,PCS,"1,350,000.00",0.00
,BRAKET EZVIZ,0,1,PCS,"120,500.00",0.00
,BRAKET GANTUNG PROJECTOR,3,5,PCS,"75,000.00","225,000.00"
,BRAKET MONITOR,0,1,PCS,"70,000.00",0.00
,BRAKET SPEAKER BS 403F,0,1,PCS,"250,000.00",0.00
,BRAKET STAND ST65F YR,1,1,UNIT,"1,350,000.00","1,350,000.00"
,BRAKET STANDING TV,0,1,UNIT,"978,820.00",0.00
,BRAKET TV,4,1,PCS,"46,936.35","187,745.38"
,BRANKAS 60 * 45 * 37 CM,0,1,PCS,"2,450,000.00",0.00
,BRANKAS A1 KUNCI LN,0,1,UNIT,"3,850,000.00",0.00
,BRANKAS A2 45 * 52 * 74 LN,0,1,UNIT,"3,870,000.00",0.00
,BRANKAS NASIONAL A1,2,1,UNIT,"2,895,833.33","5,791,666.67"
,BROTHER DCP L2540 DW,0,1,PCS,"2,880,555.56",0.00
,BROTHER DCP L2540 DW TP,0,0,PCS,"2,875,000.00",0.00
,BROTHER SCANNER ADS 3100,0,1,UNIT,"5,450,000.00",0.00
,BUFFALO HIJAU TUA (NO 6),179,35,PCS,"22,524.07","4,031,808.90"
,BUKU HARD COVER FOLIO (ISI 100),43,10,PCS,"15,487.72","665,972.14"
,BUKU HARD COVER ISI 100 OKTAVO,273,1,PCS,"4,566.80","1,246,736.40"
,BUKU HARD COVER OKTAVO ISI 200,87,1,PCS,"7,452.70","648,385.25"
,BUUFFALO MERAH MUDA,15,5,PCS,"22,000.00","330,000.00"
,CALCULATOR CASIO DH-20 BK / WE,0,3,PCS,"125,000.00",0.00
,CALCULATOR CASIO GX-120B,0,1,PCS,"140,000.00",0.00
,CALCULATOR CASIO GX-14B-W-DC,1,3,PCS,"165,000.00","165,000.00"
,CALCULATOR CASIO GX-16B,0,3,PCS,"190,000.00",0.00
,CALCULATOR JOYCO CC-11A,0,1,PCS,"45,300.00",0.00
,CALCULATOR JOYCO CC-31,0,3,PCS,"70,431.82",0.00
,CALCULATOR JOYCO DTC 1313 CH,1,3,PCS,"38,475.00","38,475.00"
,CALCULATOR JOYKO CC 8A,5,1,PCS,"42,550.00","212,750.00"
,CAM CCTV DAHUA DH - IPC - HDW1439T1 - A - LED INDOOR,0,1,PCS,"965,000.00",0.00
,CAM CCTV DAHUA DH - IPC - HFW1439S1 - A - LED OUTDOOR,0,1,PCS,"965,000.00",0.00
,CAM CCTV EZVIZ C6N #,6,20,UNIT,"265,262.41","1,591,574.46"
,CAM CCTV EZVIZ C8W,0,1,UNIT,"1,215,000.00",0.00
,CAM CCTV EZVIZ H7C DUAL 2K + DUAL LENS PAN WIFI,0,1,UNIT,"605,000.00",0.00
,CAM CCTV EZVIZ OUTDOOR H8C #,15,15,UNIT,"505,000.00","7,575,000.00"
,CAM CCTV HIK DS 2CE16D0T,0,1,PCS,"245,000.00",0.00
,CAM CCTV HIK DS-2CE16HOT-ITPF EXIR BULLET,0,1,PCS,"390,000.00",0.00
,CAM CCTV HIK DS-2CE56HOT-ITPF DOME,0,1,PCS,"380,000.00",0.00
,CAM DAHUA DH HAC HFW1509TLMP - IL - A OUTDOOR,0,3,PCS,"575,000.00",0.00
,CAM DAHUA INDOOR 1240T MIC,4,1,PCS,"225,000.00","900,000.00"
,CAM DAHUA OUTDOOR 1240P MIC,8,1,PCS,"245,000.00","1,960,000.00"
,CAM DVR DAHUA  XVR1B16H 16CH 5MP,0,1,UNIT,"2,150,000.00",0.00
,CAM EZVIZ OUTDOOR H9C DUAL LENS 3 + 3MP,0,1,UNIT,"830,000.00",0.00
,CAM IP LITE DOME 1080P HIKVISION,0,1,PCS,"445,000.00",0.00
,CAM IP LITE OUT 1080P HIKVISION,0,1,PCS,"460,000.00",0.00
,CAMEL TRANSPARANT ISI 100,48,5,PCS,"55,750.00","2,676,000.00"
,CAMERA CANON 1500D,0,1,UNIT,"7,000,000.00",0.00
,CAMERA CANON 4000D,0,2,PCS,"4,180,000.00",0.00
,CAMERA CANON EOS 3000D 18-55MM III RSM,2,1,UNIT,"6,133,333.33","12,266,666.67"
,CAMERA CANON EOS RP 24 - 105,0,1,UNIT,"15,000,000.00",0.00
,CAMERA CANON EOS RP BODY,0,1,UNIT,"14,196,000.00",0.00
,CAMERA CANON M100 BLACK,0,1,UNIT,"4,850,000.00",0.00
,CAMERA CANON M100 WHITE,0,1,UNIT,"5,250,000.00",0.00
,CAMERA CANON M200,0,1,UNIT,"7,800,000.00",0.00
,CAMERA CANON M50 KIT 15-45,0,1,UNIT,"10,670,000.00",0.00
,CAMERA CANON M50 MARK ii KIT,0,1,UNIT,"12,335,000.00",0.00
,CAMERA CANON SX430 IS,0,1,PCS,"2,970,000.00",0.00
,CAMERA CCTV DAHUA DH-HAC-B1A29P FULL COLOUR OUTDOOR,0,1,PCS,"295,000.00",0.00
,CAMERA CCTV DAHUA DH-HAC-HDW1239TP COLOURFULL INDOOR MIC,0,1,PCS,"450,000.00",0.00
,CAMERA CCTV DAHUA DH-HAC-T1A29P FULL COLOUR INDOOR,0,1,PCS,"230,000.00",0.00
,CAMERA CCTV HIK DS-2CE160T 2MP OUTDOOR,0,1,PCS,"265,000.00",0.00
,CAMERA CCTV HIK DS-2CE76D0T INDOOR,0,1,PCS,"250,000.00",0.00
,CAMERA EZVIZ CS H8C 4MP R100,0,1,UNIT,"645,000.00",0.00
,CAMERA EZVIZ OUTDOOR H8C 4MP,2,1,UNIT,"730,000.00","1,460,000.00"
,CAMERA FUJIFILM XT200 KIT 15 - 45 MM,0,1,UNIT,"8,650,000.00",0.00
,CAMERA FUJIFILM XT30 KIT 18 - 55,0,1,UNIT,"16,370,000.00",0.00
,CAMERA INSTA 360 CAM X3,1,1,UNIT,"7,050,000.00","7,050,000.00"
,CAMERA LOGITECH PTZ PRO 2,0,1,UNIT,"9,750,000.00",0.00
,CAMERA NIKON D7500,0,1,UNIT,"14,040,000.00",0.00
,CAMERA PANASONIC DSLR LUMIX DMC - G7 KIT,0,1,UNIT,"8,300,000.00",0.00
,CAMERA SONY A6400 KIT,0,1,UNIT,"11,720,000.00",0.00
,CAMERA SONY A7 MARK III KIT 28-70MM,0,0,PCS,"23,635,000.00",0.00
,CAMERA SONY A7 MARK IV KIT 28-70MM,0,0,PCS,"32,600,000.00",0.00
,CAMERA SONY A7 MK2 KIT,0,1,UNIT,"14,500,000.00",0.00
,CAMERA SONY ALPHA  A7 M4K (KIT 2870),0,1,UNIT,"33,936,000.00",0.00
,CAMERA SONY ALPHA A7M3 BO,0,1,UNIT,"21,412,000.00",0.00
,CAMERA SONY H300,0,1,UNIT,"2,098,000.00",0.00
,CAMERA SONY ZV E10 KIT 15 - 50,0,1,UNIT,"9,944,000.00",0.00
,CANON EOS R100 KIT 18 - 45,1,1,UNIT,"8,500,000.00","8,500,000.00"
,CANON GI 71 40ML CYAN,0,1,PCS,"38,666.67",0.00
,CANON GI 71 40ML MAGENTA,0,1,PCS,"38,666.67",0.00
,CANON GI 71 40ML YELLOW,0,1,PCS,"38,666.67",0.00
,CAR AMPLIFIER 25W (DC) W/SIRINE + MIC,0,1,PCS,"1,018,980.00",0.00
,CARD READER 1 SLOT,125,20,PCS,"4,120.24","515,030.21"
,CARD READER 4 SLOT PUTAR,86,20,PCS,"5,500.00","473,000.00"
,CARD READER 6 SLOT,2,3,PCS,"25,000.00","50,000.00"
,CARD READER 6 SLOT DATAFAST,22,1,PCS,"26,005.19","572,114.29"
,CARD READER 6 SLOT MTECH,5,1,PCS,"29,000.00","145,000.00"
,CARD READER 6 SLOT NYK,0,1,PCS,"106,000.00",0.00
,CARD READER 6 SLOT NYK C2-08 MR,3,2,PCS,"56,000.00","168,000.00"
,CARD READER REXUS RXC-208 Alumunium - 6 slot,0,1,PCS,"46,000.00",0.00
,CARD READER REXUS RXC-308 USB V 3.0 - 6 SLOT,0,1,PCS,"85,000.00",0.00
,CARD READER UGREEN 30333 4 IN 1 USB 3.0,2,1,PCS,"126,000.00","252,000.00"
,CASE SSD EXTERNAL USB 3.0 TO M2 SATA,0,1,PCS,"88,000.00",0.00
,CASE SSD UGREEN 10902 TYPE C TO M.2 PCIE NVME,1,1,PCS,"225,000.00","225,000.00"
,CASE SSD UGREEN 10903 TYPE C TO M.2,0,1,PCS,"155,000.00",0.00
,"CASH DRAWER IWARE CD408 40CM X 43CM X 10CM (RJ11) 7 SLOT UANG KERTAS, 3 SLOT UANG KOIN",1,1,PCS,"385,000.00","385,000.00"
,CASH DRAWER IWARE UL400 48CM X 49CM X 16CM 6 SLOT UANG KERTAS,0,1,PCS,"390,000.00",0.00
,CASING AEROCOOL CS 107 V2,0,1,PCS,"375,000.00",0.00
,CASING ALCATROZ ULTIMA U3 USB 3.0,0,1,PCS,"375,000.00",0.00
,CASING ARMAGEDDON NIMITZ TR 1100,0,1,PCS,"400,000.00",0.00
,CASING ARMAGEDON V1X BLACK (NON PSU),0,1,PCS,"300,000.00",0.00
,CASING ASUS GAMING GX601 ROG SRIX HELIOS BK,0,1,UNIT,"4,600,000.00",0.00
,CASING AVARIS LP SERIES,5,1,PCS,"252,500.00","1,262,500.00"
,CASING CPU MAGIX GAMING SERIES,2,1,PCS,"255,305.89","510,611.78"
,CASING CPU VARRO,0,1,PCS,"230,000.00",0.00
,CASING DARKFLASH C285-B ATX BLACK,0,1,UNIT,"650,000.00",0.00
,CASING ENLIGHT EN-200,0,1,PCS,"315,000.00",0.00
,CASING ENLIGHT Z8 TEMPERED GLASS #,0,1,PCS,"480,000.00",0.00
,CASING GAMEN GCS100,0,1,PCS,"345,000.00",0.00
,CASING HD SSD NVME ORICO,1,1,PCS,"183,000.00","183,000.00"
,"CASING HDD 2,5 BIASA",174,150,PCS,"31,496.47","5,480,385.43"
,"CASING HDD 2,5"" SAMSUNG",0,5,PCS,"50,000.00",0.00
,"CASING HDD 2,5"" TRANSPARAN 3.0",88,80,PCS,"45,782.86","4,028,891.70"
,"CASING HDD 3,5",42,1,PCS,"118,490.52","4,976,601.83"
,CASING HDD SAMSUNG NW,2,1,PCS,"68,000.00","136,000.00"
,CASING INFINITY FLASH V2 BLACK,0,1,PCS,"395,000.00",0.00
,CASING INFINITY NEBULA V.4,0,1,UNIT,"430,000.00",0.00
,CASING INFINITY NEBULA V5 BLACK,0,1,UNIT,"410,000.00",0.00
,CASING INFINITY NEBULA V7,0,1,PCS,"325,000.00",0.00
,CASING INFINITY NOIR TEMPERED GLASS,0,1,PCS,"300,000.00",0.00
,CASING INFINITY PRIME,0,1,PCS,"360,000.00",0.00
,CASING INFINITY VESTA V2 INCLUD 4 FAN,0,0,PCS,"510,000.00",0.00
,CASING JOYFLASH,0,1,PCS,"232,500.00",0.00
,CASING MONTECH X2 MESH,0,1,PCS,"540,000.00",0.00
,CASING MSI GUNGNIR 110R,0,1,PCS,"1,315,000.00",0.00
,CASING MSI VAMPIRIC 100L,0,1,PCS,"565,000.00",0.00
,CASING MSI VAMPIRIC101R,0,1,PCS,"740,000.00",0.00
,CASING NEW PREDATOR AB SERIES,0,1,PCS,"230,000.00",0.00
,CASING PARADOX BLACK BURN,0,1,PCS,"445,000.00",0.00
,CASING PARADOX DRAGON LAYER,0,1,PCS,"380,000.00",0.00
,CASING PARADOX GAMING ANTARTICA,0,1,PCS,"555,000.00",0.00
,CASING PARADOX GAMING ASHURA WHITE,0,1,UNIT,"455,000.00",0.00
,CASING PARADOX GAMING BELIAL,0,1,PCS,"415,000.00",0.00
,CASING PARADOX GAMING BELIAL WHITE,0,1,PCS,"500,000.00",0.00
,CASING PARADOX GAMING GALASHIELS,0,1,UNIT,"380,000.00",0.00
,CASING PARADOX GAMING HEATH,0,1,PCS,"430,000.00",0.00
,CASING PARADOX GAMING LUXY V100,0,1,PCS,"330,000.00",0.00
,CASING PARADOX Gaming MASAMUNE Preinstalled 3 x 120mm,0,1,PCS,"510,000.00",0.00
,CASING PARADOX GAMING PAINE,0,1,UNIT,"450,000.00",0.00
,CASING PARADOX GAMING YAMATO BLACK,0,1,UNIT,"445,000.00",0.00
,CASING PC COOLER PLATINUM LM3000W ARGB,0,1,UNIT,"450,000.00",0.00
,CASING PC COOLER PLATINUM LM300G ARGB GREY,0,1,PCS,"480,000.00",0.00
,CASING PC COOLER PLATINUM MM200 MESH BLACK,0,1,UNIT,"385,000.00",0.00
,CASING PC COOLER PLATINUM MM200W MESH WHITE,0,1,PCS,"410,000.00",0.00
,CASING PC DEEPCOOL MATREXX 50 ADD RGB 4 FAN (NON PSU),0,1,PCS,"795,000.00",0.00
,CASING PC INFINITY NEBULA V.2,0,1,UNIT,"384,000.00",0.00
,CASING PC SIMBADDA SIM V,9,15,PCS,"365,235.48","3,287,119.36"
,CASING PC VENOM ZERO SKY ARGB,0,1,PCS,"403,000.00",0.00
,CASING SIMBADDA ATK 680 / 685,0,15,UNIT,"275,000.00",0.00
,CASING SIMBADDA GAMING BATTLEGROUND 13,0,1,PCS,"325,000.00",0.00
,CASING SSD DATAFAST DUAL MODE NGFF & NVME,3,1,PCS,"145,000.00","435,000.00"
,CASING SSD DATAFAST M2 NGFF,1,1,PCS,"60,000.00","60,000.00"
,CASING SSD DATAFAST NMVE,7,1,PCS,"80,571.43","564,000.00"
,CASING SSD EXTERNAL USB 3.0 M2 SATA,0,1,PCS,"90,000.00",0.00
,CASING SSD ORICO HM2-G2-BK-BP NVME M.2 SSD,0,1,PCS,"302,000.00",0.00
,CASING VENOM BALDUR ALPHA,0,1,PCS,"520,000.00",0.00
,CASING VENOM MARS 3 FAN,0,1,PCS,"335,000.00",0.00
,CASING VENOM RHAEGAL,0,1,PCS,"380,000.00",0.00
,CASING VENOM RX ARASAKA,0,1,PCS,"375,000.00",0.00
,CASING VENOM RX DAEMON S9,0,1,PCS,"545,000.00",0.00
,CASING VENOM RX DRAGON MAX,0,1,PCS,"545,000.00",0.00
,CASING VENOM RX ELDEN ARGB WHITE,0,1,UNIT,"510,000.00",0.00
,CASING VENOM RX FOX ESPORT INCLUD 3 FAN #,1,1,PCS,"340,000.00","340,000.00"
,CASING VENOM RX GROM ATX,0,1,PCS,"415,000.00",0.00
,CASING VENOM RX MAKAROVE,0,1,PCS,"435,000.00",0.00
,CASING VENOM RX MARS INCLUDE 3 FAN,0,1,PCS,"341,000.00",0.00
,CASING VENOM RX PSU 300W,0,1,PCS,"293,000.00",0.00
,CASING VENOM RX ROCKSTART INCLUDE FAN RGB,0,1,PCS,"415,000.00",0.00
,CASING VENOM RX SAMURAI,0,1,PCS,"360,000.00",0.00
,CASING VENOM RX URRA ARGB,0,1,PCS,"405,000.00",0.00
,CASING VENOM VAGHAR,0,1,PCS,"390,000.00",0.00
,CASING VURION,0,2,PCS,"255,000.00",0.00
,CASING VURRION V9 SERIES,1,15,PCS,"240,588.24","240,588.24"
,CATRDIGE CANON CA91 / BH7 (G2010),6,15,PCS,"282,935.52","1,697,613.09"
,CATRDIGE HP 678 COLOUR,1,1,PCS,"126,000.00","126,000.00"
,CATRIDGE 810 COPOTAN,0,1,PCS,"200,000.00",0.00
,CATRIDGE 811 COPOTAN,0,1,PCS,"200,000.00",0.00
,CATRIDGE CANON 740,1,2,PCS,"172,000.00","172,000.00"
,CATRIDGE CANON 741,0,1,PCS,"300,000.00",0.00
,CATRIDGE CANON 745,0,1,PCS,"216,000.00",0.00
,CATRIDGE CANON 745 BLACK S,1,1,PCS,"101,000.00","101,000.00"
,CATRIDGE CANON 746,6,1,PCS,"312,571.43","1,875,428.57"
,CATRIDGE CANON 746 COLOR S,0,1,PCS,"154,000.00",0.00
,CATRIDGE CANON 810 BLACK,112,220,PCS,"214,423.06","24,015,382.75"
,CATRIDGE CANON 811 COLOUR,256,130,PCS,"270,799.96","69,324,791.02"
,CATRIDGE CANON 830,0,1,PCS,"195,000.00",0.00
,CATRIDGE CANON 88,0,1,PCS,"198,000.00",0.00
,CATRIDGE CANON 98,0,1,PCS,"221,000.00",0.00
,CATRIDGE CANON CA92 / CH7 (G2010),15,8,PCS,"330,198.72","4,952,980.82"
,CATRIDGE CANON CL 57,30,1,PCS,"210,000.00","6,300,000.00"
,CATRIDGE CANON PG 47,50,1,PCS,"110,000.00","5,500,000.00"
,CATRIDGE COMPUPRINT PRK6240,0,1,PCS,"150,000.00",0.00
,CATRIDGE HP 215A,0,1,PCS,"804,250.00",0.00
,CATRIDGE HP 678 BLACK,0,1,PCS,"126,000.00",0.00
,CATRIDGE HP 680 BLACK,0,1,PCS,"127,500.00",0.00
,CATRIDGE HP 680 COLOUR,2,1,PCS,"132,083.33","264,166.67"
,CATRIDGE HP 682 BLACK,0,1,PCS,"133,000.00",0.00
,CATRIDGE HP 682 COLOR,0,1,PCS,"133,000.00",0.00
,CATRIDGE PGI-35 BLACK,0,1,PCS,"165,000.00",0.00
,CATRIDGE PITA PRINT ERC 39,0,1,PCS,"29,500.00",0.00
,CATRIDGE PRINTER HP GT 51 (BLACK),1,1,PCS,"139,000.00","139,000.00"
,CATRIDGE PRINTER HP GT 52 (COLOUR),1,1,PCS,"142,610.20","142,610.20"
,CATRIDGE TONER BROTHER L2540 DW,7,1,PCS,"315,000.00","2,205,000.00"
,CATRIDGE TONER HP 30A BLACK,0,1,PCS,"1,145,000.00",0.00
,CCTV CAM 5MP T1A51P S2 5MP INDOOR,0,1,PCS,"325,000.00",0.00
,CCTV CAM DAHUA 5MP OUTDOOR,0,1,PCS,"385,000.00",0.00
,CCTV CAM DAHUA HAC B1A21 IR BULLET (OUTDOOR),20,35,PCS,"177,000.00","3,540,000.00"
,CCTV CAM DAHUA HAC-T1A21 IR BULLET (INDOOR),24,25,PCS,"164,623.71","3,950,969.10"
,CCTV CAM DAHUA IPC B1A51 5MP,0,1,PCS,"400,000.00",0.00
,CCTV CAM HIK DS-2DE4425IW-DE-IR SPEED DOME,0,1,UNIT,"5,279,990.07",0.00
,CCTV DVR DAHUA 8CH XVR1A08,0,2,UNIT,"540,000.00",0.00
,CCTV DVR DAHUA 8CH XVR1B08-1 (MH),4,18,UNIT,"648,009.19","2,592,036.75"
,CCTV DVR DAHUA DH-XVR1B04-I 4CH,9,10,UNIT,"492,755.48","4,434,799.30"
,CCTV DVR DAHUA XVR1B08H 5MP,0,1,UNIT,"1,400,000.00",0.00
,CCTV DVR DAHUA XVR1B16H 16CH,0,3,PCS,"1,275,000.00",0.00
,CCTV DVR DAHUA XVR5116HS-12,0,1,UNIT,"2,200,000.00",0.00
,CCTV DVR HIK 16CH DS 7216HGHI K1,0,1,PCS,"1,385,000.00",0.00
,CCTV DVR HIK DS-7224HQHI-K2,0,1,PCS,"3,585,000.00",0.00
,CCTV NVR DS-7604NI-Q1,0,1,UNIT,"1,013,401.93",0.00
,CCTV NVR HIK DS-7104NI-Q1/M 4-CH,0,1,UNIT,"1,530,000.00",0.00
,CCTV YI DOME X,0,1,PCS,"645,000.00",0.00
,CD-R ARITA,231,50,PCS,"1,525.00","352,275.00"
,CD-R GT PRO,79,50,PCS,"2,548.99","201,370.00"
,CD-R GT PRO BUTTERFLY,70,50,PACK,"1,525.00","106,750.00"
,CD-R MAXELL MQ,69,1,PCS,"2,200.00","151,800.00"
,CD-RW GT PRO,2,50,PCS,"5,747.16","11,494.33"
,CHAIRMAN BOSCH CCS900S ULTRO,0,1,UNIT,"4,680,000.00",0.00
,CHARGER BATERAI AA/AAA,23,5,PCS,"80,000.00","1,840,000.00"
,CHARGER CANON LC E10,2,1,PCS,"90,000.00","180,000.00"
,CHARGER CANON LC E17,0,1,PCS,"200,000.00",0.00
,CHARGER CANON LC E5,0,1,PCS,"105,000.00",0.00
,CHARGER CANON LC E8,1,1,PCS,"70,000.00","70,000.00"
,CHARGER HP KW,14,1,PCS,0.00,0.00
,CHARGER WIRELESS SAMSUNG,0,1,PCS,"348,000.00",0.00
,CHIP MAINTENAN BOX EPSON L6190,3,1,PCS,"34,000.00","102,000.00"
,CHIP MAINTENAN BOX G2020,0,1,PCS,"50,000.00",0.00
,CLEANER CATRIDGE,0,5,Buah,"10,000.00",0.00
,CLEANER HEAD #,9,1,PCS,"29,153.85","262,384.62"
,CLEANER KIT CAMERA,0,1,PCS,0.00,0.00
,CLEANER LCD 3 IN 1,86,30,PCS,"6,017.25","517,483.31"
,COLOKAN,0,1,PCS,"15,000.00",0.00
,COLOKAN 3 LUBANG,0,1,PCS,"22,000.00",0.00
,CONECTOR IDF 4,0,1,SET,"700,000.00",0.00
,CONNECTOR RJ45 BELDEN CAT 6 (PACK),0,1,PACK,"350,000.00",0.00
,CONNECTOR RJ45 BELDEN CAT5E (PACK),2,10,PCS,"85,000.00","170,000.00"
,CONNECTOR RJ45 BIASA,95,10,PACK,"20,099.10","1,909,414.41"
,CONNECTOR RJ45 COMMSCOPE CAT 5E (PACK),23,38,PACK,"103,526.11","2,381,100.52"
,CONVERTER ATA SATA TO USB X TECH (R DRIVE),2,5,PCS,"72,500.00","145,000.00"
,CONVERTER AUDIO OPTIC TO ANALOG,2,1,PCS,"39,500.00","79,000.00"
,Converter BAFO (USB to LPT Parallel Printer),7,1,PCS,"125,000.00","875,000.00"
,CONVERTER DISPLAY PORT TO HDMI,4,1,PCS,"32,570.17","130,280.68"
,CONVERTER DISPLAY PORT TO VGA,6,1,PCS,"45,135.08","270,810.50"
,CONVERTER DVI TO VGA 24 + 5,13,1,PCS,"10,000.00","130,000.00"
,CONVERTER FIBER OPTIC TO LAN HTB 3100 A,26,2,PCS,"85,027.61","2,210,717.85"
,CONVERTER HDMI TO AV,9,1,PCS,"45,000.00","405,000.00"
,CONVERTER HDMI TO VGA (KABEL),119,70,PCS,"18,412.71","2,191,112.61"
,CONVERTER HDMI TO VGA (NON KABEL),9,1,PCS,"30,703.96","276,335.68"
,CONVERTER LAN TO BNC,0,1,PCS,"80,000.00",0.00
,CONVERTER SERIAL COM TO USB BAFO DB9,3,1,PCS,"117,272.73","351,818.18"
,CONVERTER STICK PS 2 TO USB,15,10,PCS,"26,255.61","393,834.15"
,"CONVERTER TYPE C 4 IN 1 ( HDMI, VGA, USB, TYPE C )",4,1,PCS,"60,636.36","242,545.45"
,CONVERTER TYPE C 8 IN 1,29,1,PCS,"83,000.00","2,407,000.00"
,CONVERTER TYPE C TO HDMI #,0,1,PCS,"34,000.00",0.00
,CONVERTER USB TO HDMI,10,1,PCS,"86,770.56","867,705.63"
,CONVERTER USB TO PS 2,0,1,PCS,"10,000.00",0.00
,CONVERTER USB TO VGA,3,1,PCS,"78,583.33","235,750.00"
,CONVERTER VGA HDMI AUDIO MR,20,15,PCS,"25,199.34","503,986.71"
,CONVERTER VGA TO HDMI,0,2,PCS,"40,000.00",0.00
,COOLER MASTER HYPE 212 HELO WHITE,0,1,PCS,"415,000.00",0.00
,COOLINGPAD BESI,0,1,PCS,"20,000.00",0.00
,COOLINGPAD KEPITING,756,280,PCS,"23,326.75","17,635,020.28"
,COOLINGPAD NC 32 1FAN BESAR,225,70,PCS,"25,699.96","5,782,491.30"
,CORONG TOA 25W,0,0,UNIT,"675,000.00",0.00
,CUTTER L500,279,1,PCS,"5,690.87","1,587,751.87"
,CUTTER RENTENGAN,12,1,PCS,"3,000.00","36,000.00"
,DAHUA IP CAM 2MP OUTDOOR,0,1,UNIT,"420,000.00",0.00
,DAHUA IP CAM DH-IPC-HDW1230T1-S4 EYEBALL,0,1,UNIT,"525,000.00",0.00
,DAHUA IP CAM DH-IPC-HFW1230S1-A-S5 OUTDOOR BD,0,1,PCS,"525,000.00",0.00
,DAHUA IP CAM DH-IPC-HPW1230SIP-S4 BULLET,0,1,UNIT,"480,000.00",0.00
,DAHUA NVR DHI - NVR1104HS-S3/H 4CH,0,1,UNIT,"412,000.00",0.00
,DAHUA PTZ IP SD49425GB-HNR 4MP,0,1,PCS,"5,100,000.00",0.00
,DAK 16 X 25,0,1,PCS,"10,000.00",0.00
,DATA PRINT DP 27,7,5,KOTAK,"24,500.00","171,500.00"
,DATA PRINT DP 28,46,3,KOTAK,"25,500.00","1,173,000.00"
,DATA PRINT DP 40,73,100,PCS,"25,749.85","1,879,739.32"
,DATA PRINT DP 41,250,50,PCS,"24,750.00","6,187,499.94"
,DC KONEKTOR JACK PSU TYPE C,1,1,PCS,"26,000.00","26,000.00"
,DELEGATE BOSCH CCS900S ULTRO,0,1,UNIT,"4,620,000.00",0.00
,DELI BINDER CLIP NO 155,107,1,PCS,"5,349.17","572,360.83"
,DELI CALCULATOR 12 DIGIT GOLDEN,0,1,PCS,"118,180.00",0.00
,DELI CALCULATOR C868C CHECK 120 STEPS 12 DIGIT,5,1,PCS,"98,087.40","490,437.00"
,DELI CALCULATOR E1654C CHECK 112 STEPS 12 DIGIT,5,1,PCS,"87,500.00","437,500.00"
,DELI CALCULATOR W868 12 DIGIT,5,1,PCS,"65,950.00","329,750.00"
,DELI GLUE STICK 15GR (LEM STICK),0,10,PCS,"3,920.83",0.00
,DELI GLUE STICK 8GR EA20010 (LEM STICK),2,1,PCS,"2,391.67","4,783.33"
,DELL INSPIRON 14 3000 CI5 1035G1 W10,0,0,UNIT,"7,950,000.00",0.00
,DELL LATITUDE 3410 CI5-10210U 4GB 1TB HDD WIN 10,0,1,UNIT,"8,350,000.00",0.00
,DELL VOSTRO 14 3405 AMD RYZEN 3 3250U 4GB 1TB HDD,0,1,UNIT,"6,215,000.00",0.00
,DELL VOSTRO V3510 Ci3-1115G4 4GB 1TB WIN 11,0,1,UNIT,"5,999,000.00",0.00
,DIGITAL THEODOLIT MEREK SOUTH,0,1,UNIT,"15,000,000.00",0.00
,Direct To Card Printer HID Fargo DTC1250ID Single Side Printing 300dpi,0,1,UNIT,0.00,0.00
,DISPENSER MIYAKO WD 289 HC,0,1,PCS,"300,000.00",0.00
,DJI DRONE MAVIC AIR 2S BASIC,0,1,UNIT,"14,990,000.00",0.00
,DJI DRONE MAVIC AIR 2S COMBO,0,1,UNIT,"19,500,000.00",0.00
,DJI DRONE MINI 2 SE BASIC,0,1,UNIT,"4,482,000.00",0.00
,DJI DRONE MINI 3 BASIC,0,1,UNIT,"5,730,000.00",0.00
,DLINK DES-1024A SWITCH 24 PORT (HUB LAN),0,2,PCS,"342,000.00",0.00
,DLINK DWA-121 N150 WIRLESS PICO USB Adapter,3,15,PCS,"66,921.57","200,764.71"
,DLINK SWITCH 16 GIGABIT DGS - 1016C BESI,0,1,PCS,"750,000.00",0.00
,DLINK SWITCH 16 Port DES-1016A (HUB LAN),1,1,PCS,"248,000.00","248,000.00"
,DLINK SWITCH 24 PORT DES - 1024C/D BESI,0,1,PCS,"440,000.00",0.00
,DLINK SWITCH 24P GIGABIT DGS-1024C besi,1,1,PCS,"950,000.00","950,000.00"
,DLINK SWITCH 8 PORT DES 1008C/A (HUB LAN),1,10,PCS,"80,000.00","80,000.00"
,DLINK SWITCH 8 PORT DGS-1008A GIGABIT,0,1,PCS,"255,000.00",0.00
,"DLINK SWITCH HUB DGS-1052 Metal, 48P + 4 UPLINK COMBO",0,1,UNIT,"3,810,000.00",0.00
,DOMPET CAMERA,0,5,PCS,"15,000.00",0.00
,DOUBLE TAPE NACHI 24MM 5 METER,2,5,PCS,"7,000.00","14,000.00"
,DRONE DJI AIR 3S FLYMORE COMBO RC2,0,1,UNIT,"23,281,000.00",0.00
,DRONE DJI MAVIC 2 PRO,0,1,UNIT,"20,602,000.00",0.00
,DRUM KIT BROTHER L2540 DW,5,1,UNIT,"131,111.11","655,555.56"
,DRYBOX AILITE 20 LITTER,0,0,PCS,"855,000.00",0.00
,DRYBOX AILITE 30 LITTER,0,0,PCS,"1,285,000.00",0.00
,DUCT 15 BATANG,0,1,BATANG,"300,000.00",0.00
,DUDUKAN TRIPOT CAMERA,1,1,PCS,"35,000.00","35,000.00"
,DUPLEXER,0,1,UNIT,"3,500,000.00",0.00
,DURADUS,0,1,PCS,"15,000.00",0.00
,DVD EXTERNAL LG,0,1,PCS,"299,000.00",0.00
,DVD GT PRO DUAL LAYER,46,1,PCS,"4,900.00","225,400.00"
,DVD RW EXTERNAL ASUS SDRW-08D25S-ULITE,0,1,UNIT,"315,000.00",0.00
,DVD RW EXTERNAL SAMSUNG 3.0,0,1,PCS,"255,000.00",0.00
,DVD RW INTERNAL LG,2,5,PCS,"199,806.18","399,612.37"
,DVD-R GT PRO,1219,1000,PCS,"2,643.25","3,222,117.93"
,DVD-R MAXELL,10,5,PCS,"2,200.00","22,000.00"
,DVD-RW GT PRO,46,50,PCS,"6,000.00","276,000.00"
,DVI-D TO HDMI,0,1,PCS,"45,000.00",0.00
,DVI-D TO VGA,3,3,PCS,"40,000.00","120,000.00"
,DVR DAHUA 4 CH 5MP,0,1,PCS,"675,000.00",0.00
,DVR DAHUA DH-XVR4232AN-I 32CH,0,1,UNIT,"3,325,000.00",0.00
,DVR HIKVISION 4CH,0,1,PCS,"780,000.00",0.00
,DVR HIKVISION IDS-7208HQHI-M1/E 8CH,0,1,PCS,"1,260,000.00",0.00
,DVR HILOOK 16CH,0,1,UNIT,"1,270,000.00",0.00
,DVR-R GT PRO,-12,100,PCS,"2,400.00","-28,800.00"
,E PAPER A4,1,1,PCS,"34,285.41","34,285.41"
,E PAPER F4,42,50,PCS,"34,000.00","1,428,000.00"
,EARBUDS BASS DRIVEN VGEN,0,10,PCS,"17,678.57",0.00
,EARPHONE BT JETE CF2,0,1,PCS,"89,900.00",0.00
,EARPHONE BT JETE T9,1,1,PCS,"239,900.00","239,900.00"
,EARPHONE BT JETE TWS CS2,0,1,PCS,"110,000.00",0.00
,EARPHONE BT JETE TWS T12,0,1,PCS,"169,900.00",0.00
,EARPHONE BT JETE TWS T16,0,1,PCS,"129,900.00",0.00
,EARPHONE BT JETE TWS T3,0,1,PCS,"129,900.00",0.00
,EARPHONE JETE BT CS1,0,1,PCS,"139,900.00",0.00
,EARPHONE JETE BT TWS CE6,0,1,PCS,"119,900.00",0.00
,EARPHONE JETE BT TWS CE8,1,1,PCS,"99,900.00","99,900.00"
,EARPHONE JETE CELLO,26,1,PCS,"13,630.00","354,380.00"
,EARPHONE JETE CLASSIC 2,13,1,PCS,"16,500.00","214,500.00"
,EARPHONE JETE HA1,89,1,PCS,"10,619.57","945,141.30"
,EARPHONE JETE HA3,1,10,PCS,"12,372.50","12,372.50"
,EARPHONE JETE PUMP,33,1,PCS,"16,160.00","533,280.00"
,EARPHONE JETE TWS CE1,1,1,PCS,"99,900.00","99,900.00"
,EARPHONE JETE TWS CE2,1,1,PCS,"89,900.00","89,900.00"
,EARPHONE TWS JETE BT CS5,1,1,PCS,"149,900.00","149,900.00"
,EARPHONE TWS JETE CE7,1,1,PCS,"99,900.00","99,900.00"
,EARPHONE TWS JETE T9,1,1,PCS,"240,000.00","240,000.00"
,EARPHONE TWS NODX NECTONE,1,1,PCS,0.00,0.00
,EPRINT CANON 200ML BLACK,163,100,PCS,"48,418.94","7,892,287.36"
,EPRINT CANON 200ML CYAN,195,50,PCS,"47,117.54","9,187,919.78"
,EPRINT CANON 200ML MAGENTA,130,50,PCS,"47,632.95","6,192,283.66"
,EPRINT CANON 200ML YELLOW,138,50,PCS,"46,929.71","6,476,300.51"
,EPRINT HEAD CLEANER,0,15,PCS,"10,000.00",0.00
,Epson EcoTank L15160 A3 Wi-Fi Duplex All-in-One Ink Tank Printer,0,1,UNIT,"18,650,000.00",0.00
,EPSON L120,0,1,UNIT,"1,519,146.83",0.00
,EPSON L3110,0,20,UNIT,"2,415,000.00",0.00
,EPSON T04D1 MAINTENANCE BOX,0,1,PCS,"145,000.00",0.00
,EXHAUST VISALUX 10 INCH,0,1,UNIT,"400,000.00",0.00
,EXTENSION USB MALE TO FEMALE 3.0 VENTION,0,1,PCS,"40,300.00",0.00
,FAN AC WINNER,0,1,PCS,"75,000.00",0.00
,FAN CASING ALSEYE AIRMAX-M-120-MR RGB 120/5,0,1,PCS,"68,000.00",0.00
,"FAN CASING CPU HITAM 8""",5,1,PCS,"9,045.45","45,227.27"
,"FAN CASING CPU TRANSPARAN 12""",3,3,PCS,"19,982.14","59,946.43"
,"FAN CASING CPU TRANSPARAN 8""",28,3,PCS,"16,818.18","470,909.09"
,FAN CASING DARK FLASH C6MS AURORA SPECTRUM RGB 3 IN 1 (3PACK) WHITE,0,1,PCS,"245,000.00",0.00
,FAN CASING GAMEN RGB LIGHTING EFFECT,0,1,PCS,"40,500.00",0.00
,FAN CASING LED,42,1,PCS,"28,000.00","1,176,000.00"
,FAN CASING PC RGB COOLER FX-120-3 120MM 3 PIN FIXED COLOR,1,1,PCS,"35,000.00","35,000.00"
,FAN CASING RGB,20,1,PCS,"32,000.00","640,000.00"
,FAN CASING SIMBADDA BATTLEGROUND RGB,0,1,PCS,"60,000.00",0.00
,FAN CASING THERMALTAKE PURE 12 ARGB Sync Radiator 3 fan,0,1,PCS,"600,000.00",0.00
,FAN INTEL NUC 8,0,1,PCS,"150,000.00",0.00
,FAN INTERNAL LAPTOP,1,1,PCS,"72,000.00","72,000.00"
,FAN PC AIO,1,1,PCS,"260,000.00","260,000.00"
,FAN PROC COOLER MASTER 170C LGA 1700 ARGB,1,1,PCS,"250,000.00","250,000.00"
,FAN PROC COOLER MASTER HYPER 212 SPECTRUM V3,0,1,PCS,0.00,0.00
,FAN PROC COOLER MASTER MASTER LIQUID ML120L V2 RGB MLW D12M A18PC R2,0,1,UNIT,"795,000.00",0.00
,FAN PROC DEEP COOL CK11508,8,1,PCS,"70,000.00","560,000.00"
,FAN PROC EYOTA,7,1,PCS,"45,000.00","315,000.00"
,Fan Proc Master Masterliquid ML240L V2 ARGB -MLW,0,1,PCS,"1,080,000.00",0.00
,FAN PROCESSOR  CPU INTEL,10,2,PCS,"30,899.91","308,999.10"
,FAN PROCESSOR  SCORPION,1,1,PCS,"37,500.00","37,500.00"
,FAN PROSESOR COOLER MASTER HYPER TURBO 212,0,1,PCS,"335,000.00",0.00
,FAN PROSESOR DEEPCOOL GAMMAXX L240 V2,0,1,PCS,"865,000.00",0.00
,FAN TURBO MASPION 18,0,1,UNIT,"765,765.77",0.00
,FAN WALL MASPION 14 INC 3602 K,0,1,PCS,"295,000.00",0.00
,FAST CAR CHARGER VGEN 4 USB PORT,0,1,PCS,"28,000.00",0.00
,FD 32GB KINGSTONE EXODIA USB 3.2,11,5,PCS,"51,384.62","565,230.77"
,FD BLADE CZ50 16GB SANDISK,134,180,PCS,"42,897.42","5,748,254.64"
,FD BLADE CZ50 32GB SANDISK,129,50,PCS,"49,371.66","6,368,944.17"
,FD BLADE CZ50 8GB SANDISK,0,180,PCS,"44,418.31",0.00
,FD DUAL DRIVE SDDDC3 TYPE C 32 SANDISK,0,1,PCS,"92,500.00",0.00
,FD FORCE CZ71 16GB SANDISK (METAL),0,10,PCS,"51,000.00",0.00
,FD FORCE CZ71 32GB SANDISK (METAL),14,2,PCS,"70,900.00","992,600.00"
,FD GLIDE CZ60 32GB SANDISK (D),1,2,PCS,"65,900.00","65,900.00"
,FD GLIDE CZ600 32GB SANDISK #,86,2,PCS,"58,302.45","5,014,010.29"
,FD GLIDE CZ600 SANDISK 64GB #,118,2,PCS,"68,057.23","8,030,753.18"
,FD GLIDE SDCZ600 16GB 3.0,95,10,PCS,"56,108.08","5,330,267.99"
,FD HP 32 GB,0,1,PCS,"100,000.00",0.00
,FD JOINT / INDILINX 16GB,0,100,PCS,"37,000.00",0.00
,FD JOINT / INDILINX 4GB,14,100,PCS,"28,924.73","404,946.24"
,FD JOINT / INDILINX 8GB,20,100,PCS,"32,762.78","655,255.66"
,FD LEXAR JUMPDRIVE V40 16GB,42,90,PCS,"40,023.45","1,680,984.70"
,FD LEXAR S60 64GB,1,1,PCS,"55,500.00","55,500.00"
,FD N-TECH 16GB,17,10,PCS,"36,000.00","612,000.00"
,FD N-TECH 32GB,0,10,PCS,"45,500.00",0.00
,FD N-TECH 4GB,21,10,PCS,"27,500.00","577,500.00"
,FD N-TECH 8GB,12,10,PCS,"30,000.00","360,000.00"
,FD SANDISK 128GB OTG USB 3,0,1,PCS,"268,000.00",0.00
,FD SANDISK 16GB OTG TYPE C,0,5,PCS,"96,804.96",0.00
,FD SANDISK 16GB ULTRA DUAL DRIVE 3.0 (OTG MICRO),82,30,PCS,"58,685.19","4,812,185.19"
,FD SANDISK 32GB FLAIR,0,2,PCS,"70,900.00",0.00
,FD SANDISK 32GB OTG TYPE C,22,1,PCS,"93,406.70","2,054,947.37"
,FD SANDISK 32GB ULTRA DUAL DRIVE 3.0 (OTG MICRO),43,5,PCS,"89,500.00","3,848,500.00"
,FD SANDISK CZ600 128 GB,89,1,PCS,"120,233.32","10,700,765.11"
,FD SANDISK ULTRA 3.0 CZ48 16GB,43,1,PCS,"55,000.00","2,365,000.00"
,FD SANDISK ULTRA 3.0 CZ48 64GB,0,10,PCS,"113,947.76",0.00
,FD SKY HUB 8GB,7,1,PCS,"28,500.00","199,500.00"
,FD TOSHIBA 16 GB OHWARI METAL,0,10,PCS,"46,000.00",0.00
,FD U2 4GB JETE,320,1,PCS,"30,900.00","9,888,000.00"
,FD U2 8GB JETE,165,1,BIJI,"32,900.00","5,428,500.00"
,FD U2 JETE 16GB,20,50,PCS,"35,755.81","715,116.28"
,FD U2 JETE 32GB,124,10,PCS,"41,283.82","5,119,194.12"
,FD V-GEN 16GB,0,100,PCS,"31,539.39",0.00
,FD V-GEN 32GB,0,1,PCS,"45,885.50",0.00
,FD V-GEN 8GB,8,100,PCS,"34,000.00","272,000.00"
,FEIYU Scorp C -Axis Handheld Gimbal Stabilizer Kamera,1,1,UNIT,"4,000,000.00","4,000,000.00"
,FEIYU SCORP F2 3-AXIS STABILIZER,0,1,UNIT,"3,359,610.00",0.00
,FEIYU VIMBLE 3 GIMBAL STABILIZER HP SMARTPHONE,0,1,UNIT,"1,100,000.00",0.00
,FILE BOX,93,5,PCS,"10,000.00","930,000.00"
,FILM FAX PRINTECH KX 93/57,10,3,PCS,"30,000.00","300,000.00"
,FILTER HOYA 58MM,15,1,PCS,"25,000.00","375,000.00"
,FILTER LENSA UV 55,5,1,PCS,"88,750.00","443,750.00"
,FINGER SPOT REVO 202BNC FD,0,1,UNIT,"1,500,000.00",0.00
,FINGERPRINT READER DIGITAL PERSONA U ARE U 4500,0,1,UNIT,"1,078,333.33",0.00
,FISHER + SKRUP,0,1,PCS,0.00,0.00
,FLASH GODOX TT600,0,0,PCS,"1,100,000.00",0.00
,FLEXY 4 METER,0,1,METER,"88,000.00",0.00
,FLEXY L5290,0,1,PCS,"250,000.00",0.00
,FLEXY SCANNER EPSON L3210,9,1,PCS,"23,000.00","207,000.00"
,FLIPER HITI,0,1,UNIT,"7,980,000.00",0.00
,FUJIFILM INSTAX MINI PAPER TWINPACK,3,1,PCS,"220,000.00","660,000.00"
,FUSE EPSON,10,2,PCS,"5,000.00","50,000.00"
,FUSER BROTHER L2540DW,0,1,PCS,"69,500.00",0.00
,GAMEPAD DOUBLE BLACK,29,8,PCS,"65,123.42","1,888,579.23"
,GAMEPAD DOUBLE TRANSPARANT,21,10,PCS,"74,428.32","1,562,994.81"
,GAMEPAD SINGLE BLACK,18,8,PCS,"40,000.00","720,000.00"
,GAMEPAD SINGLE TRANSPARANT,19,8,PCS,"44,000.00","836,000.00"
,GEAR ASF L3110,1,1,PCS,"11,000.00","11,000.00"
,GENSET HONDA STARKE 6800HE,0,1,UNIT,"5,300,000.00",0.00
,GIMBAL FEIYU SCORP C,0,1,UNIT,"3,520,000.00",0.00
,GODOX SL60W + SOFTBOX + STAND,0,0,SET,"2,450,000.00",0.00
,GORILLAPOT TAKARA FP 666,6,1,PCS,"108,000.00","648,000.00"
,GPS GARMIN 64 S,0,1,UNIT,"4,127,000.00",0.00
,GPS GARMIN 78S,0,1,UNIT,"3,750,000.00",0.00
,GPS GARMIN MONTANA 680,0,1,PCS,"7,200,000.00",0.00
,GUNTING,20,1,PCS,"7,083.33","141,666.67"
,HANDYCAM HDV 530,0,0,UNIT,0.00,0.00
,HANDYCAM SONY CX405,0,1,UNIT,"3,100,000.00",0.00
,HANDYCAM SONY MC 2500,0,1,UNIT,"10,245,000.00",0.00
,HARDCASE HDD,53,5,PCS,"27,515.35","1,458,313.60"
,"HDD CADDY 9,5 MM",0,1,PCS,"20,000.00",0.00
,"HDD EXTERNAL 1TB 2,5"" SEAGATE ONE TOUCH #",0,1,PCS,"845,000.00",0.00
,"HDD EXTERNAL 2TB  SEAGATE 2,5""",0,1,PCS,"1,185,000.00",0.00
,"HDD EXTERNAL 2TB WD PASSPORT 2,5""",0,1,PCS,"1,180,000.00",0.00
,"HDD EXTERNAL 320GB 2,5"" OSMOUS SLIM PLUS",0,1,PCS,"255,000.00",0.00
,"HDD EXTERNAL 4TB 2,5"" SEAGATE",0,1,PCS,"1,606,875.00",0.00
,"HDD EXTERNAL 500GB 2,5 OSMOUS EXPANSION",0,1,UNIT,"355,000.00",0.00
,HDD EXTERNAL SEAGATE EXPANSION 1TB #,4,5,PCS,"920,000.00","3,680,000.00"
,HDD EXTERNAL TOSHIBA 2TB,0,1,PCS,"1,170,000.00",0.00
,HDD EXTERNAL TOSHIBA BASIC 1 TB,6,1,PCS,"877,771.87","5,266,631.23"
,HDD EXTERNAL TRANSCEND 1TB 25M3 RUBBER,0,1,PCS,"745,000.00",0.00
,"HDD EXTERNAL WD 1TB PASSPORT 2,5""",0,1,PCS,"700,000.00",0.00
,"HDD EXTERNAL WD 5TB PASSPORT 2,5""",0,1,UNIT,"2,010,000.00",0.00
,HDD EXTERNAL WD 8TB MY BOOK,0,1,PCS,"2,870,000.00",0.00
,HDD EXTERNAL WD BLACK 5 TB,2,1,UNIT,"2,160,000.00","4,320,000.00"
,"HDD NB WD 500GB SATA 2,5",4,2,PCS,"575,000.00","2,300,000.00"
,"HDD NOTEBOOK 2,5 SEAGATE SATA 1TB MFI",0,1,PCS,"662,500.00",0.00
,"HDD NOTEBOOK 2,5 SEAGATE SATA 500GB MFI",0,1,PCS,"570,000.00",0.00
,"HDD NOTEBOOK 2,5 TOSHIBA SATA 1TB",0,1,PCS,"601,453.69",0.00
,"HDD NOTEBOOK 2,5 WD BLUE SATA 500GB",0,2,PCS,"540,000.00",0.00
,"HDD NOTEBOOK 2,5 WD SATA 1TB",1,1,PCS,"560,000.00","560,000.00"
,"HDD NOTEBOOK 2,5"" SEAGATE SATA 500GB PI",2,3,PCS,"143,437.50","286,875.00"
,HDD PC OSMOUS 1TB 7200RPM - RED,2,1,PCS,"790,000.00","1,580,000.00"
,HDD PC OSMOUS CCTV 1 TB 5400RPM - RED,2,1,PCS,"570,000.00","1,140,000.00"
,HDD PC SEAGATE 1TB SKYHAWK,0,1,PCS,"780,476.19",0.00
,HDD PC SEAGATE 2TB BARACUDA,0,1,PCS,"845,000.00",0.00
,HDD PC SEAGATE 2TB SKYHAWK #,0,1,PCS,"1,050,000.00",0.00
,HDD PC SEAGATE 4TB BARACUDA MFI,0,1,PCS,"1,530,000.00",0.00
,HDD PC SEAGATE BARACUDA 500GB MFI,20,3,PCS,"85,000.00","1,700,000.00"
,HDD PC SEAGATE CCTV 4TB SKYHAWK,1,1,PCS,"1,605,000.00","1,605,000.00"
,HDD PC SEAGATE CCTV 6TB SKY HAWK,1,1,PCS,"2,645,000.00","2,645,000.00"
,HDD PC SEAGATE SATA 1TB BARACUDA MFI,0,2,PCS,"645,000.00",0.00
,HDD PC SEAGATE SATA 1TB PI,25,10,PCS,"357,905.66","8,947,641.49"
,HDD PC SEAGATE SATA 500 GB PI,20,15,PCS,"138,452.38","2,769,047.62"
,HDD PC TOSHIBA CCTV 8TB SURVEILANCE S300 PRO 7200RPM,0,1,PCS,"3,455,000.00",0.00
,HDD PC WD BLUE 1TB,0,5,PCS,"589,153.85",0.00
,HDD PC WD BLUE 2TB,0,1,PCS,"860,000.00",0.00
,HDD PC WD BLUE 4TB,0,1,PCS,"1,790,000.00",0.00
,HDD PC WD BLUE 500GB,0,2,PCS,"610,000.00",0.00
,HDD PC WD PURPLE 1 TB,2,15,PCS,"863,511.04","1,727,022.09"
,HDD PC WD PURPLE 2TB,2,0,PCS,"1,050,000.00","2,100,000.00"
,HDD WD PURPLE 4TB,0,1,PCS,"1,430,000.00",0.00
,HDD WD PURPLE PRO 8TB,0,1,UNIT,"3,305,000.00",0.00
,HDMI EXTENDER RJ45 100M + ADAPTOR,2,1,PCS,"295,000.00","590,000.00"
,HDMI EXTENDER RJ45 200M + ADAPTOR,1,1,PCS,"530,000.00","530,000.00"
,HDMI EXTENDER RJ45 60M + ADAPTOR,0,1,PCS,"99,000.00",0.00
,HDMI EXTENDER RJ45 LAN,2,1,PCS,"30,000.00","60,000.00"
,HDMI SPLITER 4 PORT,12,2,PCS,"67,187.93","806,255.17"
,HDMI SPLITER 4 PORT GAINTECH / SANURPRO,0,1,PCS,"255,000.00",0.00
,HDMI SWITCH 4 PORT,8,1,PCS,"63,740.45","509,923.57"
,HEAD PRINTER CANON IP 110,0,1,PCS,"920,000.00",0.00
,HEAD PRINTER CANON IX 6770,0,1,PCS,"990,000.00",0.00
,HEADPHONE JETE HB2,14,2,PCS,"60,711.94","849,967.10"
,HEADPHONE JETE HB3,1,1,PCS,"44,900.00","44,900.00"
,HEADPHONE KENION 666,1,1,PCS,"44,000.00","44,000.00"
,HEADPHONE WAR WOLF T6,3,2,PCS,"66,000.00","198,000.00"
,HEADPHONE XTEGO,2,2,PCS,"40,000.00","80,000.00"
,HEADSET GAMING FANTECH FLASH HQ53 BLACK,0,1,UNIT,"111,000.00",0.00
,HEADSET GAMING REXUS HX - 20 BLACK USB 7.1,0,1,UNIT,"367,000.00",0.00
,HEADSET H 111 LOGITECH,2,1,PCS,"83,000.00","166,000.00"
,HEADSET HYPERX CLOUD STRIGER CORE,1,1,PCS,0.00,0.00
,HEADSET LOGITECH G633S 7.1 WIRED SURROUND,0,1,UNIT,"1,450,000.00",0.00
,HEADSET REXUS GAMING F55 VONIX,0,1,PCS,"165,000.00",0.00
,HEADSET REXUS VONIX F27,4,1,PCS,"108,000.00","432,000.00"
,HF JETE GAMING G3,0,1,PCS,"100,000.00",0.00
,HF JETE GAMING GA5,0,1,PCS,"144,952.47",0.00
,HF JETE GAMING GS1,0,1,PCS,"110,000.00",0.00
,HF JETE HB5,15,10,PCS,"62,732.31","940,984.72"
,HF JETE HB6,6,1,UNIT,"88,999.17","533,995.00"
,HF JETE HB7,3,1,PCS,"90,799.00","272,397.00"
,HF JETE HB8,3,1,PCS,"90,799.00","272,397.00"
,HF JETE HX1,0,1,PCS,"55,449.00",0.00
,HF JETE POWERFULL BASS,2,5,PCS,"71,633.33","143,266.67"
,HF REXUS F22,1,1,PCS,"108,500.00","108,500.00"
,HF REXUS F26,1,3,PCS,"109,076.92","109,076.92"
,HFB JETE 06 EXTREME SILVER BT,0,1,PCS,"210,000.00",0.00
,HFB JETE 11 BT,2,1,PCS,"100,000.00","200,000.00"
,HFB JETE 12 BT,1,1,PCS,0.00,0.00
,HFB JETE 13 PRO BT,0,1,PCS,0.00,0.00
,HOLDER U,3,1,PCS,"15,000.00","45,000.00"
,HORN SPEAKER 10W,0,1,PCS,"307,581.00",0.00
,HP 14 EM0019AU AMD RYZEN 5 7530U 8GB 512GB WIN 11 #,0,1,UNIT,"7,275,000.00",0.00
,HP 14 EP0018TU INTEL CORE i7 - 1355U 2X8 512GB SSD WIN 11 #,0,1,UNIT,"12,000,000.00",0.00
,HP 14 EP0266TU INTEL CORE i3 - 1315U 8GB DDR4 512GB SSD WIN 11,1,1,UNIT,"6,180,000.00","6,180,000.00"
,HP 14 I3 - N305 8GB 512GB SSD WIN 11,0,1,UNIT,"6,320,000.00",0.00
,HP 14S CI3 1115G4 4GB 512GB SSD WIN 11,0,1,UNIT,"5,845,000.00",0.00
,HP 14S CI5 1235U 8GB 512GB SSD INTEL IRIS XE GRAPHICS WIN 11,0,1,UNIT,"7,940,000.00",0.00
,HP 14S CI5-1155G7 8GB 512GB SSD WIN 11  #,0,1,UNIT,"7,290,000.00",0.00
,HP 14S Ci5-1235U 8GB 512GB SSD INTEL XE WIN 11,0,1,UNIT,"8,340,000.00",0.00
,HP 14S DQ3040TU N4500 8GB 512GB SSD WIN 11 WHITE #,0,1,UNIT,"4,620,000.00",0.00
,HP 14S DQ31 INTEL N4500 4GB 512GB SSD WIN 11 TP @,0,1,UNIT,"4,585,000.00",0.00
,HP 14S DQ5002TU 669Z5PA CI7-1260P 2X8 512GB SSD IRIS XE PS,0,1,UNIT,"12,900,000.00",0.00
,HP 14S DQ5127TU Ci3 1215U 8GB 512 SSD WIN 11 #,0,1,UNIT,"5,550,000.00",0.00
,HP 14S DQ5154TU Ci7-1255U 2X8 512GB SSD INTEL XE GRAPICHS WIN 11,0,1,UNIT,"10,920,000.00",0.00
,HP 14S DQ5567TU Ci3-1215U 12GB 512GB SSD WIN 11 #,0,1,UNIT,"5,592,000.00",0.00
,HP 14S FQ2002AU AMD RYZEN 5 5625U 8GB 512GB SSD WIN 11 FT,0,1,UNIT,"7,195,000.00",0.00
,"HP 14S INTEL N4120 4GB 256GB SSD WIN 11 14"" NW",0,1,UNIT,"4,425,000.00",0.00
,HP 14S INTEL N4500  8GB 256GB SSD #,0,8,UNIT,"4,960,000.00",0.00
,HP 14S INTEL N4500 4GB 512GB SSD WIN 11 #,0,1,UNIT,"4,586,666.67",0.00
,HP 14S INTEL N4500 4GB SSD 256GB WIN 11,0,1,UNIT,"4,097,428.57",0.00
,HP 14S-CF2075TU Ci3-10110U 4GB 256GB SSD W10,0,1,UNIT,"7,100,000.00",0.00
,HP 14S-CF2076TU-36F70PA Ci3-10110U 4GB SSD 256GB WIN10  NW,0,1,UNIT,"7,100,000.00",0.00
,"HP 14S-CF3034TX SILVER INTEL I3-1005G1/14""/512GB SSD/AMD RADEON 620/WIN10",0,1,UNIT,"7,300,000.00",0.00
,HP 14S-CF3040TU-167Y1PA I3-1005G1 4GB 1TB HDD W10,0,1,UNIT,"6,900,000.00",0.00
,HP 14s-cf3076TU-1X9M5PA Ci3-10051g1 4gb ssd 256gb,0,1,UNIT,"6,265,000.00",0.00
,HP 14s-dq5156TU Intel Core i5-1235U 8GB (2x4GB) 512GB SSD  Intel Iris Xe Graphics W11 Home + OHS 2021,1,1,UNIT,"7,870,000.00","7,870,000.00"
,HP 240 G7 2X4L1PA Ci5-1035G1 8GB 512GB SSD WIN10,0,1,UNIT,"8,340,000.00",0.00
,HP 240 G8 I3-1115G4 4GB 256GB SSD WIN 11,0,1,UNIT,"5,295,000.00",0.00
,HP 240 G8 INTEL CORE I5 1235U 8GB 256GB SSD WIN 11,0,1,UNIT,"6,890,000.00",0.00
,HP 240 G9 9J1W4PT Ci3-1215U 8GB 256GB SSD WIN 11,0,1,UNIT,"5,445,000.00",0.00
,HP 240 G9 i3 1315 8GB 512GB SSD WIN 11 @,0,1,UNIT,"5,700,000.00",0.00
,HP 240 G9 X8AT Ci3 1215U 8GB 512 SSD TP,0,1,UNIT,"5,401,383.40",0.00
,HP 240 I3 - 1115G4 8GB 256GB WIN 11 #,0,1,UNIT,"5,245,000.00",0.00
,HP 245 G10 AMD RYZEN 3 7320U 8GB 256GB SSD WIN 11,0,1,UNIT,"5,245,000.00",0.00
,"HP 245 G8 AMD ATHLON 3050U 8GB 512GB SSD 14""",0,1,UNIT,"4,380,000.00",0.00
,"HP 245 G8-6155PA AMD ATHLON 3050U 4GB 256GB SSD 14"" NW",0,1,UNIT,"4,240,000.00",0.00
,"HP 250 G8 3V356PA 15,4"" Ci3 1115G4 4GB 512GB SSD WIN 10 BLACK",0,1,UNIT,"6,433,888.89",0.00
,HP ENVY X360 14 INCS 2-IN-1 14-FA088AU AMD RYZEN 7 8840HS 32GB 1TB SSD WIN 11,0,1,UNIT,"18,220,000.00",0.00
,HP INFINIX SMART 9 4GB 128GB,1,1,UNIT,0.00,0.00
,HP OmniBook 5 Flip14 Core 7 150U 16GB DDR5 512GB SSD Intel Graphics W11,3,1,UNIT,"14,495,000.00","43,485,000.00"
,HP PAV X360 CONVERT 14 GOLD CI5 1135G7 FHD IPS 512GB SSD 8GB,0,1,UNIT,"12,500,000.00",0.00
,"HP Pav x360 Convert 14-EK2333TU Blue Core 5 120U Win11 OHS(14"" FHD IPS Touch/UMA/512GB/16GB) (Flipbook)",0,1,UNIT,"10,950,000.00",0.00
,HP PAVILION 14-DV2002TX-68J10PA CI5-1235U 16GB 512GB SSD MX550 2GB WIN 11,1,1,UNIT,"11,420,000.00","11,420,000.00"
,HP PAVILION 14-EC0013AU AMD RYZEN 5 5500U 16GB SSD 512GB,0,1,UNIT,"10,155,000.00",0.00
,HP PAVILION AERO 13 AMD RYZEN 5 5625U 16GB 512GB SSD WIN 11,0,1,UNIT,"12,380,000.00",0.00
,HP PAVILION AERO 13 BE2001AU AMD RYZEN 5 7535U 2X8GB 512GB SSD WIN,0,1,UNIT,"12,320,000.00",0.00
,HP PAVILION X360 2IN1 14 CORE 3 100U 8GB 512GB SSD WIN 11,0,1,UNIT,"9,495,000.00",0.00
,HP PAVILION X360 CONVERTIBLE 14 CI7-1255U 16GB 512GB SSD INTEL IRIS XE WIN 11,0,1,UNIT,"14,565,000.00",0.00
,HP PAVILION X360 CONVERTIBLE 14 EK1069TU Ci5 - 1335U 16GB 512GB SSD INTEL XE GRAPHICS WIN 11 UM,0,1,UNIT,"12,120,000.00",0.00
,HP Pavilion x360 Pavilion 2-in-1 14-ek2111TU-9X3C3PA Intel Core 5 120U 16GB 512GB SSD W11 Home + OHS 2021 Natural silver + Tas,0,1,UNIT,"11,200,000.00",0.00
,HP Pavilion x360 Pavilion 2-in-1 14-ek2333TU-9X3C5PA Core 5 120U 16GB 512GB SSD W11 Home + OHS 2021 Space Blue + Tas,0,1,UNIT,"11,500,000.00",0.00
,HP SAMSUNG S24 256GB,0,1,UNIT,"12,300,000.00",0.00
,HP VICTUS 15 Ci5-12450H 2X8GB 512GB SSD RTX 2050 4GB WIN 11,0,1,UNIT,"10,770,000.00",0.00
,HP VICTUS 15-fa0008TX-6G1L2PA Ci7-12700H 8GB 512GB SSD RTX 3050 4GB WIN 11,0,1,UNIT,"13,950,000.00",0.00
,HP VICTUS 16 AMD RYZEN 7 8845HS 16GB 1TB SSD RTX 4060 8GB WIN 11 #,0,1,UNIT,"17,195,000.00",0.00
,HP VICTUS GAMING 15-FA1666TX Ci5-12450H 8GB 512GB SSD RTX 2050 4GB WIN 11,0,1,UNIT,"10,080,000.00",0.00
,HP VICTUS GAMING 15-FA2717TX INTEL CORE i5-13420H 16GB DDR4 512GB SSD RTX 4050 6GB WIN 11,0,1,UNIT,"13,800,000.00",0.00
,HT KENWOOD TH-K20A VHF,0,1,UNIT,"1,750,000.00",0.00
,HUB USB + TYPE C 4 PORT COMBO,13,1,PCS,"35,370.00","459,810.00"
,HUB USB + TYPE C 7 PORT COMBO,8,1,PCS,"44,327.60","354,620.84"
,HUB USB 3.0 4 PORT,25,60,PCS,"29,062.02","726,550.59"
,HUB USB 3.0 TYPE C 3 PORT + MICRO SD,0,1,PCS,"47,000.00",0.00
,HUB USB 4 LUBANG MINI PCI,0,1,PCS,"106,000.00",0.00
,HUB USB 4 PORT ORICO FL02-BK-BP-W K BLACK,2,1,PCS,"38,000.00","76,000.00"
,HUB USB RBT 4 PORT,0,15,PCS,"43,000.00",0.00
,HUB USB REXUS 4 PORT,3,10,PCS,"58,215.12","174,645.35"
,HUB USB TYPE C 4 PORT,0,1,PCS,"37,000.00",0.00
,I MAC M1 8 CORE CPU 7 CORE GPU SSD 256 GB,0,1,UNIT,"21,650,000.00",0.00
,I-POOK P465 LAN TESTER,0,1,PCS,"385,000.00",0.00
,ID CARD PRINTER HITI CS200E,0,1,UNIT,"12,150,000.00",0.00
,indorack 6u wir4506,0,0,PCS,0.00,0.00
,INDORACK WR5012S WALLMOUNT RACK 19 INCH 12U SINGLE GLASS DOOR DEPTH 500MM,0,0,PCS,"2,900,000.00",0.00
,INSTALASI,0,1,JASA,"100,000.00",0.00
,IP CAM CCTV EZIP-B1B40 4MP,0,1,PCS,"525,000.00",0.00
,IP CAM DAHUA 4MP INDOOR,0,1,PCS,"825,000.00",0.00
,IP CAM DAHUA 4MP OUTDOOR,0,1,PCS,"900,000.00",0.00
,IP CAM DAHUA OUTDOOR 8MP,0,1,PCS,"2,450,000.00",0.00
,IP CAM EZVIZ CS - H3C 5MP,0,1,UNIT,"655,000.00",0.00
,IP CAM EZVIZ CS - H6 5MP,0,1,UNIT,"515,000.00",0.00
,IP CAM HIK 1021,0,1,PCS,"475,000.00",0.00
,IP CAM HIK 1121,0,1,PCS,"495,000.00",0.00
,IPAD 9 WIFI + CELL 64GB,0,1,UNIT,"7,799,000.00",0.00
,IPAD AIR 11 INCS 4TH GEN WIFI 256GB M2/AIR 6,0,1,UNIT,"13,230,000.00",0.00
,IPAD PRO 2020 11 INCS WIFI 128GB,0,1,UNIT,"13,750,000.00",0.00
,IPOS 4,0,1,PCS,"600,000.00",0.00
,IPOS 5 PRO,0,1,PCS,"750,000.00",0.00
,ISI CUTTER,330,5,PCS,"4,424.55","1,460,101.07"
,ISI STEMPLES KANGARO N0.10,3591,100,KOTAK,"1,523.39","5,470,487.05"
,ISI STEPLES DELI  NO 10,0,1,PCS,"1,112.50",0.00
,ISI STEPLES DELI NO 24,5,1,PCS,"1,780.00","8,900.00"
,ISI STEPLES JOYKO NO 10,345,100,PCS,925.65,"319,349.25"
,ISI STEPLES KANGARO 24/6,1429,50,KOTAK,"3,212.50","4,590,660.58"
,"ISOLASI DOUBLE TAPE NACHI 1""",0,1,ROLL,"5,500.00",0.00
,ISOLASI LISTRIK,0,1,PCS,"10,000.00",0.00
,ISOLUTION FACE ID,0,1,UNIT,"3,200,000.00",0.00
,ISOLUTION X105 (ABSEN SIDIK JARI),0,1,PCS,"1,035,650.00",0.00
,JASA INSTALASI,0,1,JASA,"150,000.00",0.00
,JASA PASANG DOMPU,0,1,JASA,"170,000.00",0.00
,JASA PASANG PABX,0,1,JASA,"3,500,000.00",0.00
,JASA PASANG PROJECTOR DAN SPEAKER,0,1,JASA,"450,000.00",0.00
,JASA PASANG PROJECTOR SAPE,0,1,JASA,"100,000.00",0.00
,JASA PASANG SPEAKER KLINIK,0,1,JASA,"350,000.00",0.00
,JASA SETTING ABSENSI,2,1,JASA,"200,000.00","400,000.00"
,JASA SETTING MIKROTIK,0,1,JASA,"750,000.00",0.00
,JETE GROUP 2 CONFERENCE MIC,0,0,UNIT,0.00,0.00
,JETE TWS 11 BT,0,1,PCS,"100,000.00",0.00
,JETE TWS CE3,0,1,PCS,"120,000.00",0.00
,JETE W9,5,1,PCS,"169,900.00","849,500.00"
,JOYCO BALLPOINT MEJA / PENSTAND PSBP-177,71,10,PCS,"3,591.67","255,008.33"
,JOYCO CALCULATOR CC - 15A 12 DIGIT,5,1,PCS,"45,590.00","227,950.00"
,JOYCO CALCULATOR CC - 26 12 DIGIT,5,1,PCS,"40,740.00","203,700.00"
,JOYCO CALCULATOR CC - 27 12 DIGIT,5,1,PCS,"69,840.00","349,200.00"
,JOYCO CALCULATOR CC - 30 12 DIGIT,5,1,PCS,"72,750.00","363,750.00"
,JOYCO CALCULATOR CC - 34 BIG 14 DIGIT,4,1,PCS,"72,750.00","291,000.00"
,JOYCO CALCULATOR CC - 8A 12 DIGIT,5,1,PCS,"36,860.00","184,300.00"
,JOYCO INDEX & MEMO IM-42 SIGN HERE,36,20,PCS,"7,020.75","252,747.00"
,JOYCO MEMO STICK MMS-657P 102 X 76,206,1,PCS,"4,596.71","946,921.65"
,"KABEL 3,5MM 1 - 3 RCA",18,1,PCS,"15,000.00","270,000.00"
,KABEL AUDIO 1 - 1,94,40,PCS,"7,339.55","689,917.76"
,KABEL AUDIO 1 - 2,59,40,PCS,"6,951.01","410,109.63"
,KABEL AUDIO 1 - 2 10 METER,7,1,PCS,"50,000.00","350,000.00"
,KABEL AUDIO 1 - 2 5METER,15,1,PCS,"16,186.77","242,801.57"
,KABEL AV PS 2,16,15,PCS,"14,978.21","239,651.42"
,KABEL CCTV DAHUA RG 59 + POWER,1,10,DUS,"709,999.29","709,999.29"
,KABEL CCTV LG PERMETER,11,50,METER,"3,133.33","34,466.67"
,KABEL CCTV PERMETER,109,1,METER,"2,150.00","234,350.00"
,KABEL CCTV RG 59 + POWER COLAN,0,1,DUS,"800,000.00",0.00
,KABEL CCTV RG 59 + POWER LS (by LG),0,3,PCS,"940,000.00",0.00
,KABEL CCTV RG 59 + POWER MMP,0,1,PCS,"840,000.00",0.00
,KABEL CCTV RG 59 + POWER SPECTRA,0,3,DUS,"720,000.00",0.00
,KABEL CCTV RG 59 + POWER ULTIMATE,0,1,DUS,"685,000.00",0.00
,KABEL CCTV RG 6 POWER 300 METER,0,1,DUS,"765,000.00",0.00
,KABEL CCTV SINOVISION / PROVIEW RG 59 + POWER,20,15,DUS,"641,750.64","12,835,012.72"
,KABEL CCTV SPC RG59 + POWER,0,1,DUS,"665,000.00",0.00
,KABEL CCTV SPECTRA OPTIMUS RG 6 POWER,0,1,DUS,"745,000.00",0.00
,KABEL CONVERTER VENTION EACBH DVI TO VGA CONVERTER DVI-I (24+5) TO VGA VIDEO ADAPTER 2M BLACK,1,1,PCS,"74,000.00","74,000.00"
,KABEL DATA 2 IN 1,6,1,PCS,0.00,0.00
,KABEL DATA 5 PIN,61,30,PCS,"14,992.94","914,569.52"
,"KABEL DATA 5 PIN 1,5M UGREEN",0,1,PCS,"25,000.00",0.00
,KABEL DATA CHARGER JETE MICRO USB TOPLES,146,5,PCS,"3,882.88","566,900.16"
,KABEL DATA HDD EXTERNAL 3.0,52,10,PCS,"13,293.74","691,274.63"
,KABEL DATA HDD SATA,0,2,PCS,"4,000.00",0.00
,KABEL DATA HP TYPE C VGEN,7,1,PCS,"17,928.57","125,500.00"
,KABEL DATA JETE CX12 TYPE C TO C,19,1,PCS,"43,327.86","823,229.30"
,KABEL DATA JETE CX13 LED TYPE C TO LIGHTNING,10,1,PCS,"54,938.46","549,384.62"
,"KABEL DATA PRINTER 1,5 METER",57,40,PCS,"10,629.21","605,865.17"
,KABEL DATA PRINTER 3 METER,91,30,PCS,"16,061.82","1,461,625.47"
,KABEL DATA PRINTER 5 METER,10,20,PCS,"26,260.25","262,602.46"
,KABEL DATA TYPE C JETE CX 5,54,30,PCS,"25,334.77","1,368,077.64"
,KABEL DATA USB JETE CX1 2.4A (MICRO),67,20,PCS,"23,222.40","1,555,900.78"
,KABEL DATA USB JETE CX1 2.A4 LIGHTENING  (IPHONE),42,5,PCS,"22,138.28","929,807.75"
,"KABEL DISPLAY PORT 1,8M",4,1,PCS,"17,000.00","68,000.00"
,KABEL EXTENSION BOSCH 10 METER,0,1,PCS,"950,000.00",0.00
,KABEL EXTENSION BOSCH 3 METER,0,1,PCS,"400,000.00",0.00
,KABEL FIBER OPTIK GLOBAL 1KM 1000M CORE 3 SELING NON DUS,0,1,DUS,"685,000.00",0.00
,KABEL FIBER OPTIK GLOBAL 1KM 1000M CORE 3 SELING SPECIAL TYPE,5,5,DUS,"696,570.43","3,482,852.13"
,KABEL FLEXY HEAD EPSON,13,1,PCS,"42,379.56","550,934.26"
,KABEL FLEXY HEAD EPSON ( KECIL ),74,1,PCS,"18,942.92","1,401,776.40"
,KABEL FLEXY LAPTOP,2,1,PCS,"106,333.33","212,666.67"
,"KABEL HDMI 1,5 METER",95,40,PCS,"10,500.00","997,500.00"
,"KABEL HDMI 1,5 METER 4K",52,1,PCS,"14,919.68","775,823.60"
,"KABEL HDMI 1,5 MR",117,1,PCS,"7,184.71","840,610.77"
,KABEL HDMI 10 METER,22,3,PCS,"48,000.00","1,056,000.00"
,KABEL HDMI 10 METER  4K,2,1,PCS,"80,000.00","160,000.00"
,KABEL HDMI 10M 4K,9,1,PCS,"67,301.37","605,712.31"
,KABEL HDMI 15 METER,9,1,PCS,"80,000.00","720,000.00"
,KABEL HDMI 15 METER 4K,1,1,PCS,"123,776.86","123,776.86"
,KABEL HDMI 20 METER,3,1,PCS,"103,333.33","310,000.00"
,KABEL HDMI 20 METER 4K,22,3,PCS,"144,244.67","3,173,382.63"
,KABEL HDMI 25 METER,8,1,PCS,"133,750.00","1,070,000.00"
,KABEL HDMI 3 IN 1 UNIVERSAL,24,5,PCS,"24,112.62","578,702.84"
,KABEL HDMI 3 METER,22,20,PCS,"19,001.47","418,032.39"
,KABEL HDMI 3 METER 4K,27,1,PCS,"24,499.78","661,493.93"
,KABEL HDMI 5 METER,45,10,PCS,"27,000.00","1,215,000.00"
,KABEL HDMI 5 METER 4K,58,1,PCS,"31,403.78","1,821,419.37"
,KABEL HDMI EXTENSION MALE TO FEMALE (SAMBUNGAN KABEL),0,3,PCS,"15,000.00",0.00
,KABEL HDMI VENTION ABFBH HDMI MALE TO DVI 24+1 MALE 2M BLACK,1,1,PCS,"63,000.00","63,000.00"
,KABEL IDF 4,0,1,METER,"75,000.00",0.00
,KABEL LAN BELDEN USA CAT 5,7,3,DUS,"1,600,393.59","11,202,755.10"
,KABEL LAN BELDEN USA CAT 6,0,1,DUS,"2,050,000.00",0.00
,KABEL LAN COMMSCOPE CAT 5E,11,1,DUS,"1,500,000.00","16,500,000.00"
,KABEL LAN COMMSCOPE CAT 6,0,1,DUS,"1,835,000.00",0.00
,"KABEL LAN JADI 1,5 METER",0,1,PCS,0.00,0.00
,KABEL LAN SPC UTP CAT 5,0,1,DUS,"360,000.00",0.00
,KABEL LAN ZIMM LINK,51,55,DUS,"359,680.49","18,343,704.82"
,KABEL LAN ZIMM LINK FTP ( SEMI OUTDOOR ),32,20,DUS,"462,994.75","14,815,832.08"
,KABEL LISTRIK 4 METER,0,1,METER,"40,000.00",0.00
,KABEL LISTRIK METER,5,1,METER,"10,000.00","50,000.00"
,KABEL POWER CPU,48,10,PCS,"9,000.00","432,000.00"
,KABEL POWER CPU HOWELL / HYDRA / DATAFAST,279,150,PCS,"12,162.15","3,393,240.52"
,KABEL POWER HDD SATA,35,2,PCS,"4,764.93","166,772.39"
,KABEL POWER LAPTOP,34,10,PCS,"9,000.00","306,000.00"
,KABEL POWER LAPTOP HOWELL / HYDRA / DATAFAST,274,150,PCS,"12,776.85","3,500,856.52"
,KABEL POWER ORBIT KE USB,12,1,PCS,"23,038.46","276,461.54"
,KABEL POWER PRINTER,0,1,PCS,"6,500.00",0.00
,KABEL POWER PRINTER HYDRA / SANURPRO,67,80,PCS,"12,529.92","839,504.80"
,"KABEL RCA 3 - 3 (1,5 METER)",51,3,PCS,"12,565.57","640,844.26"
,KABEL RCA 3 - 3 (3 METER),33,5,PCS,"14,500.00","478,500.00"
,KABEL SENSOR CHIP DETECTOR EPSON L1800,2,1,PCS,"75,000.00","150,000.00"
,KABEL SENSOR G SERIES,10,1,PCS,"39,960.00","399,599.99"
,KABEL TELPON ISI 4 100 METER,0,1,PCS,"200,000.00",0.00
,KABEL USB A - A,27,5,PCS,"16,000.00","432,000.00"
,KABEL USB A - A 30CM,54,1,PCS,"8,272.73","446,727.27"
,"KABEL USB EXTENDER 1,5 METER",86,40,PCS,"11,000.00","946,000.00"
,KABEL USB EXTENDER 3 METER,40,30,PCS,"18,000.00","720,000.00"
,KABEL USB EXTENDER 5 METER,23,5,PCS,"26,533.30","610,265.99"
,"KABEL VGA 1,5 METER",110,65,PCS,"15,117.47","1,662,922.12"
,"KABEL VGA 1,5 METER HQ",12,1,PCS,"26,601.53","319,218.39"
,KABEL VGA 10 METER,28,25,PCS,"51,915.86","1,453,644.10"
,KABEL VGA 15 METER,6,1,PCS,"80,000.00","480,000.00"
,KABEL VGA 20 METER,1,2,PCS,"106,428.57","106,428.57"
,KABEL VGA 25 METER,5,2,PCS,"162,500.00","812,500.00"
,KABEL VGA 3 METER,89,15,PCS,"29,358.59","2,612,914.08"
,KABEL VGA 3 METER HQ,16,1,PCS,"50,000.00","800,000.00"
,KABEL VGA 30 METER,2,1,PCS,"230,000.00","460,000.00"
,KABEL VGA 5 METER,59,1,PCS,"34,586.21","2,040,586.21"
,KACA CASING GAMING,0,1,PCS,"300,000.00",0.00
,KARET GELANG,152,5,PACK,"24,040.59","3,654,170.21"
,KARET INFUS PRINTER,919,100,PCS,199.72,"183,546.83"
,KARET ROL ATAS PRINTER EPSON,14,1,PCS,"5,000.00","70,000.00"
,KARET ROL BAWAH PRINTER EPSON,35,5,PCS,"9,000.00","315,000.00"
,KARET ROLLER BAWAH EPSON,120,1,BIJI,"3,000.00","360,000.00"
,KERTAS 2 PLY A3 NCR,1,1,DUS,"445,000.00","445,000.00"
,KERTAS 2 PLY PRS,29,10,DUS,"298,650.83","8,660,874.13"
,KERTAS 4 PLY NCR,20,1,DUS,"291,748.08","5,834,961.67"
,KERTAS ART PAPER 150 GSM F4,53,30,PCS,"28,675.04","1,519,776.86"
,KERTAS ART PAPER A4 150 GRAM,57,30,PCS,"27,971.22","1,594,359.46"
,KERTAS BARCODE 10RB PC,0,1,PACK,"65,000.00",0.00
,KERTAS BUFFALO  HIJAU MUDA (NO 08),82,35,PCS,"22,963.87","1,883,037.27"
,KERTAS BUFFALO BIRU MUDA (NO 10),167,35,PCS,"22,713.05","3,793,078.59"
,KERTAS BUFFALO BIRU TUA (NO 9),217,35,PCS,"22,592.53","4,902,579.11"
,KERTAS BUFFALO CROWN BIRU MUDA (NO 11),99,35,PACK,"23,100.00","2,286,900.00"
,KERTAS BUFFALO CROWN BIRU MUDA (NO 14),0,35,PCS,"23,250.00",0.00
,KERTAS BUFFALO KUNING (NO 5),192,35,PCS,"22,513.89","4,322,665.98"
,KERTAS BUFFALO MERAH (NO 1),47,35,PCS,"22,695.30","1,066,679.10"
,KERTAS BUFFALO MERAH MUDA (NO 2),163,35,PCS,"22,734.39","3,705,704.80"
,KERTAS BUFFALO ORANGE ( NO 04 ),56,35,PCS,"22,470.22","1,258,332.51"
,KERTAS BUFFALO PUTIH,75,160,PCS,"19,503.90","1,462,792.46"
,KERTAS BURAM,9,5,PACK,"37,000.00","333,000.00"
,KERTAS FOTO BUFFALO HIJAU MUDA (NO 7),208,35,PCS,"22,540.39","4,688,401.70"
,KERTAS FOTO DATA PRINT GLOSSY  230 GSM (BURUNG),329,180,PCS,"14,750.05","4,852,767.90"
,KERTAS FOTO DATA PRINT SILKY,18,5,PCS,"40,500.00","729,000.00"
,KERTAS FOTO KODAK 270GR GLOSSY,23,20,PCS,"46,000.00","1,058,000.00"
,KERTAS FOTO KODAK 270GR SATIN /  SILKY,7,50,PCS,"46,000.00","322,000.00"
,KERTAS FOTO SPECTRA 230 (BUAH NAGA),190,200,PCS,"17,791.60","3,380,403.63"
,KERTAS FOTO SPECTRA A3 GLOSSY,25,10,PCS,"54,500.00","1,362,500.00"
,KERTAS FOTO SPECTRA A3 SILKY,17,10,PCS,"54,500.00","926,500.00"
,KERTAS FOTO SPECTRA GLOSSY 260,-4,180,PCS,"52,000.00","-208,000.00"
,KERTAS FOTO SPECTRA SILKY 260,114,180,PCS,"51,999.95","5,927,994.01"
,KERTAS FOTO STIKER DATA PRINT,159,200,PCS,"22,750.00","3,617,250.00"
,KERTAS FOTO TANPA MEREK,50,130,PCS,"10,999.94","549,997.21"
,KERTAS GLORI,98,15,PCS,"53,231.25","5,216,662.50"
,KERTAS HAMER,47,10,PCS,"49,859.15","2,343,380.28"
,KERTAS INKJET MATTE,11,5,PCS,"31,000.00","341,000.00"
,KERTAS JASMIN BIRU,3,1,PCS,"45,000.00","135,000.00"
,KERTAS JASMIN CREAM,16,28,PCS,"40,439.02","647,024.39"
,KERTAS JASMIN PINK,24,1,PCS,"45,000.00","1,080,000.00"
,KERTAS JASMINE PUTIH,172,60,PCS,"41,344.76","7,111,299.50"
,KERTAS KASIR PAPERLINE PPL TS 7565 75X65X18MM,200,1,PCS,"5,159.38","1,031,876.00"
,KERTAS KINGSTRIK 230 GRAM F4,93,35,PCS,"31,523.03","2,931,642.16"
,KERTAS LINEN 200 GR F4,185,40,PCS,"40,904.81","7,567,389.55"
,KERTAS NCR BLUE CF (BOTTOM),13,1,PCS,"52,250.00","679,250.00"
,KERTAS NCR BLUE CFB (MIDDLE),89,30,PCS,"57,598.37","5,126,254.62"
,KERTAS NCR GREEN CFB (MIDDLE),80,30,PCS,"59,584.99","4,766,799.08"
,KERTAS NCR PINK CFB (MIDDLE),98,30,PCS,"60,668.75","5,945,537.67"
,KERTAS NCR WHITE CB (TOP),50,30,PCS,"61,783.29","3,089,164.71"
,KERTAS NCR WHITE CFB (MIDDLE),32,30,PCS,"60,687.93","1,942,013.87"
,KERTAS NCR YELLOW CF (BOTTOM),6,30,PCS,"52,500.00","315,000.00"
,KERTAS NCR YELLOW CFB (MIDDLE),111,30,PCS,"60,656.85","6,732,910.08"
,KERTAS PIAGAM A4,91,5,PCS,"33,000.00","3,003,000.00"
,KERTAS PIAGAM F4,91,30,PCS,"31,500.00","2,866,500.00"
,KERTAS THERMAL 57 X 30 EDC,1796,500,PCS,"1,740.00","3,125,040.00"
,KERTAS THERMAL 57 X 38 MM (EDC),958,500,PCS,"2,315.32","2,218,074.40"
,KERTAS THERMAL 57 X 47,10,1,PCS,0.00,0.00
,KERTAS THERMAL 80 X 47,0,3,PCS,"7,800.00",0.00
,KERTAS UNDANGAN AVIS 123,6,1,PCS,"29,750.00","178,500.00"
,KERTAS UNDANGAN AVIS 124,0,1,PCS,"29,750.00",0.00
,KERTAS UNDANGAN AVIS 125,0,1,PCS,"29,750.00",0.00
,KERTAS UNDANGAN AVIS 126,8,1,PCS,"29,750.00","238,000.00"
,KERTAS UNDANGAN AVIS 127,1,1,PCS,"29,750.00","29,750.00"
,KEY ACER A314 22 BR,2,1,PCS,"150,000.00","300,000.00"
,KEY AXIOO 1401,1,1,PCS,"220,000.00","220,000.00"
,KEY GAMING CYBORG KG2 TKL VIPER,0,1,PCS,"130,000.00",0.00
,KEY GAMING FANTECH HUNTER PRO K511 RGB BAKLITE MEMBRANE - BLACK,0,1,PCS,"128,000.00",0.00
,"KEY LENOVO 11,6 120S #",0,1,PCS,"70,000.00",0.00
,"KEY LENOVO 320 ON OFF 15,6",0,1,PCS,"120,000.00",0.00
,KEY MOUSE GAMING FANTECH SET COMBO P31 BLACK,0,1,PCS,"198,000.00",0.00
,KEY MOUSE GAMING REXUS WARFACTION VR3 MAX RGB,0,1,SET,"330,000.00",0.00
,KEY MOUSE REXUS WARFACTION VR1,0,1,PCS,"188,000.00",0.00
,KEY MOUSE REXUS WARFACTION VR2,0,1,PCS,"196,000.00",0.00
,KEY TOSHIBA L55-B TANAM,1,1,PCS,"68,506.67","68,506.67"
,KEYBOAR LAPTOP LENOVO IDEAPAD 5 15 INCS,0,1,PCS,"290,000.00",0.00
,KEYBOARD + MOUSE LOGITECH MK 120,0,1,PAKET,"151,000.00",0.00
,KEYBOARD + MOUSE USB DATAFAST KM - 001,3,1,PCS,"51,000.00","153,000.00"
,KEYBOARD + TP + COVER C MYBOOK 11G,0,1,PCS,"200,000.00",0.00
,KEYBOARD ACER 4732Z BLACK,0,1,PCS,"65,000.00",0.00
,KEYBOARD ACER 4736,12,3,PCS,"56,506.46","678,077.48"
,KEYBOARD ACER 722,3,3,PCS,"63,688.37","191,065.12"
,KEYBOARD ACER A314 22 F2 WIFI,8,1,PCS,"145,555.56","1,164,444.44"
,KEYBOARD ACER A314 33 (LM),17,1,PCS,"68,836.91","1,170,227.49"
,KEYBOARD ACER A314 36,6,1,PCS,"197,916.67","1,187,500.00"
,KEYBOARD ACER A314-22 RYZEN,4,5,PCS,"74,854.13","299,416.50"
,KEYBOARD ACER A514 55G,0,1,PCS,"370,000.00",0.00
,KEYBOARD ACER A515 - 52G,0,1,PCS,"150,000.00",0.00
,KEYBOARD ACER ASPIRE 5736 BLACK PS,0,1,PCS,"70,000.00",0.00
,KEYBOARD ACER D270,4,1,PCS,"59,048.48","236,193.90"
,KEYBOARD ACER E5 471 TANPA ON OFF,5,1,PCS,"50,375.00","251,875.00"
,KEYBOARD ACER E5 473 ON OFF / E5 475 / ES1 432,11,2,PCS,"62,201.73","684,219.02"
,KEYBOARD ACER E5 475,0,1,PCS,"75,000.00",0.00
,KEYBOARD ACER E5 573 15 INCS,1,1,PCS,"93,000.00","93,000.00"
,keyboard acer es1 132 tombol on off,8,3,PCS,"85,848.02","686,784.13"
,KEYBOARD ACER ES1 432,11,1,PCS,"56,076.92","616,846.15"
,KEYBOARD ACER LITE N100,0,1,PCS,"400,000.00",0.00
,KEYBOARD ACER NITRO 5,0,1,PCS,"280,000.00",0.00
,KEYBOARD ACER SWIFT 3 SF314 - 54,0,1,PCS,"140,000.00",0.00
,KEYBOARD ACER SWIFT 3 SF315 - 51 15 INCS,0,1,PCS,"59,000.00",0.00
,KEYBOARD ACER V5 123 / 725,5,1,PCS,"62,094.17","310,470.85"
,KEYBOARD ACER V5 132,5,2,PCS,"66,562.50","332,812.50"
,KEYBOARD ACER V5 431,5,1,PCS,"65,339.75","326,698.73"
,KEYBOARD ACER Z1401,5,2,PCS,"82,167.48","410,837.39"
,KEYBOARD AOC KB 120,5,1,PCS,"73,333.33","366,666.67"
,KEYBOARD ASUS A409,8,1,PCS,"79,732.14","637,857.14"
,KEYBOARD ASUS A412 BLACK POWER,1,1,PCS,"62,000.00","62,000.00"
,KEYBOARD ASUS A442 (POWER BUTTON),3,1,PCS,"80,000.00","240,000.00"
,KEYBOARD ASUS E410,2,1,PCS,"150,000.00","300,000.00"
,KEYBOARD ASUS N43,0,1,PCS,"55,750.00",0.00
,KEYBOARD ASUS ROG G15,0,1,PCS,"350,000.00",0.00
,KEYBOARD ASUS X401,0,1,PCS,"75,000.00",0.00
,KEYBOARD ASUS X505 TOMBOL ON OFF AG,0,1,PCS,"65,000.00",0.00
,KEYBOARD ASUS X540 BLACK,0,1,PCS,"57,500.00",0.00
,KEYBOARD AXIOO 14E,3,1,PCS,"123,428.57","370,285.71"
,KEYBOARD DELL LATITUDE E6230 BLACK,0,1,PCS,"180,000.00",0.00
,KEYBOARD FLEXIBLE (KARET),7,5,PCS,"50,000.00","350,000.00"
,KEYBOARD GAMING REXUS K278 OFFICE MEMBRANE,3,1,PCS,"53,000.00","159,000.00"
,KEYBOARD HP 430 G1 BLACK,0,1,PCS,"90,000.00",0.00
,KEYBOARD JETE KB 2 / KB 1,2,25,PCS,"65,496.30","130,992.59"
,KEYBOARD JETE KBX1 GAMING,0,1,PCS,"150,000.00",0.00
,Keyboard Laptop ACER E1 431,1,0,PCS,"68,899.77","68,899.77"
,KEYBOARD LAPTOP ACER Z476,0,1,PCS,"190,000.00",0.00
,KEYBOARD LAPTOP ASUS A407,5,1,PCS,"80,535.74","402,678.69"
,KEYBOARD LAPTOP ASUS A416,2,1,PCS,"57,000.00","114,000.00"
,KEYBOARD LAPTOP ASUS A509,3,1,PCS,"84,666.67","254,000.00"
,KEYBOARD LAPTOP ASUS BR1100,0,1,PCS,"290,000.00",0.00
,KEYBOARD LAPTOP ASUS E203 BLACK,6,2,PCS,"60,348.55","362,091.28"
,KEYBOARD LAPTOP ASUS E402,1,1,PCS,"55,588.78","55,588.78"
,KEYBOARD LAPTOP ASUS N56,1,1,PCS,"80,000.00","80,000.00"
,KEYBOARD LAPTOP ASUS PRO,0,1,PCS,"200,000.00",0.00
,KEYBOARD LAPTOP ASUS PSU2420L,0,1,PCS,"90,000.00",0.00
,KEYBOARD LAPTOP ASUS S14 / M413DA,0,1,PCS,"310,000.00",0.00
,KEYBOARD LAPTOP ASUS S410,1,1,PCS,"90,000.00","90,000.00"
,KEYBOARD LAPTOP ASUS TP 203N,0,1,PCS,"105,000.00",0.00
,KEYBOARD LAPTOP ASUS TP412 AG,1,1,PCS,"160,000.00","160,000.00"
,KEYBOARD LAPTOP ASUS X200 BLACK,3,1,PCS,"65,608.95","196,826.86"
,KEYBOARD LAPTOP ASUS X43,0,1,PCS,"70,000.00",0.00
,KEYBOARD LAPTOP ASUS X441 (BLACK),19,10,PCS,"58,437.09","1,110,304.62"
,KEYBOARD LAPTOP ASUS X452,0,1,PCS,"90,000.00",0.00
,KEYBOARD LAPTOP ASUS X453M / X451 (BLACK),5,3,PCS,"53,200.00","266,000.00"
,KEYBOARD LAPTOP ASUS X540 BLACK FK,1,1,PCS,"75,000.00","75,000.00"
,KEYBOARD LAPTOP ASUS X541 BLACK,0,1,PCS,"53,000.00",0.00
,KEYBOARD LAPTOP ASUS ZENBOOK UM 431,0,1,PCS,"350,000.00",0.00
,KEYBOARD LAPTOP AXIOO,0,1,PCS,"145,000.00",0.00
,KEYBOARD LAPTOP AXIOO PICO PJM (BLACK),1,1,PCS,"90,000.00","90,000.00"
,KEYBOARD LAPTOP COMPAQ CQ 43 BLACK,1,1,PCS,"57,500.00","57,500.00"
,KEYBOARD LAPTOP DELL 14 3000,0,1,PCS,"80,000.00",0.00
,KEYBOARD LAPTOP DELL N4010,0,1,PCS,"80,000.00",0.00
,KEYBOARD LAPTOP HP 14 BS 722 TO,0,1,PCS,"150,000.00",0.00
,KEYBOARD LAPTOP HP 14S,6,1,PCS,"83,165.22","498,991.33"
,KEYBOARD LAPTOP HP 15DB AG,0,1,PCS,"150,000.00",0.00
,KEYBOARD LAPTOP HP 820-G3,0,1,PCS,"280,000.00",0.00
,KEYBOARD LAPTOP HP CF 004 TX,0,1,PCS,"275,000.00",0.00
,KEYBOARD LAPTOP HP CM0071AV PT,0,1,PCS,"160,000.00",0.00
,KEYBOARD LAPTOP HP COMPAQ CQ 43,0,1,PCS,"60,000.00",0.00
,KEYBOARD LAPTOP HP ENVY,1,1,PCS,"280,000.00","280,000.00"
,KEYBOARD LAPTOP HP G4 2000,0,1,PCS,"128,156.75",0.00
,KEYBOARD LAPTOP HP PAVILION 14-BW BLACK AG,0,1,PCS,"61,000.00",0.00
,KEYBOARD LAPTOP HP STREAM 14-CF,0,1,PCS,"83,333.33",0.00
,KEYBOARD LAPTOP LENOVO 110 - 15ISK AG,0,1,PCS,"70,000.00",0.00
,KEYBOARD LAPTOP LENOVO 110 #,4,1,PCS,"65,333.33","261,333.33"
,KEYBOARD LAPTOP LENOVO 110-141SK,0,1,PCS,"70,000.00",0.00
,KEYBOARD LAPTOP LENOVO 120S AG,2,1,PCS,"72,474.93","144,949.85"
,KEYBOARD LAPTOP LENOVO 320 - 14 NLACK (NO POWER),1,1,PCS,"64,000.00","64,000.00"
,KEYBOARD LAPTOP LENOVO 320 / 330,1,1,PCS,"85,000.00","85,000.00"
,"KEYBOARD LAPTOP LENOVO 330 15,6 BIG ENTER",0,1,PCS,"130,000.00",0.00
,KEYBOARD LAPTOP LENOVO 330 ON OFF,15,1,PCS,"65,642.03","984,630.49"
,KEYBOARD LAPTOP LENOVO G400S,0,1,PCS,"70,000.00",0.00
,KEYBOARD LAPTOP LENOVO IDEAPAD 110 ON OFF,0,1,PCS,"99,375.00",0.00
,KEYBOARD LAPTOP LENOVO IDEAPAD 5,0,1,PCS,"290,000.00",0.00
,KEYBOARD LAPTOP LENOVO IDEAPAD FLEX 5,4,1,PCS,"210,000.00","840,000.00"
,KEYBOARD LAPTOP LENOVO S10-3 AG,0,1,PCS,"90,000.00",0.00
,KEYBOARD LAPTOP LENOVO S110,0,1,PCS,"105,000.00",0.00
,KEYBOARD LAPTOP LENOVO T 480,0,1,PCS,"330,000.00",0.00
,KEYBOARD LAPTOP LENOVO V130,0,1,PCS,"140,000.00",0.00
,KEYBOARD LAPTOP LENOVO YOGA 530,1,1,PCS,"150,000.00","150,000.00"
,KEYBOARD LAPTOP MSI MS16R3 AD,1,1,PCS,"320,000.00","320,000.00"
,KEYBOARD LAPTOP SONY SVE11 BLACK,0,1,PCS,"225,000.00",0.00
,KEYBOARD LAPTOP TOSHIBA C40A / L40 BLACK,11,1,PCS,"68,820.24","757,022.63"
,Keyboard laptop Toshiba C40B,4,0,PCS,"74,786.89","299,147.54"
,KEYBOARD LAPTOP TOSHIBA C50 B,1,1,PCS,"101,670.73","101,670.73"
,KEYBOARD LAPTOP TOSHIBA C850,0,1,PCS,"65,000.00",0.00
,KEYBOARD LAPTOP TOSHIBA L645 DOFF,2,1,PCS,"68,532.74","137,065.48"
,KEYBOARD LAPTOP TOSHIBA NB 520 (BLACK),1,1,PCS,"104,629.63","104,629.63"
,KEYBOARD LAPTOP TOSHIBA NB10,0,1,PCS,"333,720.93",0.00
,KEYBOARD LENOVO 100-14IBD BLACK,0,1,PCS,"70,000.00",0.00
,KEYBOARD LENOVO 20V 4.5A 55 X 25 IRL,1,1,PCS,"120,000.00","120,000.00"
,KEYBOARD LENOVO 310,0,1,PCS,"160,000.00",0.00
,KEYBOARD LENOVO 320 15 INCS AG,0,1,PCS,"70,000.00",0.00
,KEYBOARD LENOVO 330 TANPA ON OFF ( NO POWER ),2,1,PCS,"72,000.00","144,000.00"
,KEYBOARD LENOVO E431S ag,0,0,PCS,"320,000.00",0.00
,KEYBOARD LENOVO G40-70,1,1,PCS,"80,000.00","80,000.00"
,KEYBOARD LENOVO G480,0,1,PCS,"57,000.00",0.00
,KEYBOARD LENOVO IDEAPAD 1 11 GLOS,1,1,PCS,"150,000.00","150,000.00"
,KEYBOARD LENOVO IDEAPAD 3 SLIM 3,1,1,PCS,"210,000.00","210,000.00"
,KEYBOARD LENOVO IDEAPAD S130,1,1,PCS,"170,000.00","170,000.00"
,KEYBOARD LENOVO L412,0,1,PCS,"435,000.00",0.00
,KEYBOARD LENOVO T470,2,1,PCS,"437,500.00","875,000.00"
,KEYBOARD LENOVO V15 INCS ADA TOMBOL ENTER BAGI 2,0,1,PCS,"90,000.00",0.00
,KEYBOARD LOGITECH K120,56,50,PCS,"100,793.08","5,644,412.25"
,KEYBOARD MINI BANDA / MURAGO,202,100,PCS,"42,520.84","8,589,209.78"
,KEYBOARD MINI WIRELESS,0,1,PCS,"65,000.00",0.00
,KEYBOARD MOUSE PAKET UNITECH KM - 001,9,1,PCS,"56,000.00","504,000.00"
,KEYBOARD MTECH MULTIMEDIA 03,30,1,PCS,"50,000.00","1,500,000.00"
,KEYBOARD MULTIMEDIA BANDA BW 09,6,25,PCS,"44,000.00","264,000.00"
,KEYBOARD NUMERIC (ANGKA),20,1,PCS,"32,237.90","644,758.06"
,KEYBOARD PROTECT 14,0,1,PCS,"3,250.00",0.00
,"KEYBOARD TOSHIBA 15,6",0,1,PCS,"100,000.00",0.00
,KEYBOARD TOSHIBA C640 GLOSSY,0,1,PCS,"95,000.00",0.00
,KEYBOARD TOSHIBA C840 / C800 DOFF BLACK,8,1,PCS,"61,030.54","488,244.30"
,KEYBOARD TOSHIBA L510,0,1,PCS,"85,000.00",0.00
,KEYBOARD USB MTECH STK01,191,100,PCS,"32,217.86","6,153,611.99"
,KEYBOARD USB MURAGO K300,0,100,PCS,"34,000.00",0.00
,KEYBOARD VOTRE,0,50,PCS,"33,500.00",0.00
,KEYBORD TOSHIBA C40-B BLACK,2,1,PCS,"81,666.67","163,333.33"
,KIPAS ANGIN DINDING,0,1,PCS,"145,000.00",0.00
,KIPAS ANGIN MIYAKO 16 DINDING,0,1,UNIT,"275,000.00",0.00
,KIPAS ANGIN TORNADO MASPION 20 INCS,0,1,UNIT,"650,000.00",0.00
,KLEM KABEL NO 10,4,1,KOTAK,"14,625.00","58,500.00"
,KLEM KABEL NO 12,0,1,KOTAK,"12,000.00",0.00
,KLEM KABEL NO 17,0,1,KOTAK,"15,000.00",0.00
,KLEM KABEL NO 20,0,1,KOTAK,"50,000.00",0.00
,KLEM KABEL NO 6,0,0,KOTAK,"8,000.00",0.00
,KLEM SILOASI,0,1,PCS,"200,000.00",0.00
,KOMPAS SUNTOO KB 14,0,1,UNIT,"2,000,000.00",0.00
,KONEKTOR BNC CCTV,752,80,PCS,"2,500.05","1,880,037.90"
,KONEKTOR DC FEMALE,135,10,PCS,"2,000.00","270,000.00"
,KONEKTOR DC MALE,946,20,PCS,"2,000.00","1,892,000.00"
,KONEKTOR FO BUAYA,25,1,PCS,"5,000.00","125,000.00"
,"KONEKTOR JACK Y AUX 3,5MM",88,2,PCS,"6,888.89","606,222.22"
,KONEKTOR VENTION 1 CAT 6 UTP RJ45 MODULAR GIGABIT JACK PLUG CONNECTOR,0,1,PCS,"101,000.00",0.00
,KOTAK CD HITAM,58,10,PCS,"1,050.00","60,900.00"
,KOTAK DVD HITAM TEBAL,166,50,PCS,"1,800.00","298,800.00"
,KOTAK DVD HITAM TIPIS,42,10,PCS,"1,775.00","74,550.00"
,KRESEK 03 X 40 MERAH,60,1,PCS,"22,000.00","1,320,000.00"
,KRESEK 04 X 90 X 100,2,1,PCS,"100,000.00","200,000.00"
,KULKAS LG GCFB507PQAM TP,0,1,UNIT,"10,000,000.00",0.00
,KURSI FANTECH OCA258S V2 OFFICE,1,1,UNIT,"1,025,000.00","1,025,000.00"
,KURSI GAMING CHAIR REXUS RGC-101 BLUE ARMREST 2D,0,1,PCS,"2,200,000.00",0.00
,KURSI GAMING DA THRONEX KWG43 (BLACK SOLID),0,1,PCS,"2,930,000.00",0.00
,KURSI KM 106,0,0,PCS,"825,000.00",0.00
,KURSI RAPAT NEW STAR VTR 01,0,1,UNIT,"325,000.00",0.00
,KURSI TUNGGU PASIEN,0,1,UNIT,"3,500,000.00",0.00
,KURSI UTOPIA ELITE,0,1,PCS,"5,100,000.00",0.00
,KYOCERA FS1120,0,1,UNIT,"6,300,000.00",0.00
,KYOCERA M2040DN,0,1,UNIT,"8,750,000.00",0.00
,LABEL CD GLOSSY,47,5,PCS,"7,800.00","366,600.00"
,LABEL CD HVS,28,3,PCS,"10,000.00","280,000.00"
,LABEL CD INKJET,66,3,PCS,"25,500.00","1,683,000.00"
,LABEL STIKER 33X19 @40MM,0,1,PCS,"5,100.00",0.00
,LABEL STIKER 55X40X1 @40MM,20,1,PCS,"8,100.00","162,000.00"
,LAKBAN BENING,1679,5,PCS,"7,639.97","12,827,507.88"
,LAKBAN HITAM BESAR 46MM X 12MM,45,100,PCS,"11,624.16","523,087.26"
,LAMINATING ROLL 2 SISI,0,1,UNIT,"2,300,000.00",0.00
,LAN CARD TPLINK TG-3468 (MINI PCI),1,1,PCS,"113,179.61","113,179.61"
,LAN TESTER,27,20,PCS,"32,685.50","882,508.52"
,LAN TESTER ETHERNET RJ45 RJ11 VENTION KEFB0,4,1,PCS,"78,000.00","312,000.00"
,LAN TESTER JS002,0,1,UNIT,"68,000.00",0.00
,LAPTOP HP 245-G5 AMD A6 7310 4GB 500GB,0,1,UNIT,"3,675,000.00",0.00
,LASER POINTER BASEUS,0,2,PCS,"120,000.00",0.00
,LASER POINTER BASIKE,3,1,PCS,"100,000.00","300,000.00"
,LASER POINTER M 016 SANURPRO,0,1,PCS,"85,000.00",0.00
,LASER POINTER PP927,0,1,UNIT,"100,000.00",0.00
,LASER POINTER PRESENTER PP 1000,15,40,PCS,"48,780.23","731,703.48"
,LASER POINTER R 400,0,1,PCS,"100,000.00",0.00
,LASER POINTER SN 03,20,0,PCS,"80,000.00","1,600,000.00"
,LCD 14 30 PIN SLIM FHD NV140WUM-N44,0,1,PCS,"900,000.00",0.00
,LCD 14 30 PIN SMALL FRAME NO KUPING PCB RATA,0,1,Buah,"490,000.00",0.00
,LCD 14 TOUCH SCREEN LENOVO YOGA,1,1,PCS,"2,007,000.00","2,007,000.00"
,LCD 15 SLIM 30PIN FHD SMALL FRAME,1,1,PCS,"581,666.67","581,666.67"
,"LCD 15,6 FHD NO BRAKET 30 PIN",0,1,PCS,"770,000.00",0.00
,"LCD 15,6 SMALL FRAME 144HZ",0,1,PCS,"980,000.00",0.00
,"LCD 15,6 TEBAL 40 PIN",1,1,PCS,"295,337.84","295,337.84"
,LCD AIO,0,1,UNIT,"1,500,000.00",0.00
,LCD AIO 24 INCS ASUS,0,1,PCS,"2,400,000.00",0.00
,LCD LAPTOP 10 INCS TEBAL,1,1,PCS,"295,000.00","295,000.00"
,"LCD LAPTOP 11,6 30 PIN (AB)",7,1,PCS,"233,704.14","1,635,928.96"
,"LCD LAPTOP 11,6 30 PIN (ASUS E202)",1,1,PCS,"395,000.00","395,000.00"
,"LCD LAPTOP 11,6 30 PIN (KK)",2,1,PCS,"216,361.98","432,723.96"
,"LCD LAPTOP 11,6 40 PIN (AB)",2,2,PCS,"228,906.49","457,812.98"
,"LCD LAPTOP 11,6 40 PIN (KK)",6,1,PCS,"241,767.74","1,450,606.42"
,LCD LAPTOP 13.3,1,1,PCS,"275,000.00","275,000.00"
,LCD LAPTOP 14 30 PIN SMALL FRAME NO BR,7,1,PCS,"429,766.76","3,008,367.35"
,LCD LAPTOP 14 ASUS A407,0,1,PCS,"850,000.00",0.00
,LCD LAPTOP 14 SLIM 40 PIN OLED,0,1,PCS,"2,400,000.00",0.00
,LCD LAPTOP 14 TEBAL,0,2,PCS,"270,000.00",0.00
,LCD LAPTOP 14 TIPIS 30 PIN,4,2,PCS,"347,400.00","1,389,600.00"
,LCD LAPTOP 14 TIPIS 40 PIN,4,1,PCS,"223,456.07","893,824.30"
,"LCD LAPTOP 15,6 40 PIN",2,1,PCS,"554,465.09","1,108,930.19"
,"LCD Laptop 15,6 SLIM 30PIN",0,0,PCS,"415,000.00",0.00
,LCD LAPTOP TIPIS 10 INCS  40 PIN,0,1,PCS,"260,000.00",0.00
,"LCD LAYAR SENTUH OLED 13,3 ASUS ZENBOOK FLIP FHD JT",0,1,PCS,"2,650,000.00",0.00
,LCD LED 16.1 SLIM 40 PIN 144HZ,1,0,PCS,"1,550,000.00","1,550,000.00"
,LCD NV140WUM 14 INCH SLIM 30 PIN NO KUPING FHD UNTUK AL14 31P N100 ACER,5,0,PCS,"600,000.00","3,000,000.00"
,"LCD TOUCHSCREEN 11,6"" ASUS TP201SA",0,1,PCS,"1,440,000.00",0.00
,"LCD TOUCHSCREEN 15,6 40 PIN FHD",0,1,PCS,"1,388,500.00",0.00
,"LED 13,5 SLIM ULTRA HD 40 PIN #",0,1,PCS,"1,300,000.00",0.00
,LED 14 NT140WHR - N45 DELL (PS),0,1,PCS,"1,200,000.00",0.00
,"LED ACER 21,5 EK221QE3BI IPS ZERO FRAME FHD",0,1,UNIT,"900,000.00",0.00
,"LED ACER 23,8 KA242Y IPS FHD 1920 X 1080",0,1,UNIT,"1,850,000.00",0.00
,LED ADVANCE 13 INCS,0,1,PCS,"1,150,000.00",0.00
,LED AOC 27G4E / 70 27 GAMING FHD IPS (1920X1080) 180HZ 1MS,0,1,UNIT,"1,795,000.00",0.00
,LED AOC24G2SPE/70 23.8 FHD IPS 165 HZ,0,1,UNIT,"1,740,000.00",0.00
,LED ASUS GAMING ROG SWIFT 24 PG248Q,0,1,UNIT,0.00,0.00
,LED ASUS VA259HGA 25 EYE CARE GAMING FHD (1920X1080) 120HZ,0,1,UNIT,"1,255,000.00",0.00
,LED ASUS VP228HE 21.5 HDMI VGA,0,1,UNIT,"2,220,000.00",0.00
,LED ASUS VS207DF 19.5 (BUNDLE PC ),0,1,PCS,0.00,0.00
,LED ASUS VY279HE 27 FHD IPS,0,1,PCS,"2,925,000.00",0.00
,LED ASUS ZENBOOK,0,1,PCS,"2,500,000.00",0.00
,"LED DELL 18,5 D1918H - HDMI",0,1,UNIT,"1,265,646.12",0.00
,"LED LENOVO 21,5 L22E-40 VA (1920X1080) 75HZ",-1,1,PCS,"971,000.00","-971,000.00"
,"LED LENOVO 21,5""S22-19 ( BUNDLE PC )",0,1,PCS,0.00,0.00
,"LED LENOVO 23.8 D24-20 FHD VGA, HDMI",0,1,UNIT,"2,135,000.00",0.00
,LED LENOVO LEGION R27QE 27 QHD IPS WLED,0,1,UNIT,"3,055,000.00",0.00
,"LED LG 18,5 19M38A",2,10,UNIT,"94,000.00","188,000.00"
,LED LG 18.5 19M38L -B ATI HDMI,0,1,PCS,"940,000.00",0.00
,LED LG 20MK400H-B.ATI 20 HDMI,0,1,UNIT,"1,370,000.00",0.00
,"LED LG 22"" 22MK430H-B SERI IPS HDMI",0,1,PCS,"1,245,000.00",0.00
,"LED LG 22"" 22N430M B ATI FHD IPS HDMI",0,1,PCS,"1,655,000.00",0.00
,LED LG 22MK 400H-B 22 HDMI,0,1,UNIT,"1,280,000.00",0.00
,"LED LG 22MP410-B 21,45 FHD #",0,1,UNIT,"1,000,000.00",0.00
,"LED LG 24"" 24MK430H B HDMI IPS",0,1,PCS,"1,730,000.00",0.00
,"LED LG 24"" 24MR400-B FHD IPS (1920 X 1080) 100HZ 5ms #",0,1,UNIT,"1,150,000.00",0.00
,LED LG 24MK 400H-B HDMI,0,1,UNIT,"2,020,000.00",0.00
,"LED LG 24MP60G - B 24 FHD IPS (1920 x 1080) 75Hz,5ms #",0,1,UNIT,"1,375,000.00",0.00
,LED LG 24MS500 -B 24 FHD 100HZ #,0,1,UNIT,"1,220,000.00",0.00
,LED LG 27MP400-B 27 IPS FHD,0,1,UNIT,"2,295,000.00",0.00
,LED LG 27UL850 - W SCREEN 4K IPS,0,1,UNIT,"6,850,000.00",0.00
,"LED MONITOR PIXEL 19""",0,5,UNIT,"750,076.86",0.00
,"LED MSI 23,6 OPTIX MAG241CR CURVE GAMING HDMI",0,1,PCS,"3,540,000.00",0.00
,"LED MSI 23.6"" OPTIX G241VC CURVE GAMING HDMI",0,1,PCS,"2,290,000.00",0.00
,LED MSI PRO MP22 E2 21.45 VA FHD (1920 X 1080) 100HZ,4,1,PCS,"919,206.00","3,676,824.01"
,"LED MSI PRO MP242C 23,6 FHD 1920 X 1080 75HZ 1MS CURVE",0,1,UNIT,"1,545,000.00",0.00
,LED PHILIP 241V8/70 24 FHD IPS (920X1080) 75 HZ 4ms BLACK,0,1,UNIT,"1,870,000.00",0.00
,"LED SAMSUNG 22"" FLAT LS22F350FHEXXD HDMI",0,1,PCS,"1,245,000.00",0.00
,"LED SAMSUNG 24"" FLAT LS24F350FHEXXD HDMI + VGA",0,1,PCS,"1,550,000.00",0.00
,"LED SAMSUNG 24"" LS24R350FZEXXD FHD 75HZ #",0,1,UNIT,"1,550,000.00",0.00
,LED SAMSUNG 27 LC27F397FHE XXD CURVED,0,1,UNIT,"2,750,000.00",0.00
,"LED SAMSUNG 32 ODYSSEY LC32G55TQWEXXD (2,560 X 1,440)",0,1,UNIT,"5,650,000.00",0.00
,LED SAMSUNG KS27D700EAEXXD 27 UHD 4K IPS,0,1,PCS,"4,320,000.00",0.00
,LED SAMSUNG LC24F390FHEXXD 24 CURVE,0,1,UNIT,"1,450,000.00",0.00
,"LED SAMSUNG LS19A330NHEXXD 18,5 HDMI  #",0,1,UNIT,"890,000.00",0.00
,LED SAMSUNG LS22A336NHEXXD 22FHD VGA+HDMI,0,1,UNIT,"1,240,000.00",0.00
,LED SAMSUNG LS22C310EAEXXD 22 FHD IPS #,0,1,UNIT,"1,120,000.00",0.00
,LED SAMSUNG LS24330GAEXXD 24 FHD IPS 100 HZ #,0,1,UNIT,"1,265,000.00",0.00
,LED SAMSUNG LS24D300GAEXXD 24 ESSENTIAL MONITOR S2 FHD @,0,1,UNIT,"1,185,000.00",0.00
,LED SAMSUNG LS24F320GAEXXD 24 ESSENTIAL S3 S32GF IPS FHD,0,1,UNIT,0.00,0.00
,LED SAMSUNG LS24F330EAEXXD 24 FLAT VA FHD (1920 X 1080) 100HZ 5 (GTG),1,1,UNIT,"1,105,000.00","1,105,000.00"
,"LED SAMSUNG LS27A800UJEXXD 27 UHD IPS (3,840 X 2,160) 60HZ 5MS",0,1,UNIT,"5,095,000.00",0.00
,LED SAMSUNG SS LS22R350FHE IPS FHD HDMI 75HZ,0,1,UNIT,"1,435,000.00",0.00
,LED SMART 50 50UQ7500 LG,0,1,UNIT,"5,750,000.00",0.00
,"LED SMART TV 32"" 32T4500AK SAMSUNG",0,1,UNIT,"2,925,000.00",0.00
,LED TV SHAR 32 INCS,0,1,UNIT,"1,865,000.00",0.00
,LED UX433 WITH GLASS,0,0,PCS,"1,450,000.00",0.00
,LED VIEWSONIC CVX3276 - MHD - 3 32 IPS FHD,0,1,UNIT,"2,665,000.00",0.00
,LED VIEWSONIC VA22E1-H 22 FHD (1920 x 1080) 75hz 5ms,0,1,UNIT,"835,000.00",0.00
,LED VIEWSONIC VA240-H 24 FHD IPS 1920 X 1080 100HZ,0,1,PCS,"1,215,000.00",0.00
,LED XIAOMI 21.5 A22I ELA5230EU,2,0,PCS,"946,818.18","1,893,636.36"
,LEM KERTAS  POVINAL KECIL,0,1,PCS,"2,000.00",0.00
,LEM POVINAL TANGGUNG,6,1,PCS,"3,984.62","23,907.69"
,LEM STICK JOYCO 15GR GS - 15,369,1,PCS,"3,128.00","1,154,232.00"
,"LENOVO  G40-30 CELERON N2940 4GB 500GB 14"" TAS",0,1,UNIT,"4,225,000.00",0.00
,"LENOVO 330 15,6"" CEL 4GB 500GB DVD",0,1,UNIT,"3,527,000.00",0.00
,LENOVO Gaming LOQ 15ARP9 AMD Ryzen 7 7435HS 12GB 512GB SSD RTX 4050 6GB W11,0,0,PCS,"12,690,000.00",0.00
,LENOVO Gaming LOQ 15IAX9 Intel Core i5 12450HX 12GB 512GB SSD RTX2050 4GB  W11,0,0,UNIT,"9,640,000.00",0.00
,LENOVO Gaming LOQ 15IRX10 Intel Core i5 13450HX 12GB 512GB SSD RTX 5050 8GB W11,0,0,UNIT,"15,880,000.00",0.00
,LENOVO GAMING LOQ 15IRX9 - 83DV00AGID INTEL CORE I7 13650HX 20GB 512GB SSD RTX 4060 8GB WIN 11 #,0,1,UNIT,"17,340,000.00",0.00
,LENOVO GAMING LOQ 15IRX9-83DV01ASID INTEL CORE i5 - 13450HX 16GB 512GB SSD RTX 3050 6GB GDDR6 WIN 11 HOME + OHS 2024 BASIC LUNA GREY + BACKPACK,0,1,UNIT,"12,290,000.00",0.00
,LENOVO IDEAPAD 1 14IGL7 INTEL N4020 8 512GB WIN 11 #,0,1,UNIT,"4,570,000.00",0.00
,LENOVO IDEAPAD 1 14IGL7 N4020 8GB SSD 256GB #,1,7,UNIT,"4,256,191.14","4,256,191.14"
,"LENOVO IDEAPAD 3 14IGL05 INTEL N4020 4GB 256GB SSD 14 "" NW",0,1,UNIT,"3,865,625.00",0.00
,LENOVO IDEAPAD 5 14IAL7-82SD005SID CI7-1255U 16GB 512GB SSD INTEL IRIS XE W11 PS,0,1,UNIT,"13,725,000.00",0.00
,LENOVO IDEAPAD 5 2 IN 1 14IRU9 INTEL CORE 5 120U 16GB 512GB SSD WIN 11,0,1,UNIT,"11,300,000.00",0.00
,LENOVO IDEAPAD 5 2-IN-1 14IRH9 INTEL CORE i5 - 13420H 16GB 512GB SSD WIN 11 TOUCHSCREEN,0,1,UNIT,"11,100,000.00",0.00
,LENOVO IdeaPad 5 2-in-1 14IRU9 OLED Intel Core 7 150U 16GB 512GB SSD W11 Home,0,0,UNIT,"14,570,000.00",0.00
,LENOVO IDEAPAD FLEX 5 14IAU7 CI3-1215U 8GB 512GB SSD W11 RS,0,1,UNIT,"10,090,000.00",0.00
,LENOVO IDEAPAD GAMING 3 15ARH7 AMD RYZEN 7 7735HS 8GB 512GB SSD RTX 4050 6GB WIN 11,0,1,UNIT,"16,715,000.00",0.00
,LENOVO IDEAPAD GAMING 3 Ci5-12500H 8GB 512GB SSD RTX 3050 4GB WIN 11,0,1,UNIT,"13,825,000.00",0.00
,LENOVO IDEAPAD GAMING 3 Ci7-12650H 8GB 512GB SSD RTX 3050 4GB WIN 11,0,1,UNIT,"15,245,000.00",0.00
,"LENOVO IDEAPAD SLIM 1 11IGL05 INTEL N4020 4GB SSD 256GB 11,6"" NW",0,1,UNIT,"3,140,000.00",0.00
,LENOVO IDEAPAD SLIM 1 14 N4500 8GB 512GB SSD WIN 11,5,6,UNIT,"4,450,000.00","22,250,000.00"
,LENOVO IDEAPAD SLIM 1 N4500 8GB 256GB 14 INCH W11,0,6,PCS,"4,128,715.17",0.00
,"LENOVO IDEAPAD SLIM 11,6"" AMD 3020E 4GB SSD 256GB WIN 11 NW",0,1,UNIT,"3,590,000.00",0.00
,LENOVO IDEAPAD SLIM 3 14 Ci3-1215U 8GB 256GB SSD WIN 11 #,0,1,UNIT,"5,344,421.77",0.00
,LENOVO IDEAPAD SLIM 3 14 i3 - 1315 8GB 256GB SSD WIN 11,3,1,UNIT,"5,750,000.00","17,250,000.00"
,LENOVO IdeaPad Slim 3 14ABR8 AMD Ryzen 7 5825U 16GB 512GB SSD W11,0,0,UNIT,"8,475,000.00",0.00
,LENOVO IDEAPAD SLIM 3 14ABR8 AMD RYZEN 7 7730U 16GB 512GB SSD WIN 11,0,1,UNIT,"9,320,000.00",0.00
,LENOVO IDEAPAD SLIM 3 14IAH8 CI5 12450H 16GB 512GB SSD WIN 11,0,1,UNIT,"7,845,000.00",0.00
,LENOVO IdeaPad Slim 3 14IAH8-83EQ0077ID Intel Core i5-12450H 16GB 512GB SSD W11 Home + OHS 2021,0,1,UNIT,"7,875,000.00",0.00
,LENOVO IdeaPad Slim 3 14IAH8-83EQ0078ID Intel Core i5-12450H 16GB 512GB SSD W11 Home + OHS 2021 Abyss Blue + Tas,0,1,UNIT,"7,955,000.00",0.00
,LENOVO IDEAPAD SLIM 3 14IAU7 Ci3-1215U 8GB 512GB SSD WIN 11 #,0,1,UNIT,"5,700,000.00",0.00
,LENOVO IDEAPAD SLIM 3 14IRU8 INTEL CORE i3 - 1315U 8GB 512GB SSD WIN 11,1,1,UNIT,"6,050,000.00","6,050,000.00"
,LENOVO IDEAPAD SLIM 3 4IRH10 Ci7 13620H 16GB (2x8) DDR5 512GB SSD WIN 11,0,1,UNIT,"10,545,000.00",0.00
,LENOVO IDEAPAD SLIM 3 4IRH8 Ci7-13620H 16GB 512GB SSD WIN 11,0,1,UNIT,"10,540,000.00",0.00
,LENOVO IDEAPAD SLIM 3 AMD RYZEN 3 7320U 8GB 512GB SSD WIN 11 #,0,1,UNIT,"6,195,000.00",0.00
,LENOVO IDEAPAD SLIM 3 AMD RYZEN 5 7530U 8GB 512GB SSD WIN 11 GREY #,0,1,UNIT,"7,840,000.00",0.00
,LENOVO IDEAPAD SLIM 3 CORE 7 150U 16GB DDR5 512GB SSD WIN 11 #,0,1,UNIT,"11,595,000.00",0.00
,"LENOVO IDEAPAD SLIM 3 INTEL N4020/14""/4GB DDR4/256GB SSD",0,1,UNIT,"5,000,000.00",0.00
,LENOVO IdeaPad Slim 5 14AHP10 OLED AMD Ryzen 7 8845HS 16GB DDR5 512GB SSD W11,0,0,UNIT,"11,390,000.00",0.00
,LENOVO IDEAPAD SLIM 5 14IMH9 CORE ULTRA 5 125H 16GB 512GB SSD WIN 11 #,0,1,UNIT,"11,430,000.00",0.00
,LENOVO IDEAPAD SLIM 5I 14ITL05 - 82FE00JPID Ci5-1135G7 8GB MX 450,0,1,UNIT,"11,850,000.00",0.00
,LENOVO IDEAPAD SLIM 5I 14ITL05 CI7-1165G7 16GB 512GB SSD WIN 10,0,1,UNIT,"13,490,000.00",0.00
,LENOVO IDEPAD FLEX 5i 14ITL05 CI7-1165G7 16GB 512GB SSD INTEL IRIS XE,0,1,UNIT,"15,456,000.00",0.00
,LENOVO IDEPAD SLIM 3 AMD RYZEN 5 7520U 8GB 512GB SSD WIN 11,0,1,UNIT,"7,635,000.00",0.00
,LENOVO IP D330 N4020 8GB EMMC 128GB IPS HD TOUCH,0,1,UNIT,"3,300,000.00",0.00
,"LENOVO IP SLIM 3 AMD 3020E 4GB 256GB SSD 14"" WIN10",0,0,UNIT,"4,818,088.89",0.00
,LENOVO LOQ 15IAX9I Ci5-1245HX 12GB 512GB SSD SSD RTX 3050 6GB WIN 11 #,0,1,UNIT,"11,890,000.00",0.00
,LENOVO LOQ GAMING 15APH8 AMD RYZEN 7 7840HS 8GB 512GB SSD RTX 3050 6GB WIN 11 #,0,1,UNIT,"13,570,000.00",0.00
,LENOVO LOQ GAMING 15IRH8 Ci5-12450H 8GB 512GB SSD RTX 3050 6GB WIN 11 #,0,1,UNIT,"11,840,000.00",0.00
,LENOVO LOQ GAMING 15IRX9 Ci5-13450HX 12GB 512GB SSD RTX 3050 6GB WIN 11,0,1,UNIT,"11,740,000.00",0.00
,LENOVO LOQ GAMING 15IRX9 Ci7 - 13650HX 12GB 512GB SSD RTX 4050 6GB WIN 11,0,1,UNIT,"15,794,000.00",0.00
,LENOVO THINKBOOK 13S G2 ITL-20V90043ID CI5-1135G7 16GB 512GB SSD INTEL IRIS XE,0,1,UNIT,"15,390,000.00",0.00
,"LENOVO V14 14"" AMD 3020E DDR4 8GB 1TB",0,1,UNIT,"4,725,000.00",0.00
,"LENOVO V14 14"" AMD 3020E DDR4 8GB 500GB",0,1,UNIT,"4,725,000.00",0.00
,"LENOVO V14 AMD 3020E 8GB SSD 256GB 14"" #",0,1,UNIT,"4,995,255.69",0.00
,LENOVO V14 G3 Ci3-1215U 8GB 256GB SSD WIN 11 #,0,1,UNIT,"5,515,510.97",0.00
,LENOVO V14 G4 AMD RYZEN 5 7520U 8GB 512GB SSD WIN 11 #,0,1,UNIT,"6,920,000.00",0.00
,LENOVO V14 G4 INTEL i7-1355U 16GB 512GB SSD INTEL IRIS XE GRAPHICS WIN 11 AG,0,1,UNIT,"10,490,000.00",0.00
,LENOVO V15 G3 Ci3-1215U 8GB 512GB SSD WIN 11,0,1,UNIT,"6,245,000.00",0.00
,LENOVO V15 G3 IAP Ci3 - 1215U 2X8GB 512GB SSD WIN 11,0,1,UNIT,"5,800,000.00",0.00
,LENOVO YOGA 6 3ARE05-82FN001AID AMD RYZEN 7 4700U,0,1,UNIT,"14,090,000.00",0.00
,LENOVO YOGA 7 AMD RYZEN 5 5600U 16GB 512GB SSD W11,0,1,UNIT,"12,765,000.00",0.00
,Lenovo YOGA 7 Ci7-1165G 16GB 1TB,0,0,UNIT,"17,930,000.00",0.00
,LENOVO YOGA 7 OLED 2-IN-1 14AKP10-83JR003CID AMD Ryzen AI 7 350 32GB LPDDR5x 1TB SSD WIN 11 + OHS,0,1,UNIT,"18,300,000.00",0.00
,LENOVO YOGA PRO 7 14AHP9 RYZEN 7 8845HS 16GB 1TB SSD RTX 3050 6GB WIN 11 #,0,1,UNIT,"18,300,000.00",0.00
,LENOVO YOGA SLIM 7 CI7-1165G7 16GB 1TB SSD INTEL IRIS XE WIN10,0,1,UNIT,"17,100,000.00",0.00
,LENOVO YOGA SLIM 7 OLED 14IMH9 CORE ULTRA 7 155H 16GB 1TB SSD WIN 11 EK,0,1,UNIT,"17,400,000.00",0.00
,LENOVO YOGA SLIM 7 OLED ULTRA 5 125H 16GB 512GB SSD WIN 11 #,0,1,UNIT,"14,540,000.00",0.00
,LENOVO YOGA SLIM 7 PRO Ci7-12700H 16GB 1TB SSD RTX 2050 4GB WIN 11,0,1,UNIT,"18,515,000.00",0.00
,LENSA CAMERA SIGMA 18 - 35MM FOR CANON,0,1,PCS,"9,850,000.00",0.00
,LENSA CAMERA TAMRON 70 300 (CANON),0,1,PCS,"1,450,000.00",0.00
,LENSA CAMERA YONGNUO 50MM MARK II,0,1,PCS,"665,000.00",0.00
,LENSA CAMERA YONGNUO YN50MM F1.8,1,1,PCS,"885,000.00","885,000.00"
,LENSA CANON 18 - 55,0,1,PCS,"1,000,000.00",0.00
,LENSA FIX FR 50MM STM,0,0,UNIT,"2,730,000.00",0.00
,LENSA SONY 24 - 240FE,0,1,UNIT,"11,536,000.00",0.00
,LENSA SONY 55 - 210mm,0,1,UNIT,"3,702,000.00",0.00
,LENSA SONY E PZ 18 - 105MM F/4 G OSS,0,1,PCS,"6,157,000.00",0.00
,LENSA SONY SEL 7050G,0,1,UNIT,0.00,0.00
,LENSA SONY SEL35F18,0,1,UNIT,"4,560,000.00",0.00
,LG 24MR400-B 24 IPS FHD 100 HZ,0,1,PCS,"1,150,000.00",0.00
,LOGITECH MK 220 (WIRELESS KEYBOARD MOUSE),27,20,SET,"262,995.39","7,100,875.51"
,LOGITECH VC GROUP,0,1,UNIT,"14,500,000.00",0.00
,MACBOOK AIR M1 13 INCS 256GB,0,1,UNIT,"15,300,000.00",0.00
,Macbook Air M3 13inch 2024 (10C GPU 8GB) 512GB,0,1,UNIT,"22,540,000.00",0.00
,MAGIC KEYBOARD 11 INCS FOR IPAD PRO,0,1,UNIT,"4,950,000.00",0.00
,MAINBOARD ASUS INTEL PRIME H610M DDR4,0,0,PCS,"1,055,000.00",0.00
,MAINBOARD L3110,1,0,PCS,"350,000.00","350,000.00"
,MAINBOARD MSI INTEL PRO B760M - P DDR5,0,1,PCS,"2,025,000.00",0.00
,MAINBOARD PRINTER CANON G2020,1,0,PCS,"600,000.00","600,000.00"
,MAINTENANCE BOX CANON G2730 / G1730 / G3730 ( MC - G04 ),0,1,PCS,"104,301.78",0.00
,MAINTENANCE BOX EPSON L6160,0,1,PCS,"145,000.00",0.00
,MAINTENANCE BOX EPSON L6170,0,1,PCS,"145,000.00",0.00
,"MAINTENANCE BOX G SERIES G1020, G2020 ( MC - G02 )",100,35,PCS,"82,302.15","8,230,215.38"
,MAP BISNIS,99,1,PCS,"2,000.00","198,000.00"
,MAP JEPIT,25,1,PCS,"6,500.00","162,500.00"
,MAP KANCING ( PACK ),139,30,PACK,"19,405.69","2,697,390.72"
,MAP KANCING / PCS,21,10,PCS,"1,947.25","40,892.20"
,MAP KERTAS BIRU,235,80,PACK,"20,010.90","4,702,561.02"
,MAP KERTAS HIJAU,11,80,PACK,"20,214.29","222,357.14"
,MAP KERTAS KUNING,276,80,PACK,"20,365.03","5,620,746.94"
,MAP KERTAS MERAH,225,80,PACK,"20,416.13","4,593,629.32"
,MAP SPRING SEAGULL AF-350,2507,20,PCS,"7,374.20","18,487,128.21"
,MASKER SCUBA,10,1,PCS,"3,000.00","30,000.00"
,MATERAI 6000,20,5,PCS,"6,000.00","120,000.00"
,MB AMPTRON H61G M2 NVME,0,1,PCS,"239,923.05",0.00
,MB AMPTRON H81 M2 NVME #,0,1,PCS,"335,000.00",0.00
,MB ASROCK B450M Steel Legend (AMD),0,1,PCS,"1,565,000.00",0.00
,MB ASROCK INTEL H310CM - HDV/M.2 SE,0,1,PCS,"795,000.00",0.00
,MB ASROCK INTEL H370M - HDV / M2,1,1,PCS,"825,000.00","825,000.00"
,MB ASROCK INTEL H610M DDR5,0,1,PCS,"1,115,000.00",0.00
,MB ASROCK INTEL H81M-VG4 R4.0,0,1,UNIT,"850,000.00",0.00
,MB ASROCK X570 PHANTOM GAMING 4,0,1,UNIT,"2,580,000.00",0.00
,MB ASUS H110,0,1,PCS,"1,095,000.00",0.00
,MB ASUS H81M - K,0,5,PCS,"900,000.00",0.00
,MB ASUS INTEL PRIME H510M-K R2.0,0,0,UNIT,"945,000.00",0.00
,MB ASUS PRIME A320M - K AMD,0,1,PCS,"825,000.00",0.00
,MB ASUS ROG STRIX B560-G GAMING WIFI,0,1,PCS,"3,370,000.00",0.00
,MB BULLDOZER H61,7,1,PCS,"210,965.03","1,476,755.24"
,MB BULLDOZER H81 M2 NVME,0,1,PCS,"260,000.00",0.00
,MB CANON 287,0,1,PCS,"225,000.00",0.00
,MB CANON G1010,0,1,PCS,"300,700.00",0.00
,MB CANON G2010,0,1,PCS,"350,000.00",0.00
,MB DIGITAL ALLIANCE H110 LAN LG 1151 NVME DDR4,0,1,UNIT,"590,000.00",0.00
,MB DIGITAL ALLIANS H61 LGA 1155,0,1,UNIT,"552,500.00",0.00
,MB EFFOXPRO NVME H61,0,1,PCS,"220,000.00",0.00
,MB EFFOXPRO NVME H81 GM2,0,1,PCS,"312,500.00",0.00
,MB ESONIC G41,0,1,PCS,"510,000.00",0.00
,MB EXTREME H61,0,1,PCS,"575,000.00",0.00
,MB EYOTA G41,1,1,PCS,"492,142.86","492,142.86"
,MB EYOTA H61,0,1,PCS,"567,500.00",0.00
,MB EZPRO H61 M2,1,1,UNIT,"205,454.55","205,454.55"
,MB FAST H61,0,1,PCS,"430,000.00",0.00
,MB FAST H81 NVME,2,1,PCS,"350,000.00","700,000.00"
,MB G41 AMPTRON LGA,0,1,PCS,"505,000.00",0.00
,MB G41 BULLDOZER,0,3,PCS,"406,937.02",0.00
,MB G41 EZPRO,4,1,PCS,"350,720.33","1,402,881.30"
,MB G41 QWERTY,0,1,PCS,"480,000.00",0.00
,MB G41 VARRO,0,1,PCS,"457,500.00",0.00
,MB GHOST H61 - DA1 NVME,1,1,PCS,"275,000.00","275,000.00"
,MB GIGABYTE AMD B450M - DS3H V2,0,1,PCS,"1,070,000.00",0.00
,MB GIGABYTE AMD B550M DS3H,0,1,PCS,"1,365,000.00",0.00
,MB GIGABYTE B450 AORUS ELITE (AMD RYZEN),0,1,PCS,"1,955,000.00",0.00
,MB GIGABYTE B450M-DS3H REV 1.1 AMD,0,1,UNIT,"1,188,000.00",0.00
,MB GIGABYTE B550 AORUS PRO,0,1,PCS,"2,270,000.00",0.00
,MB GIGABYTE B560M DS3H V2,0,1,UNIT,"1,685,000.00",0.00
,MB GIGABYTE GA H61M DS2,0,1,PCS,"1,087,500.00",0.00
,MB GIGABYTE GA H81M DS2,4,1,PCS,"984,590.47","3,938,361.90"
,MB GIGABYTE H410MH V2 REV 1.7,0,1,PCS,"895,000.00",0.00
,MB GIGABYTE H410MS2 V3 COMET LAKE,0,1,UNIT,"1,015,000.00",0.00
,MB GIGABYTE H410MS2H COMET LAKE,0,1,PCS,"1,160,000.00",0.00
,MB GIGABYTE INTEL B660M GAMING DDR4 4 REV 1.0,0,1,UNIT,"1,835,000.00",0.00
,MB GIGABYTE INTEL B760M DS3H DDR5,0,1,PCS,"2,130,000.00",0.00
,MB GIGABYTE INTEL H110M-H DDR4,1,1,PCS,"1,165,000.00","1,165,000.00"
,MB GIGABYTE INTEL H510M KV2,0,1,PCS,"890,000.00",0.00
,MB GIGABYTE INTEL H610M H DDR4 REV 1.3,0,1,PCS,"1,100,000.00",0.00
,MB GIGABYTE INTEL H610M K DDR5,1,1,PCS,"1,162,500.00","1,162,500.00"
,MB GIGABYTE INTEL H610M S2H V2 DDR4,0,1,PCS,"1,025,000.00",0.00
,MB H310 GIGABYTE,0,1,PCS,"915,000.00",0.00
,MB H61 QWERTY,0,1,PCS,"240,000.00",0.00
,MB H81 GIGABYTE GA H81M S2PH,0,1,PCS,"1,060,000.00",0.00
,MB LAPTOP,0,1,UNIT,"625,000.00",0.00
,MB MAGIX H61,0,1,PCS,"546,250.00",0.00
,MB MAXX ON G41D3-MX,0,1,PCS,"438,571.43",0.00
,MB MAXX ON H61M,0,1,UNIT,"435,000.00",0.00
,MB MSI AMD B450M - A PRO MAX DDR 4,0,1,PCS,"895,000.00",0.00
,MB MSI AMD B550 GAMING GEN3,0,1,PCS,0.00,0.00
,MB MSI AMD B550M-A PRO,0,1,PCS,"1,125,000.00",0.00
,MB MSI B365M PRO VDH,0,1,PCS,"1,265,000.00",0.00
,MB MSI B450 GAMING PLUS MAX,0,1,PCS,"1,470,000.00",0.00
,MB MSI B450 TOMAHAWK-MAXII (AMD),0,1,UNIT,"1,990,000.00",0.00
,MB MSI B450M-A PRO MAX,1,1,PCS,"1,080,000.00","1,080,000.00"
,MB MSI B460 PRO,0,1,PCS,"1,360,000.00",0.00
,MB MSI B560M PRO,0,1,UNIT,"1,595,000.00",0.00
,MB MSI H110M - PRO VH PLUS hdmi,0,1,PCS,"891,000.00",0.00
,MB MSI H510M PRO,0,1,UNIT,"905,000.00",0.00
,MB MSI H81M E33 HDMI,0,1,PCS,"872,000.00",0.00
,MB MSI INTEL H310M PRO - VDH,0,1,PCS,"880,000.00",0.00
,MB MSI INTEL H510M BOMBER,0,1,UNIT,"1,150,000.00",0.00
,MB MSI INTEL H610M DDR4,0,1,PCS,"1,040,000.00",0.00
,MB MSI INTEL PRO H510 B DDR4,0,1,PCS,"905,000.00",0.00
,MB MSI INTEL PRO H610M-E DDR4,0,1,PCS,0.00,0.00
,MB MSI INTEL PRO H610M-E DDR5,0,1,PCS,"1,180,000.00",0.00
,MB MSI MAG B460 TORPEDO GAMING,0,1,PCS,"2,005,000.00",0.00
,MB POWER MAX G41,2,1,PCS,"317,500.00","635,000.00"
,MB POWER MAX H61,0,1,PCS,"303,333.33",0.00
,MB PRINTER G1010,0,1,PCS,"309,689.99",0.00
,MB REDWOOD G41,0,1,PCS,"322,500.00",0.00
,MB SAVIO G41,0,1,PCS,"375,000.00",0.00
,MB VARRO H61,1,1,PCS,"358,252.10","358,252.10"
,MB X9Z H61 / B75,0,1,PCS,"210,000.00",0.00
,MEGAFONE,0,1,UNIT,"400,000.00",0.00
,MEJA PINGPONG TENIS MEJA POWER SPIN,0,1,UNIT,"4,800,000.00",0.00
,MEMORY MICRO SD SANDISK 32GB EXTREME,0,1,PCS,"115,000.00",0.00
,MEMORY MICRO SD SANDISK 8GB (C4),0,5,PCS,"40,000.00",0.00
,MEMORY MICRO SD SANDISK ULTRA 16GB (C10),69,60,PCS,"55,054.03","3,798,727.73"
,MEMORY MICRO SD SANDISK ULTRA 256GB CL 10 120MBPS A1,0,1,PCS,"314,611.11",0.00
,MEMORY MICRO SD SANDISK ULTRA 32GB (C10),127,60,PCS,"56,282.15","7,147,833.37"
,MEMORY MICRO SD SANDISK ULTRA 64GB (C10),51,40,PCS,"84,105.35","4,289,372.85"
,MEMORY MICRO SD VGEN 4GB,1,1,PCS,"33,500.00","33,500.00"
,MEMORY MICRO SD VGEN 8GB TURBO,2,15,PCS,"36,500.00","73,000.00"
,MEMORY PS,0,1,PCS,"23,500.00",0.00
,MEMORY RAM KINGSTONE FURY BEAST DDR5 16GB 5600MT/S RGB,0,1,PCS,"865,000.00",0.00
,MEMORY SDHC 16GB SANDISK ULTRA (C10),105,35,PCS,"66,460.50","6,978,352.03"
,MEMORY SDHC 32GB SANDISK (C10),192,35,PCS,"69,242.28","13,294,518.61"
,MEMORY SDHC 64GB SANDISK ULTRA (C10),114,20,PCS,"113,102.25","12,893,656.66"
,MEMORY SDHC 8GB SANDISK,12,1,PCS,"54,000.00","648,000.00"
,MEMORY SDHC LEXAR 128GB 800X PRO SDXC,0,0,PCS,"242,000.00",0.00
,MERCUSYS MW150US N150 WIRLESS NANO USB ADAPTER,0,1,PCS,"57,000.00",0.00
,MERCUSYS SWITCH 8 PORT MS108G 10/100/1000 Mbps Destop,0,1,UNIT,"164,000.00",0.00
,MESIN ABSENSI FINGERSPOT REVO WF 206 BNC,0,1,UNIT,"3,000,000.00",0.00
,MESIN HITUNG UANG KONZURE MC-101,0,1,PCS,"1,000,000.00",0.00
,MESIN HITUNG UANG KOZURE MC 101 + PLUS,0,1,PCS,"1,110,000.00",0.00
,MESIN HOT PRESS 60 X 80,0,1,UNIT,"11,850,000.00",0.00
,MESIN LAMINATING A3 330 BRIGHT OFFICE,1,1,UNIT,"730,000.00","730,000.00"
,"MESIN LAMINATING BLUE PRINT LITE HOT AND COLD, A4 & F4 125A",5,1,UNIT,"215,000.00","1,075,000.00"
,MESIN POTONG RUMPUT,0,1,UNIT,"3,500,000.00",0.00
,MESIN PRESS 5 IN 1,0,1,UNIT,"4,500,000.00",0.00
,MIC BT WS-858 PPT,2,1,PCS,"50,000.00","100,000.00"
,MIC CCTV,2,1,PCS,"50,000.00","100,000.00"
,MIC CLIP HOLLYLAND LARK M2,0,0,PCS,"2,000,000.00",0.00
,MIC CLIP ON HOLLYLAND LARK M1,0,0,PCS,"1,000,000.00",0.00
,MIC EVERCOSS MM001A,1,1,PCS,"120,000.00","120,000.00"
,MIC MEJA HARDWELL CF - 8,0,0,UNIT,"9,200,000.00",0.00
,MIC MTECH CM100,0,2,PCS,"84,000.00",0.00
,MIC RODE 90,0,1,PCS,"990,000.00",0.00
,MIC STAND 20,0,1,PCS,"95,000.00",0.00
,MIC TOA ZM260,1,1,PCS,"225,000.00","225,000.00"
,MIC WIRELESS CROMSON XTD ( 2 PCS ),0,1,UNIT,"333,333.33",0.00
,MIC WIRLESS ADVANCE,0,1,PCS,"135,000.00",0.00
,MICRO SD 128GB A2 EXTREME SANDISK,1,1,PCS,"218,300.00","218,300.00"
,MICRO SD 128GB CL10 ULTRA SANDISK,0,1,PCS,"142,884.71",0.00
,MICRO SD 256GB EXTREME SANDISK,0,1,PCS,"420,000.00",0.00
,MICRO SD 64GB CL10 EXTREME SANDISK,0,1,PCS,"110,583.33",0.00
,MICROSOFT SURFACE PRO 7 PLUS + TYPE COVER PLATINUM I5 GEN 11TH 8GB 128GB,0,1,UNIT,"14,303,750.00",0.00
,MICROSOFT SURFACE PRO 7 PLUS 7+ INTEL I7 GEN 11 16GB 256GB,0,1,UNIT,"22,850,000.00",0.00
,MICROTIC RB 941-2nD (hAP-Lite),0,1,PCS,"365,000.00",0.00
,MICROTIK RB750R3 ROUTER GIGABIT,0,1,UNIT,0.00,0.00
,MIKA JILID  BENING TRANSPARANT,133,25,PCS,"25,701.17","3,418,255.56"
,MIKA JILID BIRU MUDA,72,25,PCS,"29,586.21","2,130,206.90"
,MIKA JILID BIRU TUA,166,25,PCS,"29,328.95","4,868,605.26"
,MIKA JILID HIJAU MUDA,68,20,PCS,"28,500.00","1,938,000.00"
,MIKA JILID HIJAU TUA,105,25,PCS,"29,031.56","3,048,314.15"
,MIKA JILID KUNING,68,25,PCS,"28,500.00","1,938,000.00"
,MIKA JILID MERAH MUDA,22,20,PCS,"28,500.00","627,000.00"
,MIKA JILID MERAH TUA,130,25,PCS,"28,701.50","3,731,194.53"
,MIKA JILID ORANGE,22,20,PCS,"28,500.00","627,000.00"
,MIKROSCOP BINOKULER,0,1,UNIT,"3,500,000.00",0.00
,MIKROTIK RB 450GX4,0,1,UNIT,"1,860,000.00",0.00
,MIKROTIK RB 941 - 2ND,0,1,UNIT,"385,000.00",0.00
,MIKROTIK RB-951Ui - 2nD (HAP),0,1,Buah,"745,000.00",0.00
,MIKROTIK RB-951Ui-2HnD,0,1,UNIT,"745,000.00",0.00
,MIKROTIK RB750G R3,0,1,UNIT,"915,000.00",0.00
,MIKROTIK RB750r2,1,0,PCS,"695,000.00","695,000.00"
,MIKROTIK ROUTER RB1100AHX4 EK,0,1,UNIT,"4,950,000.00",0.00
,MMR CORSAIR DDR4 PC1X16GB VENGEANCE RGB RS,0,1,PCS,"990,000.00",0.00
,MMR KINGSTONE FURY BEAST 16GB DDR 4 KF432C16BB1/16 PC 3200 BLACK,0,1,PCS,"1,020,000.00",0.00
,MMR LEXAR DDR4 16GB 2x8GB Hades RGB PC3200,0,1,PCS,"1,495,000.00",0.00
,MMR SERVER DELL 16GB ECC 3200,0,1,PCS,"3,700,000.00",0.00
,MMR SERVER HPE 16GB (1X16GB) SINGLE RANK X4 DDR4 2933 EK,0,1,PCS,"2,300,000.00",0.00
,MMR TEAM TC-T-CREATE EXPERT DDR4 16GB (2X8GB) PC3200MHZ,0,1,PCS,"815,000.00",0.00
,MODEM BLAZZ 4G,0,1,PCS,"312,000.00",0.00
,MODEM BOLD PORTABLE MIFI ROUTER 4G,1,1,PCS,"427,592.59","427,592.59"
,MODEM ORBIT H2,6,1,PCS,"500,000.00","3,000,000.00"
,MODEM ORBIT MIFI H1 E5576 #,0,1,UNIT,"660,000.00",0.00
,MODEM ORBIT N1 ANTENA,0,1,UNIT,"640,000.00",0.00
,MODEM ORBIT PRO HKM281,0,1,UNIT,"1,045,000.00",0.00
,MODEM ORBIT PROHKM281 #,0,1,PCS,"1,045,000.00",0.00
,MODEM ORBIT STAR 2 HUAWEI B312,0,1,UNIT,"588,000.00",0.00
,MODEM ORBIT STAR G1,1,1,UNIT,"400,000.00","400,000.00"
,MODEM ORBIT STAR N2,0,2,UNIT,"520,000.00",0.00
,MODEM TELKOMSEL ORBIT STAR LITE,0,1,UNIT,"550,000.00",0.00
,MODEM TELKOMSEL ORBIT STAR LITE LM,0,1,UNIT,"480,000.00",0.00
,MODEM USB 3G VODAFONE K4305,0,5,PCS,"160,000.00",0.00
,MODEM USB 4G KRX U300,0,1,PCS,"360,000.00",0.00
,MODEM USB HUAWEI E 3276 4G,1,2,PCS,"320,000.00","320,000.00"
,MODENA Chest Freezer - MD 130,0,1,UNIT,"17,700,000.00",0.00
,MODULATOR CAR G7 BT / D-WINR,24,5,PCS,"31,169.68","748,072.40"
,MODULATOR HAVID,0,2,PCS,"65,000.00",0.00
,MODULATOR MP3,0,5,PCS,"42,500.00",0.00
,"MONITOR LED 19,5 ACER V206HQL",0,1,UNIT,"1,025,000.00",0.00
,"MONITOR LED ACER EB192Q 18,5",0,1,PCS,"1,200,000.00",0.00
,"MONITOR LED INFORCE 19"" HDMI",0,1,UNIT,"1,006,234.83",0.00
,"MONITOR LED LENOVO 18,5 D19-10 VGA HDMI",0,1,UNIT,"865,000.00",0.00
,"MONITOR LED LETAEC HB-1850 19""",0,1,UNIT,"940,000.00",0.00
,MONITOR LED LG 19M38H HDMI,0,13,UNIT,"901,476.21",0.00
,MONITOR LED LG 20MK400A,0,2,PCS,"887,500.00",0.00
,MONITOR LED SPC SM - 19 HDMI,0,1,UNIT,"880,000.00",0.00
,"MONITOR LED VARRO 19"" HDMI",1,1,UNIT,"837,142.86","837,142.86"
,"MONITOR LED VARRO 20"" HDMI",0,1,UNIT,"828,388.67",0.00
,MONITOR LG 22MR410-B 21.45 FHD (1920X1080) 100HZ.5MS,0,1,UNIT,"1,015,000.00",0.00
,MONITOR PHILIPS 163V5,0,3,PCS,"761,250.00",0.00
,MOUSE ACER AMW 914 (ORI),5,20,PCS,"28,000.00","140,000.00"
,MOUSE APPLE,29,15,PCS,"1,189.94","34,508.30"
,MOUSE BLUETOOTH DYNABOOK T120 SILENT,1,1,PCS,"154,000.00","154,000.00"
,MOUSE BRANDED,278,150,PCS,"14,586.60","4,055,073.69"
,MOUSE GAMING FANTECH CRYPTO VX7 BLACK,0,1,PCS,"87,000.00",0.00
,MOUSE GAMING FANTECH THOR X9 BLACK,0,1,PCS,"92,000.00",0.00
,MOUSE GAMING FANTECH WIRELESS RAIGOR II WG10,0,1,PCS,0.00,0.00
,MOUSE GAMING HP PAV M200,0,1,PCS,"125,000.00",0.00
,MOUSE GAMING JETE MS X1,14,1,PCS,"56,071.43","785,000.00"
,MOUSE GAMING JETE MS X2,0,1,PCS,"100,000.00",0.00
,MOUSE GAMING JETE MS X3,0,1,PCS,"130,000.00",0.00
,MOUSE GAMING LENOVO LEGION M200,1,1,PCS,"95,000.00","95,000.00"
,MOUSE GAMING REXUS G23 / G20 / G10,0,1,PCS,"91,000.00",0.00
,MOUSE GENIUS WIRELESS NX-7005 / NX-7015,25,30,PCS,"93,501.05","2,337,526.33"
,MOUSE JETE KABEL MO 01 / MO 02 / MO 03 #,95,1,PCS,"29,937.22","2,844,036.08"
,MOUSE JETE MO 101 / 201 / 202,43,1,PCS,"27,574.02","1,185,682.77"
,MOUSE LOGITECH M187 WIRELESS,2,5,PCS,"152,383.09","304,766.19"
,MOUSE LOGITECH M221 SILENT WIRELESS,0,10,PCS,"121,500.00",0.00
,MOUSE LOGITECH M90,66,70,PCS,"48,080.43","3,173,308.43"
,MOUSE LOGITECH WIRELESS M170,158,80,PCS,"111,915.66","17,682,673.66"
,MOUSE LOGITECH WIRELESS M185,1,1,PCS,"145,584.62","145,584.62"
,MOUSE M256 WIRELESS DATAFAST SILENT BT + ON OFF,94,70,PCS,"30,390.02","2,856,661.73"
,MOUSE TOSHIBA U20,17,20,PCS,"42,579.00","723,842.95"
,MOUSE VOTRE / SANURPRO,913,270,PCS,"7,855.76","7,172,307.88"
,MOUSE WIRELESS AVAN,4,20,PCS,"30,000.00","120,000.00"
,MOUSE WIRELESS BANDA,2,30,PCS,"30,001.46","60,002.91"
,MOUSE WIRELESS DATAFAST,40,50,PCS,"31,007.38","1,240,295.10"
,MOUSE WIRELESS DATAFAST RECHARGEABLE SILENT,181,70,PCS,"31,273.70","5,660,540.40"
,MOUSE WIRELESS JETE MS 103 / MS 203,-2,1,PCS,"39,634.11","-79,268.22"
,MOUSE WIRELESS JETE MS1/MS2/MS3,0,10,PCS,"55,363.73",0.00
,MOUSE WIRELESS N-TECH,0,1,PCS,"90,006.01",0.00
,MOUSEPAD BANTAL,1,500,PCS,"3,783.72","3,783.72"
,MOUSEPAD GAMING REXUS KVLAR T4,0,1,PCS,"15,000.00",0.00
,MOUSEPAD JETE BESAR,7,1,PCS,"4,000.00","28,000.00"
,MOUSEPAD JETE KECIL,13,1,PCS,"3,000.00","39,000.00"
,MOUSEPAD LOGITECH / MICROSOFT,908,500,PCS,"3,600.69","3,269,427.48"
,MOUSEPAD RAZER,0,1,PCS,"10,000.00",0.00
,MOUSEPAD WARWOLF GAMING,8,5,PCS,"35,000.00","280,000.00"
,MSI GF63 9SCSR-9S7-16R412-882 Ci7-9750H 8GB 512GB SSD,0,1,UNIT,"12,710,000.00",0.00
,MSI KATANA 15 B13VFK Ci7-13620H 2X8GB 1TB SSD RTX 4060 8GB WIN 11,0,1,UNIT,"18,469,000.00",0.00
,MSI KATANA 17 B13UDXK - 1240ID INTEL CORE i7-13620H 2X8GB SSD RTX3050 6GB WIN11 HOME + OHS 2021 BLACK + MSI ESSENTIAL BACKPACK,0,1,UNIT,"12,640,000.00",0.00
,MSI KATANA A15 AI B8VE AMD RYZEN 7 - 8845HS 16GB 512GB SSD RTX 4050 6GB WIN 11 #,0,1,UNIT,"15,125,000.00",0.00
,MSI KATANA GF66 12UC CI7 12700H 8GB 512GB SSD RTX 3050 4GB,0,1,UNIT,"16,190,000.00",0.00
,MSI MODERN 14 B11MO-9S7-14D312-069 Ci7-1165G7 8GB,0,1,UNIT,"11,540,000.00",0.00
,MSI MODERN 14 C12MO Ci5-1235U 2X8GB 512GB SSD IRIS XE WIN 11 #,0,1,UNIT,"8,085,000.00",0.00
,MSI MODRN 14 C11M-005ID i3-1115G4 8GB 512GB SSD WIN 11 RA,0,1,UNIT,"5,810,000.00",0.00
,MSI PRESTIGE 13 AI EVO A1MG-098ID CORE ULTRA 7 155H 16GB 1TB SSD GEN4X4 INTEL ARC GRAPHICS WIN 11,0,1,UNIT,"19,395,000.00",0.00
,MSI SUMMIT E14 A12MT-094 Ci7 1280P WIN 11,0,1,UNIT,"15,550,000.00",0.00
,MSI SUMMIT E14FLIPEVOA13MT Ci7-1360P 16GB 1TB SSD GEN4X4 IRIS XE GRAPHICS WIN 11,0,1,UNIT,"16,370,000.00",0.00
,MSI THIN 15 B13UCX-1465ID Ci5-13420H 8GB 512GB SSD RTX 2050 4GB WIN 11,0,1,UNIT,"8,720,000.00",0.00
,MSI THIN A15 AMD RYZEN 7 2X8GB 512GB SSD RTX4060 8GB WIN 11 #,0,1,UNIT,"16,180,000.00",0.00
,MSI Thin A15 B7UCX AMD Ryzen 5 7535HS 8GB 512GB SSD RTX2050 4GB W11,0,0,UNIT,"8,540,000.00",0.00
,MULTI TESTER CAPIT,0,1,PCS,"350,000.00",0.00
,NACHI LAKBAN HITAM 35 X 12M,110,1,PCS,"8,658.48","952,433.35"
,NOTA NCR PAPERLINE 2 PLY (108X155MM),2615,50,PACK,"2,783.54","7,278,945.36"
,NOTA NCR PAPERLINE 2 PLY BESAR,392,20,PCS,"4,550.00","1,783,600.00"
,NVR 4CHN POE H265 HIKVISION,0,1,UNIT,"1,545,127.60",0.00
,NVR DAHUA 16CH,0,1,UNIT,"1,150,000.00",0.00
,NVR DAHUA 8CH,1,1,UNIT,"990,000.00","990,000.00"
,NVR DAHUA DHI-NVR4116HS-4KS3 #,0,1,PCS,"1,495,000.00",0.00
,NVR HIK 8CH,0,1,PCS,"1,120,000.00",0.00
,OBENG MENARA,15,3,PCS,"18,000.00","270,000.00"
,OBENG TOOLKIT JACKLY 6032-A,1,1,SET,"25,000.00","25,000.00"
,ODNER FOLIO 75MM,284,150,PCS,"17,250.00","4,899,000.00"
,ODNER FOLIO 75MM GEMA,230,1,PCS,"15,500.00","3,565,000.00"
,ODNER KWT 75MM,185,70,PCS,"17,249.95","3,191,240.43"
,OJEK,34,1,JASA,"128,292.36","4,361,940.20"
,OJEK DOMPU,0,1,JASA,"150,000.00",0.00
,OJEK TGL 05/11/20,0,1,Buah,"100,000.00",0.00
,OLIVETTI,47,30,PCS,"54,065.42","2,541,074.76"
,ONGKIR JNE,6,1,JASA,"85,120.67","510,724.01"
,ONU XPON WIFI 4 LAN PORT,0,1,PCS,"200,000.00",0.00
,OPP 10 X 24,460,20,PCS,"4,412.23","2,029,627.26"
,OPP 11,61,20,PCS,"5,000.00","305,000.00"
,"OPP 12,5",116,3,PCS,"5,800.00","672,800.00"
,OPP 13,142,1,PCS,"6,000.00","852,000.00"
,OPP 14,176,10,PCS,"7,000.00","1,232,000.00"
,"OPP 14,5 X 24",417,5,PCS,"6,540.04","2,727,198.29"
,OPP 15 X 24,124,10,PCS,"6,370.51","789,943.38"
,"OPP 15,5 X 24",455,5,PCS,"6,492.91","2,954,273.41"
,OPP 16 X 25,222,1,PCS,"8,383.91","1,861,227.69"
,"OPP 16,5 X 25",128,10,PCS,"7,200.00","921,600.00"
,"OPP 17,5",159,10,PCS,"10,355.67","1,646,551.55"
,OPP 18,12,1,PCS,"15,000.00","180,000.00"
,OPP 22 X 30 10R #,1446,1,PCS,"11,879.96","17,178,421.22"
,OPP 23 X 30 (PLASTIK 10R),87,70,PCS,"12,028.98","1,046,521.12"
,OPP 25 X 35,17,1,PCS,"18,000.00","306,000.00"
,OPP 30 X 40 PLASTIK A3,59,5,PCS,"27,661.02","1,632,000.00"
,"OPP 9,5",138,20,PCS,"4,500.00","621,000.00"
,ORBIT STAR A1,0,1,UNIT,0.00,0.00
,OTG 5 PIN,7,5,PCS,"19,000.00","133,000.00"
,OTG IPHONE,0,1,PCS,"75,000.00",0.00
,OTG MICRO,70,5,PCS,"4,563.98","319,478.58"
,OTG TYPE C,187,30,PCS,"6,060.07","1,133,233.96"
,OVER STEKER BROCO COLOKAN KAKI 3,138,1,PCS,"15,929.57","2,198,280.17"
,OVERSTEKER LOYAL,32,0,PCS,"8,000.00","256,000.00"
,PABX PANASONIC 8 EXTENSION,0,1,UNIT,"5,130,000.00",0.00
,PAKET BEL SEKOLAH AUTO,1,1,UNIT,"2,800,000.00","2,800,000.00"
,PAKET KEYBOARD MOUSE ALCATROZ,0,1,PCS,"79,130.43",0.00
,PAKET KEYBOARD MOUSE BANDA WIRELESS,0,15,PCS,"83,174.60",0.00
,PAKET KEYBOARD MOUSE GAMING BANDA KM 77 RGB,0,1,UNIT,"130,000.00",0.00
,PAKET KEYBOARD MOUSE LOGITECH MK200,0,1,PCS,"180,000.00",0.00
,PAKET KEYBOARD MOUSE PROLINK,0,1,PCS,"100,000.00",0.00
,PAKET KEYBOARD MOUSE RGB QUINTON T350,25,1,PAKET,"63,500.00","1,587,500.00"
,PAKET KEYBOARD MOUSE SPC,0,3,PCS,"74,991.49",0.00
,PAKET KEYBOARD MOUSE WIRELESS HK 3800,0,1,PAKET,"124,000.00",0.00
,PAKET LAMPU STUDIO SOFTBOX,0,1,SET,"2,450,000.00",0.00
,"PAKET PODCAST 4 ORANG, 4 MIC, STAND, SOUNDCARD, MIXER",0,1,PAKET,"4,290,200.00",0.00
,PANASONIC BASIC CHARGER + ENELOOP AA 2 BIJI,1,1,PCS,"235,000.00","235,000.00"
,PAPER KLIP NO 3,872,50,KOTAK,"1,282.50","1,118,340.00"
,PAPER KLIP NO 5,140,50,KOTAK,"2,612.50","365,750.00"
,PAPERLINE 1 PLY A3 CF B1,28,10,DUS,"314,974.40","8,819,283.15"
,PAPERLINE 1 PLY NCR,2,1,PCS,"193,671.50","387,343.00"
,PAPERLINE 2 PLY NCR,26,10,DUS,"289,110.94","7,516,884.32"
,PAPERLINE 3 PLY NCR,75,10,PCS,"442,201.63","33,165,122.36"
,PAPERLINE CF K3 W PRS ( 3 PLY PRS ),42,10,DUS,"459,427.99","19,295,975.73"
,PAPERLINE NK K1 (NOTA KECIL 1 PLY),515,20,PCS,"1,732.82","892,400.58"
,PAPERLINE NK K2 (NOTA KECIL 2PLY),3692,1,PCS,"2,497.07","9,219,195.84"
,PARFUM AF ANISA HIJAU TUA,14,1,PCS,"19,000.00","266,000.00"
,PARFUM AF BAMBOO HITAM,11,1,PCS,"19,000.00","209,000.00"
,PARFUM AF BLOOM DALE BIRU,12,1,PCS,"19,000.00","228,000.00"
,PARFUM AF CLASSIC NOVEMBER COKLAT,0,1,PCS,"19,352.94",0.00
,PARFUM AF FAIRY TALE WARNA PINK,27,1,PCS,"19,000.00","513,000.00"
,PARFUM AF LOVELY KUNING,11,1,PCS,"19,000.00","209,000.00"
,PARFUM AF MAGICAL DREAM WARNA UNGU,7,1,PCS,"19,000.00","133,000.00"
,PARFUM AF MYSTIC SPELL WARNA HIJAU,8,1,PCS,"19,000.00","152,000.00"
,PARFUM AF OVER DOSE ORANGE,16,1,PCS,"19,521.74","312,347.83"
,PARFUM AF RENALSSANCE MAROON,6,1,PCS,"19,000.00","114,000.00"
,PASANG SPEAKER BIMA,0,1,JASA,"75,000.00",0.00
,PASANG SPEAKER SAPE,0,1,JASA,"100,000.00",0.00
,PASTA PROCESSOR  BOTOL,51,35,PCS,"5,640.72","287,676.66"
,PASTA PROCESSOR  SUNTIK,19,28,PCS,"3,398.59","64,573.28"
,PASTA SUNTIK GREY 15GR GD900,3,1,PCS,"46,333.33","139,000.00"
,"PC ASUS S340MC-I58400060T CORE I5 W10 LED ASUS VS207DF 19,5""",0,1,UNIT,"7,470,000.00",0.00
,"PC BUILT UP ASUS EXPERT CENTRE P500 - P500MV - 38501WS INTEL CORE i3 - 1315U 8GB 512GB SSD WIN 11 LED ASUS 21,5""",0,1,UNIT,"7,175,000.00",0.00
,"PC BUILT UP HP SLIM S01-PD0103L-7XD22AA CI3 8100 LED HP 18,5 19KA",0,1,SET,"5,640,000.00",0.00
,"PC BUILTUP HP Ci7-13700 8GB 512GB SSD LED HP 21,45",0,1,UNIT,"14,050,000.00",0.00
,PC BUILUP ACER CI7-11700 2X4GB 1TB GT 730 2GB WIN10,0,1,UNIT,"12,996,000.00",0.00
,PC BUILUP ACER TC 1650 CI3-10105 4GB 1TB + SSD 256GB 19 INCS LED,0,1,UNIT,"7,849,000.00",0.00
,"PC BUILUP ASUS S500MC CI3-10105 4GB 1TB 19,5 INCS",0,1,UNIT,"7,315,000.00",0.00
,PC BUILUP ASUS S500TC CI3-10105 4GB 1TB HDD WIN10,0,1,UNIT,"7,135,000.00",0.00
,"PC BUILUP ASUS S500TC INTEL G5905 4GB 1TB LED 19,5",0,1,UNIT,"6,225,000.00",0.00
,"PC BUILUP HP 290-P0038L-3JV92AA LED HP 18,5"" 19KA",0,1,UNIT,"4,500,000.00",0.00
,"PC BUILUP HP SLIM S01 PF1181D-22X83AA PENTIUM GOLD G6400 4GB 1TB HDD 19,5"" WIN10",0,1,UNIT,"6,228,000.00",0.00
,PC BUILUP LENOVO IC 3 07IAB7 CIRE I3-12100 3.30 DDR4 4GB 256GB SSD MONITOR LED 22INCS,0,1,PAKET,"7,550,000.00",0.00
,PC BUILUP LENOVO IDEA CENTRE 5 i7-2700 8GB 512GB SSD DVD RW,0,1,UNIT,"13,270,000.00",0.00
,"PC BUILUP LENOVO IDEACENTRE 5 CI5-10400 8GB 1TB LED 21,5",0,1,UNIT,"8,950,000.00",0.00
,"PC BUILUP LENOVO IDEACENTRE Ci3-12100 4GB 256GB SSD LED 21,5",0,1,UNIT,"8,215,000.00",0.00
,"PC BUILUP P500MV i5 - 13420H DDR5 8GB 512GB SSD WIN 11 MONITOR 21,5 INCS",0,1,UNIT,"8,500,000.00",0.00
,PC LENOVO IDEACENTRE MINI 5 CI3 10100T 4GB 1TB HDD,0,1,UNIT,"6,143,000.00",0.00
,PC MINI INTEL NUC NUC11ATKC4000 INTEL N5105 8GB 256GB SSD EK,0,1,UNIT,"2,810,000.00",0.00
,PC MINI RNUC1 4MNK1500000 - 8SW2 INTEL N150 8GB 256GBGB SSD NVME WIN 11,0,1,UNIT,"3,685,000.00",0.00
,PC SERVER ASUS TS100 - E10 / PI4 8GB 1TB BLACK,0,1,UNIT,"10,085,000.00",0.00
,PC SERVER ASUS TS100 E11/PI4 16GB X 2 1TB DVD BLACK #,0,1,UNIT,0.00,0.00
,PC SERVER ASUS TS100-10/PI4 16GB 1TB,0,1,UNIT,"11,290,000.00",0.00
,PC SERVER DELL POWER EDGE T40,0,1,UNIT,"9,690,000.00",0.00
,PC SERVER LENOVO THINGSYSTEM ST50 V2 XEON E-2324G 16GB 1TB HDD + KEY + MOUSE,0,1,UNIT,"13,490,000.00",0.00
,PC SERVER LENOVO THINKSYSTEM ST50 V2 E2324G 16GB 1TB HDD + 480GB NHS SSD EK,0,1,UNIT,"15,700,000.00",0.00
,PCI CARD USB 3.0,0,1,PCS,"130,000.00",0.00
,PEMBOLONG KERTAS NO 30 XL,0,1,PCS,"20,000.00",0.00
,PEMBOLONG KERTAS NO 40,34,1,PCS,"22,000.00","748,000.00"
,PEMBOLONG KERTAS NO 85,17,1,PCS,"60,000.00","1,020,000.00"
,PEMBOLONG KERTAS NO 85 ZRM,13,1,PCS,"36,000.00","468,000.00"
,PEMOTONG KERTAS A3,0,1,UNIT,"230,000.00",0.00
,PEMOTONG KERTAS KRISBOW S215,0,0,UNIT,"700,000.00",0.00
,PENGGARIS BESI,3,2,PCS,"2,055.00","6,165.00"
,PENGHANCUR KERTAS PROMAXI S290 PLUS,1,1,UNIT,"1,050,000.00","1,050,000.00"
,PESAWAT TELEPON DESK 1,0,1,UNIT,"230,000.00",0.00
,PICKUP KARET ROLLER CANON G SERIES,20,5,BIJI,"25,000.00","500,000.00"
,PIGTAIL INDOOR COLOUR UPC 3 METER,0,1,PCS,"6,500.00",0.00
,PIPA AC,0,1,PCS,"175,000.00",0.00
,PIPA INFUS PRINTER,70,10,PCS,500.00,"35,000.00"
,PIPA KABEL,0,1,PCS,"11,000.00",0.00
,PIPA LISTRIK 10 BATANG,0,1,BATANG,"121,000.00",0.00
,PLASTIK CD,74,10,PCS,"1,500.00","111,000.00"
,PLASTIK KLIP,59,3,PCS,"3,500.00","206,500.00"
,PLASTIK KLIP 4 X 6,1107,5,PCS,"1,650.00","1,826,550.00"
,PLASTIK KLIP 5 X 8,1081,1,PCS,"1,650.00","1,783,650.00"
,PLASTIK KLIP 7 X 10,282,1,PCS,"2,897.56","817,112.20"
,"PLASTIK KLIP 8,7 X 13",6,1,PCS,"4,750.00","28,500.00"
,PLASTIK KRESEK 02 X 21 HITAM,20,1,PCS,"5,750.00","115,000.00"
,PLASTIK KRESEK 02 X 21 PUTIH,38,1,PCS,"5,750.00","218,500.00"
,PLASTIK KRESEK 02 X 28 HITAM,150,1,PCS,"8,750.00","1,312,500.00"
,PLASTIK KRESEK 03 X 20 X 35,30,1,PCS,"17,333.33","520,000.00"
,PLASTIK KRESEK 03 X 21 SH,125,1,PCS,"9,042.55","1,130,319.15"
,PLASTIK KRESEK 03 X 28 HITAM (SH),776,5,PACK,"12,590.23","9,770,021.62"
,PLASTIK KRESEK 03 X 28 MERAH,16,1,PCS,"14,500.00","232,000.00"
,PLASTIK LAMINATING BLUE PRINT F4,183,40,PCS,"77,396.08","14,163,482.35"
,PLASTIK LAMINATING EPRINT A4,0,15,PCS,"85,440.65",0.00
,PLASTIK LAMINATING EPRINT F4,3,30,PCS,"89,314.52","267,943.57"
,PLASTIK LAMINATING EPRINT KTP,62,30,PCS,"11,708.75","725,942.50"
,PLASTIK LAMINATING SAKURAI,0,40,PACK,"92,500.00",0.00
,"PLASTIK OPP 10,5 X 24",1241,150,PCS,"4,500.00","5,584,500.00"
,"PLASTIK OPP 11,5 X 24",3008,150,PCS,"4,912.60","14,777,088.21"
,PLASTIK OPP 12 X 24,238,30,PCS,"5,124.72","1,219,683.05"
,"PLASTIK OPP 13,5 X 24",397,100,PCS,"5,823.87","2,312,075.30"
,PLASTIK OPP 17 X 25,94,10,PCS,"7,400.00","695,600.00"
,PLASTIK UANG 015 X 36 X 85 ( ISI 50 ),30,1,PACK,"142,751.61","4,282,548.39"
,PLAT SENG LX 310,4,1,PCS,"20,000.00","80,000.00"
,PLONG ID CARD,0,1,PCS,"500,000.00",0.00
,POE HIKVISION,0,1,PCS,"725,000.00",0.00
,POE SPLITTER INJECTOR,0,1,PCS,"9,000.00",0.00
,POE SWITCH GIGABIT HIK 8 PORT,0,1,UNIT,"725,000.00",0.00
,POMPA AIR SHIMIZU JET PUMP 268 TP,0,1,UNIT,"1,900,000.00",0.00
,POMPA PRINTER EPSON L4150,0,1,PCS,"400,000.00",0.00
,POMPA PURGE EPSON L3110 L3210 L3250,11,1,PCS,"190,571.86","2,096,290.48"
,POWER BANK JETE 10.000,22,1,PCS,"104,163.10","2,291,588.18"
,POWER BANK JETE 20000 B3 BLACK,1,1,PCS,"279,900.00","279,900.00"
,POWER BANK JETE A9,1,1,PCS,"179,900.00","179,900.00"
,POWER BANK JETE WIRELESS,1,1,PCS,"249,900.00","249,900.00"
,POWER BANK VGEN PLATINUM 10.000 MAH,1,1,PCS,0.00,0.00
,PRINT HEAD BLACK G2010 / 1020,2,20,PCS,"425,000.00","850,000.00"
,PRINT HEAD CATRIDGE BH 70 CANON G1020,10,1,PCS,"449,737.41","4,497,374.09"
,PRINT HEAD CATRIDGE CH 70 CANON G1020,15,1,PCS,"440,762.29","6,611,434.28"
,PRINT TABLE CARD (ID CARD NO NAME),0,1,PCS,"32,000.00",0.00
,PRINTER BARCODE ZEBRA ZE220,0,1,UNIT,"2,800,000.00",0.00
,PRINTER BLUEPRINT DESKTOP ECO58D,1,1,UNIT,"260,000.00","260,000.00"
,PRINTER BLUEPRINT THERMAL BP-LITE80D1 BT,3,1,UNIT,"595,000.00","1,785,000.00"
,PRINTER BROTHER DCP T520 WIRELESS INK TANK PSC,0,1,UNIT,"2,690,000.00",0.00
,PRINTER BROTHER DCP T520W WIRELESS INK TANK PSC,0,1,UNIT,"2,635,000.00",0.00
,PRINTER BROTHER DCP T710 WIRLESS PSC,0,1,PCS,"3,350,000.00",0.00
,PRINTER BROTHER DCP T720DW WIRELESS INKTANK PSC,0,1,UNIT,"3,475,000.00",0.00
,PRINTER BROTHER MFC - T4500DW,0,1,UNIT,"10,450,000.00",0.00
,PRINTER BROTHER MFC L2700DW,0,1,UNIT,"3,475,000.00",0.00
,PRINTER CANON E410,0,1,UNIT,"620,000.00",0.00
,PRINTER CANON G1010,6,35,UNIT,"972,000.00","5,832,000.00"
,PRINTER CANON G1020,0,15,UNIT,"1,400,000.00",0.00
,PRINTER CANON G1730,20,20,UNIT,"1,015,407.89","20,308,157.89"
,PRINTER CANON G2010,0,25,UNIT,"1,776,270.26",0.00
,PRINTER CANON G2010 TP,1,0,PCS,"1,780,000.00","1,780,000.00"
,PRINTER CANON G2020 PSC,0,25,UNIT,"1,916,581.78",0.00
,PRINTER CANON G2730,9,35,UNIT,"1,435,433.39","12,918,900.47"
,PRINTER CANON G2770,0,1,UNIT,"1,603,536.04",0.00
,PRINTER CANON G3010 WIFI PSC,0,1,UNIT,"2,108,333.33",0.00
,PRINTER CANON G3730,6,1,UNIT,"2,110,000.00","12,660,000.00"
,PRINTER CANON G4010 PSC FAX,0,1,UNIT,"3,420,000.00",0.00
,PRINTER CANON G4770,2,1,UNIT,"3,280,000.00","6,560,000.00"
,PRINTER CANON IX 6770,0,2,UNIT,"3,735,000.00",0.00
,PRINTER CANON LASERJET LBP 6030,1,1,UNIT,"1,710,000.00","1,710,000.00"
,PRINTER CANON PIXMA IP 2770,12,60,UNIT,"819,022.25","9,828,266.99"
,PRINTER EPSON L-14150 A3 PSC WIFI DUPLEX,0,1,UNIT,"7,585,000.00",0.00
,PRINTER EPSON L11050 ECOTANK A3 WIFI,0,1,UNIT,"6,300,000.00",0.00
,PRINTER EPSON L1110,0,1,UNIT,"1,830,000.00",0.00
,PRINTER EPSON L121,10,25,UNIT,"1,445,000.00","14,450,000.00"
,PRINTER EPSON L121 TP,0,10,UNIT,"1,440,000.00",0.00
,PRINTER EPSON L1210 ECOTANK (Print Only),7,1,UNIT,"1,940,000.00","13,580,000.00"
,PRINTER EPSON L1210 TP,0,1,UNIT,"1,929,285.71",0.00
,PRINTER EPSON L1251,0,1,UNIT,"1,959,459.46",0.00
,PRINTER EPSON L1300,0,1,PCS,"6,490,000.00",0.00
,PRINTER EPSON L14150 A3 PSC WIFI,0,1,UNIT,"7,100,000.00",0.00
,PRINTER EPSON L1455 A3 PSC WIFI DUPLEX,0,1,PCS,"10,400,000.00",0.00
,PRINTER EPSON L1800 A3,0,1,UNIT,"8,125,000.00",0.00
,PRINTER EPSON L3210,0,40,UNIT,"2,150,000.00",0.00
,PRINTER EPSON L3210 TP,0,5,UNIT,"2,020,013.19",0.00
,"PRINTER EPSON L3211 PRINT, SCAN COPY",10,40,UNIT,"2,050,000.00","20,500,000.00"
,"PRINTER EPSON L3211 PRINT, SCAN COPY TP",7,40,UNIT,"2,052,857.14","14,370,000.00"
,PRINTER EPSON L3250 TP,0,1,UNIT,"2,437,500.00",0.00
,"PRINTER EPSON L3250 WIFI (PRINT, SCAN, COPY)",5,1,UNIT,"2,514,000.00","12,570,000.00"
,PRINTER EPSON L3251 WIFI TKDN,0,1,UNIT,"2,575,000.00",0.00
,PRINTER EPSON L4150 PSC WIFI,0,1,UNIT,"3,120,994.10",0.00
,PRINTER EPSON L4260 A4 WI-FI #,0,1,UNIT,"3,735,000.00",0.00
,PRINTER EPSON L5190,0,1,PCS,"4,365,000.00",0.00
,PRINTER EPSON L5290,2,1,UNIT,"3,760,000.00","7,520,000.00"
,PRINTER EPSON L5290 TP,0,0,PCS,"3,790,000.00",0.00
,PRINTER EPSON L805,0,1,UNIT,"4,105,000.00",0.00
,PRINTER EPSON L8050,0,1,UNIT,"4,425,000.00",0.00
,PRINTER EPSON LQ 2190 @,0,1,UNIT,"8,515,000.00",0.00
,PRINTER EPSON LQ 310 dot matrix,0,1,UNIT,"3,115,000.00",0.00
,PRINTER EPSON LQ2190 dot matrix,0,1,UNIT,"8,910,000.00",0.00
,PRINTER EPSON LX 310,0,1,PCS,"2,795,000.00",0.00
,PRINTER EPSON M1120 EcoTank Monochrome Wi-Fi,0,1,UNIT,"2,045,000.00",0.00
,PRINTER EPSON M1120 ECOTANK MONOCROE WIFI,0,1,UNIT,"2,045,000.00",0.00
,PRINTER EPSON PLQ 35 PASSBOOK,0,1,UNIT,"7,125,000.00",0.00
,Printer EPSON PLQ30 PASSBOOK,0,0,UNIT,"7,125,000.00",0.00
,PRINTER EPSON TMT 82X - 441 USB SERIAL,1,1,UNIT,"2,215,000.00","2,215,000.00"
,PRINTER EPSON TMU 220B USB AUTO CUTTER,0,1,Buah,"2,500,000.00",0.00
,PRINTER EPSON WF - C5390,0,1,UNIT,"5,300,000.00",0.00
,PRINTER EPSON WF 100 #,0,1,UNIT,"3,850,000.00",0.00
,PRINTER HP 419,0,1,PCS,0.00,0.00
,PRINTER HP DESJET 2337 PSC PALM,0,1,PCS,"670,000.00",0.00
,PRINTER HP DESKJET 2337,0,1,UNIT,0.00,0.00
,"PRINTER HP INKTANK SMART 580 ( PRINT,SCAN,COPY,WIFI )",0,1,UNIT,"2,185,000.00",0.00
,PRINTER HP LASERJET M183FW COLOUR,0,1,UNIT,"6,780,000.00",0.00
,PRINTER HP MFP 179FNW,0,1,UNIT,"5,785,000.00",0.00
,Printer id card Hiti cse200e,0,0,UNIT,"12,650,000.00",0.00
,PRINTER LABEL THERMAL STIKER BP-ECO80BT,1,1,UNIT,"575,000.00","575,000.00"
,PRINTER LABEL THERMAL STIKER BP-ECO80BT TP,1,1,UNIT,"575,000.00","575,000.00"
,PRINTER LASERJET BROTHER HL - L3230CDN,0,1,UNIT,"5,100,000.00",0.00
,PRINTER THERMAL BLUE PRINT LITE 80D BT,0,1,UNIT,"862,500.00",0.00
,PRINTER THERMAL BP - ECO80 BATERAI,2,1,UNIT,"495,000.00","990,000.00"
,PRINTER THERMAL BP-ECO58D LISTRIK,2,1,PCS,"260,000.00","520,000.00"
,Printer Thermal Label ZEBRA ZD230t  (ZD23042 30PG00EZ),0,1,UNIT,"2,520,000.00",0.00
,PRINTER THERMAL MATRIX,0,1,PCS,"650,000.00",0.00
,PRINTER THERMAL STIKER BP ECO 80 BT,0,1,UNIT,0.00,0.00
,PROC AMD RYZEN 3 3200G BOX,0,1,PCS,"1,380,000.00",0.00
,PROC AMD RYZEN 5 4500 BOX,0,1,PCS,"1,210,000.00",0.00
,PROC AMD RYZEN 5 4600G INCLUD FAN,0,1,PCS,"1,520,000.00",0.00
,PROC AMD RYZEN 5 5500 BOX INCLUDE FAN,0,1,PCS,"1,490,000.00",0.00
,PROC AMD RYZEN 5 5500GT,0,1,PCS,"1,650,000.00",0.00
,PROC AMD RYZEN 5 PRO 4650G,0,1,PCS,"2,275,000.00",0.00
,PROC AMD RYZEN R7 5800X BOX,0,1,UNIT,"5,720,000.00",0.00
,PROC I5 - 2400,0,1,PCS,"210,000.00",0.00
,PROC I7 12700 ALDER LAKE INCLUDE FAN,0,1,PCS,"4,275,000.00",0.00
,PROC INTEL CORE - I3 12100 ALDER LAKE,0,1,PCS,"1,715,000.00",0.00
,PROC INTEL CORE - i5 14400 Raptor Lake (BX8071514400),0,1,PCS,0.00,0.00
,PROC INTEL CORE - i7 14700K Raptor Lake (BX8071514700K),0,1,PCS,0.00,0.00
,PROC INTEL CORE I3 10105,0,1,PCS,"1,535,000.00",0.00
,PROC INTEL CORE I3 GEN 2,4,1,PCS,"87,500.00","350,000.00"
,PROC INTEL CORE i5 - 11400 ROCKET LAKE include Fan,0,1,PCS,"2,065,000.00",0.00
,PROC INTEL CORE I5 12400 ALDER LAKE,0,1,PCS,"2,780,000.00",0.00
,PROC INTEL CORE i7 11700 ROCKET LAKE include fan,0,1,PCS,"3,940,000.00",0.00
,PROC INTEL CORE I7 14700,0,1,PCS,"6,265,000.00",0.00
,PROC INTEL G7400,0,1,PCS,"1,500,000.00",0.00
,PROC INTEL I3 13100F RAPTOR LAKE,0,1,PCS,"1,990,000.00",0.00
,PROC INTEL I5 - 7500,0,1,PCS,"1,430,000.00",0.00
,PROC INTEL i5 10400F COMET LAKE,0,1,UNIT,"1,640,000.00",0.00
,PROC INTEL I5 11400F ROCKET LAKE INCLUD FAN,0,1,UNIT,"2,250,000.00",0.00
,PROC INTEL i5-12600 ALDER LAKE,0,1,PCS,"4,020,000.00",0.00
,PROC INTEL i7 10700 COMET LAKE INCLUD FAN,0,1,UNIT,"3,620,000.00",0.00
,PROC INTEL I7 10700F COMET LAKE,0,1,PCS,"3,505,000.00",0.00
,PROC INTEL I7 12700F ALDER LAKE,0,1,PCS,"4,645,000.00",0.00
,PROC INTEL I7 13700 RAPTOR LAKE INCLUD FAN,0,1,PCS,"6,400,000.00",0.00
,PROC INTEL I7 4790,0,1,PCS,"1,650,000.00",0.00
,PROC INTEL I7 7700,0,1,PCS,"2,150,000.00",0.00
,PROC RYZEN 5 5600G,0,1,PCS,"2,040,000.00",0.00
,PROCESSOR  AMD RYZEN 5 3400G,0,1,PCS,"2,900,000.00",0.00
,PROCESSOR  AMD RYZEN R5 3600XT GEN3,0,1,PCS,"4,000,000.00",0.00
,PROCESSOR  CORE 2 DUO 3.0 GHZ E8400 FAN,6,2,PCS,"71,528.27","429,169.61"
,PROCESSOR  I5 10400 COMET LAKE #,0,1,PCS,"1,950,000.00",0.00
,PROCESSOR  INTEL I3 - 4130,0,1,PCS,"570,000.00",0.00
,PROCESSOR  INTEL I3 10100 COMET LAKE,0,1,PCS,"1,680,000.00",0.00
,PROCESSOR  INTEL I5 - GEN 4,0,1,PCS,"300,000.00",0.00
,PROCESSOR  INTEL i7 10700KF COMET LAKE,0,1,PCS,"4,820,000.00",0.00
,PROCESSOR  INTEL I7 9700 (BOX),0,1,PCS,"4,200,000.00",0.00
,PROCESSOR AMD RYZEN R5 3600 TRAY INCLUD FAN ORI,0,1,PCS,"2,770,000.00",0.00
,"PROCESSOR CORE I5-4570 3,2GHZ",0,2,PCS,"320,000.00",0.00
,PROCESSOR INTEL CORE I5 4590,2,1,PCS,"304,375.00","608,750.00"
,"PROCESSOR INTEL I3 - 4150 3,5GHZ",0,1,PCS,"322,500.00",0.00
,PROCESSOR INTEL I3 - 4170,1,1,PCS,"222,982.89","222,982.89"
,"PROCESSOR INTEL I3-4160 3,6 GHZ",2,1,PCS,"190,000.00","380,000.00"
,PROCESSOR INTEL I5 - 4670,0,1,PCS,"340,000.00",0.00
,PROJECTOR ACER BS 020P DLP 4000 LUMENS + TAS,0,2,PCS,"4,650,000.00",0.00
,PROJECTOR ACER BS 021 #,4,1,UNIT,"4,677,500.00","18,710,000.00"
,PROJECTOR ACER BS 021 TP,0,0,UNIT,"4,670,000.00",0.00
,PROJECTOR ACER BS-120PV DLP XGA 4000 LUMENS,0,3,UNIT,"4,780,000.00",0.00
,PROJECTOR ACER X1 DLP XGA 4000 LUMENS,0,1,UNIT,"5,115,000.00",0.00
,PROJECTOR ACER X1123H,0,1,UNIT,"4,050,000.00",0.00
,PROJECTOR BENQ MS550 SVGA 3600 LUMENS,0,1,UNIT,"4,995,000.00",0.00
,PROJECTOR EPSON CO FH02,0,1,UNIT,"9,600,000.00",0.00
,PROJECTOR EPSON EB - 972 XGA 3LCD 4100 LUMENS,0,1,PCS,"9,400,000.00",0.00
,PROJECTOR EPSON EB - W53 4000 LUMENS WXGA #,0,1,UNIT,"6,950,000.00",0.00
,PROJECTOR EPSON EB - X51 XGA,0,1,UNIT,"6,825,000.00",0.00
,PROJECTOR EPSON EB 972,0,0,UNIT,"9,400,000.00",0.00
,PROJECTOR EPSON EB E500 3300 LUMENS,0,1,UNIT,"5,175,000.00",0.00
,PROJECTOR EPSON EB E600 XGA 3LCD 3.400 LUMENS TKDN,0,1,UNIT,"6,085,000.00",0.00
,PROJECTOR EPSON EB S400,0,1,UNIT,"4,735,000.00",0.00
,PROJECTOR EPSON EB X500 + TAS,0,1,UNIT,"5,585,000.00",0.00
,PROJECTOR EPSON EB X600 XGA 3LCD TKDN #,0,1,UNIT,"5,550,000.00",0.00
,PROJECTOR EPSON EB-E01 XVGA 3LCD,0,1,UNIT,"5,089,416.67",0.00
,PROJECTOR EPSON EB-E01 XVGA 3LCD TP,0,0,UNIT,"5,000,000.00",0.00
,PROJECTOR EPSON EB-S41,0,1,UNIT,"4,840,000.00",0.00
,Projector EPSON EB-W53 4000 lumens WXGA,0,0,PCS,0.00,0.00
,PROJECTOR EPSON FH 52,0,1,UNIT,"11,550,000.00",0.00
,PROJECTOR INFOCUS IN 114XV 3800 XGA LUMENS,0,1,PCS,"4,635,000.00",0.00
,PROJECTOR PORTABLE VIEW SONIC M1 MINI PLUS,0,1,UNIT,"3,340,000.00",0.00
,PROJECTOR VIEW SONIC PA500S-SVGA 3600 LUMENS + TAS,0,1,UNIT,"3,815,000.00",0.00
,PROJECTOR VIEW SONIC PA503SE SVGA 4000 LEMENS,0,1,UNIT,"4,265,000.00",0.00
,PROJECTOR VIEW SONIC SP3 SVGA 4800 ANSI LUMENS PORT HDMI #,0,1,UNIT,"4,420,000.00",0.00
,PROJECTOR VIEW SONIC SP3 SVGA 4800 ANSI LUMENS PORT HDMI TP,0,0,PCS,"4,420,000.00",0.00
,PRONTO FILM ARROW SIGN HERE ( PEMBATAS KERTAS ),27,1,PCS,"16,405.00","442,935.00"
,PS 3 500GB SLIM 25 CFW + 2 STICK,0,1,UNIT,"1,775,000.00",0.00
,PSU AEROCOOL LUX 550W BRONZE (dus putih),0,1,PCS,"521,666.67",0.00
,PSU AEROCOOL LUX 650W 80 PLUS BRONZE,0,1,PCS,"620,000.00",0.00
,PSU AEROCOOL LUX 750W 80 PLUS BRONZE,1,1,PCS,"625,000.00","625,000.00"
,PSU AEROCOOL LUX RGB 550W BRONZE,1,1,PCS,"585,000.00","585,000.00"
,PSU AEROCOOL LUX RGB MODULAR 650W #,0,1,PCS,"635,000.00",0.00
,PSU AEROCOOL UNITED 500 W,0,1,PCS,"410,000.00",0.00
,PSU CANON 2770,0,1,PCS,"80,000.00",0.00
,PSU CCTV BOX 30A,13,7,PCS,"275,000.00","3,575,000.00"
,PSU CCTV JARING 30A,35,1,PCS,"130,000.00","4,550,000.00"
,PSU CCTV SN 120 20A (JARING),95,35,PCS,"98,347.50","9,343,012.33"
,PSU COOLER MASTER MWE BRONZE 550W V2 230V,0,1,PCS,"760,000.00",0.00
,PSU COOLER MASTER MWE BRONZE 650W V2,0,1,PCS,"880,000.00",0.00
,PSU COOLER MASTER MWE BRONZE 750W V2,0,1,PCS,"1,010,000.00",0.00
,PSU CORSAIR 650 CXM 80+ BRONZE,0,1,UNIT,"1,155,000.00",0.00
,PSU CORSAIR 750RM 750WATT GOLD,0,1,PCS,"1,785,000.00",0.00
,PSU CPU GAMING BIONIC 500 WATT,0,1,PCS,"50,000.00",0.00
,PSU CPU MAGIX,6,1,UNIT,"126,000.00","756,000.00"
,PSU CPU MURAGO,0,5,PCS,"97,000.00",0.00
,PSU DATAFAST 500W,17,17,PCS,"108,066.67","1,837,133.33"
,PSU DIGITAL ALLIANS 550W 80Plus,0,1,PCS,"530,000.00",0.00
,PSU DIGITAL ALLIANS 600W 80PLUS,0,1,PCS,"535,000.00",0.00
,PSU EYOTA 500 W,2,1,UNIT,"116,000.00","232,000.00"
,PSU G1010,1,1,PCS,"258,225.00","258,225.00"
,PSU HIK C8,7,1,PCS,"150,000.00","1,050,000.00"
,PSU LUX 750W 80 PLUS BRONZE,0,1,PCS,"625,000.00",0.00
,PSU MSI MAG A550BN 550W 80 PLUS BRONZE,0,1,PCS,"785,000.00",0.00
,PSU MSI MAG A650BN 650W 80+ BRONZE,0,1,PCS,"825,000.00",0.00
,PSU PC COOLER KF450 450WATT ATX80 PLUS,1,1,PCS,"410,000.00","410,000.00"
,PSU PC COOLER KF650 650WATT ATX 80 PLUS 230V EU,0,1,PCS,"505,000.00",0.00
,PSU PC COOLER PLUSES HW400 (400WATT),5,1,PCS,"205,123.97","1,025,619.83"
,PSU PC COOLER PLUSES HW500-NP 500 WATT,6,1,PCS,"228,157.89","1,368,947.37"
,PSU PCCOOLER KF750 750W ATX 80 PLUS 230V,0,1,PCS,0.00,0.00
,PSU PRINTER G3770 / G2770,0,1,PCS,"350,000.00",0.00
,PSU SANURPRO ATX 500 W,0,1,UNIT,"155,000.00",0.00
,PSU SIMBADDA 380 BOX,0,1,PCS,"280,000.00",0.00
,PSU SIMBADDA 380W,0,5,PCS,"210,000.00",0.00
,PSU SIMBADDA 400W BOX,4,1,PCS,"217,380.95","869,523.81"
,PSU SIMBADDA 450W BOX,0,1,PCS,"290,000.00",0.00
,PSU SIMBADDA 480W BOX,1,1,UNIT,"365,083.37","365,083.37"
,PSU SIMBADDA COPOTAN,1,1,UNIT,"200,000.00","200,000.00"
,PSU SMILE,0,1,PCS,0.00,0.00
,PSU TT LITE POWER 650,0,1,PCS,"635,000.00",0.00
,PSU TT LITEPOWER 550,0,1,PCS,"590,000.00",0.00
,PSU TT TR2 S 700W,0,1,UNIT,"770,000.00",0.00
,PSU VARRO CHRONOS 500 W,0,1,PCS,"140,000.00",0.00
,PVC ID CARD BENEFIT ISI 50 SET,0,1,PACK,"320,000.00",0.00
,PVC PRINTER HITI,0,1,PACK,"750,000.00",0.00
,QUIK CHARGER HP TC JETE C12 TINY TYPE C CABLE,10,15,PCS,"36,912.98","369,129.82"
,RAM ADATA DDR4 XPG GAMMIX D35 8GB PC4 25600 SPEED 3200MHZ,0,1,PCS,"240,000.00",0.00
,RAM Apacer DDR4 TEX Gaming 16GB PC 3200,0,0,PCS,"995,000.00",0.00
,RAM APACER DDR5 NOX GAMING 32GB (2X16) PC 6000MHZ,0,1,PCS,"2,785,000.00",0.00
,RAM CORSAIR DDR4 PC2X16GB VENGEANCE LPX,0,1,PCS,"1,160,000.00",0.00
,RAM Corsair DDR5 PC 32GB 2x16GB 5200MHz CMK32GX5M2B5200C40W 5200MT/s CL40 VENGEANCE White,0,1,PCS,0.00,0.00
,RAM DDR 4 16GB PC 2666 PENDINGIN,0,1,PCS,"770,000.00",0.00
,RAM KINGSTON FURY BEAST DDR5 16GB 6000MT/S,0,1,PCS,"1,050,000.00",0.00
,RAM KINGSTONE DDR4 FURY BEAST 16GB PC 3200,0,1,PCS,"537,000.00",0.00
,RAM KINGSTONE FURY BEAST DDR5 32GB (2X16GB) 6400MT/S BLACK,0,1,PCS,"2,495,000.00",0.00
,RAM LEXAR SODIMM DDR5 8GB,1,0,PCS,"415,000.00","415,000.00"
,RAM PC  BULLDOZER / HYNIX DDR3 4GB,5,8,PCS,"104,279.93","521,399.66"
,RAM PC CORSAIR DDR4 8GB,0,1,PCS,"675,000.00",0.00
,RAM PC CORSAIR DDR4 PC 2X16GB VENGEANCE RGB PRO,0,1,PCS,"2,065,000.00",0.00
,RAM PC CORSAIR DDR4 PC1X16GB,0,1,PCS,"785,000.00",0.00
,RAM PC CORSAIR DDR4 PC1X16GB VENGEANCE RGB RS NW,0,1,PCS,"785,000.00",0.00
,RAM PC DDR 3 4GB TAMMUZ,0,1,PCS,"166,950.00",0.00
,RAM PC DDR 3 EX-GEIL / SAMSUNG 8GB,0,1,PCS,"180,000.00",0.00
,RAM PC DDR 3 MAXELL 4GB,0,1,PCS,"180,000.00",0.00
,RAM PC HYNIX DDR 3 8GB PC 12800,0,1,PCS,"185,000.00",0.00
,RAM PC KINGSTON HYPERX FURRY 16GB DDR4,0,1,PCS,"750,000.00",0.00
,RAM PC KINGSTONE DDR3 4GB,2,5,PCS,"71,208.33","142,416.67"
,RAM PC KINGSTONE DDR3 8GB,5,1,PCS,"169,490.96","847,454.78"
,RAM PC KINGSTONE DDR4 4GB,0,1,PCS,"292,500.00",0.00
,RAM PC KINGSTONE DDR4 8GB #,0,1,PCS,"290,000.00",0.00
,RAM PC KINGSTONE FURY BEAST 8GB DDR 4 PC 3200,0,1,UNIT,"305,000.00",0.00
,RAM PC KINGSTONE HYPERX FURRY 16GB X 2 DDR4,0,1,PCS,"2,890,000.00",0.00
,RAM PC LEXAR DDR 4 8GB,0,1,PCS,"625,000.00",0.00
,RAM PC NETAC BASIC DDR4 4GB,0,1,PCS,"215,000.00",0.00
,RAM PC TEAM ELITE DDR 3 8GB PENDINGIN,0,1,PCS,"615,000.00",0.00
,RAM PC TEAM ELITE DDR3 8GB PC 1600,0,1,PCS,"395,000.00",0.00
,RAM PC TEAM ELITE DDR4 4GB,0,1,PCS,"310,000.00",0.00
,RAM PC TEAM ELITE DDR4 8GB,0,1,PCS,"370,000.00",0.00
,RAM PC TEAM ELITE DDR5 8GB,0,1,PCS,"415,000.00",0.00
,RAM PC TEAM ELITE PLUS DDR4 16GB PC 3200 PENDINGIN,0,1,UNIT,"510,000.00",0.00
,RAM PC TEAM ELITE PLUS DDR4 4GB PC 2666 PENDINGIN,0,1,PCS,"235,000.00",0.00
,RAM PC TEAM ELITE PLUS DDR4 8GB PC 2666 PENDINGIN,0,1,PCS,"447,500.00",0.00
,RAM PC TEAM ELITE PLUS DDR4 8GB PC 3200 PENDINGIN,0,1,PCS,"400,000.00",0.00
,RAM PC VISIPRO DDR3 8GB PC 12800,0,1,PCS,"464,073.09",0.00
,RAM PNY DDR4 GAMING 8GB XLR8 3200 MHZ,0,1,PCS,"345,000.00",0.00
,RAM SKHYNIX SODIMM 4GB DDR4 3200,0,1,PCS,"200,000.00",0.00
,RAM TEAM ELITE PLUS DDR4 16GB PC 2666 PENDINGIN,0,1,PCS,"540,000.00",0.00
,REDMI PAD 2 RAM 4 / 128GB,0,1,UNIT,"2,000,000.00",0.00
,REDMI PAD SE 4GB 128GB,0,1,UNIT,"2,050,000.00",0.00
,REFILL PITA PRINTER EPRINT 8758,219,60,PCS,"8,822.49","1,932,125.06"
,REFILL PITA PRINTER PRINTECH 8758,71,20,PCS,"10,000.00","710,000.00"
,RELEASE PLATE KEPALA TRIPOT,1,1,PCS,"55,000.00","55,000.00"
,REPEATER SLR 5300,0,1,UNIT,"42,000,000.00",0.00
,REXCO,68,1,PCS,"47,430.68","3,225,286.35"
,RIBBON 110 X 300 UNTUK ZEBRA,0,1,PCS,"60,000.00",0.00
,RIBBON CATRIDGE EPSON LQ 310,22,20,PCS,"58,491.65","1,286,816.39"
,RIBBON CATRIDGE EPSON LX 300,7,3,PCS,"46,000.00","322,000.00"
,RIBBON CATRIDGE EPSON LX310,21,60,PCS,"43,258.50","908,428.57"
,RIBBON CATRIDGE EPSON PLQ 20,17,20,PCS,"166,666.67","2,833,333.33"
,RIBBON CATRIDGE LQ 2090,7,1,PCS,"50,000.00","350,000.00"
,RIBBON CATRIDGE ORI EPSON LQ 2190,12,20,PCS,"168,920.00","2,027,040.00"
,RIBBON CATRIDGE PRINTECH LQ 2190,7,5,PCS,"71,285.71","499,000.00"
,Ribbon HITI,0,0,PCS,"1,050,000.00",0.00
,RIBBON MASK LX 310,14,1,PCS,"16,428.57","230,000.00"
,RIBBON PACK EPSON LQ 2190,19,2,PCS,"59,000.00","1,121,000.00"
,RIBBON PACK EPSON LX 310 ( 8750 8755 8758 ),41,30,PCS,"35,253.95","1,445,411.79"
,RIBBON PRINTER HITI,0,1,PCS,"1,170,000.00",0.00
,RIBBON STANDART CAT P7 / P8000,0,1,PCS,"971,250.00",0.00
,RJ11 1 PACK + PESAWAT TELPON WIRELESS 4 UNIT,0,1,PAKET,"2,650,000.00",0.00
,RJ45 BELDEN,82,50,BIJI,"1,800.00","147,600.00"
,RJ45 CAT 5 PASS THROUGH ( TEMBUS ),0,1,PACK,"50,000.00",0.00
,RJ45 MMP CAT 6 TUTUP BESI,2,1,PCS,"4,200.00","8,400.00"
,RJ45 TEMBUS,1658,1,BIJI,874.92,"1,450,609.35"
,ROBOT HUB USB 4 PORT H140-80 BLACK,0,10,PCS,"38,000.00",0.00
,ROBOT KEYBOARD MOUSE KM3100 WIRELESS,0,1,UNIT,"132,000.00",0.00
,ROBOT MOUSE M210,0,1,PCS,"57,000.00",0.00
,ROBOT POINTER PRESENTASI RLP01 LASER,0,0,PCS,"54,000.00",0.00
,ROBOT SPEAKER RS 180,67,60,PCS,"57,000.00","3,819,000.00"
,ROLLER ATAS EPSON,21,1,PCS,"13,362.07","280,603.45"
,ROLLER BAWAH EPSON,31,1,PCS,"20,000.00","620,000.00"
,ROSET 8 PCS,0,1,PAKET,"60,000.00",0.00
,ROUTER ASUS RT - AX1800HP DUAL BAND WIFI 6,0,1,UNIT,"1,075,000.00",0.00
,ROUTER ASUS RT AX52 (AX1800) DUAL BAND WIFI 6,0,1,UNIT,"775,000.00",0.00
,ROUTER RUIJIE EW1200E,0,1,PCS,"581,000.00",0.00
,RUIJIE REYEE RG-RAP2200(F) AC1300 Dual Band Celling Mount Access Point,0,0,UNIT,"700,000.00",0.00
,RUIJIE REYEE ROUTER RG-EW1200G PRO 1300MBPS DUAL BAND GIGABIT WIRELESS,1,1,UNIT,"520,000.00","520,000.00"
,SALMA ECO 1,3,1,PCS,"26,022.14","78,066.43"
,SALMA ECO 2,0,1,PCS,"25,889.42",0.00
,SALMA ECO 3,3,1,PCS,"25,905.38","77,716.15"
,SALMA ECO 4,6,1,PCS,"26,265.00","157,590.00"
,SALMA ECO 5,0,1,PCS,"26,151.67",0.00
,SALMA ECO 6,8,1,PCS,"26,204.29","209,634.29"
,SALMA ECO 7,0,1,PCS,"26,265.00",0.00
,SALMA ECO 8,0,1,PCS,"26,265.00",0.00
,SAMBUNGAN FIBER,74,1,PCS,"1,000.00","74,000.00"
,SAMBUNGAN HDMI,88,3,PCS,"7,717.16","679,109.74"
,SAMBUNGAN HDMI L,2,1,PCS,"15,000.00","30,000.00"
,SAMBUNGAN KABEL LAN,130,5,PCS,"2,000.00","260,000.00"
,SAMBUNGAN PIPA,0,1,PCS,"2,500.00",0.00
,SAMBUNGAN VGA,5,5,PCS,"10,000.00","50,000.00"
,SAMSUNG 24 LS24330GAEXXD 24 FHD IPS 100HZ,0,1,UNIT,"1,265,000.00",0.00
,SAMSUNG 24 LS24C310EAXXD 24 FH IPS 1920 X1080 #,0,1,UNIT,"1,185,000.00",0.00
,SAMSUNG SMART TV 55DU7000,0,0,UNIT,"5,350,000.00",0.00
,SAMSUNG SMART TV 65DU7000,0,0,UNIT,"7,090,000.00",0.00
,SAMSUNG TAB A9+ 8 128GB,0,1,UNIT,"4,150,000.00",0.00
,SAMSUNG TAB GALAXY A9+ 5G,0,1,UNIT,"4,000,000.00",0.00
,SAMSUNG TAB S10 FE + KEYBOARD CASE,0,0,UNIT,"7,350,000.00",0.00
,SAMSUNG TAB S10 FE 5G RAM 8GB 128GB,0,1,UNIT,"6,850,000.00",0.00
,SAMSUNG TAB S8 PLUS,1,1,UNIT,"16,250,000.00","16,250,000.00"
,SAMSUNG TAB S9 FE+ 5G,0,1,UNIT,"9,900,000.00",0.00
,SANDISK MICRO SD 128GB EXTREME PRO,0,1,PCS,"271,000.00",0.00
,SARAMONIC BLINK 500B2,0,1,UNIT,"1,835,000.00",0.00
,SCANER BARCODE CODE SOFT 303ST,0,1,UNIT,"390,000.00",0.00
,SCANER BARCODE KASSEN KS-605,0,1,UNIT,"400,000.00",0.00
,SCANER CANON DR F120,0,1,PCS,"5,450,000.00",0.00
,SCANER EPSON DS310,0,1,UNIT,"3,725,000.00",0.00
,SCANER EPSON DS7500,0,1,UNIT,"15,550,000.00",0.00
,SCANER FUJITSU S1300i / f4-Duplex,0,1,UNIT,"3,960,000.00",0.00
,SCANER FUJITSU SP 1125,0,1,PCS,"5,535,000.00",0.00
,SCANER FUJITSU SP 1130,0,1,PCS,"7,260,000.00",0.00
,SCANER PLUSTEK PS 188,0,1,UNIT,"5,605,000.00",0.00
,SCANNER BARCODE WIRELLES BT LITEEW2D,0,1,UNIT,"435,000.00",0.00
,SCANNER BROTHER ADS 1700 W,0,1,UNIT,"4,295,000.00",0.00
,SCANNER BROTHER ADS1300,0,1,UNIT,"4,065,000.00",0.00
,SCANNER BROTHER DS - 640,0,1,UNIT,"1,890,000.00",0.00
,SCANNER CANON 287,2,1,PCS,"118,571.43","237,142.86"
,SCANNER CANON DOCUMENT READER P215 II,0,1,UNIT,"4,160,000.00",0.00
,SCANNER CANON LIDE 300,1,2,UNIT,"930,000.00","930,000.00"
,SCANNER CANON LIDE 400,0,1,UNIT,"1,390,000.00",0.00
,SCANNER EPSON DS 530 II,0,0,UNIT,"7,725,000.00",0.00
,SCANNER EPSON DS 770 II,0,1,UNIT,"11,100,000.00",0.00
,SCANNER EPSON DS410 #,0,1,UNIT,"4,910,000.00",0.00
,SCANNER EPSON DS410 TP,0,0,PCS,"4,825,000.00",0.00
,SCANNER EPSON L3110,0,1,PCS,"500,000.00",0.00
,SCANNER EPSON L3210 PART,0,1,PCS,"700,000.00",0.00
,SCANNER EPSON V39,0,1,UNIT,"870,000.00",0.00
,SCANNER FUJITSU SCANSNAP IX 1600,0,1,UNIT,"10,040,000.00",0.00
,SCANNER FUJITSU SCANSNAP IX1300 BLACK,0,1,UNIT,"6,295,000.00",0.00
,SCANNER FUJITSU SP-1130N NETWORKING,0,1,UNIT,"6,075,000.00",0.00
,SCANNER FUJITSU SP1120N NETWORKING,0,1,UNIT,"5,675,000.00",0.00
,SCANNER G2010,1,1,PCS,"784,500.00","784,500.00"
,SCANNER HP SCANJET PRO 3000 S4,0,1,UNIT,"7,000,000.00",0.00
,SCANNER RICOH SCANSNAP IX1300,0,1,UNIT,"5,965,000.00",0.00
,SCANNER RICOH SCANSNAP IX1400,0,1,UNIT,"7,885,000.00",0.00
,SCANNER RICOH SCANSNAP IX1400 TP,0,1,UNIT,"7,885,000.00",0.00
,SD HC 32GB EXTREME SANDISK,0,1,PCS,"90,500.00",0.00
,SDHC 128GB CL 10 SANDISK,1,1,PCS,"200,000.00","200,000.00"
,SDHC 64GB CL 10 EXTREME SANDISK,1,1,PCS,"137,000.00","137,000.00"
,SDXC LEXAR 128GB 800X PRO SDXC UHS-1 U3-V30-4K (up to 150Mbps),0,1,PCS,"238,000.00",0.00
,SDXC SANDISK EXTREME 128GB 4K UHD,1,0,PCS,"240,666.67","240,666.67"
,SDXC SANDISK EXTREME PRO 32GB,2,0,PCS,"134,000.00","268,000.00"
,SDXC SANDISK EXTREME PRO 64GB,0,0,PCS,"189,000.00",0.00
,SECURE MAXI 34-CCM - PENGHANCUR KERTAS,0,1,UNIT,"2,900,000.00",0.00
,SECURE MAXI 34-CCM - PENGHANCUR KERTAS TP,1,1,UNIT,"2,850,000.00","2,850,000.00"
,SENSOR EPSON,18,1,PCS,"32,024.06","576,433.16"
,SENSOR KERTAS CANON 2770,8,1,PCS,"24,571.43","196,571.43"
,SENSOR KERTAS CANON G1020 G2020 G3020,0,1,PCS,"63,539.29",0.00
,SEPAKER ADVANCE K1503,0,1,UNIT,"1,066,666.67",0.00
,SERVER Dell R250 E 2314 16GB 2TBX1 SATA DVD PERC-H755 DUAL LAN,0,0,UNIT,0.00,0.00
,SIDU A3 70GSM,27,26,PCS,"79,669.11","2,151,066.10"
,SIDU A3 75G,0,1,PCS,"87,476.73",0.00
,SIDU A3 80 GSM,34,25,PCS,"94,534.58","3,214,175.68"
,SIDU A4  WARNA BIRU,105,25,PCS,"56,363.30","5,918,146.89"
,SIDU A4 70,317,100,PCS,"39,582.91","12,547,783.17"
,SIDU A4 80 GSM,115,25,PCS,"47,720.28","5,487,831.77"
,SIDU A4 WARNA HIJAU,75,25,PCS,"56,450.42","4,233,781.15"
,SIDU A4 WARNA KUNING,29,25,PCS,"56,606.27","1,641,581.69"
,SIDU A4 WARNA MERAH,51,25,PCS,"56,321.63","2,872,403.07"
,SIDU F4 70,577,100,PCS,"44,869.64","25,889,781.44"
,SIDU F4 80 GSM,66,100,PCS,"54,045.63","3,567,011.82"
,SIDU F4 WARNA BIRU,67,25,PCS,"65,260.61","4,372,460.89"
,SIDU F4 WARNA HIJAU,39,25,PCS,"66,040.96","2,575,597.38"
,SIDU F4 WARNA KUNING,56,25,PCS,"65,872.71","3,688,871.64"
,SIDU F4 WARNA MERAH MUDA,54,25,PCS,"66,397.75","3,585,478.60"
,SIKU RAK 12 X 14,0,1,PCS,"12,500.00",0.00
,SMART IQ JETE J2 SERIES (CHARGE MOBIL),24,15,PCS,"34,965.86","839,180.55"
,SMART TV LG 43UA7500,0,0,UNIT,0.00,0.00
,SMART TV POLYTRON 55 INCH,0,0,PCS,"5,645,000.00",0.00
,SMART TV SAMSUNG HG65BU800,0,0,UNIT,"10,990,000.00",0.00
,SMART WIFI SMOKE DETECTOR TUYA SMART ALRM HOME AUTOMATIC,0,1,UNIT,"250,000.00",0.00
,SODIMM ADATA DDR4 16GB,0,1,PCS,"390,000.00",0.00
,SODIMM ADATA DDR4 8GB PC 3200,0,1,PCS,"310,000.00",0.00
,SODIMM ADATA DDR5 8GB,1,1,PCS,"430,000.00","430,000.00"
,SODIMM APACER DDR4 16GB PC 3200HZ,1,1,PCS,"664,000.00","664,000.00"
,SODIMM Apacer DDR4 8GB PC 3200,0,0,PCS,"360,000.00",0.00
,SODIMM CORSAIR DDR 3L 4GB,0,1,PCS,"397,666.67",0.00
,SODIMM CORSAIR DDR3L 8GB LOW VOLT,0,1,PCS,"600,000.00",0.00
,SODIMM CORSAIR DDR4 8GB,0,1,PCS,"500,000.00",0.00
,SODIMM CRUCIAL DDR5 8GB PC 5600 CL46,0,1,PCS,"520,000.00",0.00
,SODIMM DDR4 COPOTAN,0,1,PCS,"150,000.00",0.00
,SODIMM DDR5 16GB,0,1,PCS,"800,000.00",0.00
,SODIMM DIGITAL ALLIANCE DDR3L 4GB,0,1,PCS,"145,000.00",0.00
,SODIMM DIGITAL ALLIANCE DDR3L 8GB,0,1,PCS,"180,000.00",0.00
,SODIMM ELITE DDR4 16GB 3200,0,1,PCS,"680,000.00",0.00
,SODIMM KINGSTONE / HYNIX DDR3L 8GB,0,1,PCS,"108,046.44",0.00
,SODIMM KINGSTONE DDR3L 4GB,0,1,PCS,"70,000.00",0.00
,SODIMM KINGSTONE DDR4 16GB PC 3200 #,0,1,PCS,"660,000.00",0.00
,SODIMM KINGSTONE DDR4 4GB KG,0,1,PCS,"292,057.61",0.00
,SODIMM KINGSTONE DDR4 4GB PC3200,0,1,PCS,"209,231.67",0.00
,SODIMM KINGSTONE DDR4 8GB KG,0,1,PCS,"180,000.00",0.00
,SODIMM KINGSTONE DDR4 8GB PC 3200,3,1,PCS,"152,500.00","457,500.00"
,SODIMM KINGSTONE DDR4 FURY 16GB PC 3200,0,1,PCS,"541,000.00",0.00
,SODIMM KINGSTONE DDR4 FURY 8GB PC 3200,0,1,PCS,"315,000.00",0.00
,SODIMM LEXAR DDR 4 4GB PC4-2666,0,1,PCS,"296,000.00",0.00
,SODIMM LEXAR DDR4 16GB PC4 3200,0,1,PCS,0.00,0.00
,SODIMM LEXAR DDR4 4GB 3200,0,1,PCS,"178,281.25",0.00
,SODIMM LEXAR DDR4 8GB PC 3200,0,1,PCS,"260,000.00",0.00
,SODIMM NETAC BASIC DDR4 4GB PC 2666,0,1,PCS,"225,000.00",0.00
,SODIMM RX7 DDR3 8GB L,0,1,PCS,"200,000.00",0.00
,SODIMM SAMSUNG DDR4 4GB PC 3200,0,1,PCS,"195,500.00",0.00
,SODIMM SAMSUNG DDR5 8GB PC5 4800,0,1,PCS,"400,000.00",0.00
,SODIMM SKY HYNIX DDR4 4GB,0,1,PCS,0.00,0.00
,SODIMM TEAM ELITE DDR 4 4GB,0,1,PCS,"170,000.00",0.00
,SODIMM TEAM ELITE DDR3 4GB LOW VOLT,0,1,PCS,"160,000.00",0.00
,SODIMM TEAM ELITE DDR3 8GB LOW VOLT PC 1600,0,1,PCS,"282,500.00",0.00
,SODIMM TEAM ELITE DDR4 8GB @,-1,1,PCS,"388,750.00","-388,750.00"
,SODIMM TEAM ELITE DDR5 16GB 5600MHZ,0,1,PCS,"750,000.00",0.00
,SODIMM TEAM ELITE DDR5 8GB 5600HZ,3,1,PCS,"480,000.00","1,440,000.00"
,SODIMM TRANSCEND 4GB DDR 4 3200 #,1,1,PCS,"173,000.00","173,000.00"
,SODIMM VISIPRO  DDR4 16GB 3200MHZ,0,0,PCS,"545,000.00",0.00
,SODIMM VISIPRO DDR 3 4GB LOW VOLT,0,1,PCS,"140,000.00",0.00
,SODIMM VISIPRO DDR 3 8GB,0,1,PCS,"312,000.00",0.00
,SODIMM VISIPRO DDR4 4GB NW,0,1,PCS,"305,000.00",0.00
,SODIMM VISIPRO DDR4 8GB,0,1,PCS,"475,000.00",0.00
,SOFTWARE KASPERSKY ANTI VIRUS 1 (KAV 1),0,1,PCS,"116,000.00",0.00
,SOFTWARE KASPERSKY ANTI VIRUS 3 (KAV 3),0,1,UNIT,"308,000.00",0.00
,SOFTWARE MICROSOFT OFFICE 365 PERSONAL,0,1,PCS,"720,000.00",0.00
,SOFTWARE OFFICE 365 PERSONAL,0,1,PCS,"770,000.00",0.00
,SOLUTION X601,0,1,PCS,"3,677,900.00",0.00
,SONY FDR AX43A,0,1,UNIT,"10,845,000.00",0.00
,SONY HVL F28 EXT FLASH SONY A7,0,1,UNIT,"3,850,000.00",0.00
,SONY SHOULDER BAG,0,1,UNIT,"190,000.00",0.00
,SOUNDCARD MIXER V8,0,1,UNIT,"98,500.00",0.00
,SOUNDCARD USB 7.1,24,15,PCS,"11,712.49","281,099.71"
,SP24-013 Epson Program Rebate - EPR Sell In H1 FY24,-1,0,JASA,0.00,0.00
,SPEAKER ADVAN DUO 050,19,70,PCS,"56,812.90","1,079,445.16"
,SPEAKER ADVANCE BT CLS - 201BT 2.1 CHANNEL,0,1,UNIT,"137,000.00",0.00
,SPEAKER ADVANCE CLS 108,62,1,PCS,"48,761.74","3,023,227.73"
,SPEAKER ADVANCE DUO 026,6,40,PCS,"53,000.00","318,000.00"
,SPEAKER ADVANCE H-24 A,0,1,PCS,"215,000.00",0.00
,SPEAKER ADVANCE H-24 BT,0,2,PCS,"250,000.00",0.00
,SPEAKER ADVANCE K1201,1,0,PCS,"985,000.00","985,000.00"
,SPEAKER ADVANCE K1212,0,1,PCS,"1,250,000.00",0.00
,SPEAKER ADVANCE K1501,0,1,UNIT,"950,000.00",0.00
,SPEAKER ADVANCE K1502,0,1,UNIT,"1,225,000.00",0.00
,SPEAKER ADVANCE K1506,0,1,UNIT,"1,250,000.00",0.00
,SPEAKER ADVANCE K1512,0,1,PCS,"1,800,000.00",0.00
,SPEAKER ADVANCE K1512E,0,1,UNIT,"1,625,000.00",0.00
,SPEAKER ADVANCE K1512H,0,1,UNIT,"1,585,000.00",0.00
,SPEAKER ADVANCE K1512K,0,1,UNIT,"1,585,000.00",0.00
,SPEAKER ADVANCE K1812,0,1,UNIT,"2,225,000.00",0.00
,SPEAKER ADVANCE KK1600,0,1,UNIT,"3,500,000.00",0.00
,SPEAKER ADVANCE M10 BT,12,1,PCS,"284,000.00","3,408,000.00"
,SPEAKER ADVANCE M8 BT,0,1,UNIT,"237,500.00",0.00
,SPEAKER BOX OVAL BOSTON,0,1,UNIT,"200,000.00",0.00
,SPEAKER BT A006,0,1,PCS,"60,000.00",0.00
,SPEAKER BT E1304 2.1,0,1,UNIT,"143,759.62",0.00
,SPEAKER BT E2202 KY,1,1,UNIT,"277,604.79","277,604.79"
,SPEAKER BT J A005,1,1,PCS,"40,000.00","40,000.00"
,SPEAKER BT KCX M02,0,1,PCS,"55,000.00",0.00
,SPEAKER BT T5,6,5,PCS,"40,000.00","240,000.00"
,SPEAKER CAFE,0,1,PCS,0.00,0.00
,"SPEAKER DINDING 6,5",0,1,PAKET,"800,000.00",0.00
,SPEAKER GMC 886G / 886E,2,1,PCS,"420,000.00","840,000.00"
,SPEAKER JBL TG 143,2,3,PCS,"90,000.00","180,000.00"
,SPEAKER JBL TG 162,11,3,PCS,"50,000.00","550,000.00"
,SPEAKER LAD 1030 RGB,0,1,PCS,"50,000.00",0.00
,SPEAKER LAD LD550 ( 2PCS ),0,1,UNIT,"1,750,000.00",0.00
,SPEAKER LAPTOP INTERNAL,3,1,PCS,"72,222.22","216,666.67"
,SPEAKER LD 18 CHARLIE / BETA / ALPHA,9,1,PCS,"99,326.92","893,942.31"
,SPEAKER LD 18 FAMILY,1,1,PCS,"78,000.00","78,000.00"
,SPEAKER LD 18 KTV,0,1,UNIT,"195,000.00",0.00
,SPEAKER LD 18 RAINBOW,1,1,PCS,"98,000.00","98,000.00"
,SPEAKER LD 18 SOUNDBAR,1,1,PCS,"140,000.00","140,000.00"
,SPEAKER MIKUSO SFK-049,15,20,UNIT,"45,000.00","675,000.00"
,"SPEAKER NOISE TYPE 899 15""",0,1,UNIT,"1,150,000.00",0.00
,SPEAKER SIMBADDA CST700N PLUS,0,1,UNIT,"805,000.00",0.00
,SPEAKER TECKYO 778D / 778C / 778B,2,2,PCS,"289,021.16","578,042.33"
,SPEAKER WIRELESS BARETONE MAX15NB 15 INCS,0,1,UNIT,"4,350,000.00",0.00
,SPEAKER WIRLESS 1201,0,1,UNIT,"1,020,000.00",0.00
,SPEAKER WIRLESS ZUMBA,0,1,UNIT,"1,575,000.00",0.00
,"SPEAKER, TRIPOT, AMPLI DAN MIC",0,1,SET,"3,500,000.00",0.00
,SPEAKET LD MINI KTV,1,1,UNIT,"155,000.00","155,000.00"
,SPEED LITE GODOX,0,1,UNIT,"1,130,000.00",0.00
,SPEED LITE GODOX TT 560 II,0,1,UNIT,"700,000.00",0.00
,SPEEDLITE CANON 340EX iii,0,1,UNIT,"3,790,000.00",0.00
,SPEEDLITE YONGNUO III,0,1,PCS,"850,000.00",0.00
,SPEEDLITE YONGNUO YN 560,0,1,PCS,"850,000.00",0.00
,SPIDOL ARTLINE WHITE BOARD,114,10,KOTAK,"62,000.00","7,068,000.00"
,SPIDOL PERMANENT ARTLINE,61,24,PCS,"4,166.67","254,166.66"
,SPIDOL PERMANENT SNOWMAN,826,1,PCS,"4,795.68","3,961,230.86"
,SPIDOL SNOWMAN WHITE BOARD (WB-BG-12 HT),1686,100,PCS,"6,150.68","10,370,041.08"
,SPLITER RATIO 8 WAY UPS,0,1,PCS,"85,000.00",0.00
,SSD ADATA 1TB LEGEND 710 PCIE GEN 3X4 M.2 2280,0,1,PCS,"1,005,000.00",0.00
,"SSD ADATA 1TB ULTIMATE SU650 3D NAND 2,5 SATA",1,1,PCS,"805,000.00","805,000.00"
,SSD ADATA 240GB ULTIMATE SU650 M2 2280 3D NAND SATA,0,1,PCS,"300,000.00",0.00
,SSD ADATA 256GB ULTIMATE SU650 3D NAND 2.5 SATA,0,1,PCS,"325,000.00",0.00
,SSD ADATA 512GB 3D NAND SATA,0,0,PCS,"495,000.00",0.00
,SSD APACER 1TB AS350 PANTHER SATA III,0,1,PCS,"1,195,000.00",0.00
,"SSD APACER 240GB AS340 PANTHER SATA 2,5",-1,1,PCS,"270,191.47","-270,191.47"
,SSD APACER 240GB M.2 AST280,0,1,PCS,"266,666.67",0.00
,SSD APACER 256GB M.2 2280 NVME,1,1,PCS,"350,000.00","350,000.00"
,"SSD APACER 256GB SATA 2,5  #",0,20,PCS,"290,000.00",0.00
,"SSD APACER 512GB AS350 PANTHER SATA III 2,5",1,1,PCS,"795,000.00","795,000.00"
,SSD APACER 512GB M.2 2280 NVME AS2280P4,-1,1,PCS,"765,000.00","-765,000.00"
,SSD COLORFUL 128GB M.2 NVME,0,1,PCS,0.00,0.00
,SSD COLORFUL 256GB M.2 NVME,0,1,PCS,"610,000.00",0.00
,SSD COLORFUL 480GB M.2 2280 KODE CN500,0,1,PCS,"440,000.00",0.00
,SSD COLOURFUL 256GB M.2 NVME KODE CN600,0,1,PCS,"380,000.00",0.00
,SSD COLOURFULL 250GB M.2 2280 KODE CN500,0,1,PCS,"418,750.00",0.00
,"SSD DIGITAL ALLIANCE 2,5"" SATA III 3D NAND 256GB",0,1,PCS,"290,000.00",0.00
,"SSD DIGITAL ALLIANCE 2,5"" SATA III 3D NAND 512GB",0,1,PCS,"495,000.00",0.00
,SSD DIGITAL ALLIANCE PRO M.2 2280 NVME PCIE GEN3X4 1TB,0,1,PCS,"1,525,000.00",0.00
,SSD DIGITAL ALLIANCE PRO NVME M.2 3D NAND 256GB PCIE GEN3X4 HEATSINK,0,1,PCS,"300,000.00",0.00
,SSD DURO 256GB M.2 NGFF,0,1,PCS,"265,000.00",0.00
,SSD EXT PORTBALE APACER HYPERSPEED AS723 1TB USB 3.2,0,1,PCS,"1,185,000.00",0.00
,SSD EXTERNAL PORTABLE APACER AS723 512GB,0,1,PCS,"853,000.00",0.00
,SSD EXTERNAL PORTABLE SAMSUNG T7 USB 3.2 1TB,0,0,PCS,"1,075,000.00",0.00
,SSD EXTERNAL PORTABLE SANDISK 1TB SDSSDE61 - 1T00 - G25,0,1,Buah,"1,710,000.00",0.00
,SSD EXTERNAL SANDISK PORTABLE 1TB,1,1,PCS,"1,365,000.00","1,365,000.00"
,SSD GIGABYTE 1TB SATA,0,1,PCS,"697,500.00",0.00
,SSD GIGABYTE NVME M2.2280 256GB,0,1,PCS,"645,000.00",0.00
,"SSD KINGMAX 256GB SIV 2,5"" SATAIII",0,1,PCS,"260,000.00",0.00
,SSD KINGSTONE 120GB SA400S37,0,1,PCS,"280,000.00",0.00
,SSD KINGSTONE 1TB M2 NV2 PCIE 4.0 NVME,0,1,PCS,"995,000.00",0.00
,SSD KINGSTONE 240GB M2,0,3,PCS,"505,000.00",0.00
,"SSD KINGSTONE 240GB SATA 2,5"" NH",46,1,PCS,"337,358.49","15,518,490.57"
,SSD KINGSTONE 250GB M2 SATA NVME SA2000M8,0,1,PCS,"526,000.00",0.00
,SSD KINGSTONE 250GB NV2 PCIE 4.0 NVME,0,1,PCS,"495,000.00",0.00
,"SSD KINGSTONE 480GB SATA 2,5""",0,1,PCS,"850,000.00",0.00
,SSD KINGSTONE 500GB NV2 PCIE 4.0 NVME,0,1,PCS,"695,000.00",0.00
,"SSD LEXAR 1TB LNS100 SATA 2,5""",0,1,PCS,"1,295,000.00",0.00
,SSD LEXAR 1TB NM620 NVME PCIE GEN 3X4,0,1,PCS,"1,445,000.00",0.00
,SSD LEXAR 1TB NQ700 M.2 2280 PCIE GEN 4X4 NVME 4500MB/s,1,1,PCS,"945,000.00","945,000.00"
,SSD LEXAR 256GB LNS100 - 256RB VALUE 2.5 SATA,15,25,PCS,"335,227.57","5,028,413.50"
,SSD LEXAR 256GB NM620 M.2 2280 NVME PCI GEN3X4,0,1,PCS,"415,000.00",0.00
,SSD LEXAR 2TB NM610 PRO M.2 2280 PCIE GEN3X4 NVME,0,1,PCS,"1,955,000.00",0.00
,"SSD LEXAR 512GB LNS100-512RB VALUE 2,5 SATA",0,1,PCS,"578,333.33",0.00
,SSD LEXAR 512GB NM620 M.2 2280 NVME PCIE GEN 3X4,1,1,PCS,"635,000.00","635,000.00"
,SSD M.2 NGFF DURO 256GB,0,1,Buah,"260,000.00",0.00
,SSD M2 256GB NMVE BEKAS,0,2,PCS,"450,000.00",0.00
,SSD M2 LEXAR NM610 NVME 250GB,0,3,PCS,"500,000.00",0.00
,SSD M2 VISIPRO ULTRA 256GB,0,5,PCS,"480,000.00",0.00
,"SSD MCQUEST FALCON 256GB 2,5"" SATA",0,1,PCS,"275,000.00",0.00
,"SSD MCQUEST FALCON 512GB 2,5"" SATA",0,1,PCS,"580,000.00",0.00
,SSD MSI SPATIUM M371 1TB PCIE 3.0 X 4 NVME M.2,0,1,PCS,"1,095,000.00",0.00
,SSD MSI SPATIUM M371 500GB PCIE NVME #,0,1,PCS,0.00,0.00
,SSD MSI SPATIUM M390 250GB PCIE 3.0 NVME M.2,0,1,PCS,"505,000.00",0.00
,SSD MSI SPATIUM M450 1TB PCIE 4.0 NVME M2,0,1,PCS,"1,180,000.00",0.00
,"SSD MSI SPATIUM S270 240GB SATA 2,5",8,1,PCS,"327,500.00","2,620,000.00"
,SSD N-TECH 256GB,0,1,PCS,0.00,0.00
,SSD NVME M.2 COPOTAN,0,1,PCS,"180,000.00",0.00
,SSD OSCO 128GB,0,1,PCS,"170,000.00",0.00
,"SSD PNY 1TB 2,5"" SATA",0,1,PCS,"770,000.00",0.00
,"SSD PNY 250 2,5"" SATA",4,1,PCS,"338,750.00","1,355,000.00"
,SSD PNY 256GB M.2 2280 NVME GEN3X4,0,1,PCS,"340,000.00",0.00
,"SSD PNY 500GB 2,5"" SATA",0,1,PCS,"450,000.00",0.00
,SSD PNY 500GB CS1031 M.2 NVME GEN3X4 #,0,1,PCS,"655,000.00",0.00
,SSD SAMSUNG 1TB 870,0,1,PCS,"1,505,000.00",0.00
,SSD SAMSUNG 1TB 980 NVME,0,1,PCS,"1,460,000.00",0.00
,SSD SAMSUNG 1TB 980 PRO NVME M.2,0,1,PCS,"3,230,000.00",0.00
,SSD SAMSUNG 250GB 970 EVO PLUS NVME M.2,0,1,PCS,"715,000.00",0.00
,SSD SAMSUNG 250GB 980 NVME,0,1,PCS,"715,000.00",0.00
,SSD SAMSUNG 500GB 870 EVO,0,1,PCS,"975,000.00",0.00
,SSD SAMSUNG 500GB 980 NVME,0,1,PCS,"750,000.00",0.00
,SSD SAMSUNG 500GB 980 PRO NVME M.2,0,1,PCS,"1,970,000.00",0.00
,SSD SANDISK PLUS 240GB,4,25,PCS,"295,709.73","1,182,838.92"
,SSD SANDISK PLUS 480GB,0,1,PCS,"870,000.00",0.00
,SSD SANDISK ULTRA 1TB 3D,0,1,PCS,"1,280,000.00",0.00
,SSD SANDISK ULTRA 500GB 3D,0,1,PCS,"805,000.00",0.00
,SSD SATA APACER 480GB PANTHER,1,1,PCS,"490,000.00","490,000.00"
,SSD SATA GENUINE 256GB,5,1,PCS,"342,500.00","1,712,500.00"
,SSD SATA OSCOO 256GB,0,25,PCS,"350,000.00",0.00
,SSD SONIX 256GB M.2 NGFF,5,1,PCS,"445,500.00","2,227,500.00"
,SSD TEAM 1TB EX2 ELITE 3D NAND SATA III,0,1,PCS,"995,000.00",0.00
,SSD TEAM 256GB CX2 CLASSIC 3D NAND SATA III #,1,20,PCS,"347,350.30","347,350.30"
,SSD TEAM 256GB MP33 NVME M.2 2280,0,1,PCS,"325,000.00",0.00
,SSD TEAM 256GB MS30 M.2 SATA III,0,1,PCS,"415,277.78",0.00
,SSD TEAM 256GB T-FORCE VULCAN Z SATA III #,7,1,PCS,"296,111.11","2,072,777.78"
,"SSD TEAM 512GB CX2 CLASSIC 3D NAND SATA III 2,5"" #",0,1,PCS,"540,000.00",0.00
,SSD TEAM 512GB MS30 M.2 SATA III,0,1,PCS,"705,000.00",0.00
,SSD TEAM 512GB T-FORCE VULCAN Z SATA III #,0,1,PCS,"505,000.00",0.00
,SSD TRANSCEND 250GB SATA III,5,1,PCS,"475,000.00","2,375,000.00"
,"SSD VGEN 256GB SATA 2,5""",0,15,PCS,"458,000.00",0.00
,SSD VGEN M2 NVME HYPER 256 GB,0,1,PCS,"558,000.00",0.00
,SSD WD BLACK 500GB GEN4 SN770 NVME M.2 2280 GEN4 5000MB/S,0,1,PCS,"905,000.00",0.00
,SSD WD BLUE 500GB 3D NAND,0,1,PCS,"975,000.00",0.00
,STABILO,23,1,PCS,"6,000.00","138,000.00"
,STAND BARCODE SCANNER,1,1,PCS,"48,500.00","48,500.00"
,STAVOL 500,0,1,PCS,"270,000.00",0.00
,STAVOLT CALTECH,0,1,UNIT,"475,000.00",0.00
,STAVOLT MATSUNAGA 3000VA,0,1,UNIT,"1,050,000.00",0.00
,STAVOLT MOTOR 1000VA SAMOTO,1,1,UNIT,"525,000.00","525,000.00"
,STAVOLT MOTOR 500VA,0,1,PCS,"450,000.00",0.00
,STB INDIE HOME,0,1,PCS,"200,000.00",0.00
,STEKER 3 KE 2,19,1,PCS,"10,000.00","190,000.00"
,STEKER LISTRIK BULAT,0,1,PCS,"8,000.00",0.00
,STEKER LISTRIK THOYA,0,1,PCS,"8,000.00",0.00
,STEPLES DELI HD 10 E0224,10,1,PCS,"7,225.00","72,250.00"
,STEPLES DELI HD 50 24/6 E0325,10,1,PCS,"15,600.00","156,000.00"
,STEPLES JOYKO HD 50 CL NO 24,85,50,PCS,"17,424.00","1,481,040.00"
,STEPLES KANGARO HS-45P,0,1,PCS,"25,000.00",0.00
,STEPLES KANGARO KECIL NO 10,277,1,PCS,"12,297.52","3,406,412.37"
,STEPLES KANGARO TRENDY 35,66,1,PCS,"20,550.00","1,356,300.00"
,STICK PS 2 HITAM,112,30,PCS,"29,495.03","3,303,442.86"
,STICK PS 2 WARNA,100,30,PCS,"34,000.00","3,400,000.00"
,STIKER CAMEL GLOSSY A3 ISI 100,74,10,PCS,"117,395.35","8,687,255.81"
,STIKER CAMEL GLOSSY F4 CAST COAT,356,70,PCS,"58,416.61","20,796,314.60"
,STIKER CAMEL HVS f4,148,100,PCS,"48,555.29","7,186,182.90"
,STIKER NAMA UNDANGAN MOTIF KEMBANG 103,2517,100,PCS,"2,400.00","6,040,800.00"
,STIKER NAMA UNDANGAN POLOS (103),1500,1000,PCS,"2,200.06","3,300,091.14"
,SUNTIKAN SPUIT 10 ML,222,10,PCS,"1,233.33","273,800.00"
,SWITCH FRONT PANEL CPU ( TOMBOL POWER CASING ),31,2,PCS,"4,371.43","135,514.29"
,SWITCH LAN 8 PORT GIGABIT DLINK DGS 108 #,0,1,PCS,"296,000.00",0.00
,SWITCH LAN 8 PORT POE TPLINK TL SF1008P,0,1,PCS,"560,000.00",0.00
,SWITCH LAN TPLINK 5 PORT LS105G 10/100/1000Mbps,3,1,PCS,"172,000.00","516,000.00"
,SWITCH LAN TPLINK GIGABITE 16 PORT,0,1,PCS,"1,230,000.00",0.00
,SWITCH PRINTER 1 - 4 AUTO,2,1,UNIT,"137,555.56","275,111.11"
,SWITCH PRINTER 4 PORT,34,3,PCS,"40,001.55","1,360,052.76"
,TAB SAMSUNG A9 LTE,0,1,UNIT,"2,500,000.00",0.00
,TABUNG INFUS 4 WARNA,213,5,PCS,"18,228.75","3,882,722.82"
,TABUNG INFUS 5 WARNA,2,3,PCS,"34,354.08","68,708.17"
,TALI BELT L210,28,1,PCS,"25,913.43","725,576.01"
,TALI CAMERA,16,2,Buah,"38,571.43","617,142.86"
,TALI DADA ID CARD,99,5,PCS,"2,000.00","198,000.00"
,TALI FD,44,5,PCS,"1,500.00","66,000.00"
,TALI RAFIAH,61,1,KG,"14,000.00","854,000.00"
,TALI TIS,26,2,PACK,"31,910.32","829,668.44"
,TANG CRIMPING EZ 7028,2,1,UNIT,"284,546.40","569,092.79"
,TANG CRIMPING GAINTECH,0,2,PCS,"65,000.00",0.00
,TANG CRIMPING RJ45 BIASA,40,20,PCS,"29,039.95","1,161,597.97"
,TANG CRIMPING TOOL DOUBLE HT-500R,0,1,PCS,"73,000.00",0.00
,TANG CRIMPING TOOL VENTION MULTI-FUNCTION,5,5,PCS,"92,555.56","462,777.78"
,TAS BRANDED POLOS 14 INCH,9,1,PCS,"29,388.85","264,499.65"
,TAS CAMERA,25,10,PCS,"27,096.15","677,403.85"
,TAS CAMERA EOS,60,10,PCS,"40,000.00","2,400,000.00"
,TAS CAMERA EOS KOTAK BESAR,2,1,PCS,"110,000.00","220,000.00"
,TAS CAMERA POCKET HARD CASE,4,3,PCS,"22,000.00","88,000.00"
,TAS CAMERA XTECH,9,2,PCS,"30,000.00","270,000.00"
,TAS LAPTOP ACER,30,1,PCS,"59,236.11","1,777,083.33"
,TAS LAPTOP HP,18,1,PCS,"57,500.00","1,035,000.00"
,TAS RANSEL ACER,56,1,PCS,"58,607.82","3,282,037.93"
,TAS RANSEL ASUS,151,1,PCS,"57,500.00","8,682,500.00"
,TAS ULTIMATE,112,10,PCS,"84,619.66","9,477,402.27"
,"TAS ULTIMATE 12""",10,10,PCS,"86,149.25","861,492.50"
,TAXI,0,1,JASA,"230,000.00",0.00
,TEMPAT ID CARD B1,35,5,PCS,"2,500.00","87,500.00"
,TEMPAT ID CARD B3,36,5,PCS,"1,500.00","54,000.00"
,TEMPAT ID CARD B4,4,5,PCS,"1,250.00","5,000.00"
,TEMPAT ID CARD MIKA,43,5,PCS,"1,000.00","43,000.00"
,TEMPAT ID CARD PLASTIK,33,5,PCS,"1,000.00","33,000.00"
,TENDA AC10U AC1200 MU-MIMO DUAL BAND GIGABIT WIFI,0,1,UNIT,"556,000.00",0.00
,TENDA SWITCH 5 PORT TEG1005D ( GIGABIT HUB LAN ),0,1,UNIT,"168,000.00",0.00
,TENDA SWITCH 8 PORT SG108 GIGABIT,1,1,PCS,"260,000.00","260,000.00"
,TERMINAL 4 LUBANG,0,1,PCS,"50,000.00",0.00
,TERMINAL LISTRIK 2 LUBANG,0,1,PCS,"13,000.00",0.00
,TERMINAL LISTRIK 2 LUBANG CAHAYA,0,1,PCS,"9,000.00",0.00
,THERMAL PAPER ROLL BP 80 X 80MM,12,5,PCS,"16,750.00","201,000.00"
,THERMAL PAPER ROLL BP LITE 80 X 80,237,130,PCS,"12,561.24","2,977,013.79"
,THERMO GUN,0,1,PCS,"140,000.00",0.00
,TIMBANGAN DUDUK NEWTECH NT 15E,0,0,PCS,"1,011,500.00",0.00
,TINTA ABSOLUTE BROTHER 100ML CYAN,2,1,PCS,"35,000.00","70,000.00"
,TINTA ABSOLUTE BROTHER 100ML MAGENTA,1,1,PCS,"35,000.00","35,000.00"
,TINTA ABSOLUTE BROTHER 100ML YELLOW,2,1,PCS,"35,000.00","70,000.00"
,TINTA ART PAPER KOREA BLACK,0,3,PCS,"100,103.10",0.00
,TINTA ART PAPER KOREA CYAN,0,3,PCS,"101,413.21",0.00
,TINTA ART PAPER KOREA LIGHT CYAN,5,1,PCS,"100,612.70","503,063.49"
,TINTA ART PAPER KOREA LIGHT MAGENTA,3,1,PCS,"100,800.22","302,400.67"
,TINTA ART PAPER KOREA MAGENTA,0,3,PCS,"100,067.88",0.00
,TINTA ART PAPER KOREA YELLOW,0,3,PCS,"100,070.41",0.00
,TINTA BROTHER BT5000C CYAN,4,1,PCS,"91,666.67","366,666.67"
,TINTA BROTHER BT5000M MAGENTA,3,1,PCS,"91,666.67","275,000.00"
,TINTA BROTHER BT5000Y YELLOW,5,1,PCS,"91,923.08","459,615.38"
,TINTA BROTHER BT6000BK BLACK,15,1,PCS,"92,812.50","1,392,187.50"
,TINTA CANON ORI 71 BLACK NON PACK,1,1,PCS,"38,000.00","38,000.00"
,TINTA CANON ORI 71 CYAN NON PACK,-1,1,PCS,"38,000.00","-38,000.00"
,TINTA CANON ORI 71 MAGENTA NON PACK,1,0,PCS,"38,000.00","38,000.00"
,TINTA CANON ORI 71 YELLOW NON PACK,3,1,PCS,"38,000.00","114,000.00"
,TINTA CANON ORI 790 BLACK,31,80,PCS,"100,000.00","3,100,000.00"
,TINTA CANON ORI 790 BLACK NON PACK,2,1,PCS,"36,000.00","72,000.00"
,TINTA CANON ORI 790 CYAN,12,40,PCS,"102,000.00","1,224,000.00"
,TINTA CANON ORI 790 CYAN NON PACK,145,1,PCS,"32,700.32","4,741,546.89"
,TINTA CANON ORI 790 MAGENTA,0,40,PCS,"98,438.87",0.00
,TINTA CANON ORI 790 MAGENTA NON PACK,129,1,PCS,"32,688.99","4,216,879.23"
,TINTA CANON ORI 790 YELLOW,35,40,PCS,"102,000.00","3,570,000.00"
,TINTA CANON ORI 790 YELLOW NON PACK,132,1,PCS,"32,585.52","4,301,288.68"
,TINTA CANON ORI GI - 71 BLACK,42,25,PCS,"101,649.01","4,269,258.42"
,TINTA CANON ORI GI - 71 C,59,35,PCS,"102,530.46","6,049,297.23"
,TINTA CANON ORI GI - 71 M,95,35,PCS,"103,827.55","9,863,617.50"
,TINTA CANON ORI GI - 71 Y,12,35,PCS,"104,492.57","1,253,910.83"
,TINTA CANON ORI GI 71 BLACK NON PACK,1,1,PCS,"40,000.00","40,000.00"
,TINTA CANON ORI GI 71 CYAN NON PACK,2,1,PCS,"38,000.00","76,000.00"
,TINTA CANON ORI GI 71 MAGENTA NON PACK,1,1,PCS,"38,000.00","38,000.00"
,TINTA CANON ORI GI 71 YELLOW NON PACK,0,1,PCS,"38,000.00",0.00
,TINTA CANON ORI GI 71S BK,81,75,PCS,"62,081.61","5,028,610.74"
,TINTA EPRINT CANON 100ML BK,190,50,PCS,"27,920.09","5,304,816.27"
,TINTA EPRINT CANON 100ML C,172,50,PCS,"26,971.43","4,639,085.71"
,TINTA EPRINT CANON 100ML M,214,50,PCS,"27,573.40","5,900,706.80"
,TINTA EPRINT CANON 100ML Y,138,50,PCS,"27,517.63","3,797,432.70"
,TINTA EPSON 001 BLACK,0,1,PCS,"147,000.00",0.00
,TINTA EPSON 001 CYAN,7,1,PCS,"93,000.00","651,000.00"
,TINTA EPSON 001 MAGENTA,6,1,PCS,"93,000.00","558,000.00"
,TINTA EPSON 001 YELLOW,9,1,PCS,"93,461.54","841,153.85"
,TINTA EPSON 003 BLACK,19,300,PCS,"80,310.78","1,525,904.86"
,TINTA EPSON 003 CYAN,39,180,PCS,"79,289.19","3,092,278.55"
,TINTA EPSON 003 MAGENTA,44,180,PCS,"79,298.41","3,489,129.93"
,TINTA EPSON 003 YELLOW,44,180,PCS,"79,356.27","3,491,676.01"
,TINTA EPSON 005 BLACK,10,3,PCS,"143,000.00","1,430,000.00"
,TINTA EPSON 008 BLACK,3,1,PCS,"257,000.00","771,000.00"
,TINTA EPSON 008 CYAN,3,1,PCS,"207,000.00","621,000.00"
,TINTA EPSON 008 MAGENTA,3,1,PCS,"207,000.00","621,000.00"
,TINTA EPSON 008 YELLOW,3,1,PCS,"207,000.00","621,000.00"
,TINTA EPSON 664 BLACK,100,270,PCS,"79,473.11","7,947,311.22"
,TINTA EPSON 664 CYAN,50,120,PCS,"79,236.94","3,961,847.14"
,TINTA EPSON 664 MAGENTA,82,120,PCS,"78,976.00","6,476,031.62"
,TINTA EPSON 664 YELLOW,58,120,PCS,"78,835.12","4,572,437.06"
,TINTA EPSON 673 BLACK,14,10,PCS,"126,732.76","1,774,258.65"
,TINTA EPSON 673 CYAN,14,10,PCS,"123,923.72","1,734,932.03"
,TINTA EPSON 673 LC,14,10,PCS,"129,850.68","1,817,909.50"
,TINTA EPSON 673 LM,11,10,PCS,"129,666.67","1,426,333.33"
,TINTA EPSON 673 MAGENTA,14,10,PCS,"127,207.33","1,780,902.67"
,TINTA EPSON 673 YELLOW,12,10,PCS,"127,215.55","1,526,586.63"
,TINTA EPSON 774,9,10,PCS,"167,000.00","1,503,000.00"
,TINTA HP  GT 52 MAGENTA,30,3,PCS,"80,301.73","2,409,052.04"
,TINTA HP GT 52 CYAN,25,3,PCS,"81,668.51","2,041,712.83"
,TINTA HP GT 52 YELLOW,17,3,PCS,"80,994.83","1,376,912.08"
,TINTA HP GT 53 BLACK,20,10,PCS,"81,950.96","1,639,019.21"
,TINTA REFFIL BROTHER BTD60BK BLACK,1,1,PCS,"91,923.08","91,923.08"
,TINTA SPIDOL PERMANENT,53,5,PCS,"12,163.46","644,663.46"
,TINTA SPIDOL SNOWMAN PERMANEN MIG-20 HITAM,476,10,PCS,"8,250.00","3,927,000.00"
,TINTA SPIDOL SNOWMAN WBI-20 HT ( WHITE BOARD ),60,100,PCS,"13,296.36","797,781.57"
,TINTA STEMPEL YAMURA,67,10,PCS,"2,737.34","183,401.64"
,TINTA TRODAT BIRU,3,1,PCS,"36,632.81","109,898.44"
,TINTA TRODAT HIJAU,0,2,PCS,"38,500.00",0.00
,TINTA TRODAT HITAM,0,3,PCS,"40,050.00",0.00
,TINTA TRODAT KUNING,0,3,PCS,"36,000.00",0.00
,TINTA TRODAT MERAH,2,3,PCS,"36,056.82","72,113.64"
,TINTA TRODAT UNGU,0,3,PCS,"36,625.00",0.00
,TOA AMPLIFIER ZA-230W,0,1,PCS,"801,075.00",0.00
,TOA CEILING SPEAKER ROUND ZS-646R,0,1,PCS,"230,000.00",0.00
,TOA MICROPHONE ZM-380-AS,0,1,PCS,"707,025.00",0.00
,TONER KYOCERA,2,1,PCS,"180,000.00","360,000.00"
,TPLINK ARCHER A6 AC1200 WIRLESS MU-MIMO GIGABYTE ROUTER VER 4.0,0,1,UNIT,"540,000.00",0.00
,TPLINK Archer AX12 AX1500 6 Router,0,0,PCS,"416,000.00",0.00
,TPLINK ARCHER AX23 AX1800 DUAL BAND WIFI 6 ROUTER,0,1,UNIT,"779,000.00",0.00
,TPLINK ARCHER AX53 AX3000 DUAL BAND GIGABIT WI-FI 6 ROUTER,1,1,UNIT,"915,000.00","915,000.00"
,TPLINK ARCHER C54,1,1,PCS,"265,000.00","265,000.00"
,TPLINK ARCHER C64,0,1,UNIT,0.00,0.00
,TPLINK ARCHER C64 AC1200 WIFI ROUTER DUAL BAND FULL GIGABYTE,0,1,UNIT,"404,000.00",0.00
,TPLINK ARCHER T2U PLUS AC600 HIGH GAIN WIRELESS DUAL BAND USB ADAPTER,0,1,PCS,"163,000.00",0.00
,TPLINK ARCHER TX3000E AX3000 WIFI 6 BT 5.0 PCIE ADAPTER,0,1,PCS,"660,000.00",0.00
,TPLINK CPE610 OUTDOOR,0,1,PCS,"655,000.00",0.00
,TPLINK MR 3420,2,2,PCS,"330,000.00","660,000.00"
,TPLINK PRINT SERVER TL-PS110P,0,1,UNIT,"450,000.00",0.00
,TPLINK PRINT SERVER WPS510 USB WIFI,1,1,PCS,"620,000.00","620,000.00"
,TPLINK ROUTER TL WR840N,128,50,PCS,"129,054.94","16,519,031.83"
,TPLINK ROUTER TL-MR6400 300 MBPS WIRELESS,0,1,PCS,"775,000.00",0.00
,TPLINK ROUTER TL-WR941HP POWER,0,1,UNIT,"665,000.00",0.00
,TPLINK SF1005 SWITCH LAN 5 PORT ( HUB LAN 5 PORT B),45,40,PCS,"86,264.14","3,881,886.31"
,TPLINK SG1048 HUB SWITCH 48 PORT GIGABIT,0,0,UNIT,0.00,0.00
,TPLINK SWITCH 16 PORT TL-SG1016D GIGABIT DEKSTOP RACKMOUT @,1,1,PCS,"680,000.00","680,000.00"
,TPLINK SWITCH 24 PORT TL-SF1024D (HUB 24 PORT),2,1,UNIT,"421,000.00","842,000.00"
,TPLINK SWITCH 24 PORT TL-SF1024M 10/100MBPS DESKTOP VES2.0 ( HUB LAN 24 PORT ),0,1,UNIT,"385,000.00",0.00
,TPLINK SWITCH 5 PORT LS1005 ( HUB LAN 5 PORT K ),67,40,UNIT,"65,612.42","4,396,032.40"
,TPLINK SWITCH 5 PORT TL-SG1005D GIGABIT #,4,1,PCS,"185,000.00","740,000.00"
,TPLINK SWITCH 8 PORT GIGABIT + POE VER 6.0,0,1,PCS,"625,000.00",0.00
,TPLINK SWITCH 8 PORT LS1008 (HUB LAN 8 PORT K),55,40,PCS,"82,504.02","4,537,721.22"
,TPLINK SWITCH 8 PORT SG108 ( GIGABIT HUB LAN ),1,1,UNIT,"291,095.24","291,095.24"
,TPLINK SWITCH 8 PORT TL SF1008D HUB ( HUB LAN 8 PORT B ),88,40,PCS,"107,545.08","9,463,967.39"
,TPLINK TL WR844N,86,25,UNIT,"137,766.08","11,847,883.04"
,TPLINK TL-SF1016D SWITCH 16 PORT (HUB LAN 16 PORT),1,1,PCS,"252,000.00","252,000.00"
,TPLINK TL-WA855RE,0,1,UNIT,"208,000.00",0.00
,TRIPOD CAMERA BEIKE Q 999H PROFESIONAL QZSD,0,0,PCS,"925,000.00",0.00
,TRIPOD KINGJOY VT1500,0,0,PCS,"930,000.00",0.00
,TRIPOT CAMERA EXCELL PROMOS,0,1,PCS,"190,000.00",0.00
,TRIPOT CAMERA GMX L-140,22,1,UNIT,"141,939.39","3,122,666.67"
,TRIPOT CAMERA TAKARA,0,5,PCS,"198,000.00",0.00
,TRIPOT HP 3120A #,48,5,PCS,"57,592.99","2,764,463.59"
,TRIPOT HP GMC 01,1,5,PCS,"64,000.00","64,000.00"
,TRIPOT HP KECIL,14,1,PCS,"10,000.00","140,000.00"
,TRIPOT HP WEIFENG 3110,0,1,UNIT,"34,000.00",0.00
,"TRIPOT LAYAR PROJECTOR 70"" 172cm x 172cm SCREEN PROJECTOR",2,5,PCS,"365,000.00","730,000.00"
,"TRIPOT SCREEN 84""",0,1,PCS,"1,100,000.00",0.00
,TRIPOT SOMITA ST 3520,6,1,UNIT,"203,181.82","1,219,090.91"
,TRIPOT TAKARA ECO 183 A,0,1,UNIT,"150,000.00",0.00
,TRIPOT TAKARA LEGACY 234,0,1,UNIT,"241,358.28",0.00
,TRIPOT TAKARA ROVER 66,0,1,UNIT,"625,000.00",0.00
,TUTUP LENSA CANON DSLR,0,2,PCS,"20,000.00",0.00
,TV AQUA 70AQT6700,0,1,UNIT,"9,000,000.00",0.00
,TV COMBO GADMEI 5830,0,3,PCS,"185,000.00",0.00
,TV LED SHARP 24 INCS,0,1,UNIT,"1,375,000.00",0.00
,TV LED SMART POLYTRON 40 INCS,1,1,UNIT,"2,550,000.00","2,550,000.00"
,"TV LG 43"" SMART",0,1,UNIT,"3,850,000.00",0.00
,TV POLYTRON 32 SMART ANDROID,0,1,UNIT,"2,550,000.00",0.00
,TV SAMSUNG 32 INCS,0,1,UNIT,"1,825,000.00",0.00
,"TV SAMSUNG 32"" SMART TV",0,1,UNIT,"2,550,000.00",0.00
,TV SAMSUNG 55AU7000,0,1,UNIT,"6,050,000.00",0.00
,TV SAMSUNG SMART 43 INCS,0,1,UNIT,"3,495,000.00",0.00
,TV SHARP 50 INCS SMART TV,0,1,UNIT,"5,875,000.00",0.00
,TV TUNER CORAL STAR,0,1,UNIT,"190,000.00",0.00
,UBNT LITE BEAM LBE-M5-23 5GHZ 100 + MBPS,0,1,PCS,"925,000.00",0.00
,UBNT NANO STATION LOCO M2 OUTDOOR ACCES POINT,0,1,UNIT,"735,000.00",0.00
,UBNT UBIQUITI U6-LITE + U-POE-AT-EU,0,1,PCS,"2,090,000.00",0.00
,UBNT UBIQUITI UNiFi AC Mesh,0,1,UNIT,0.00,0.00
,UBNT UBIQUITI UNIFI AP AC LITE,0,1,UNIT,"1,315,000.00",0.00
,UBNT UNIFI AP AC LITE ( UAP-AC-LITE ),0,1,PCS,"1,265,000.00",0.00
,UFD SANDISK 64 GB ULTRA DUAL DRIVE LUXE USB TYPE C,0,1,PCS,"152,000.00",0.00
,UGREEN LASER POINTER,3,1,PCS,"120,136.36","360,409.09"
,UNDANGAN AVIS 103,0,3,PACK,"25,500.00",0.00
,UNDANGAN AVIS 105,12,3,PCS,"25,500.00","306,000.00"
,UNDANGAN AVIS 117,0,1,PCS,"29,750.00",0.00
,UNDANGAN AVIS 118,0,1,PCS,"29,750.00",0.00
,UNDANGAN AVIS 119,10,1,PCS,"29,750.00","297,500.00"
,UNDANGAN AVIS 120,0,1,PCS,"29,750.00",0.00
,UNDANGAN AVIS 92,0,5,PCS,"29,750.00",0.00
,UNDANGAN AVIS 93,1,1,PCS,"29,750.00","29,750.00"
,UNDANGAN AVIS 96,0,5,PCS,"29,750.00",0.00
,UNDANGAN FALAH 100,2,5,PCS,"37,825.00","75,650.00"
,UNDANGAN FALAH 109,0,2,PCS,"25,500.00",0.00
,UNDANGAN FALAH 110,0,2,PCS,"25,500.00",0.00
,UNDANGAN FALAH 111,3,3,PACK,"25,500.00","76,500.00"
,UNDANGAN FALAH 112,0,2,PACK,"31,450.00",0.00
,UNDANGAN FALAH 113,0,2,PCS,"31,450.00",0.00
,UNDANGAN FALAH 114,2,3,PCS,"31,450.00","62,900.00"
,UNDANGAN FALAH 120,0,5,PCS,"25,500.00",0.00
,UNDANGAN FALAH 121,0,5,PCS,"25,500.00",0.00
,UNDANGAN FALAH 93,0,2,PCS,"25,500.00",0.00
,UNDANGAN FALAH 97,9,5,PCS,"25,500.00","229,500.00"
,UNDANGAN HC 155,13,5,PCS,"28,000.00","364,000.00"
,UNDANGAN HC 159,0,5,PCS,"29,750.00",0.00
,UNDANGAN HC 163,1,5,PCS,"29,612.90","29,612.90"
,UNDANGAN HC 164,0,5,PCS,"25,500.00",0.00
,UNDANGAN HC 165,0,1,PCS,"29,750.00",0.00
,UNDANGAN HC 166,2,5,PCS,"29,612.90","59,225.81"
,UNDANGAN HC 168,0,1,PCS,"29,750.00",0.00
,UNDANGAN HC 169,0,1,PCS,"29,750.00",0.00
,UNDANGAN HC 178,0,1,PCS,"29,750.00",0.00
,UNDANGAN HC 185,0,1,PCS,"29,750.00",0.00
,UNDANGAN HC 186,14,1,PCS,"29,750.00","416,500.00"
,UNDANGAN HC 187,0,1,PCS,"29,750.00",0.00
,UNDANGAN HC 188,5,1,PCS,"29,750.00","148,750.00"
,UNDANGAN HC 189,1,1,PCS,"29,750.00","29,750.00"
,UNDANGAN JAGO 41,1,1,PCS,"25,500.00","25,500.00"
,UNDANGAN JAGO 45,0,1,PCS,"25,500.00",0.00
,UNDANGAN JAGO 46,1,1,PCS,"25,500.00","25,500.00"
,UNDANGAN JAGO 47,0,1,PCS,"25,500.00",0.00
,UNDANGAN JAGO 49,8,1,PCS,"25,500.00","204,000.00"
,UNDANGAN JAGO 50,3,1,PCS,"25,500.00","76,500.00"
,UNDANGAN JAGO 51,0,5,PCS,"33,150.00",0.00
,UNDANGAN JAGO 54,1,5,PCS,"33,150.00","33,150.00"
,UNDANGAN LIBRA 11 HIJAU,80,50,PCS,"12,750.00","1,020,000.00"
,UNDANGAN LIBRA 12 HIJAU,272,50,PCS,"12,750.00","3,468,000.00"
,UNDANGAN LIBRA 13 HIJAU,70,50,PCS,"12,750.00","892,500.00"
,UNDANGAN LIBRA 14 COKLAT,252,50,PCS,"12,750.00","3,213,000.00"
,UNDANGAN LIBRA 15 COKLAT,290,50,PCS,"12,750.00","3,697,500.00"
,UNDANGAN LIBRA 16 COKLAT,68,50,PCS,"12,750.00","867,000.00"
,UNDANGAN LIBRA 17 BIRU,281,50,PCS,"12,750.00","3,582,750.00"
,UNDANGAN LIBRA 18 BIRU,238,50,PCS,"12,750.00","3,034,500.00"
,UNDANGAN LIBRA 19 BIRU,266,50,PCS,"12,750.00","3,391,500.00"
,UNDANGAN MALIQ 69,0,5,PCS,"29,750.00",0.00
,UNDANGAN MALIQ 72,0,1,PCS,"29,750.00",0.00
,UNDANGAN MALIQ 76,0,1,PCS,"31,450.00",0.00
,UNDANGAN MALIQ 77,1,1,PCS,"31,450.00","31,450.00"
,UNDANGAN MALIQ 78,0,5,PCS,"33,575.00",0.00
,UNDANGAN SALMA 165,7,5,PCS,"39,100.00","273,700.00"
,UNDANGAN SALMA 176,13,5,PCS,"25,500.00","331,500.00"
,UNDANGAN SALMA 179,0,5,PCS,"25,500.00",0.00
,UNDANGAN SALMA 181,0,5,PCS,"31,450.00",0.00
,UNDANGAN SALMA 182,0,5,PCS,"31,450.00",0.00
,UNDANGAN SALMA 184,0,3,PCS,"31,450.00",0.00
,UNDANGAN SALMA 185,0,3,PCS,"31,450.00",0.00
,UNDANGAN SALMA 186,0,5,PCS,"31,450.00",0.00
,UNDANGAN SALMA 187,0,2,PCS,"31,450.00",0.00
,UNDANGAN SALMA 189,0,3,PCS,"31,450.00",0.00
,UNDANGAN SALMA 195,6,5,PCS,"31,450.00","188,700.00"
,UNDANGAN SALMA 197,32,5,PCS,"30,815.71","986,102.86"
,UPPER ROLL BROTHER L2540 DW,5,1,PCS,"67,000.00","335,000.00"
,"UPS ACERALTOS 2000VA, 1200W",0,1,UNIT,"1,660,000.00",0.00
,UPS APC BACK BX1600MI - MS 230V,0,1,PCS,"2,870,000.00",0.00
,UPS APC BLACK BX2200MI-MS 230V,0,1,UNIT,"3,580,000.00",0.00
,UPS APC BVX 900 VA AVR,0,1,UNIT,"950,000.00",0.00
,UPS APC BVX1200LI - MS,0,1,UNIT,"1,470,000.00",0.00
,UPS ICA CT1082B - 2000VA,0,1,UNIT,"3,170,000.00",0.00
,UPS PROLINK 2000VA PRO2000SFCU super fast charging,0,1,UNIT,"2,525,000.00",0.00
,UPS PROLINK PRO 1210 (1200VA),5,12,PCS,"1,088,917.70","5,444,588.51"
,UPS PROLINK PRO 700 (650 VA),12,15,PCS,"580,293.07","6,963,516.79"
,USB BLUETOOTH 2.0,5,3,PCS,"22,000.00","110,000.00"
,USB BLUETOOTH AUDIO MUSIC RECEIVER  3.5 MM,34,15,PCS,"11,042.16","375,433.42"
,USB BLUETOOTH V5,9,15,PCS,"13,820.95","124,388.54"
,USB BLUETOOTH VERSI 5.1,22,1,PCS,"15,000.00","330,000.00"
,USB LAN 3.0 GIGABIT,24,1,PCS,"31,057.14","745,371.43"
,USB LAN TYPE C 3.0 GIGABIT,19,1,PCS,"30,000.00","570,000.00"
,USB TO ETHERNET ADAPTER (USB LAN),51,30,PCS,"26,119.07","1,332,072.51"
,USB WIFI + ANTENA,10,1,PCS,"20,500.00","205,000.00"
,USB WIFI TOTOLINK N160USM,0,1,PCS,"66,000.00",0.00
,USB WIFI TPLINK TL WN725N NANO SIZE,57,50,PCS,"70,635.59","4,026,228.82"
,USB WIFI TPLINK WN 722,23,20,PCS,"100,619.28","2,314,243.50"
,USB WIFI WIRELESS,3,1,PCS,"16,500.00","49,500.00"
,VGA ASROCK INTEL ARC B580 STEEL LEGEND 12GB OC GDDR6 192 BIT 3 FAN,0,1,PCS,"4,935,000.00",0.00
,VGA ASROCK RX 6650 XT STEEL LEGEND 8GB OC,0,1,PCS,"3,970,000.00",0.00
,VGA ASUS AUTO EXTREAME DUAL RTX 3050 8GB V2 OC GDDR6,0,1,PCS,"3,895,000.00",0.00
,VGA ASUS AUTO EXTREME DUAL GTX1650 04GD6 EVO OC GDDR6,0,1,PCS,"2,295,000.00",0.00
,VGA ASUS DUAL RTX3060 12G OC,0,1,PCS,"4,725,000.00",0.00
,VGA ASUS ROG STRIX RX5500XT OC 8GB GAMING,0,1,PCS,"4,065,000.00",0.00
,VGA CARD COLORFUL GEFORCE GT 710 2GB DDR3,0,1,PCS,"555,000.00",0.00
,VGA CARD DIGITAL ALIANCE GT 730 4GB DDR3 128 BIT,0,1,PCS,"510,000.00",0.00
,VGA CARD DIGITAL ALIANCE GT730 4GB DDR3 128BIT,0,0,PCS,"470,000.00",0.00
,VGA CARD GIGABYTE GV-N1030D5 2GL DDR5,0,1,UNIT,"1,335,000.00",0.00
,VGA CARD MSI GTX 1650 VENTUS XS 4GB OC,0,1,PCS,"2,320,000.00",0.00
,VGA CARD MSI RTX 3050 VENTUS 2X E 6G OC GDDR6,0,0,PCS,"2,775,000.00",0.00
,VGA CARD NVIDIA GT 210,0,1,PCS,"377,500.00",0.00
,VGA COLORFUL GT710 2GD3-V,0,1,PCS,"510,000.00",0.00
,VGA COLORFUL GTX 1050TI 4GB V,0,1,UNIT,"2,190,000.00",0.00
,VGA COLOURFUL GT 1030 2GB V5 - V,0,1,UNIT,"1,350,000.00",0.00
,VGA COLOURFUL GT 1030 4GB - V,0,1,UNIT,"1,420,000.00",0.00
,VGA COLOURFUL GT 710 2GD3-V,0,1,PCS,"550,000.00",0.00
,VGA COLOURFUL GTX 1650 SUPER NB 4GB VDDR5 (2 FAN),0,1,PCS,"2,495,000.00",0.00
,VGA DIGITAL ALIANCE GT730 2GB DDR3 128BIT,0,1,PCS,"600,000.00",0.00
,VGA GIGABYTE GV-N1030D4-2GL DDR4,0,1,UNIT,"1,475,000.00",0.00
,VGA MSI GT 1030 AERO ITX 2GB OC,0,1,PCS,"1,445,000.00",0.00
,VGA MSI GT 710 2 GB DDR3  2 Gd3h lp  64 bit,0,1,UNIT,"530,000.00",0.00
,VGA MSI GT N730K 2GD3H/LPV1,0,1,PCS,"925,000.00",0.00
,VGA MSI GTX 1660 SUPER GAMIG X 6GB DDR6 ( 2 FAN ),0,1,PCS,"3,780,000.00",0.00
,VGA MSI GTX 1660 SUPER GAMING X DDR6 6GB,0,1,PCS,"4,600,000.00",0.00
,VGA MSI RTX 3050 GAMING X 8GB DDR6,0,1,UNIT,"3,690,000.00",0.00
,VGA MSI RTX 3060 VENTUS 2X 12GB OC GDDR6 192 BIT,1,1,PCS,"4,780,000.00","4,780,000.00"
,VGA MSI RTX 5070 12GB SHADOW 2X OC GDDR7 192BIT 2 FAN,0,1,PCS,"10,940,000.00",0.00
,VGA SPLITER 4 PORT,17,2,PCS,"75,238.72","1,279,058.16"
,VGA SWITCH 4 PORT,21,1,PCS,"60,476.19","1,270,000.00"
,VOXY GAMEPAD DOUBLE WIRELESS TURBO,2,1,PCS,"150,000.00","300,000.00"
,VOXY GAMEPAD SINGLE WIRELESS TURBO,3,1,PCS,"85,000.00","255,000.00"
,VOXY MOUSE WIRELESS W800,6,1,PCS,"28,000.00","168,000.00"
,VOXY PSU ZEUS 550W,37,1,PCS,"115,000.00","4,255,000.00"
,"WALL SCREEN 70""",0,1,PCS,"415,000.00",0.00
,WALL SCREEN 84,1,1,UNIT,"966,000.00","966,000.00"
,"WALL SCREEN 84"" FOCUS MOTORIZES + REMOT",1,1,PCS,"2,085,000.00","2,085,000.00"
,WATER COOLING PC COOLER,0,1,PCS,0.00,0.00
,WEBCAM HD 1080P #,13,13,PCS,"108,315.27","1,408,098.51"
,WEBCAM HD 720P,1,6,PCS,"90,000.00","90,000.00"
,WEBCAM JETE GROUP 2,0,1,UNIT,"10,999,000.00",0.00
,WEBCAM JETE MINI GROUP (PTZ 3X + SPEAKER),1,1,UNIT,"4,949,000.00","4,949,000.00"
,WEBCAM JETE W1 480P,0,2,PCS,"175,000.00",0.00
,WEBCAM JETE W7 1080P,9,2,PCS,"150,000.00","1,350,000.00"
,WEBCAM LOGITECH C270 HD 720P/30FPS,0,1,PCS,"254,000.00",0.00
,WEBCAM LOGITECH C922 PRO,0,1,PCS,"1,300,000.00",0.00
,WEBCAM UGREEN 15728 CM678 USB HD 1080P,1,1,UNIT,"305,000.00","305,000.00"
,XIAOMI MI ROUTER 4A DUAL CORE FULL GIGABIT AC 1200,0,1,PCS,0.00,0.00
,"XIAOMI REDMIBOOK 15 CI3 1115G4 8GB 512GB SSD 15,6 FHD",0,1,UNIT,"4,825,000.00",0.00
,YOYO ID CARD,37,5,PCS,"1,500.00","55,500.00"
